2026-05-28 16:34:02,997 [INFO] Activator:176 - 


2026-05-28 16:34:02,999 [INFO] Activator:177 - !SESSION log4j initialized
2026-05-28 16:34:06,956 [INFO] LogOutputStream:77 - [STDOUT_REDIRECT] 
2026-05-28 16:34:08,516 [INFO] McuFinderGlobals:63 - Set McuFinder mode to 2 (CubeIDE integrated)
2026-05-28 16:34:09,490 [INFO] ApplicationProperties:184 - Using Application install path: C:\ST\STM32CubeIDE_1.18.1\STM32CubeIDE\plugins\com.st.stm32cube.common.mx_6.14.1.202504091515
2026-05-28 16:34:09,506 [INFO] DbMcusXml:78 - Set database path to: C:\ST\STM32CubeIDE_1.18.1\STM32CubeIDE\plugins\com.st.stm32cube.common.mx_6.14.1.202504091515\\db\/mcu/
2026-05-28 16:34:09,506 [INFO] ApiDb:274 - Set plugin database path to: C:\ST\STM32CubeIDE_1.18.1\STM32CubeIDE\plugins\com.st.stm32cube.common.mx_6.14.1.202504091515\\db\/plugins/boardmanager/
2026-05-28 16:34:09,507 [WARN] ApiDb:259 - Overriding images path with different value:  => C:\ST\STM32CubeIDE_1.18.1\STM32CubeIDE\plugins\com.st.stm32cube.common.mx_6.14.1.202504091515\\db\/plugins/mcufinder/images/
2026-05-28 16:34:09,512 [INFO] ApiDb:250 - Set database path to: C:\Users\NIVYA\.stmcufinder\plugins\mcufinder//mcu/
2026-05-28 16:34:09,513 [INFO] DbMcusAds:125 - Set database path to: C:\Users\NIVYA\.stmcufinder\plugins\mcufinder//mcu/
2026-05-28 16:34:09,515 [INFO] CrossReferenceDbSqlite:203 - Set database path to: C:\Users\NIVYA\.stmcufinder\plugins\mcufinder//mcu/cs/
2026-05-28 16:34:09,629 [INFO] RulesReader:64 - Compatibility file has been processed (302 Rules)
2026-05-28 16:34:09,737 [INFO] DbMcusXml:78 - Set database path to: C:\ST\STM32CubeIDE_1.18.1\STM32CubeIDE\plugins\com.st.stm32cube.common.mx_6.14.1.202504091515\\db\/mcu/
2026-05-28 16:34:09,737 [INFO] ApiDb:274 - Set plugin database path to: C:\ST\STM32CubeIDE_1.18.1\STM32CubeIDE\plugins\com.st.stm32cube.common.mx_6.14.1.202504091515\\db\/plugins/boardmanager/
2026-05-28 16:34:09,737 [INFO] ApiDb:261 - Set plugin images path to: C:\ST\STM32CubeIDE_1.18.1\STM32CubeIDE\plugins\com.st.stm32cube.common.mx_6.14.1.202504091515\\db\/plugins/mcufinder/images/
2026-05-28 16:34:09,737 [WARN] DbFile:41 - Overriding database path with different value: C:\Users\NIVYA\.stmcufinder\plugins\mcufinder/ => C:\Users\NIVYA\.stmcufinder\plugins\mcufinder
2026-05-28 16:34:09,738 [INFO] ApiDb:250 - Set database path to: C:\Users\NIVYA\.stmcufinder\plugins\mcufinder//mcu/
2026-05-28 16:34:09,738 [WARN] DbFile:41 - Overriding database path with different value: C:\Users\NIVYA\.stmcufinder\plugins\mcufinder/ => C:\Users\NIVYA\.stmcufinder\plugins\mcufinder
2026-05-28 16:34:09,738 [INFO] DbMcusAds:125 - Set database path to: C:\Users\NIVYA\.stmcufinder\plugins\mcufinder//mcu/
2026-05-28 16:34:09,738 [WARN] DbFile:41 - Overriding database path with different value: C:\Users\NIVYA\.stmcufinder\plugins\mcufinder/ => C:\Users\NIVYA\.stmcufinder\plugins\mcufinder
2026-05-28 16:34:09,738 [WARN] DbFile:41 - Overriding database path with different value: C:\Users\NIVYA\.stmcufinder\plugins\mcufinder/ => C:\Users\NIVYA\.stmcufinder\plugins\mcufinder
2026-05-28 16:34:09,738 [INFO] CrossReferenceDbSqlite:203 - Set database path to: C:\Users\NIVYA\.stmcufinder\plugins\mcufinder//mcu/cs/
2026-05-28 16:34:09,831 [INFO] MainPanel:272 - HeapMemory: 268435456
2026-05-28 16:34:09,955 [INFO] DbMcusXml:78 - Set database path to: C:\ST\STM32CubeIDE_1.18.1\STM32CubeIDE\plugins\com.st.stm32cube.common.mx_6.14.1.202504091515\\db\/mcu/
2026-05-28 16:34:09,955 [INFO] ApiDb:274 - Set plugin database path to: C:\ST\STM32CubeIDE_1.18.1\STM32CubeIDE\plugins\com.st.stm32cube.common.mx_6.14.1.202504091515\\db\/plugins/boardmanager/
2026-05-28 16:34:09,955 [INFO] ApiDb:261 - Set plugin images path to: C:\ST\STM32CubeIDE_1.18.1\STM32CubeIDE\plugins\com.st.stm32cube.common.mx_6.14.1.202504091515\\db\/plugins/mcufinder/images/
2026-05-28 16:34:09,956 [WARN] DbFile:41 - Overriding database path with different value: C:\Users\NIVYA\.stmcufinder\plugins\mcufinder/ => C:\Users\NIVYA\.stmcufinder\plugins\mcufinder
2026-05-28 16:34:09,956 [INFO] ApiDb:250 - Set database path to: C:\Users\NIVYA\.stmcufinder\plugins\mcufinder//mcu/
2026-05-28 16:34:09,956 [WARN] DbFile:41 - Overriding database path with different value: C:\Users\NIVYA\.stmcufinder\plugins\mcufinder/ => C:\Users\NIVYA\.stmcufinder\plugins\mcufinder
2026-05-28 16:34:09,956 [INFO] DbMcusAds:125 - Set database path to: C:\Users\NIVYA\.stmcufinder\plugins\mcufinder//mcu/
2026-05-28 16:34:09,956 [WARN] DbFile:41 - Overriding database path with different value: C:\Users\NIVYA\.stmcufinder\plugins\mcufinder/ => C:\Users\NIVYA\.stmcufinder\plugins\mcufinder
2026-05-28 16:34:09,956 [WARN] DbFile:41 - Overriding database path with different value: C:\Users\NIVYA\.stmcufinder\plugins\mcufinder/ => C:\Users\NIVYA\.stmcufinder\plugins\mcufinder
2026-05-28 16:34:09,956 [INFO] CrossReferenceDbSqlite:203 - Set database path to: C:\Users\NIVYA\.stmcufinder\plugins\mcufinder//mcu/cs/
2026-05-28 16:34:09,978 [INFO] ApplicationProperties:184 - Using Application install path: C:\ST\STM32CubeIDE_1.18.1\STM32CubeIDE\plugins\com.st.stm32cube.common.mx_6.14.1.202504091515
2026-05-28 16:34:09,979 [INFO] PluginManage:196 - Search for loadable plugins [exclusion list=, ]
2026-05-28 16:34:09,980 [INFO] PluginManage:310 - Check plugin analytics
2026-05-28 16:34:10,351 [INFO] AnalyticsPlugin:253 - Accepted Software Licenses: STM32CubeMX.6.16.0,STM32CubeMX.6.14.1
2026-05-28 16:34:10,351 [INFO] AnalyticsPlugin:255 - Accepted CMSIS Pack Licenses: 
2026-05-28 16:34:10,352 [INFO] AnalyticsPlugin:257 - Accepted Firmware Licenses: FW.F4.1.28.0
2026-05-28 16:34:10,357 [INFO] PluginManage:359 - Loaded plugin analytics (category:tool,tabindex:-1)
2026-05-28 16:34:10,357 [INFO] PluginManage:310 - Check plugin cadmodel
2026-05-28 16:34:10,364 [INFO] CADModel:105 - Init CAD model plugin
2026-05-28 16:34:10,365 [INFO] PluginManage:359 - Loaded plugin cadmodel (category:power,tabindex:5)
2026-05-28 16:34:10,365 [INFO] PluginManage:310 - Check plugin clock
2026-05-28 16:34:10,375 [INFO] PluginManage:359 - Loaded plugin clock (category:base,tabindex:2)
2026-05-28 16:34:10,376 [INFO] PluginManage:310 - Check plugin ddr
2026-05-28 16:34:10,379 [INFO] PluginManage:359 - Loaded plugin ddr (category:tool,tabindex:6)
2026-05-28 16:34:10,379 [INFO] PluginManage:310 - Check plugin filemanager
2026-05-28 16:34:10,558 [INFO] PluginManage:359 - Loaded plugin filemanager (category:base,tabindex:10)
2026-05-28 16:34:10,558 [INFO] PluginManage:310 - Check plugin ipmanager
2026-05-28 16:34:10,568 [INFO] PluginManage:359 - Loaded plugin ipmanager (category:base,tabindex:5)
2026-05-28 16:34:10,568 [INFO] PluginManage:310 - Check plugin lpbam
2026-05-28 16:34:10,577 [INFO] PluginManage:359 - Loaded plugin lpbam (category:base,tabindex:0)
2026-05-28 16:34:10,577 [INFO] PluginManage:310 - Check plugin memorymap
2026-05-28 16:34:10,643 [INFO] PluginManage:359 - Loaded plugin memorymap (category:base,tabindex:4)
2026-05-28 16:34:10,643 [INFO] PluginManage:310 - Check plugin pinoutandconfiguration
2026-05-28 16:34:10,652 [INFO] PluginManage:359 - Loaded plugin pinoutandconfiguration (category:base,tabindex:1)
2026-05-28 16:34:10,652 [INFO] PluginManage:310 - Check plugin pinoutconfig
2026-05-28 16:34:10,771 [WARN] SupportedApi:132 - Cannot load RTOS API schema: s4s-elt-must-match.1: The content of 'definitions' must match (annotation?, (simpleType | complexType)?, (unique | key | keyref)*)). A problem was found starting at: attribute.
2026-05-28 16:34:11,006 [INFO] PluginManage:359 - Loaded plugin pinoutconfig (category:base,tabindex:0)
2026-05-28 16:34:11,006 [INFO] PluginManage:310 - Check plugin power
2026-05-28 16:34:11,017 [INFO] PluginManage:359 - Loaded plugin power (category:power,tabindex:4)
2026-05-28 16:34:11,017 [INFO] PluginManage:310 - Check plugin projectmanager
2026-05-28 16:34:11,041 [INFO] PluginManage:359 - Loaded plugin projectmanager (category:projectmanager,tabindex:4)
2026-05-28 16:34:11,042 [INFO] PluginManage:310 - Check plugin rif
2026-05-28 16:34:11,053 [INFO] PluginManage:359 - Loaded plugin rif (category:base,tabindex:3)
2026-05-28 16:34:11,053 [INFO] PluginManage:310 - Check plugin thirdparty
2026-05-28 16:34:11,231 [INFO] PluginManage:359 - Loaded plugin thirdparty (category:base,tabindex:-1)
2026-05-28 16:34:11,231 [WARN] IntegrityCheckThread:84 - waiting for thirdparty lock release [integrity check]
2026-05-28 16:34:11,231 [INFO] IntegrityCheckThread:86 - entering critical section [integrity check]
2026-05-28 16:34:11,232 [INFO] PluginManage:310 - Check plugin tools
2026-05-28 16:34:11,232 [INFO] ThirdPartyUpdaterWithRetryManager:70 - Updater plugin not ready yet. [1/15]
2026-05-28 16:34:11,236 [INFO] PluginManage:359 - Loaded plugin tools (category:base,tabindex:7)
2026-05-28 16:34:11,236 [INFO] PluginManage:310 - Check plugin tutovideos
2026-05-28 16:34:11,446 [INFO] PluginManage:359 - Loaded plugin tutovideos (category:base,tabindex:-1)
2026-05-28 16:34:11,447 [INFO] PluginManage:310 - Check plugin updater
2026-05-28 16:34:11,470 [INFO] PluginManage:359 - Loaded plugin updater (category:base,tabindex:12)
2026-05-28 16:34:11,470 [INFO] PluginManage:310 - Check plugin userauth
2026-05-28 16:34:11,476 [INFO] UserAuth:118 - Init User Auth plugin
2026-05-28 16:34:11,477 [INFO] PluginManage:359 - Loaded plugin userauth (category:base,tabindex:14)
2026-05-28 16:34:11,478 [INFO] PluginManage:283 - PluginManage : Loaded plugins [18]
2026-05-28 16:34:11,705 [INFO] PinOutPanel:1589 - setPackage(No Configuration,No Configuration)
2026-05-28 16:34:11,806 [INFO] CADModel:165 - CPN selected for project level
2026-05-28 16:34:11,806 [INFO] CADModel:114 - Register for checkConnection events
2026-05-28 16:34:11,826 [INFO] IPUIPlugin:80 - create IPUIPlugin
2026-05-28 16:34:11,826 [INFO] PluginManager:220 - loadIPPluginJar : add adc
2026-05-28 16:34:11,830 [INFO] IPUIPlugin:80 - create IPUIPlugin
2026-05-28 16:34:11,831 [INFO] PluginManager:220 - loadIPPluginJar : add aes
2026-05-28 16:34:11,834 [INFO] IPUIPlugin:80 - create IPUIPlugin
2026-05-28 16:34:11,834 [INFO] PluginManager:220 - loadIPPluginJar : add can
2026-05-28 16:34:11,836 [INFO] IPUIPlugin:80 - create IPUIPlugin
2026-05-28 16:34:11,836 [INFO] PluginManager:220 - loadIPPluginJar : add comp
2026-05-28 16:34:11,839 [INFO] IPUIPlugin:80 - create IPUIPlugin
2026-05-28 16:34:11,839 [INFO] PluginManager:220 - loadIPPluginJar : add cryp
2026-05-28 16:34:11,874 [INFO] IPUIPlugin:80 - create IPUIPlugin
2026-05-28 16:34:11,874 [INFO] PluginManager:220 - loadIPPluginJar : add ddr_ctrl_phy
2026-05-28 16:34:11,876 [INFO] IPUIPlugin:80 - create IPUIPlugin
2026-05-28 16:34:11,876 [INFO] PluginManager:220 - loadIPPluginJar : add dfsdm
2026-05-28 16:34:11,881 [INFO] IPUIPlugin:80 - create IPUIPlugin
2026-05-28 16:34:11,882 [INFO] PluginManager:220 - loadIPPluginJar : add dma
2026-05-28 16:34:11,884 [INFO] IPUIPlugin:80 - create IPUIPlugin
2026-05-28 16:34:11,884 [INFO] PluginManager:220 - loadIPPluginJar : add dma3
2026-05-28 16:34:11,886 [INFO] IPUIPlugin:80 - create IPUIPlugin
2026-05-28 16:34:11,887 [INFO] PluginManager:220 - loadIPPluginJar : add extmemmanager
2026-05-28 16:34:11,888 [INFO] IPUIPlugin:80 - create IPUIPlugin
2026-05-28 16:34:11,888 [INFO] PluginManager:220 - loadIPPluginJar : add fatfs
2026-05-28 16:34:11,892 [INFO] IPUIPlugin:80 - create IPUIPlugin
2026-05-28 16:34:11,892 [INFO] PluginManager:220 - loadIPPluginJar : add fmc
2026-05-28 16:34:11,898 [INFO] IPUIPlugin:80 - create IPUIPlugin
2026-05-28 16:34:11,898 [INFO] PluginManager:220 - loadIPPluginJar : add freertos
2026-05-28 16:34:11,900 [INFO] IPUIPlugin:80 - create IPUIPlugin
2026-05-28 16:34:11,900 [INFO] PluginManager:220 - loadIPPluginJar : add genericplugin
2026-05-28 16:34:11,902 [INFO] IPUIPlugin:80 - create IPUIPlugin
2026-05-28 16:34:11,902 [INFO] PluginManager:220 - loadIPPluginJar : add gfxmmu
2026-05-28 16:34:11,906 [INFO] IPUIPlugin:80 - create IPUIPlugin
2026-05-28 16:34:11,906 [INFO] PluginManager:220 - loadIPPluginJar : add gic
2026-05-28 16:34:11,909 [INFO] IPUIPlugin:80 - create IPUIPlugin
2026-05-28 16:34:11,910 [INFO] PluginManager:220 - loadIPPluginJar : add gpio
2026-05-28 16:34:11,912 [INFO] IPUIPlugin:80 - create IPUIPlugin
2026-05-28 16:34:11,912 [INFO] PluginManager:220 - loadIPPluginJar : add gtzc
2026-05-28 16:34:11,914 [INFO] IPUIPlugin:80 - create IPUIPlugin
2026-05-28 16:34:11,914 [INFO] PluginManager:220 - loadIPPluginJar : add hash
2026-05-28 16:34:11,917 [INFO] IPUIPlugin:80 - create IPUIPlugin
2026-05-28 16:34:11,917 [INFO] PluginManager:220 - loadIPPluginJar : add i2c
2026-05-28 16:34:11,920 [INFO] IPUIPlugin:80 - create IPUIPlugin
2026-05-28 16:34:11,920 [INFO] PluginManager:220 - loadIPPluginJar : add i2s
2026-05-28 16:34:11,922 [INFO] IPUIPlugin:80 - create IPUIPlugin
2026-05-28 16:34:11,923 [INFO] PluginManager:220 - loadIPPluginJar : add i3c
2026-05-28 16:34:11,959 [INFO] IPUIPlugin:80 - create IPUIPlugin
2026-05-28 16:34:11,959 [INFO] PluginManager:220 - loadIPPluginJar : add ipddr
2026-05-28 16:34:11,967 [INFO] IPUIPlugin:80 - create IPUIPlugin
2026-05-28 16:34:11,968 [INFO] PluginManager:220 - loadIPPluginJar : add linkedlist
2026-05-28 16:34:11,971 [INFO] IPUIPlugin:80 - create IPUIPlugin
2026-05-28 16:34:11,971 [INFO] PluginManager:220 - loadIPPluginJar : add lorawan
2026-05-28 16:34:11,972 [INFO] IPUIPlugin:80 - create IPUIPlugin
2026-05-28 16:34:11,972 [INFO] PluginManager:220 - loadIPPluginJar : add ltdc
2026-05-28 16:34:11,977 [INFO] IPUIPlugin:80 - create IPUIPlugin
2026-05-28 16:34:11,977 [INFO] PluginManager:220 - loadIPPluginJar : add mdma
2026-05-28 16:34:11,981 [INFO] IPUIPlugin:80 - create IPUIPlugin
2026-05-28 16:34:11,981 [INFO] PluginManager:220 - loadIPPluginJar : add nvic
2026-05-28 16:34:11,983 [INFO] IPUIPlugin:80 - create IPUIPlugin
2026-05-28 16:34:11,983 [INFO] PluginManager:220 - loadIPPluginJar : add opamp
2026-05-28 16:34:11,986 [INFO] IPUIPlugin:80 - create IPUIPlugin
2026-05-28 16:34:11,986 [INFO] PluginManager:220 - loadIPPluginJar : add openamp
2026-05-28 16:34:11,990 [INFO] IPUIPlugin:80 - create IPUIPlugin
2026-05-28 16:34:11,990 [INFO] PluginManager:220 - loadIPPluginJar : add pdm2pcm
2026-05-28 16:34:11,996 [INFO] IPUIPlugin:80 - create IPUIPlugin
2026-05-28 16:34:11,998 [INFO] PluginManager:220 - loadIPPluginJar : add plateformsettings
2026-05-28 16:34:11,999 [INFO] IPUIPlugin:80 - create IPUIPlugin
2026-05-28 16:34:11,999 [INFO] PluginManager:220 - loadIPPluginJar : add quadspi
2026-05-28 16:34:12,001 [INFO] IPUIPlugin:80 - create IPUIPlugin
2026-05-28 16:34:12,001 [INFO] PluginManager:220 - loadIPPluginJar : add radio
2026-05-28 16:34:12,004 [INFO] IPUIPlugin:80 - create IPUIPlugin
2026-05-28 16:34:12,004 [INFO] PluginManager:220 - loadIPPluginJar : add resmgrutility
2026-05-28 16:34:12,007 [INFO] IPUIPlugin:80 - create IPUIPlugin
2026-05-28 16:34:12,007 [INFO] PluginManager:220 - loadIPPluginJar : add sai
2026-05-28 16:34:12,010 [INFO] IPUIPlugin:80 - create IPUIPlugin
2026-05-28 16:34:12,010 [INFO] PluginManager:220 - loadIPPluginJar : add spi
2026-05-28 16:34:12,016 [INFO] IPUIPlugin:80 - create IPUIPlugin
2026-05-28 16:34:12,016 [INFO] PluginManager:220 - loadIPPluginJar : add stm32_wpan
2026-05-28 16:34:12,017 [INFO] IPUIPlugin:80 - create IPUIPlugin
2026-05-28 16:34:12,017 [INFO] PluginManager:220 - loadIPPluginJar : add tim
2026-05-28 16:34:12,020 [INFO] IPUIPlugin:80 - create IPUIPlugin
2026-05-28 16:34:12,021 [INFO] PluginManager:220 - loadIPPluginJar : add touchsensing
2026-05-28 16:34:12,022 [INFO] IPUIPlugin:80 - create IPUIPlugin
2026-05-28 16:34:12,022 [INFO] PluginManager:220 - loadIPPluginJar : add tracer_emb
2026-05-28 16:34:12,023 [INFO] IPUIPlugin:80 - create IPUIPlugin
2026-05-28 16:34:12,023 [INFO] PluginManager:220 - loadIPPluginJar : add ts
2026-05-28 16:34:12,024 [INFO] IPUIPlugin:80 - create IPUIPlugin
2026-05-28 16:34:12,024 [INFO] PluginManager:220 - loadIPPluginJar : add tsc
2026-05-28 16:34:12,026 [INFO] IPUIPlugin:80 - create IPUIPlugin
2026-05-28 16:34:12,026 [INFO] PluginManager:220 - loadIPPluginJar : add ucpd
2026-05-28 16:34:12,027 [INFO] IPUIPlugin:80 - create IPUIPlugin
2026-05-28 16:34:12,028 [INFO] PluginManager:220 - loadIPPluginJar : add usart
2026-05-28 16:34:12,030 [INFO] IPUIPlugin:80 - create IPUIPlugin
2026-05-28 16:34:12,030 [INFO] PluginManager:220 - loadIPPluginJar : add usbx
2026-05-28 16:34:12,191 [FATAL] Updater:351 - Updater called before beeing initialized
2026-05-28 16:34:12,255 [INFO] RulesReader:64 - Compatibility file has been processed (302 Rules)
2026-05-28 16:34:12,271 [INFO] RulesReader:64 - Compatibility file has been processed (302 Rules)
2026-05-28 16:34:12,310 [INFO] CADModel:165 - CPN selected for project level
2026-05-28 16:34:12,310 [INFO] CADModel:114 - Register for checkConnection events
2026-05-28 16:34:12,310 [FATAL] Updater:351 - Updater called before beeing initialized
2026-05-28 16:34:12,310 [ERROR] CADModel:125 - Updater not yet initialized, retry later 
2026-05-28 16:34:12,521 [FATAL] Updater:351 - Updater called before beeing initialized
2026-05-28 16:34:12,523 [INFO] CADModel:165 - CPN selected for project level
2026-05-28 16:34:12,523 [INFO] CADModel:114 - Register for checkConnection events
2026-05-28 16:34:12,523 [FATAL] Updater:351 - Updater called before beeing initialized
2026-05-28 16:34:12,523 [ERROR] CADModel:125 - Updater not yet initialized, retry later 
2026-05-28 16:34:12,529 [FATAL] Updater:351 - Updater called before beeing initialized
2026-05-28 16:34:12,685 [FATAL] Updater:351 - Updater called before beeing initialized
2026-05-28 16:34:12,690 [INFO] DbMcusAds:53 - JSON generation date=Mon Apr 27 13:44:29 IST 2026 (1777277669924)
2026-05-28 16:34:12,691 [FATAL] Updater:351 - Updater called before beeing initialized
2026-05-28 16:34:12,730 [WARN] DetailPanel:346 - Failed to get advertising image, set to default
2026-05-28 16:34:12,973 [FATAL] Updater:351 - Updater called before beeing initialized
2026-05-28 16:34:12,975 [FATAL] Updater:351 - Updater called before beeing initialized
2026-05-28 16:34:12,976 [FATAL] Updater:351 - Updater called before beeing initialized
2026-05-28 16:34:12,976 [WARN] DetailPanel:346 - Failed to get advertising image, set to default
2026-05-28 16:34:12,978 [FATAL] Updater:351 - Updater called before beeing initialized
2026-05-28 16:34:13,057 [ERROR] Updater:1198 - MainUpdater not yet initialized. External WinMGr cannot be set.
2026-05-28 16:34:13,059 [INFO] Updater:1134 - Updater Version found : 6.14.1
2026-05-28 16:34:13,080 [INFO] ApplicationProperties:184 - Using Application install path: C:\ST\STM32CubeIDE_1.18.1\STM32CubeIDE\plugins\com.st.stm32cube.common.mx_6.14.1.202504091515
2026-05-28 16:34:14,233 [INFO] ThirdPartyUpdaterWithRetryManager:70 - Updater plugin not ready yet. [2/15]
2026-05-28 16:34:14,675 [ERROR] LogOutputStream:75 - [STDERR_REDIRECT] May 28, 2026 4:34:14 PM java.util.prefs.WindowsPreferences <init>
2026-05-28 16:34:14,678 [ERROR] LogOutputStream:75 - [STDERR_REDIRECT] WARNING: Could not open/create prefs root node Software\JavaSoft\Prefs at root 0xffffffff80000002. Windows RegCreateKeyEx(...) returned error code 5.
2026-05-28 16:34:14,679 [ERROR] LogOutputStream:75 - [STDERR_REDIRECT] 
2026-05-28 16:34:15,328 [INFO] MainUpdater:2872 - connection check result : 10
2026-05-28 16:34:15,329 [INFO] MainUpdater:289 - Updater Check For Update Now.
2026-05-28 16:34:15,329 [INFO] MicroXplorer:498 - Change Database Version : DB.6.0.141
2026-05-28 16:34:15,340 [INFO] McuFinderGlobals:63 - Set McuFinder mode to 2 (CubeIDE integrated)
2026-05-28 16:34:15,341 [INFO] UserAuth:171 - activating auth plugin
2026-05-28 16:34:15,345 [INFO] UserAuth:484 - Internet connection configuration mode: 1
2026-05-28 16:34:15,395 [INFO] JxBrowserEngine:152 - Initiate JxBrowser Engine with user profile folder
2026-05-28 16:34:15,589 [INFO] CheckServerUpdateThread:120 - End of CheckServer Thread
2026-05-28 16:34:15,750 [INFO] MainUpdater:2872 - connection check result : 10
2026-05-28 16:34:15,755 [INFO] McuFinderGlobals:76 - Set McuFinderConnectedMode to true
2026-05-28 16:34:16,286 [INFO] ServerAccessManage:473 - Download File mcusAds.json._tmp_
2026-05-28 16:34:16,409 [INFO] LoadUrlFilesThread:156 - End of LoadUrlFiles Thread
2026-05-28 16:34:16,561 [INFO] ServerAccessManage:473 - Download File cube-finder-db.zip
2026-05-28 16:34:16,933 [INFO] WebApp:169 - Instantiating new browser for Auth
2026-05-28 16:34:17,235 [WARN] MainUpdater:1193 - Updater busy. Cannot search thirdparties
2026-05-28 16:34:17,236 [INFO] ThirdPartyUpdaterWithRetryManager:96 - Updater plugin is busy. [1/15]
2026-05-28 16:34:18,376 [INFO] WebApp:463 - Apply proxy settings
2026-05-28 16:34:18,376 [INFO] WebApp:548 - Chromium requires no authentication
2026-05-28 16:34:18,395 [INFO] WebApp:491 - Direct internet connection detected
2026-05-28 16:34:18,445 [INFO] WebApp:894 - Register for checkConnection events
2026-05-28 16:34:18,446 [INFO] WebApp:463 - Apply proxy settings
2026-05-28 16:34:18,446 [INFO] WebApp:548 - Chromium requires no authentication
2026-05-28 16:34:18,447 [INFO] WebApp:491 - Direct internet connection detected
2026-05-28 16:34:18,745 [INFO] WebApp:225 - Starting web application
2026-05-28 16:34:18,746 [INFO] WebApp:593 - Web application path used C:\ST\STM32CubeIDE_1.18.1\STM32CubeIDE\plugins\com.st.stm32cube.common.mx_6.14.1.202504091515\db\plugins\mcufinder\reactClient1\index.html
2026-05-28 16:34:19,015 [INFO] WebApp:191 - Connection restablished
2026-05-28 16:34:19,167 [ERROR] LogOutputStream:75 - [STDERR_REDIRECT] [Fatal Error] :1:1: Premature end of file.
2026-05-28 16:34:19,168 [ERROR] LogOutputStream:75 - [STDERR_REDIRECT] 
2026-05-28 16:34:20,108 [ERROR] LogOutputStream:75 - [STDERR_REDIRECT] [Fatal Error] :1:1: Premature end of file.
2026-05-28 16:34:20,108 [ERROR] LogOutputStream:75 - [STDERR_REDIRECT] 
2026-05-28 16:34:20,236 [WARN] MainUpdater:1193 - Updater busy. Cannot search thirdparties
2026-05-28 16:34:20,236 [INFO] ThirdPartyUpdaterWithRetryManager:96 - Updater plugin is busy. [2/15]
2026-05-28 16:34:21,116 [ERROR] LogOutputStream:75 - [STDERR_REDIRECT] [Fatal Error] :1:1: Premature end of file.
2026-05-28 16:34:21,117 [ERROR] LogOutputStream:75 - [STDERR_REDIRECT] 
2026-05-28 16:34:22,108 [ERROR] LogOutputStream:75 - [STDERR_REDIRECT] [Fatal Error] :1:1: Premature end of file.
2026-05-28 16:34:22,108 [ERROR] LogOutputStream:75 - [STDERR_REDIRECT] 
2026-05-28 16:34:23,119 [ERROR] LogOutputStream:75 - [STDERR_REDIRECT] [Fatal Error] :1:1: Premature end of file.
2026-05-28 16:34:23,120 [ERROR] LogOutputStream:75 - [STDERR_REDIRECT] 
2026-05-28 16:34:23,238 [WARN] MainUpdater:1193 - Updater busy. Cannot search thirdparties
2026-05-28 16:34:23,238 [INFO] ThirdPartyUpdaterWithRetryManager:96 - Updater plugin is busy. [3/15]
2026-05-28 16:34:24,111 [ERROR] LogOutputStream:75 - [STDERR_REDIRECT] [Fatal Error] :1:1: Premature end of file.
2026-05-28 16:34:24,112 [ERROR] LogOutputStream:75 - [STDERR_REDIRECT] 
2026-05-28 16:34:25,108 [ERROR] LogOutputStream:75 - [STDERR_REDIRECT] [Fatal Error] :1:1: Premature end of file.
2026-05-28 16:34:25,108 [ERROR] LogOutputStream:75 - [STDERR_REDIRECT] 
2026-05-28 16:34:26,112 [ERROR] LogOutputStream:75 - [STDERR_REDIRECT] [Fatal Error] :1:1: Premature end of file.
2026-05-28 16:34:26,112 [ERROR] LogOutputStream:75 - [STDERR_REDIRECT] 
2026-05-28 16:34:26,239 [WARN] MainUpdater:1193 - Updater busy. Cannot search thirdparties
2026-05-28 16:34:26,239 [INFO] ThirdPartyUpdaterWithRetryManager:96 - Updater plugin is busy. [4/15]
2026-05-28 16:34:27,110 [ERROR] LogOutputStream:75 - [STDERR_REDIRECT] [Fatal Error] :1:1: Premature end of file.
2026-05-28 16:34:27,110 [ERROR] LogOutputStream:75 - [STDERR_REDIRECT] 
2026-05-28 16:34:28,114 [ERROR] LogOutputStream:75 - [STDERR_REDIRECT] [Fatal Error] :1:1: Premature end of file.
2026-05-28 16:34:28,114 [ERROR] LogOutputStream:75 - [STDERR_REDIRECT] 
2026-05-28 16:34:29,112 [ERROR] LogOutputStream:75 - [STDERR_REDIRECT] [Fatal Error] :1:1: Premature end of file.
2026-05-28 16:34:29,112 [ERROR] LogOutputStream:75 - [STDERR_REDIRECT] 
2026-05-28 16:34:29,241 [WARN] MainUpdater:1193 - Updater busy. Cannot search thirdparties
2026-05-28 16:34:29,241 [INFO] ThirdPartyUpdaterWithRetryManager:96 - Updater plugin is busy. [5/15]
2026-05-28 16:34:30,124 [ERROR] LogOutputStream:75 - [STDERR_REDIRECT] [Fatal Error] :1:1: Premature end of file.
2026-05-28 16:34:30,124 [ERROR] LogOutputStream:75 - [STDERR_REDIRECT] 
2026-05-28 16:34:31,114 [ERROR] LogOutputStream:75 - [STDERR_REDIRECT] [Fatal Error] :1:1: Premature end of file.
2026-05-28 16:34:31,114 [ERROR] LogOutputStream:75 - [STDERR_REDIRECT] 
2026-05-28 16:34:32,113 [ERROR] LogOutputStream:75 - [STDERR_REDIRECT] [Fatal Error] :1:1: Premature end of file.
2026-05-28 16:34:32,114 [ERROR] LogOutputStream:75 - [STDERR_REDIRECT] 
2026-05-28 16:34:32,242 [WARN] MainUpdater:1193 - Updater busy. Cannot search thirdparties
2026-05-28 16:34:32,242 [INFO] ThirdPartyUpdaterWithRetryManager:96 - Updater plugin is busy. [6/15]
2026-05-28 16:34:33,110 [ERROR] LogOutputStream:75 - [STDERR_REDIRECT] [Fatal Error] :1:1: Premature end of file.
2026-05-28 16:34:33,110 [ERROR] LogOutputStream:75 - [STDERR_REDIRECT] 
2026-05-28 16:34:33,350 [INFO] FileExtend:242 - Unzip File : cube-finder-db.zip
2026-05-28 16:34:33,350 [INFO] FileExtend:257 - Standard Zip Deflate
2026-05-28 16:34:34,135 [ERROR] LogOutputStream:75 - [STDERR_REDIRECT] [Fatal Error] :1:1: Premature end of file.
2026-05-28 16:34:34,137 [ERROR] LogOutputStream:75 - [STDERR_REDIRECT] 
2026-05-28 16:34:34,462 [INFO] LoadUrlFilesThread:156 - End of LoadUrlFiles Thread
2026-05-28 16:34:35,109 [ERROR] LogOutputStream:75 - [STDERR_REDIRECT] [Fatal Error] :1:1: Premature end of file.
2026-05-28 16:34:35,109 [ERROR] LogOutputStream:75 - [STDERR_REDIRECT] 
2026-05-28 16:34:35,245 [WARN] MainUpdater:1193 - Updater busy. Cannot search thirdparties
2026-05-28 16:34:35,245 [INFO] ThirdPartyUpdaterWithRetryManager:96 - Updater plugin is busy. [7/15]
2026-05-28 16:34:35,658 [INFO] ServerAccessManage:473 - Download File crdb.zip
2026-05-28 16:34:36,100 [ERROR] LogOutputStream:75 - [STDERR_REDIRECT] [Fatal Error] :1:1: Premature end of file.
2026-05-28 16:34:36,101 [ERROR] LogOutputStream:75 - [STDERR_REDIRECT] 
2026-05-28 16:34:37,123 [ERROR] LogOutputStream:75 - [STDERR_REDIRECT] [Fatal Error] :1:1: Premature end of file.
2026-05-28 16:34:37,123 [ERROR] LogOutputStream:75 - [STDERR_REDIRECT] 
2026-05-28 16:34:38,122 [ERROR] LogOutputStream:75 - [STDERR_REDIRECT] [Fatal Error] :1:1: Premature end of file.
2026-05-28 16:34:38,123 [ERROR] LogOutputStream:75 - [STDERR_REDIRECT] 
2026-05-28 16:34:38,246 [WARN] MainUpdater:1193 - Updater busy. Cannot search thirdparties
2026-05-28 16:34:38,247 [INFO] ThirdPartyUpdaterWithRetryManager:96 - Updater plugin is busy. [8/15]
2026-05-28 16:34:38,432 [INFO] FileExtend:242 - Unzip File : crdb.zip
2026-05-28 16:34:38,433 [INFO] FileExtend:257 - Standard Zip Deflate
2026-05-28 16:34:38,580 [INFO] LoadUrlFilesThread:156 - End of LoadUrlFiles Thread
2026-05-28 16:34:38,781 [INFO] ServerAccessManage:473 - Download File tutoVideoDB.zip
2026-05-28 16:34:38,814 [INFO] FileExtend:242 - Unzip File : tutoVideoDB.zip
2026-05-28 16:34:38,815 [INFO] FileExtend:257 - Standard Zip Deflate
2026-05-28 16:34:38,939 [INFO] LoadUrlFilesThread:156 - End of LoadUrlFiles Thread
2026-05-28 16:34:38,944 [WARN] DbFile:41 - Overriding database path with different value: C:\Users\NIVYA\.stmcufinder\plugins\mcufinder/ => C:\Users\NIVYA\.stmcufinder\plugins\mcufinder
2026-05-28 16:34:39,122 [ERROR] LogOutputStream:75 - [STDERR_REDIRECT] [Fatal Error] :1:1: Premature end of file.
2026-05-28 16:34:39,122 [ERROR] LogOutputStream:75 - [STDERR_REDIRECT] 
2026-05-28 16:34:39,647 [ERROR] ServerAccessManage:1089 - Problem, file not found on Server
2026-05-28 16:34:39,680 [ERROR] ServerAccessManage:651 - Problem, file not found on Server : api_config.json.
2026-05-28 16:34:40,118 [ERROR] LogOutputStream:75 - [STDERR_REDIRECT] [Fatal Error] :1:1: Premature end of file.
2026-05-28 16:34:40,119 [ERROR] LogOutputStream:75 - [STDERR_REDIRECT] 
2026-05-28 16:34:41,111 [ERROR] LogOutputStream:75 - [STDERR_REDIRECT] [Fatal Error] :1:1: Premature end of file.
2026-05-28 16:34:41,112 [ERROR] LogOutputStream:75 - [STDERR_REDIRECT] 
2026-05-28 16:34:41,247 [WARN] MainUpdater:1193 - Updater busy. Cannot search thirdparties
2026-05-28 16:34:41,247 [INFO] ThirdPartyUpdaterWithRetryManager:96 - Updater plugin is busy. [9/15]
2026-05-28 16:34:42,113 [ERROR] LogOutputStream:75 - [STDERR_REDIRECT] [Fatal Error] :1:1: Premature end of file.
2026-05-28 16:34:42,114 [ERROR] LogOutputStream:75 - [STDERR_REDIRECT] 
2026-05-28 16:34:42,975 [INFO] LoadUrlFilesThread:156 - End of LoadUrlFiles Thread
2026-05-28 16:34:43,123 [ERROR] LogOutputStream:75 - [STDERR_REDIRECT] [Fatal Error] :1:1: Premature end of file.
2026-05-28 16:34:43,123 [ERROR] LogOutputStream:75 - [STDERR_REDIRECT] 
2026-05-28 16:34:44,123 [ERROR] LogOutputStream:75 - [STDERR_REDIRECT] [Fatal Error] :1:1: Premature end of file.
2026-05-28 16:34:44,123 [ERROR] LogOutputStream:75 - [STDERR_REDIRECT] 
2026-05-28 16:34:44,387 [INFO] DbMcusAds:53 - JSON generation date=Mon Apr 27 13:44:29 IST 2026 (1777277669924)
2026-05-28 16:34:44,425 [ERROR] TargetSelectorAdapter:267 - Unable to refresh data
2026-05-28 16:34:44,993 [WARN] PackLoader:240 - Cannot read IP mode file for STMicroelectronics.X-CUBE-AZRTOS-H7.3.5.0
2026-05-28 16:34:45,022 [WARN] PackLoader:240 - Cannot read IP mode file for STMicroelectronics.FP-SNS-MOTENVWB1.1.4.0
2026-05-28 16:34:45,043 [WARN] PackLoader:240 - Cannot read IP mode file for STMicroelectronics.FP-ATR-ASTRA1.2.0.2
2026-05-28 16:34:45,127 [WARN] PackLoader:240 - Cannot read IP mode file for STMicroelectronics.X-CUBE-SMBUS.2.1.0
2026-05-28 16:34:45,206 [WARN] PackLoader:240 - Cannot read IP mode file for STMicroelectronics.X-CUBE-AZRTOS-F7.1.1.0
2026-05-28 16:34:45,259 [ERROR] Engine:466 - C:\Users\NIVYA\.stm32cubemx\thirdparties\pdsc\STMicroelectronics.FP-SNS-MOTENV1.5.1.0.pdsc: PDSC version is not supported
2026-05-28 16:34:45,284 [ERROR] LogOutputStream:75 - [STDERR_REDIRECT] [Fatal Error] :1:1: Premature end of file.
2026-05-28 16:34:45,284 [ERROR] Engine:466 - C:\Users\NIVYA\.stm32cubemx\thirdparties\pdsc\WES.I-CUBE-Cesium.1.4.0.pdsc: PDSC version is not supported
2026-05-28 16:34:45,287 [ERROR] LogOutputStream:75 - [STDERR_REDIRECT] 
2026-05-28 16:34:45,354 [WARN] PackLoader:240 - Cannot read IP mode file for STMicroelectronics.X-CUBE-AZRTOS-H7.3.4.0
2026-05-28 16:34:45,418 [WARN] PackLoader:240 - Cannot read IP mode file for STMicroelectronics.X-CUBE-DISPLAY.3.0.0
2026-05-28 16:34:45,471 [WARN] PackLoader:240 - Cannot read IP mode file for STMicroelectronics.X-CUBE-GNSS1.7.1.1
2026-05-28 16:34:45,482 [ERROR] Engine:466 - C:\Users\NIVYA\.stm32cubemx\thirdparties\pdsc\STMicroelectronics.FP-SNS-MOTENVWB1.1.5.0.pdsc: PDSC version is not supported
2026-05-28 16:34:45,504 [WARN] PackLoader:240 - Cannot read IP mode file for STMicroelectronics.X-CUBE-NFC10.1.0.0
2026-05-28 16:34:45,528 [WARN] PackLoader:240 - Cannot read IP mode file for STMicroelectronics.X-CUBE-ST60.1.1.0
2026-05-28 16:34:45,573 [WARN] PackLoader:240 - Cannot read IP mode file for emotas.I-CUBE-CANOPEN.1.3.0
2026-05-28 16:34:45,590 [WARN] PackLoader:240 - Cannot read IP mode file for STMicroelectronics.X-CUBE-GNSS1.7.1.0
2026-05-28 16:34:45,606 [ERROR] Engine:466 - C:\Users\NIVYA\.stm32cubemx\thirdparties\pdsc\STMicroelectronics.FP-SNS-STBOX1.2.1.0.pdsc: PDSC version is not supported
2026-05-28 16:34:45,619 [WARN] PackLoader:240 - Cannot read IP mode file for STMicroelectronics.FP-SNS-SMARTAG2.1.2.0
2026-05-28 16:34:45,638 [WARN] PackLoader:240 - Cannot read IP mode file for STMicroelectronics.FP-SNS-FLIGHT1.5.1.0
2026-05-28 16:34:45,669 [INFO] LogOutputStream:77 - [STDOUT_REDIRECT] 1 : Invalid condition id : UX_CORESTACK_Condition cause : null
2026-05-28 16:34:45,673 [INFO] LogOutputStream:77 - [STDOUT_REDIRECT] 1 : Invalid condition id : UX_CORESTACK_Condition cause : null
2026-05-28 16:34:45,678 [INFO] LogOutputStream:77 - [STDOUT_REDIRECT] 1 : Invalid condition id : UX_CORESTACK_Condition cause : null
2026-05-28 16:34:45,688 [INFO] LogOutputStream:77 - [STDOUT_REDIRECT] 1 : Invalid condition id : UX_CORESTACK_Condition cause : null
2026-05-28 16:34:45,694 [INFO] LogOutputStream:77 - [STDOUT_REDIRECT] 1 : Invalid condition id : UX_CORESTACK_Condition cause : null
2026-05-28 16:34:45,703 [INFO] ApiDb:581 - Connected to CubeFinder SQLite database (C:\Users\NIVYA\.stmcufinder\plugins\mcufinder\mcu\cube-finder-db.db)
2026-05-28 16:34:45,706 [WARN] PackLoader:240 - Cannot read IP mode file for STMicroelectronics.X-CUBE-AZRTOS-WL.2.0.0
2026-05-28 16:34:45,765 [WARN] PackLoader:240 - Cannot read IP mode file for STMicroelectronics.X-CUBE-AZRTOS-H7RS.1.2.0
2026-05-28 16:34:45,790 [WARN] PackLoader:240 - Cannot read IP mode file for STMicroelectronics.X-CUBE-BLE2.3.3.0
2026-05-28 16:34:45,897 [WARN] PackLoader:240 - Cannot read IP mode file for Infineon.AIROC-Wi-Fi-Bluetooth-STM32.1.8.0
2026-05-28 16:34:45,928 [WARN] PackLoader:240 - Cannot read IP mode file for STMicroelectronics.X-CUBE-NFC9.1.0.0
2026-05-28 16:34:45,948 [WARN] PackLoader:240 - Cannot read IP mode file for wolfSSL.I-CUBE-wolfSSL.5.8.2
2026-05-28 16:34:45,965 [WARN] PackLoader:240 - Cannot read IP mode file for STMicroelectronics.X-CUBE-BLE1.7.1.0
2026-05-28 16:34:45,977 [WARN] PackLoader:240 - Cannot read IP mode file for wolfSSL.I-CUBE-wolfMQTT.1.19.2
2026-05-28 16:34:45,986 [ERROR] Engine:466 - C:\Users\NIVYA\.stm32cubemx\thirdparties\pdsc\STMicroelectronics.X-CUBE-FREERTOS.1.4.0.pdsc: PDSC version is not supported
2026-05-28 16:34:46,003 [WARN] PackLoader:240 - Cannot read IP mode file for STMicroelectronics.X-CUBE-EEPRMA1.5.2.0
2026-05-28 16:34:46,024 [WARN] PackLoader:240 - Cannot read IP mode file for Cesanta.I-CUBE-Mongoose.7.20.0
2026-05-28 16:34:46,035 [ERROR] Engine:466 - C:\Users\NIVYA\.stm32cubemx\thirdparties\pdsc\STMicroelectronics.X-CUBE-ST67W61.1.1.0.pdsc: PDSC version is not supported
2026-05-28 16:34:46,044 [ERROR] Engine:466 - C:\Users\NIVYA\.stm32cubemx\thirdparties\pdsc\STMicroelectronics.FP-SNS-STAIOTCFT.1.1.0.pdsc: PDSC version is not supported
2026-05-28 16:34:46,146 [INFO] ApiDb:668 - CubeFinder database Data Model version=2.1
2026-05-28 16:34:46,146 [INFO] ApiDb:669 - CubeFinder database Configuration version=3.0.42
2026-05-28 16:34:46,148 [INFO] ApiDb:670 - CubeFinder database generation date=2026-05-06 (1778060171)
2026-05-28 16:34:46,148 [INFO] ApiDb:671 - CubeFinder database FW Pack versions=[FP-ATR-ASTRA1_V2.0.0, FP-SNS-FLIGHT1_V5.1.0, FP-SNS-MOTENV1_V5.1.0, FP-SNS-MOTENVWB1_V1.5.0, FP-SNS-SMARTAG2_V1.2.0, FP-SNS-STBOX1_V2.1.0, STM32Cube_FW_C0_V1.4.0, STM32Cube_FW_F4_V1.28.3, STM32Cube_FW_F7_V1.17.4, STM32Cube_FW_G0_V1.6.3, STM32Cube_FW_G4_V1.6.2, STM32Cube_FW_H5_V1.6.0, STM32Cube_FW_H7RS_V1.3.0, STM32Cube_FW_H7_V1.13.0, STM32Cube_FW_L0_V1.12.2, STM32Cube_FW_L4_V1.18.2, STM32Cube_FW_L5_V1.6.0, STM32Cube_FW_N6_V1.3.0, STM32Cube_FW_U0_V1.3.0, STM32Cube_FW_U3_V1.3.0, STM32Cube_FW_U5_V1.8.0, STM32Cube_FW_WB0_V1.4.0, STM32Cube_FW_WBA_V1.9.0, STM32Cube_FW_WB_V1.24.0, STM32Cube_FW_WL3_V1.4.0, STM32Cube_FW_WL_V1.5.0, X-CUBE-ALGOBUILD_V1.4.0, X-CUBE-ALS_V1.0.2, X-CUBE-AZRTOS-F4_V1.1.0, X-CUBE-AZRTOS-F7_V1.1.0, X-CUBE-AZRTOS-G0_V1.1.0, X-CUBE-AZRTOS-G4_V2.0.0, X-CUBE-AZRTOS-H7RS_V1.1.0, X-CUBE-AZRTOS-H7_V3.5.0, X-CUBE-AZRTOS-L4_V2.0.0, X-CUBE-AZRTOS-L5_V2.0.0, X-CUBE-AZRTOS-WB_V2.0.0, X-CUBE-AZRTOS-WL_V2.0.0, X-CUBE-BLE1_V7.1.0, X-CUBE-BLE2_V3.3.0, X-CUBE-BLEMGR_V4.1.0, X-CUBE-EEPRMA1_V5.2.0, X-CUBE-FREERTOS_V1.5.0, X-CUBE-GNSS1_V6.0.0, X-CUBE-MEMS1_V12.0.0, X-CUBE-NFC4_V3.0.0, X-CUBE-NFC7_V2.0.0, X-CUBE-SFXS2LP1_V4.0.0, X-CUBE-ST67W61_V1.2.0, X-CUBE-SUBG2_V5.0.0, X-CUBE-TOF1_V3.4.3]
2026-05-28 16:34:46,164 [WARN] PackLoader:240 - Cannot read IP mode file for STMicroelectronics.X-CUBE-MEMS1.12.0.0
2026-05-28 16:34:46,217 [ERROR] LogOutputStream:75 - [STDERR_REDIRECT] [Fatal Error] :1:1: Premature end of file.
2026-05-28 16:34:46,218 [ERROR] LogOutputStream:75 - [STDERR_REDIRECT] 
2026-05-28 16:34:46,371 [INFO] DbBoardsSqlite:226 - include board P-NUCLEO-WB55-NUCLEO as a kit item of type 'Nucleo-64'
2026-05-28 16:34:46,372 [INFO] DbBoardsSqlite:226 - include board P-NUCLEO-WB55-USBDONGLE as a kit item of type 'Nucleo USB Dongle'
2026-05-28 16:34:46,373 [INFO] DbBoardsSqlite:226 - include board STEVAL-IDP005V1 as a kit item of type 'Evaluation Board'
2026-05-28 16:34:46,374 [INFO] DbBoardsSqlite:226 - include board STEVAL-IDP005V2 as a kit item of type 'Evaluation Board'
2026-05-28 16:34:46,375 [WARN] PackLoader:240 - Cannot read IP mode file for STMicroelectronics.X-CUBE-AZRTOS-G0.1.1.0
2026-05-28 16:34:46,390 [WARN] PackLoader:240 - Cannot read IP mode file for STMicroelectronics.X-CUBE-NFC4.3.0.0
2026-05-28 16:34:46,409 [WARN] PackLoader:240 - Cannot read IP mode file for EmbeddedOffice.I-CUBE-FS-RTOS.1.0.1
2026-05-28 16:34:46,424 [WARN] PackLoader:240 - Cannot read IP mode file for STMicroelectronics.X-CUBE-WB05N.2.0.0
2026-05-28 16:34:46,435 [WARN] PackLoader:240 - Cannot read IP mode file for wolfSSL.I-CUBE-wolfTPM.3.8.0
2026-05-28 16:34:46,448 [WARN] PackLoader:240 - Cannot read IP mode file for STMicroelectronics.X-CUBE-TCPP.4.2.0
2026-05-28 16:34:46,466 [WARN] PackLoader:240 - Cannot read IP mode file for RealThread.X-CUBE-RT-Thread_Nano.4.1.1
2026-05-28 16:34:46,477 [WARN] PackLoader:240 - Cannot read IP mode file for STMicroelectronics.FP-ATR-SIGFOX1.3.2.0
2026-05-28 16:34:46,484 [ERROR] Engine:466 - C:\Users\NIVYA\.stm32cubemx\thirdparties\pdsc\STMicroelectronics.X-CUBE-FREERTOS.1.5.0.pdsc: PDSC version is not supported
2026-05-28 16:34:46,500 [WARN] PackLoader:240 - Cannot read IP mode file for ITTIA_DB.I-CUBE-ITTIADB.8.9.0
2026-05-28 16:34:46,520 [WARN] PackLoader:240 - Cannot read IP mode file for STMicroelectronics.X-CUBE-NFC6.3.2.0
2026-05-28 16:34:46,538 [WARN] PackLoader:240 - Cannot read IP mode file for STMicroelectronics.X-CUBE-AI.10.2.0
2026-05-28 16:34:46,633 [WARN] PackLoader:240 - Cannot read IP mode file for STMicroelectronics.X-CUBE-MEMS1.12.1.0
2026-05-28 16:34:46,669 [INFO] ApiDb:240 - Found 895 in-development CPN: [B-G473E-ZEST1S, B-WB1M-WPAN1, B-WBA5M-WPAN, B-WL5M-SUBG1, NUCLEO-C031C6, NUCLEO-C051C8, NUCLEO-C071RB, NUCLEO-C092RC, NUCLEO-H503RB, NUCLEO-H533RE, NUCLEO-H563ZI, NUCLEO-H7S3L8, NUCLEO-N657X0-Q, NUCLEO-U031R8, NUCLEO-U083RC, NUCLEO-U385RG-Q, NUCLEO-U545RE-Q, NUCLEO-U5A5ZJ-Q, NUCLEO-WB05KZ, NUCLEO-WB07CC, NUCLEO-WB09KE, NUCLEO-WBA52CG, NUCLEO-WBA55CG, NUCLEO-WBA65RI, NUCLEO-WL33CC1, NUCLEO-WL33CC2, STEVAL-PROTEUS1, STEVAL-SMARTAG2, STEVAL-STWINBX1, STM320518-EVAL, STM32C0116-DK, STM32C011D6Y3TR, STM32C011D6Y6TR, STM32C011F4P3, STM32C011F4P6, STM32C011F4U3, STM32C011F4U6TR, STM32C011F6P3, STM32C011F6P6, STM32C011F6U3, STM32C011F6U6TR, STM32C011J4M3, STM32C011J4M6, STM32C011J6M3, STM32C011J6M6, STM32C0316-DK, STM32C031C4T3, STM32C031C4T6, STM32C031C4U3, STM32C031C4U6, STM32C031C6T3, STM32C031C6T6, STM32C031C6U3, STM32C031C6U6, STM32C031F4P3, STM32C031F4P6, STM32C031F6P3, STM32C031F6P6, STM32C031G4U3, STM32C031G4U6, STM32C031G6U3, STM32C031G6U6, STM32C031K4T3, STM32C031K4T6, STM32C031K4U3, STM32C031K4U6, STM32C031K6T3, STM32C031K6T6, STM32C031K6U3, STM32C031K6U6, STM32C051C6T6, STM32C051C6U6, STM32C051C8T6, STM32C051C8U6, STM32C051D8Y6TR, STM32C051F6P6, STM32C051F8P6, STM32C051G6U6, STM32C051G8U6, STM32C051K6T6, STM32C051K6U6, STM32C051K8T6, STM32C071C8T6, STM32C071C8T6N, STM32C071C8U6, STM32C071C8U6N, STM32C071CBT6, STM32C071CBT6N, STM32C071CBU6, STM32C071CBU6N, STM32C071F8P6, STM32C071F8P6N, STM32C071FBP6, STM32C071FBP6N, STM32C071FBY6TR, STM32C071G8U6, STM32C071G8U6N, STM32C071GBU6, STM32C071GBU6N, STM32C071K8T6, STM32C071K8T6N, STM32C071K8U6, STM32C071K8U6N, STM32C071KBT6, STM32C071KBT6N, STM32C071KBU6, STM32C071KBU6N, STM32C071R8T6, STM32C071R8T6N, STM32C071RBI6N, STM32C071RBT6, STM32C071RBT6N, STM32C091CBT6, STM32C091CBU6, STM32C091CCT6, STM32C091CCU6, STM32C091ECY6TR, STM32C091FBP6, STM32C091FCP6, STM32C091GBU6, STM32C091GCU6, STM32C091KBT6, STM32C091KBU6, STM32C091KCT6, STM32C091KCU6, STM32C091RBT6, STM32C091RCI6, STM32C091RCT6, STM32C092CBT6, STM32C092CBU6, STM32C092CCT6, STM32C092CCU6, STM32C092ECY6TR, STM32C092FBP6, STM32C092FCP6, STM32C092GBU6, STM32C092GCU6, STM32C092KBT6, STM32C092KBU6, STM32C092KCT6, STM32C092KCU6, STM32C092RBT6, STM32C092RCI6, STM32C092RCT6, STM32G071K8TXN, STM32G071K8UXN, STM32G081GBU6N, STM32G081KBT6N, STM32G081KBUXN, STM32G0B1CCT6N, STM32G0B1KCT6, STM32G0B1NEY6TR, STM32G0B1RCT6N, STM32G0C1CCT6, STM32G0C1CCT6N, STM32G0C1CCU6N, STM32G0C1CET6N, STM32G0C1CEU6N, STM32G0C1KCT6, STM32G0C1NEY6TR, STM32G0C1RCI6N, STM32G0C1RCT6N, STM32G0C1REI6N, STM32G0C1RET6N, STM32G0C1VCI6, STM32G0C1VEI6, STM32G411C6T3, STM32G411C6T6, STM32G411C6U3, STM32G411C6U6, STM32G411C8T3, STM32G411C8T6, STM32G411C8U3, STM32G411C8U6, STM32G411CBT3, STM32G411CBT6, STM32G411CBU3, STM32G411CBU6, STM32G411CCT3, STM32G411CCT6, STM32G411CCU3, STM32G411CCU6, STM32G411K6T3, STM32G411K6T6, STM32G411K6U3, STM32G411K6U6, STM32G411K8T3, STM32G411K8T6, STM32G411K8U3, STM32G411K8U6, STM32G411KBT3, STM32G411KBT6, STM32G411KBU3, STM32G411KBU6, STM32G411M6T3, STM32G411M6T6, STM32G411M8T3, STM32G411M8T6, STM32G411MBT3, STM32G411MBT6, STM32G411MCT3, STM32G411MCT6, STM32G411R6T3, STM32G411R6T6, STM32G411R8T3, STM32G411R8T6, STM32G411RBT3, STM32G411RBT6, STM32G411RCT3, STM32G411RCT6, STM32G414CBT3, STM32G414CBT6, STM32G414CBU3, STM32G414CBU6, STM32G414CCT3, STM32G414CCT6, STM32G414CCU3, STM32G414CCU6, STM32G414MBT3, STM32G414MBT6, STM32G414MCT3, STM32G414MCT6, STM32G414RBT3, STM32G414RBT6, STM32G414RCT3, STM32G414RCT6, STM32G414VBT3, STM32G414VBT6, STM32G414VCT3, STM32G414VCT6, STM32G431CBT3Z, STM32G431RBT3Z, STM32G471CCT6, STM32G471CCU6, STM32G471CET3, STM32G471CET6, STM32G471CEU3, STM32G471CEU6, STM32G471MCT6, STM32G471MET3, STM32G471MET6, STM32G471MEY6TR, STM32G471QCT6, STM32G471QET3, STM32G471RCT6, STM32G471RET3, STM32G471RET6, STM32G471VCH6, STM32G471VCI6, STM32G471VCT6, STM32G471VEH3, STM32G471VEH6, STM32G471VEI3, STM32G471VEI6, STM32G471VET3, STM32G471VET6, STM32G473QET3Z, STM32G473RET3Z, STM32G474CCT6, STM32G491RET3Z, STM32H503CBT6, STM32H503CBU6, STM32H503EBY6TR, STM32H503KBU6, STM32H503RBT6, STM32H523CCT6, STM32H523CCU6, STM32H523CET6, STM32H523CEU6, STM32H523HEY6TR, STM32H523RCT6, STM32H523RET6, STM32H523VCI6, STM32H523VCT6, STM32H523VEI6, STM32H523VET6, STM32H523ZCJ6, STM32H523ZCT6, STM32H523ZEJ6, STM32H523ZET6, STM32H533CET6, STM32H533CEU6, STM32H533HEY6TR, STM32H533RET6, STM32H533VEI6, STM32H533VET6, STM32H533ZEJ6, STM32H533ZET6, STM32H562AGI6, STM32H562AII6, STM32H562IGK6, STM32H562IGT6, STM32H562IIK6, STM32H562IIT6, STM32H562RGT6, STM32H562RGV6, STM32H562RIT6, STM32H562RIV6, STM32H562VGT6, STM32H562VIT6, STM32H562ZGT6, STM32H562ZIT6, STM32H563AGI6, STM32H563AII3Q, STM32H563AII6, STM32H563IGK6, STM32H563IGT6, STM32H563IIK3Q, STM32H563IIK6, STM32H563IIT3Q, STM32H563IIT6, STM32H563MIY3QTR, STM32H563RGT6, STM32H563RGV6, STM32H563RIT6, STM32H563RIV6, STM32H563VGT6, STM32H563VIT3Q, STM32H563VIT6, STM32H563ZGT6, STM32H563ZIT3Q, STM32H563ZIT6, STM32H573AII3Q, STM32H573AII6, STM32H573I-DK, STM32H573IIK3Q, STM32H573IIK6, STM32H573IIT3Q, STM32H573IIT6, STM32H573MIY3QTR, STM32H573RIT6, STM32H573RIV6, STM32H573VIT3Q, STM32H573VIT6, STM32H573ZIT3Q, STM32H573ZIT6, STM32H7R3A8I6, STM32H7R3I8K6, STM32H7R3I8T6, STM32H7R3L8H6, STM32H7R3L8H6H, STM32H7R3R8V6, STM32H7R3V8H6, STM32H7R3V8T6, STM32H7R3V8Y6TR, STM32H7R3Z8J6, STM32H7R3Z8T6, STM32H7R7A8I6, STM32H7R7I8K6, STM32H7R7I8T6, STM32H7R7L8H6, STM32H7R7L8H6H, STM32H7R7Z8J6, STM32H7S3A8I6, STM32H7S3I8K6, STM32H7S3I8T6, STM32H7S3L8H6, STM32H7S3L8H6H, STM32H7S3R8V6, STM32H7S3V8H6, STM32H7S3V8T6, STM32H7S3V8Y6TR, STM32H7S3Z8J6, STM32H7S3Z8T6, STM32H7S78-DK, STM32H7S7A8I6, STM32H7S7I8K6, STM32H7S7I8T6, STM32H7S7L8H6, STM32H7S7L8H6H, STM32H7S7Z8J6, STM32L4R5QGI6STR, STM32MP131AAE3, STM32MP131AAF3, STM32MP131AAG3, STM32MP131CAE3, STM32MP131CAF3, STM32MP131CAG3, STM32MP131DAE7, STM32MP131DAF7, STM32MP131DAG7, STM32MP131FAE7, STM32MP131FAF7, STM32MP131FAG7, STM32MP133AAE3, STM32MP133AAF3, STM32MP133AAG3, STM32MP133CAE3, STM32MP133CAF3, STM32MP133CAG3, STM32MP133DAE7, STM32MP133DAF7, STM32MP133DAG7, STM32MP133FAE7, STM32MP133FAF7, STM32MP133FAG7, STM32MP135AAE3, STM32MP135AAF3, STM32MP135AAG3, STM32MP135CAE3, STM32MP135CAF3, STM32MP135CAG3, STM32MP135DAE7, STM32MP135DAF7, STM32MP135DAG7, STM32MP135F-DK, STM32MP135FAE7, STM32MP135FAF7, STM32MP135FAF7T, STM32MP135FAF7U, STM32MP135FAG7, STM32MP231AAJ3, STM32MP231AAK3, STM32MP231AAL3, STM32MP231CAJ3, STM32MP231CAK3, STM32MP231CAL3, STM32MP231DAJ3, STM32MP231DAK3, STM32MP231DAL3, STM32MP231FAJ3, STM32MP231FAK3, STM32MP231FAL3, STM32MP233AAJ3, STM32MP233AAK3, STM32MP233AAL3, STM32MP233CAJ3, STM32MP233CAK3, STM32MP233CAL3, STM32MP233DAJ3, STM32MP233DAK3, STM32MP233DAL3, STM32MP233FAJ3, STM32MP233FAK3, STM32MP233FAL3, STM32MP235AAJ3, STM32MP235AAK3, STM32MP235AAL3, STM32MP235CAJ3, STM32MP235CAK3, STM32MP235CAL3, STM32MP235DAJ3, STM32MP235DAK3, STM32MP235DAL3, STM32MP235FAJ3, STM32MP235FAK3, STM32MP235FAL3, STM32MP251AAI3, STM32MP251AAJ3, STM32MP251AAK3, STM32MP251AAL3, STM32MP251CAI3, STM32MP251CAJ3, STM32MP251CAK3, STM32MP251CAL3, STM32MP251DAI3, STM32MP251DAJ3, STM32MP251DAK3, STM32MP251DAL3, STM32MP251FAI3, STM32MP251FAJ3, STM32MP251FAK3, STM32MP251FAL3, STM32MP253AAI3, STM32MP253AAJ3, STM32MP253AAK3, STM32MP253AAL3, STM32MP253CAI3, STM32MP253CAJ3, STM32MP253CAK3, STM32MP253CAL3, STM32MP253DAI3, STM32MP253DAJ3, STM32MP253DAK3, STM32MP253DAL3, STM32MP253FAI3, STM32MP253FAJ3, STM32MP253FAK3, STM32MP253FAL3, STM32MP255AAI3, STM32MP255AAJ3, STM32MP255AAK3, STM32MP255AAL3, STM32MP255CAI3, STM32MP255CAJ3, STM32MP255CAK3, STM32MP255CAL3, STM32MP255DAI3, STM32MP255DAJ3, STM32MP255DAK3, STM32MP255DAL3, STM32MP255FAI3, STM32MP255FAJ3, STM32MP255FAK3, STM32MP255FAL3, STM32MP257AAI3, STM32MP257AAJ3, STM32MP257AAK3, STM32MP257AAL3, STM32MP257CAI3, STM32MP257CAJ3, STM32MP257CAK3, STM32MP257CAL3, STM32MP257DAI3, STM32MP257DAJ3, STM32MP257DAK3, STM32MP257DAL3, STM32MP257F-DK, STM32MP257F-EV1, STM32MP257FAI3, STM32MP257FAJ3, STM32MP257FAK3, STM32MP257FAL3, STM32N645A0H3Q, STM32N645B0H3Q, STM32N645I0H3Q, STM32N645L0H3Q, STM32N645X0H3Q, STM32N645Z0H3Q, STM32N647A0H3Q, STM32N647B0H3Q, STM32N647I0H3Q, STM32N647L0H3Q, STM32N647X0H3Q, STM32N647Z0H3Q, STM32N655A0H3Q, STM32N655B0H3Q, STM32N655I0H3Q, STM32N655L0H3Q, STM32N655X0H3Q, STM32N655Z0H3Q, STM32N6570-DK, STM32N657A0H3Q, STM32N657B0H3Q, STM32N657I0H3Q, STM32N657L0H3Q, STM32N657X0H3Q, STM32N657Z0H3Q, STM32U031C6T6, STM32U031C6U6, STM32U031C8T6, STM32U031C8U6, STM32U031F4P6, STM32U031F6P6, STM32U031F8P6, STM32U031G6Y6TR, STM32U031G8Y6TR, STM32U031K4U6, STM32U031K6U6, STM32U031K8U6, STM32U031R6I6, STM32U031R6T6, STM32U031R8I6, STM32U031R8T6, STM32U073C8T6, STM32U073C8U6, STM32U073CBT6, STM32U073CBU6, STM32U073CCT6, STM32U073CCU6, STM32U073H8Y6TR, STM32U073HBY6TR, STM32U073HCY6TR, STM32U073K8U6, STM32U073KBU6, STM32U073KCU6, STM32U073M8I6, STM32U073M8T6, STM32U073MBI6, STM32U073MBT6, STM32U073MCI6, STM32U073MCT6, STM32U073R8I6, STM32U073R8T6, STM32U073RBI6, STM32U073RBT6, STM32U073RCI6, STM32U073RCT6, STM32U083C-DK, STM32U083CCT6, STM32U083CCU6, STM32U083HCY6TR, STM32U083KCU6, STM32U083MCI6, STM32U083MCT6, STM32U083RCI6, STM32U083RCT6, STM32U375CET6, STM32U375CET6Q, STM32U375CEU6, STM32U375CEU6Q, STM32U375CEY6QTR, STM32U375CGT6, STM32U375CGT6Q, STM32U375CGU6, STM32U375CGU6Q, STM32U375CGY6QTR, STM32U375KEU6, STM32U375KGU6, STM32U375REI6, STM32U375REI6Q, STM32U375RET6, STM32U375RET6Q, STM32U375REY6GTR, STM32U375REY6QTR, STM32U375RGI6, STM32U375RGI6Q, STM32U375RGT6, STM32U375RGT6Q, STM32U375RGY6GTR, STM32U375RGY6QTR, STM32U375VEI6, STM32U375VEI6Q, STM32U375VET6, STM32U375VET6Q, STM32U375VGI6, STM32U375VGI6Q, STM32U375VGT6, STM32U375VGT6Q, STM32U385CGT6, STM32U385CGT6Q, STM32U385CGU6, STM32U385CGU6Q, STM32U385CGY6QTR, STM32U385KGU6, STM32U385RGI6, STM32U385RGI6Q, STM32U385RGT6, STM32U385RGT6Q, STM32U385RGY6GTR, STM32U385RGY6QTR, STM32U385VGI6, STM32U385VGI6Q, STM32U385VGT6, STM32U385VGT6Q, STM32U535CBT6, STM32U535CBT6Q, STM32U535CBU6, STM32U535CBU6Q, STM32U535CCT6, STM32U535CCT6Q, STM32U535CCU6, STM32U535CCU6Q, STM32U535CET6, STM32U535CET6Q, STM32U535CEU6, STM32U535CEU6Q, STM32U535JEY6QTR, STM32U535NCY6QTR, STM32U535NEY6QTR, STM32U535RBI6, STM32U535RBI6Q, STM32U535RBT6, STM32U535RBT6Q, STM32U535RCI6, STM32U535RCI6Q, STM32U535RCT6, STM32U535RCT6Q, STM32U535REI6, STM32U535REI6Q, STM32U535RET6, STM32U535RET6Q, STM32U535VCI6, STM32U535VCI6Q, STM32U535VCT6, STM32U535VCT6Q, STM32U535VEI6, STM32U535VEI6Q, STM32U535VET6, STM32U535VET6Q, STM32U545CET6, STM32U545CET6Q, STM32U545CEU6, STM32U545CEU6Q, STM32U545JEY6QTR, STM32U545NEY6QTR, STM32U545REI6, STM32U545REI6Q, STM32U545RET6, STM32U545RET6Q, STM32U545VEI6, STM32U545VEI6Q, STM32U545VET6, STM32U545VET6Q, STM32U595AIH6, STM32U595AIH6Q, STM32U595AJH6, STM32U595AJH6Q, STM32U595QII6, STM32U595QII6Q, STM32U595QJI6, STM32U595QJI6Q, STM32U595RIT6, STM32U595RIT6Q, STM32U595RJT6, STM32U595RJT6Q, STM32U595VIT6, STM32U595VIT6Q, STM32U595VJT6, STM32U595VJT6Q, STM32U595ZIT6, STM32U595ZIT6Q, STM32U595ZIY6QTR, STM32U595ZJT6, STM32U595ZJT6Q, STM32U595ZJY6QTR, STM32U599BJY6QTR, STM32U599NIH6Q, STM32U599NJH6Q, STM32U599VIT6Q, STM32U599VJT6, STM32U599VJT6Q, STM32U599ZIT6Q, STM32U599ZIY6QTR, STM32U599ZJT6Q, STM32U599ZJY6QTR, STM32U5A5AJH6, STM32U5A5AJH6Q, STM32U5A5QII3Q , STM32U5A5QJI6, STM32U5A5QJI6Q, STM32U5A5RJT6, STM32U5A5RJT6Q, STM32U5A5VJT6, STM32U5A5VJT6Q, STM32U5A5ZJT6, STM32U5A5ZJT6Q, STM32U5A5ZJY6QTR, STM32U5A9BJY6QTR, STM32U5A9J-DK, STM32U5A9NJH6Q, STM32U5A9VJT6Q, STM32U5A9ZJT6Q, STM32U5A9ZJY6QTR, STM32U5F7VIT6, STM32U5F7VIT6Q, STM32U5F7VJT6, STM32U5F7VJT6Q, STM32U5F9BJY6QTR, STM32U5F9NJH6Q, STM32U5F9VIT6Q, STM32U5F9VJT6Q, STM32U5F9ZIJ6QTR, STM32U5F9ZIT6Q, STM32U5F9ZJJ6QTR, STM32U5F9ZJT6Q, STM32U5G7VJT6, STM32U5G7VJT6Q, STM32U5G9BJY6QTR, STM32U5G9J-DK1, STM32U5G9J-DK2, STM32U5G9NJH6Q, STM32U5G9VJT6Q, STM32U5G9ZJJ6QTR, STM32U5G9ZJT6Q, STM32WB05KZV6TR, STM32WB05KZV7TR, STM32WB05TZF6TR, STM32WB05TZF7TR, STM32WB06CCF6TR, STM32WB06CCF7TR, STM32WB06CCV6TR, STM32WB06CCV7TR, STM32WB06KCV6TR, STM32WB06KCV7TR, STM32WB07CCF6TR, STM32WB07CCF7TR, STM32WB07CCV6TR, STM32WB07CCV7TR, STM32WB07KCV6TR, STM32WB07KCV7TR, STM32WB09KEV6TR, STM32WB09KEV7TR, STM32WB09TEF6TR, STM32WB09TEF7TR, STM32WB1MMCH6, STM32WBA50KGU6, STM32WBA50KGU6TR, STM32WBA52CEU6, STM32WBA52CEU6TR, STM32WBA52CEU7, STM32WBA52CEU7TR, STM32WBA52CGU6, STM32WBA52CGU6TR, STM32WBA52CGU6U, STM32WBA52CGU7, STM32WBA52CGU7TR, STM32WBA52KEU6, STM32WBA52KEU6TR, STM32WBA52KGU6, STM32WBA52KGU6TR, STM32WBA54CEU6, STM32WBA54CEU6TR, STM32WBA54CEU7, STM32WBA54CEU7TR, STM32WBA54CGU6, STM32WBA54CGU6TR, STM32WBA54CGU7, STM32WBA54CGU7TR, STM32WBA54KEU6, STM32WBA54KEU6TR, STM32WBA54KEU7, STM32WBA54KEU7TR, STM32WBA54KGU6, STM32WBA54KGU6TR, STM32WBA54KGU7, STM32WBA54KGU7TR, STM32WBA55CEU6, STM32WBA55CEU6TR, STM32WBA55CEU7, STM32WBA55CEU7TR, STM32WBA55CGU6, STM32WBA55CGU6TR, STM32WBA55CGU6U, STM32WBA55CGU7, STM32WBA55CGU7TR, STM32WBA55G-DK1, STM32WBA55HEF6, STM32WBA55HEF7, STM32WBA55HGF6, STM32WBA55HGF7, STM32WBA55UEI6, STM32WBA55UEI6TR, STM32WBA55UEI7, STM32WBA55UEI7TR, STM32WBA55UGI6, STM32WBA55UGI6TR, STM32WBA55UGI7, STM32WBA55UGI7TR, STM32WBA5MJGH6TR, STM32WBA62CGU6, STM32WBA62CIU6, STM32WBA62MGF6, STM32WBA62MIF6, STM32WBA62PGI6, STM32WBA62PII6, STM32WBA63CGU6, STM32WBA63CGU7, STM32WBA63CIU6, STM32WBA63CIU7, STM32WBA64CGU6, STM32WBA64CGU7, STM32WBA64CIU6, STM32WBA64CIU7, STM32WBA65CGU6, STM32WBA65CGU7, STM32WBA65CIU6, STM32WBA65CIU7, STM32WBA65I-DK1, STM32WBA65MGF6, STM32WBA65MGF7, STM32WBA65MIF6, STM32WBA65MIF7, STM32WBA65PGI6, STM32WBA65PGI7, STM32WBA65PII6, STM32WBA65PII7, STM32WBA65RGV6, STM32WBA65RGV7, STM32WBA65RIV6, STM32WBA65RIV7, STM32WL30K8V6, STM32WL30KBV6, STM32WL31C8V6, STM32WL31CBV6, STM32WL31K8V6, STM32WL31KBV6, STM32WL33C8V6, STM32WL33C8V6TR, STM32WL33C8V7, STM32WL33C8V7TR, STM32WL33CBV6, STM32WL33CBV6TR, STM32WL33CBV7, STM32WL33CBV7TR, STM32WL33CCV6, STM32WL33CCV6TR, STM32WL33CCV7, STM32WL33CCV7A, STM32WL33CCV7ATR, STM32WL33CCV7TR, STM32WL33K8V6, STM32WL33K8V6TR, STM32WL33K8V7, STM32WL33K8V7TR, STM32WL33KBV6, STM32WL33KBV6TR, STM32WL33KBV7, STM32WL33KBV7TR, STM32WL33KCV6, STM32WL33KCV6TR, STM32WL33KCV7, STM32WL33KCV7TR, STM32WL5MOCH6, STM32WL5MOCH6TR]
2026-05-28 16:34:46,697 [INFO] ApiDb:668 - CubeFinder database Data Model version=2.1
2026-05-28 16:34:46,697 [INFO] ApiDb:669 - CubeFinder database Configuration version=3.0.42
2026-05-28 16:34:46,698 [INFO] ApiDb:670 - CubeFinder database generation date=2026-05-06 (1778060171)
2026-05-28 16:34:46,698 [INFO] ApiDb:671 - CubeFinder database FW Pack versions=[FP-ATR-ASTRA1_V2.0.0, FP-SNS-FLIGHT1_V5.1.0, FP-SNS-MOTENV1_V5.1.0, FP-SNS-MOTENVWB1_V1.5.0, FP-SNS-SMARTAG2_V1.2.0, FP-SNS-STBOX1_V2.1.0, STM32Cube_FW_C0_V1.4.0, STM32Cube_FW_F4_V1.28.3, STM32Cube_FW_F7_V1.17.4, STM32Cube_FW_G0_V1.6.3, STM32Cube_FW_G4_V1.6.2, STM32Cube_FW_H5_V1.6.0, STM32Cube_FW_H7RS_V1.3.0, STM32Cube_FW_H7_V1.13.0, STM32Cube_FW_L0_V1.12.2, STM32Cube_FW_L4_V1.18.2, STM32Cube_FW_L5_V1.6.0, STM32Cube_FW_N6_V1.3.0, STM32Cube_FW_U0_V1.3.0, STM32Cube_FW_U3_V1.3.0, STM32Cube_FW_U5_V1.8.0, STM32Cube_FW_WB0_V1.4.0, STM32Cube_FW_WBA_V1.9.0, STM32Cube_FW_WB_V1.24.0, STM32Cube_FW_WL3_V1.4.0, STM32Cube_FW_WL_V1.5.0, X-CUBE-ALGOBUILD_V1.4.0, X-CUBE-ALS_V1.0.2, X-CUBE-AZRTOS-F4_V1.1.0, X-CUBE-AZRTOS-F7_V1.1.0, X-CUBE-AZRTOS-G0_V1.1.0, X-CUBE-AZRTOS-G4_V2.0.0, X-CUBE-AZRTOS-H7RS_V1.1.0, X-CUBE-AZRTOS-H7_V3.5.0, X-CUBE-AZRTOS-L4_V2.0.0, X-CUBE-AZRTOS-L5_V2.0.0, X-CUBE-AZRTOS-WB_V2.0.0, X-CUBE-AZRTOS-WL_V2.0.0, X-CUBE-BLE1_V7.1.0, X-CUBE-BLE2_V3.3.0, X-CUBE-BLEMGR_V4.1.0, X-CUBE-EEPRMA1_V5.2.0, X-CUBE-FREERTOS_V1.5.0, X-CUBE-GNSS1_V6.0.0, X-CUBE-MEMS1_V12.0.0, X-CUBE-NFC4_V3.0.0, X-CUBE-NFC7_V2.0.0, X-CUBE-SFXS2LP1_V4.0.0, X-CUBE-ST67W61_V1.2.0, X-CUBE-SUBG2_V5.0.0, X-CUBE-TOF1_V3.4.3]
2026-05-28 16:34:46,908 [WARN] PackLoader:240 - Cannot read IP mode file for SEGGER.I-CUBE-embOS.1.3.1
2026-05-28 16:34:46,994 [WARN] PackLoader:240 - Cannot read IP mode file for STMicroelectronics.X-CUBE-ALGOBUILD.1.4.0
2026-05-28 16:34:47,007 [WARN] PackLoader:240 - Cannot read IP mode file for STMicroelectronics.X-CUBE-PM33A1.1.0.0
2026-05-28 16:34:47,046 [WARN] PackLoader:240 - Cannot read IP mode file for STMicroelectronics.X-CUBE-AZRTOS-F4.1.1.0
2026-05-28 16:34:47,061 [WARN] PackLoader:240 - Cannot read IP mode file for STMicroelectronics.X-CUBE-ISPU.2.1.0
2026-05-28 16:34:47,073 [ERROR] Engine:466 - C:\Users\NIVYA\.stm32cubemx\thirdparties\pdsc\STMicroelectronics.X-CUBE-IPS.3.2.0.pdsc: PDSC version is not supported
2026-05-28 16:34:47,081 [WARN] PackLoader:240 - Cannot read IP mode file for STMicroelectronics.eDS-WB_DPC_TT-BIDIR.2.1.1
2026-05-28 16:34:47,099 [WARN] PackLoader:240 - Cannot read IP mode file for STMicroelectronics.X-CUBE-NFC12.1.0.0
2026-05-28 16:34:47,136 [WARN] PackLoader:240 - Cannot read IP mode file for STMicroelectronics.X-CUBE-AZRTOS-L5.2.0.0
2026-05-28 16:34:47,156 [WARN] PackLoader:240 - Cannot read IP mode file for STMicroelectronics.X-CUBE-NFC6.3.1.0
2026-05-28 16:34:47,175 [WARN] PackLoader:240 - Cannot read IP mode file for STMicroelectronics.X-CUBE-ALGOBUILD.1.5.0
2026-05-28 16:34:47,177 [ERROR] LogOutputStream:75 - [STDERR_REDIRECT] [Fatal Error] :1:1: Premature end of file.
2026-05-28 16:34:47,180 [ERROR] LogOutputStream:75 - [STDERR_REDIRECT] 
2026-05-28 16:34:47,187 [WARN] PackLoader:240 - Cannot read IP mode file for STMicroelectronics.eDS-WB_DPC_VIENNA.1.2.0
2026-05-28 16:34:47,195 [WARN] PackLoader:240 - Cannot read IP mode file for STMicroelectronics.eDS-WB_DPC_3PH2L-BIDIR.1.1.1
2026-05-28 16:34:47,202 [ERROR] Engine:466 - C:\Users\NIVYA\.stm32cubemx\thirdparties\pdsc\STMicroelectronics.X-CUBE-ST67W61.1.3.0.pdsc: PDSC version is not supported
2026-05-28 16:34:47,231 [WARN] PackLoader:240 - Cannot read IP mode file for STMicroelectronics.X-CUBE-TOUCHGFX.4.26.0
2026-05-28 16:34:47,239 [WARN] PackLoader:240 - Cannot read IP mode file for STMicroelectronics.X-CUBE-TOUCHGFX.4.26.1
2026-05-28 16:34:47,257 [WARN] PackLoader:240 - Cannot read IP mode file for STMicroelectronics.FP-SNS-STAIOTCFT.1.0.0
2026-05-28 16:34:47,272 [WARN] PackLoader:240 - Cannot read IP mode file for STMicroelectronics.X-CUBE-DPower.1.3.0
2026-05-28 16:34:47,305 [WARN] ConditionMgr:438 - getConditionDescription Invalid condition id : LAN8742 Phy interface Condition cause : null
2026-05-28 16:34:47,306 [WARN] PackLoader:240 - Cannot read IP mode file for STMicroelectronics.X-CUBE-AZRTOS-L4.2.0.0
2026-05-28 16:34:47,309 [WARN] ConditionMgr:1044 - genDependencies : Invalid condition id : LAN8742 Phy interface Condition cause : null
2026-05-28 16:34:47,309 [WARN] ConditionMgr:1044 - genDependencies : Invalid condition id : LAN8742 Phy interface Condition cause : null
2026-05-28 16:34:47,310 [WARN] ConditionMgr:1044 - genDependencies : Invalid condition id : LAN8742 Phy interface Condition cause : null
2026-05-28 16:34:47,326 [WARN] PackLoader:240 - Cannot read IP mode file for STMicroelectronics.X-CUBE-SFXS2LP1.4.0.0
2026-05-28 16:34:47,336 [WARN] PackLoader:240 - Cannot read IP mode file for STMicroelectronics.X-CUBE-WB05N.2.1.0
2026-05-28 16:34:47,344 [ERROR] Engine:466 - C:\Users\NIVYA\.stm32cubemx\thirdparties\pdsc\STMicroelectronics.X-CUBE-ST67W61.1.2.0.pdsc: PDSC version is not supported
2026-05-28 16:34:47,360 [WARN] PackLoader:240 - Cannot read IP mode file for STMicroelectronics.X-CUBE-BLEMGR.4.1.0
2026-05-28 16:34:47,392 [WARN] ConditionMgr:438 - getConditionDescription Invalid condition id : UX DEVICE CLASS RTOS Condition cause : null
2026-05-28 16:34:47,393 [WARN] ConditionMgr:438 - getConditionDescription Invalid condition id : UX DEVICE CLASS RTOS Condition cause : null
2026-05-28 16:34:47,397 [WARN] PackLoader:240 - Cannot read IP mode file for STMicroelectronics.X-CUBE-AZRTOS-WB.2.0.0
2026-05-28 16:34:47,398 [WARN] ConditionMgr:1044 - genDependencies : Invalid condition id : UX DEVICE CLASS RTOS Condition cause : null
2026-05-28 16:34:47,398 [WARN] ConditionMgr:1044 - genDependencies : Invalid condition id : UX DEVICE CLASS RTOS Condition cause : null
2026-05-28 16:34:47,400 [WARN] ConditionMgr:1044 - genDependencies : Invalid condition id : UX DEVICE CLASS RTOS Condition cause : null
2026-05-28 16:34:47,400 [WARN] ConditionMgr:1044 - genDependencies : Invalid condition id : UX DEVICE CLASS RTOS Condition cause : null
2026-05-28 16:34:47,401 [WARN] ConditionMgr:1044 - genDependencies : Invalid condition id : UX DEVICE CLASS RTOS Condition cause : null
2026-05-28 16:34:47,418 [WARN] ConditionMgr:438 - getConditionDescription Invalid condition id : Cortex-A Device cause : null
2026-05-28 16:34:47,445 [WARN] ConditionMgr:1044 - genDependencies : Invalid condition id : Cortex-A Device cause : null
2026-05-28 16:34:47,446 [WARN] ConditionMgr:1044 - genDependencies : Invalid condition id : Cortex-A Device cause : null
2026-05-28 16:34:47,446 [WARN] ConditionMgr:1044 - genDependencies : Invalid condition id : Cortex-A Device cause : null
2026-05-28 16:34:47,464 [WARN] PackLoader:240 - Cannot read IP mode file for STMicroelectronics.X-CUBE-STSE01.2.0.0
2026-05-28 16:34:47,495 [WARN] PackLoader:240 - Cannot read IP mode file for STMicroelectronics.X-CUBE-SUBG2.5.0.0
2026-05-28 16:34:47,526 [WARN] PackLoader:240 - Cannot read IP mode file for STMicroelectronics.X-CUBE-AZRTOS-G4.2.0.0
2026-05-28 16:34:47,537 [WARN] PackLoader:240 - Cannot read IP mode file for wolfSSL.I-CUBE-wolfSSH.1.4.20
2026-05-28 16:34:47,547 [WARN] PackLoader:240 - Cannot read IP mode file for STMicroelectronics.X-CUBE-NFC7.2.0.0
2026-05-28 16:34:47,558 [WARN] PackLoader:240 - Cannot read IP mode file for STMicroelectronics.X-CUBE-ALS.1.0.2
2026-05-28 16:34:47,572 [WARN] PackLoader:240 - Cannot read IP mode file for STMicroelectronics.X-CUBE-STSE01.1.0.0
2026-05-28 16:34:47,593 [WARN] PackLoader:240 - Cannot read IP mode file for STMicroelectronics.X-CUBE-TOF1.3.4.3
2026-05-28 16:34:47,608 [INFO] ThirdParty:978 - Integrity check success = true
2026-05-28 16:34:47,608 [INFO] IntegrityCheckThread:100 - exiting critical section [integrity check]
2026-05-28 16:34:47,608 [INFO] IntegrityCheckThread:103 - End integrity checks thread
2026-05-28 16:34:48,209 [ERROR] LogOutputStream:75 - [STDERR_REDIRECT] [Fatal Error] :1:1: Premature end of file.
2026-05-28 16:34:48,212 [ERROR] LogOutputStream:75 - [STDERR_REDIRECT] 
2026-05-28 16:34:49,107 [ERROR] LogOutputStream:75 - [STDERR_REDIRECT] [Fatal Error] :1:1: Premature end of file.
2026-05-28 16:34:49,107 [ERROR] LogOutputStream:75 - [STDERR_REDIRECT] 
2026-05-28 16:34:50,099 [ERROR] LogOutputStream:75 - [STDERR_REDIRECT] [Fatal Error] :1:1: Premature end of file.
2026-05-28 16:34:50,099 [ERROR] LogOutputStream:75 - [STDERR_REDIRECT] 
2026-05-28 16:34:50,569 [INFO] ApiDb:240 - Found 895 in-development CPN: [B-G473E-ZEST1S, B-WB1M-WPAN1, B-WBA5M-WPAN, B-WL5M-SUBG1, NUCLEO-C031C6, NUCLEO-C051C8, NUCLEO-C071RB, NUCLEO-C092RC, NUCLEO-H503RB, NUCLEO-H533RE, NUCLEO-H563ZI, NUCLEO-H7S3L8, NUCLEO-N657X0-Q, NUCLEO-U031R8, NUCLEO-U083RC, NUCLEO-U385RG-Q, NUCLEO-U545RE-Q, NUCLEO-U5A5ZJ-Q, NUCLEO-WB05KZ, NUCLEO-WB07CC, NUCLEO-WB09KE, NUCLEO-WBA52CG, NUCLEO-WBA55CG, NUCLEO-WBA65RI, NUCLEO-WL33CC1, NUCLEO-WL33CC2, STEVAL-PROTEUS1, STEVAL-SMARTAG2, STEVAL-STWINBX1, STM320518-EVAL, STM32C0116-DK, STM32C011D6Y3TR, STM32C011D6Y6TR, STM32C011F4P3, STM32C011F4P6, STM32C011F4U3, STM32C011F4U6TR, STM32C011F6P3, STM32C011F6P6, STM32C011F6U3, STM32C011F6U6TR, STM32C011J4M3, STM32C011J4M6, STM32C011J6M3, STM32C011J6M6, STM32C0316-DK, STM32C031C4T3, STM32C031C4T6, STM32C031C4U3, STM32C031C4U6, STM32C031C6T3, STM32C031C6T6, STM32C031C6U3, STM32C031C6U6, STM32C031F4P3, STM32C031F4P6, STM32C031F6P3, STM32C031F6P6, STM32C031G4U3, STM32C031G4U6, STM32C031G6U3, STM32C031G6U6, STM32C031K4T3, STM32C031K4T6, STM32C031K4U3, STM32C031K4U6, STM32C031K6T3, STM32C031K6T6, STM32C031K6U3, STM32C031K6U6, STM32C051C6T6, STM32C051C6U6, STM32C051C8T6, STM32C051C8U6, STM32C051D8Y6TR, STM32C051F6P6, STM32C051F8P6, STM32C051G6U6, STM32C051G8U6, STM32C051K6T6, STM32C051K6U6, STM32C051K8T6, STM32C071C8T6, STM32C071C8T6N, STM32C071C8U6, STM32C071C8U6N, STM32C071CBT6, STM32C071CBT6N, STM32C071CBU6, STM32C071CBU6N, STM32C071F8P6, STM32C071F8P6N, STM32C071FBP6, STM32C071FBP6N, STM32C071FBY6TR, STM32C071G8U6, STM32C071G8U6N, STM32C071GBU6, STM32C071GBU6N, STM32C071K8T6, STM32C071K8T6N, STM32C071K8U6, STM32C071K8U6N, STM32C071KBT6, STM32C071KBT6N, STM32C071KBU6, STM32C071KBU6N, STM32C071R8T6, STM32C071R8T6N, STM32C071RBI6N, STM32C071RBT6, STM32C071RBT6N, STM32C091CBT6, STM32C091CBU6, STM32C091CCT6, STM32C091CCU6, STM32C091ECY6TR, STM32C091FBP6, STM32C091FCP6, STM32C091GBU6, STM32C091GCU6, STM32C091KBT6, STM32C091KBU6, STM32C091KCT6, STM32C091KCU6, STM32C091RBT6, STM32C091RCI6, STM32C091RCT6, STM32C092CBT6, STM32C092CBU6, STM32C092CCT6, STM32C092CCU6, STM32C092ECY6TR, STM32C092FBP6, STM32C092FCP6, STM32C092GBU6, STM32C092GCU6, STM32C092KBT6, STM32C092KBU6, STM32C092KCT6, STM32C092KCU6, STM32C092RBT6, STM32C092RCI6, STM32C092RCT6, STM32G071K8TXN, STM32G071K8UXN, STM32G081GBU6N, STM32G081KBT6N, STM32G081KBUXN, STM32G0B1CCT6N, STM32G0B1KCT6, STM32G0B1NEY6TR, STM32G0B1RCT6N, STM32G0C1CCT6, STM32G0C1CCT6N, STM32G0C1CCU6N, STM32G0C1CET6N, STM32G0C1CEU6N, STM32G0C1KCT6, STM32G0C1NEY6TR, STM32G0C1RCI6N, STM32G0C1RCT6N, STM32G0C1REI6N, STM32G0C1RET6N, STM32G0C1VCI6, STM32G0C1VEI6, STM32G411C6T3, STM32G411C6T6, STM32G411C6U3, STM32G411C6U6, STM32G411C8T3, STM32G411C8T6, STM32G411C8U3, STM32G411C8U6, STM32G411CBT3, STM32G411CBT6, STM32G411CBU3, STM32G411CBU6, STM32G411CCT3, STM32G411CCT6, STM32G411CCU3, STM32G411CCU6, STM32G411K6T3, STM32G411K6T6, STM32G411K6U3, STM32G411K6U6, STM32G411K8T3, STM32G411K8T6, STM32G411K8U3, STM32G411K8U6, STM32G411KBT3, STM32G411KBT6, STM32G411KBU3, STM32G411KBU6, STM32G411M6T3, STM32G411M6T6, STM32G411M8T3, STM32G411M8T6, STM32G411MBT3, STM32G411MBT6, STM32G411MCT3, STM32G411MCT6, STM32G411R6T3, STM32G411R6T6, STM32G411R8T3, STM32G411R8T6, STM32G411RBT3, STM32G411RBT6, STM32G411RCT3, STM32G411RCT6, STM32G414CBT3, STM32G414CBT6, STM32G414CBU3, STM32G414CBU6, STM32G414CCT3, STM32G414CCT6, STM32G414CCU3, STM32G414CCU6, STM32G414MBT3, STM32G414MBT6, STM32G414MCT3, STM32G414MCT6, STM32G414RBT3, STM32G414RBT6, STM32G414RCT3, STM32G414RCT6, STM32G414VBT3, STM32G414VBT6, STM32G414VCT3, STM32G414VCT6, STM32G431CBT3Z, STM32G431RBT3Z, STM32G471CCT6, STM32G471CCU6, STM32G471CET3, STM32G471CET6, STM32G471CEU3, STM32G471CEU6, STM32G471MCT6, STM32G471MET3, STM32G471MET6, STM32G471MEY6TR, STM32G471QCT6, STM32G471QET3, STM32G471RCT6, STM32G471RET3, STM32G471RET6, STM32G471VCH6, STM32G471VCI6, STM32G471VCT6, STM32G471VEH3, STM32G471VEH6, STM32G471VEI3, STM32G471VEI6, STM32G471VET3, STM32G471VET6, STM32G473QET3Z, STM32G473RET3Z, STM32G474CCT6, STM32G491RET3Z, STM32H503CBT6, STM32H503CBU6, STM32H503EBY6TR, STM32H503KBU6, STM32H503RBT6, STM32H523CCT6, STM32H523CCU6, STM32H523CET6, STM32H523CEU6, STM32H523HEY6TR, STM32H523RCT6, STM32H523RET6, STM32H523VCI6, STM32H523VCT6, STM32H523VEI6, STM32H523VET6, STM32H523ZCJ6, STM32H523ZCT6, STM32H523ZEJ6, STM32H523ZET6, STM32H533CET6, STM32H533CEU6, STM32H533HEY6TR, STM32H533RET6, STM32H533VEI6, STM32H533VET6, STM32H533ZEJ6, STM32H533ZET6, STM32H562AGI6, STM32H562AII6, STM32H562IGK6, STM32H562IGT6, STM32H562IIK6, STM32H562IIT6, STM32H562RGT6, STM32H562RGV6, STM32H562RIT6, STM32H562RIV6, STM32H562VGT6, STM32H562VIT6, STM32H562ZGT6, STM32H562ZIT6, STM32H563AGI6, STM32H563AII3Q, STM32H563AII6, STM32H563IGK6, STM32H563IGT6, STM32H563IIK3Q, STM32H563IIK6, STM32H563IIT3Q, STM32H563IIT6, STM32H563MIY3QTR, STM32H563RGT6, STM32H563RGV6, STM32H563RIT6, STM32H563RIV6, STM32H563VGT6, STM32H563VIT3Q, STM32H563VIT6, STM32H563ZGT6, STM32H563ZIT3Q, STM32H563ZIT6, STM32H573AII3Q, STM32H573AII6, STM32H573I-DK, STM32H573IIK3Q, STM32H573IIK6, STM32H573IIT3Q, STM32H573IIT6, STM32H573MIY3QTR, STM32H573RIT6, STM32H573RIV6, STM32H573VIT3Q, STM32H573VIT6, STM32H573ZIT3Q, STM32H573ZIT6, STM32H7R3A8I6, STM32H7R3I8K6, STM32H7R3I8T6, STM32H7R3L8H6, STM32H7R3L8H6H, STM32H7R3R8V6, STM32H7R3V8H6, STM32H7R3V8T6, STM32H7R3V8Y6TR, STM32H7R3Z8J6, STM32H7R3Z8T6, STM32H7R7A8I6, STM32H7R7I8K6, STM32H7R7I8T6, STM32H7R7L8H6, STM32H7R7L8H6H, STM32H7R7Z8J6, STM32H7S3A8I6, STM32H7S3I8K6, STM32H7S3I8T6, STM32H7S3L8H6, STM32H7S3L8H6H, STM32H7S3R8V6, STM32H7S3V8H6, STM32H7S3V8T6, STM32H7S3V8Y6TR, STM32H7S3Z8J6, STM32H7S3Z8T6, STM32H7S78-DK, STM32H7S7A8I6, STM32H7S7I8K6, STM32H7S7I8T6, STM32H7S7L8H6, STM32H7S7L8H6H, STM32H7S7Z8J6, STM32L4R5QGI6STR, STM32MP131AAE3, STM32MP131AAF3, STM32MP131AAG3, STM32MP131CAE3, STM32MP131CAF3, STM32MP131CAG3, STM32MP131DAE7, STM32MP131DAF7, STM32MP131DAG7, STM32MP131FAE7, STM32MP131FAF7, STM32MP131FAG7, STM32MP133AAE3, STM32MP133AAF3, STM32MP133AAG3, STM32MP133CAE3, STM32MP133CAF3, STM32MP133CAG3, STM32MP133DAE7, STM32MP133DAF7, STM32MP133DAG7, STM32MP133FAE7, STM32MP133FAF7, STM32MP133FAG7, STM32MP135AAE3, STM32MP135AAF3, STM32MP135AAG3, STM32MP135CAE3, STM32MP135CAF3, STM32MP135CAG3, STM32MP135DAE7, STM32MP135DAF7, STM32MP135DAG7, STM32MP135F-DK, STM32MP135FAE7, STM32MP135FAF7, STM32MP135FAF7T, STM32MP135FAF7U, STM32MP135FAG7, STM32MP231AAJ3, STM32MP231AAK3, STM32MP231AAL3, STM32MP231CAJ3, STM32MP231CAK3, STM32MP231CAL3, STM32MP231DAJ3, STM32MP231DAK3, STM32MP231DAL3, STM32MP231FAJ3, STM32MP231FAK3, STM32MP231FAL3, STM32MP233AAJ3, STM32MP233AAK3, STM32MP233AAL3, STM32MP233CAJ3, STM32MP233CAK3, STM32MP233CAL3, STM32MP233DAJ3, STM32MP233DAK3, STM32MP233DAL3, STM32MP233FAJ3, STM32MP233FAK3, STM32MP233FAL3, STM32MP235AAJ3, STM32MP235AAK3, STM32MP235AAL3, STM32MP235CAJ3, STM32MP235CAK3, STM32MP235CAL3, STM32MP235DAJ3, STM32MP235DAK3, STM32MP235DAL3, STM32MP235FAJ3, STM32MP235FAK3, STM32MP235FAL3, STM32MP251AAI3, STM32MP251AAJ3, STM32MP251AAK3, STM32MP251AAL3, STM32MP251CAI3, STM32MP251CAJ3, STM32MP251CAK3, STM32MP251CAL3, STM32MP251DAI3, STM32MP251DAJ3, STM32MP251DAK3, STM32MP251DAL3, STM32MP251FAI3, STM32MP251FAJ3, STM32MP251FAK3, STM32MP251FAL3, STM32MP253AAI3, STM32MP253AAJ3, STM32MP253AAK3, STM32MP253AAL3, STM32MP253CAI3, STM32MP253CAJ3, STM32MP253CAK3, STM32MP253CAL3, STM32MP253DAI3, STM32MP253DAJ3, STM32MP253DAK3, STM32MP253DAL3, STM32MP253FAI3, STM32MP253FAJ3, STM32MP253FAK3, STM32MP253FAL3, STM32MP255AAI3, STM32MP255AAJ3, STM32MP255AAK3, STM32MP255AAL3, STM32MP255CAI3, STM32MP255CAJ3, STM32MP255CAK3, STM32MP255CAL3, STM32MP255DAI3, STM32MP255DAJ3, STM32MP255DAK3, STM32MP255DAL3, STM32MP255FAI3, STM32MP255FAJ3, STM32MP255FAK3, STM32MP255FAL3, STM32MP257AAI3, STM32MP257AAJ3, STM32MP257AAK3, STM32MP257AAL3, STM32MP257CAI3, STM32MP257CAJ3, STM32MP257CAK3, STM32MP257CAL3, STM32MP257DAI3, STM32MP257DAJ3, STM32MP257DAK3, STM32MP257DAL3, STM32MP257F-DK, STM32MP257F-EV1, STM32MP257FAI3, STM32MP257FAJ3, STM32MP257FAK3, STM32MP257FAL3, STM32N645A0H3Q, STM32N645B0H3Q, STM32N645I0H3Q, STM32N645L0H3Q, STM32N645X0H3Q, STM32N645Z0H3Q, STM32N647A0H3Q, STM32N647B0H3Q, STM32N647I0H3Q, STM32N647L0H3Q, STM32N647X0H3Q, STM32N647Z0H3Q, STM32N655A0H3Q, STM32N655B0H3Q, STM32N655I0H3Q, STM32N655L0H3Q, STM32N655X0H3Q, STM32N655Z0H3Q, STM32N6570-DK, STM32N657A0H3Q, STM32N657B0H3Q, STM32N657I0H3Q, STM32N657L0H3Q, STM32N657X0H3Q, STM32N657Z0H3Q, STM32U031C6T6, STM32U031C6U6, STM32U031C8T6, STM32U031C8U6, STM32U031F4P6, STM32U031F6P6, STM32U031F8P6, STM32U031G6Y6TR, STM32U031G8Y6TR, STM32U031K4U6, STM32U031K6U6, STM32U031K8U6, STM32U031R6I6, STM32U031R6T6, STM32U031R8I6, STM32U031R8T6, STM32U073C8T6, STM32U073C8U6, STM32U073CBT6, STM32U073CBU6, STM32U073CCT6, STM32U073CCU6, STM32U073H8Y6TR, STM32U073HBY6TR, STM32U073HCY6TR, STM32U073K8U6, STM32U073KBU6, STM32U073KCU6, STM32U073M8I6, STM32U073M8T6, STM32U073MBI6, STM32U073MBT6, STM32U073MCI6, STM32U073MCT6, STM32U073R8I6, STM32U073R8T6, STM32U073RBI6, STM32U073RBT6, STM32U073RCI6, STM32U073RCT6, STM32U083C-DK, STM32U083CCT6, STM32U083CCU6, STM32U083HCY6TR, STM32U083KCU6, STM32U083MCI6, STM32U083MCT6, STM32U083RCI6, STM32U083RCT6, STM32U375CET6, STM32U375CET6Q, STM32U375CEU6, STM32U375CEU6Q, STM32U375CEY6QTR, STM32U375CGT6, STM32U375CGT6Q, STM32U375CGU6, STM32U375CGU6Q, STM32U375CGY6QTR, STM32U375KEU6, STM32U375KGU6, STM32U375REI6, STM32U375REI6Q, STM32U375RET6, STM32U375RET6Q, STM32U375REY6GTR, STM32U375REY6QTR, STM32U375RGI6, STM32U375RGI6Q, STM32U375RGT6, STM32U375RGT6Q, STM32U375RGY6GTR, STM32U375RGY6QTR, STM32U375VEI6, STM32U375VEI6Q, STM32U375VET6, STM32U375VET6Q, STM32U375VGI6, STM32U375VGI6Q, STM32U375VGT6, STM32U375VGT6Q, STM32U385CGT6, STM32U385CGT6Q, STM32U385CGU6, STM32U385CGU6Q, STM32U385CGY6QTR, STM32U385KGU6, STM32U385RGI6, STM32U385RGI6Q, STM32U385RGT6, STM32U385RGT6Q, STM32U385RGY6GTR, STM32U385RGY6QTR, STM32U385VGI6, STM32U385VGI6Q, STM32U385VGT6, STM32U385VGT6Q, STM32U535CBT6, STM32U535CBT6Q, STM32U535CBU6, STM32U535CBU6Q, STM32U535CCT6, STM32U535CCT6Q, STM32U535CCU6, STM32U535CCU6Q, STM32U535CET6, STM32U535CET6Q, STM32U535CEU6, STM32U535CEU6Q, STM32U535JEY6QTR, STM32U535NCY6QTR, STM32U535NEY6QTR, STM32U535RBI6, STM32U535RBI6Q, STM32U535RBT6, STM32U535RBT6Q, STM32U535RCI6, STM32U535RCI6Q, STM32U535RCT6, STM32U535RCT6Q, STM32U535REI6, STM32U535REI6Q, STM32U535RET6, STM32U535RET6Q, STM32U535VCI6, STM32U535VCI6Q, STM32U535VCT6, STM32U535VCT6Q, STM32U535VEI6, STM32U535VEI6Q, STM32U535VET6, STM32U535VET6Q, STM32U545CET6, STM32U545CET6Q, STM32U545CEU6, STM32U545CEU6Q, STM32U545JEY6QTR, STM32U545NEY6QTR, STM32U545REI6, STM32U545REI6Q, STM32U545RET6, STM32U545RET6Q, STM32U545VEI6, STM32U545VEI6Q, STM32U545VET6, STM32U545VET6Q, STM32U595AIH6, STM32U595AIH6Q, STM32U595AJH6, STM32U595AJH6Q, STM32U595QII6, STM32U595QII6Q, STM32U595QJI6, STM32U595QJI6Q, STM32U595RIT6, STM32U595RIT6Q, STM32U595RJT6, STM32U595RJT6Q, STM32U595VIT6, STM32U595VIT6Q, STM32U595VJT6, STM32U595VJT6Q, STM32U595ZIT6, STM32U595ZIT6Q, STM32U595ZIY6QTR, STM32U595ZJT6, STM32U595ZJT6Q, STM32U595ZJY6QTR, STM32U599BJY6QTR, STM32U599NIH6Q, STM32U599NJH6Q, STM32U599VIT6Q, STM32U599VJT6, STM32U599VJT6Q, STM32U599ZIT6Q, STM32U599ZIY6QTR, STM32U599ZJT6Q, STM32U599ZJY6QTR, STM32U5A5AJH6, STM32U5A5AJH6Q, STM32U5A5QII3Q , STM32U5A5QJI6, STM32U5A5QJI6Q, STM32U5A5RJT6, STM32U5A5RJT6Q, STM32U5A5VJT6, STM32U5A5VJT6Q, STM32U5A5ZJT6, STM32U5A5ZJT6Q, STM32U5A5ZJY6QTR, STM32U5A9BJY6QTR, STM32U5A9J-DK, STM32U5A9NJH6Q, STM32U5A9VJT6Q, STM32U5A9ZJT6Q, STM32U5A9ZJY6QTR, STM32U5F7VIT6, STM32U5F7VIT6Q, STM32U5F7VJT6, STM32U5F7VJT6Q, STM32U5F9BJY6QTR, STM32U5F9NJH6Q, STM32U5F9VIT6Q, STM32U5F9VJT6Q, STM32U5F9ZIJ6QTR, STM32U5F9ZIT6Q, STM32U5F9ZJJ6QTR, STM32U5F9ZJT6Q, STM32U5G7VJT6, STM32U5G7VJT6Q, STM32U5G9BJY6QTR, STM32U5G9J-DK1, STM32U5G9J-DK2, STM32U5G9NJH6Q, STM32U5G9VJT6Q, STM32U5G9ZJJ6QTR, STM32U5G9ZJT6Q, STM32WB05KZV6TR, STM32WB05KZV7TR, STM32WB05TZF6TR, STM32WB05TZF7TR, STM32WB06CCF6TR, STM32WB06CCF7TR, STM32WB06CCV6TR, STM32WB06CCV7TR, STM32WB06KCV6TR, STM32WB06KCV7TR, STM32WB07CCF6TR, STM32WB07CCF7TR, STM32WB07CCV6TR, STM32WB07CCV7TR, STM32WB07KCV6TR, STM32WB07KCV7TR, STM32WB09KEV6TR, STM32WB09KEV7TR, STM32WB09TEF6TR, STM32WB09TEF7TR, STM32WB1MMCH6, STM32WBA50KGU6, STM32WBA50KGU6TR, STM32WBA52CEU6, STM32WBA52CEU6TR, STM32WBA52CEU7, STM32WBA52CEU7TR, STM32WBA52CGU6, STM32WBA52CGU6TR, STM32WBA52CGU6U, STM32WBA52CGU7, STM32WBA52CGU7TR, STM32WBA52KEU6, STM32WBA52KEU6TR, STM32WBA52KGU6, STM32WBA52KGU6TR, STM32WBA54CEU6, STM32WBA54CEU6TR, STM32WBA54CEU7, STM32WBA54CEU7TR, STM32WBA54CGU6, STM32WBA54CGU6TR, STM32WBA54CGU7, STM32WBA54CGU7TR, STM32WBA54KEU6, STM32WBA54KEU6TR, STM32WBA54KEU7, STM32WBA54KEU7TR, STM32WBA54KGU6, STM32WBA54KGU6TR, STM32WBA54KGU7, STM32WBA54KGU7TR, STM32WBA55CEU6, STM32WBA55CEU6TR, STM32WBA55CEU7, STM32WBA55CEU7TR, STM32WBA55CGU6, STM32WBA55CGU6TR, STM32WBA55CGU6U, STM32WBA55CGU7, STM32WBA55CGU7TR, STM32WBA55G-DK1, STM32WBA55HEF6, STM32WBA55HEF7, STM32WBA55HGF6, STM32WBA55HGF7, STM32WBA55UEI6, STM32WBA55UEI6TR, STM32WBA55UEI7, STM32WBA55UEI7TR, STM32WBA55UGI6, STM32WBA55UGI6TR, STM32WBA55UGI7, STM32WBA55UGI7TR, STM32WBA5MJGH6TR, STM32WBA62CGU6, STM32WBA62CIU6, STM32WBA62MGF6, STM32WBA62MIF6, STM32WBA62PGI6, STM32WBA62PII6, STM32WBA63CGU6, STM32WBA63CGU7, STM32WBA63CIU6, STM32WBA63CIU7, STM32WBA64CGU6, STM32WBA64CGU7, STM32WBA64CIU6, STM32WBA64CIU7, STM32WBA65CGU6, STM32WBA65CGU7, STM32WBA65CIU6, STM32WBA65CIU7, STM32WBA65I-DK1, STM32WBA65MGF6, STM32WBA65MGF7, STM32WBA65MIF6, STM32WBA65MIF7, STM32WBA65PGI6, STM32WBA65PGI7, STM32WBA65PII6, STM32WBA65PII7, STM32WBA65RGV6, STM32WBA65RGV7, STM32WBA65RIV6, STM32WBA65RIV7, STM32WL30K8V6, STM32WL30KBV6, STM32WL31C8V6, STM32WL31CBV6, STM32WL31K8V6, STM32WL31KBV6, STM32WL33C8V6, STM32WL33C8V6TR, STM32WL33C8V7, STM32WL33C8V7TR, STM32WL33CBV6, STM32WL33CBV6TR, STM32WL33CBV7, STM32WL33CBV7TR, STM32WL33CCV6, STM32WL33CCV6TR, STM32WL33CCV7, STM32WL33CCV7A, STM32WL33CCV7ATR, STM32WL33CCV7TR, STM32WL33K8V6, STM32WL33K8V6TR, STM32WL33K8V7, STM32WL33K8V7TR, STM32WL33KBV6, STM32WL33KBV6TR, STM32WL33KBV7, STM32WL33KBV7TR, STM32WL33KCV6, STM32WL33KCV6TR, STM32WL33KCV7, STM32WL33KCV7TR, STM32WL5MOCH6, STM32WL5MOCH6TR]
2026-05-28 16:34:50,576 [INFO] DbMcus:218 - Found 5082 MCUs, 4964 are supported
2026-05-28 16:34:50,577 [INFO] ApiDb:423 - Load user favorites file C:\Users\NIVYA/.stm32cubeide/favorites.mcus.txt: 0 item(s)
2026-05-28 16:34:50,577 [INFO] ApiDb:427 - User favorites MCUs=[]
2026-05-28 16:34:50,577 [INFO] DbMcus:224 - Set 0 / 0 favorites MCUs
2026-05-28 16:34:51,108 [ERROR] LogOutputStream:75 - [STDERR_REDIRECT] [Fatal Error] :1:1: Premature end of file.
2026-05-28 16:34:51,108 [ERROR] LogOutputStream:75 - [STDERR_REDIRECT] 
2026-05-28 16:34:51,303 [INFO] BoardInfo:889 - No configuration file found for board NUCLEO-H5E5ZJ
2026-05-28 16:34:51,304 [INFO] DbBoards:161 - Board is not supported: NUCLEO-H5E5ZJ
2026-05-28 16:34:51,346 [INFO] BoardInfo:889 - No configuration file found for board NUCLEO-U3C5ZI-Q
2026-05-28 16:34:51,347 [INFO] DbBoards:161 - Board is not supported: NUCLEO-U3C5ZI-Q
2026-05-28 16:34:51,358 [INFO] BoardInfo:889 - No configuration file found for board NUCLEO-WBA25CE1
2026-05-28 16:34:51,359 [INFO] DbBoards:161 - Board is not supported: NUCLEO-WBA25CE1
2026-05-28 16:34:51,366 [INFO] BoardInfo:889 - No configuration file found for board NUCLEO-WL3RKB1
2026-05-28 16:34:51,366 [INFO] DbBoards:161 - Board is not supported: NUCLEO-WL3RKB1
2026-05-28 16:34:51,367 [INFO] BoardInfo:889 - No configuration file found for board NUCLEO-WL3RKB2
2026-05-28 16:34:51,367 [INFO] DbBoards:161 - Board is not supported: NUCLEO-WL3RKB2
2026-05-28 16:34:51,372 [INFO] BoardInfo:889 - No configuration file found for board P-NUCLEO-WB55
2026-05-28 16:34:51,374 [INFO] DbBoards:161 - Kit is not supported: P-NUCLEO-WB55
2026-05-28 16:34:51,380 [INFO] BoardInfo:889 - No configuration file found for board STEVAL-BFA001V1B
2026-05-28 16:34:51,380 [INFO] DbBoards:161 - Kit is not supported: STEVAL-BFA001V1B
2026-05-28 16:34:51,381 [INFO] BoardInfo:889 - No configuration file found for board STEVAL-BFA001V2B
2026-05-28 16:34:51,382 [INFO] DbBoards:161 - Kit is not supported: STEVAL-BFA001V2B
2026-05-28 16:34:51,488 [INFO] BoardInfo:889 - No configuration file found for board STM32H5F5J-DK
2026-05-28 16:34:51,489 [INFO] DbBoards:161 - Board is not supported: STM32H5F5J-DK
2026-05-28 16:34:51,548 [INFO] BoardInfo:889 - No configuration file found for board STM32MP215F-DK
2026-05-28 16:34:51,549 [INFO] DbBoards:161 - Board is not supported: STM32MP215F-DK
2026-05-28 16:34:51,567 [INFO] DbBoards:168 - Found 218 boards, 208 are supported
2026-05-28 16:34:51,567 [INFO] DbBoards:169 - Found 218 boards, 43 of them is supported for  Bsp
2026-05-28 16:34:51,572 [INFO] ApiDb:423 - Load user favorites file C:\Users\NIVYA/.stm32cubeide/favorites.boards.txt: 0 item(s)
2026-05-28 16:34:51,572 [INFO] ApiDb:427 - User favorites Boards=[]
2026-05-28 16:34:51,572 [INFO] DbBoards:198 - Set 0 / 0 favorites Boards
2026-05-28 16:34:51,574 [INFO] McuFinderGlobals:76 - Set McuFinderConnectedMode to true
2026-05-28 16:34:51,582 [INFO] MultiScanPanel:200 - Auto-refresh data requested => check proxy status ongoing
2026-05-28 16:34:51,586 [INFO] FinderPluginLoader:95 - Searching for filters in installed packs
2026-05-28 16:34:52,120 [ERROR] LogOutputStream:75 - [STDERR_REDIRECT] [Fatal Error] :1:1: Premature end of file.
2026-05-28 16:34:52,122 [ERROR] LogOutputStream:75 - [STDERR_REDIRECT] 
2026-05-28 16:34:53,152 [ERROR] LogOutputStream:75 - [STDERR_REDIRECT] [Fatal Error] :1:1: Premature end of file.
2026-05-28 16:34:53,154 [ERROR] LogOutputStream:75 - [STDERR_REDIRECT] 
2026-05-28 16:34:54,119 [ERROR] LogOutputStream:75 - [STDERR_REDIRECT] [Fatal Error] :1:1: Premature end of file.
2026-05-28 16:34:54,120 [ERROR] LogOutputStream:75 - [STDERR_REDIRECT] 
2026-05-28 16:34:54,257 [INFO] LoadUrlFilesThread:185 - End of LoadServerUrlFiles without Thread
2026-05-28 16:34:54,273 [INFO] DetailPanel:341 - Set advertising image to C:/Users/NIVYA/STM32Cube/Repository/\en.prom-stm32wba2-stm32-nucleo-board-0426.png
2026-05-28 16:34:55,126 [ERROR] LogOutputStream:75 - [STDERR_REDIRECT] [Fatal Error] :1:1: Premature end of file.
2026-05-28 16:34:55,128 [ERROR] LogOutputStream:75 - [STDERR_REDIRECT] 
2026-05-28 16:34:56,147 [ERROR] LogOutputStream:75 - [STDERR_REDIRECT] [Fatal Error] :1:1: Premature end of file.
2026-05-28 16:34:56,150 [ERROR] LogOutputStream:75 - [STDERR_REDIRECT] 
2026-05-28 16:34:57,146 [ERROR] LogOutputStream:75 - [STDERR_REDIRECT] [Fatal Error] :1:1: Premature end of file.
2026-05-28 16:34:57,149 [ERROR] LogOutputStream:75 - [STDERR_REDIRECT] 
2026-05-28 16:34:58,168 [ERROR] LogOutputStream:75 - [STDERR_REDIRECT] [Fatal Error] :1:1: Premature end of file.
2026-05-28 16:34:58,170 [ERROR] LogOutputStream:75 - [STDERR_REDIRECT] 
2026-05-28 16:34:59,118 [ERROR] LogOutputStream:75 - [STDERR_REDIRECT] [Fatal Error] :1:1: Premature end of file.
2026-05-28 16:34:59,118 [ERROR] LogOutputStream:75 - [STDERR_REDIRECT] 
2026-05-28 16:35:00,106 [ERROR] LogOutputStream:75 - [STDERR_REDIRECT] [Fatal Error] :1:1: Premature end of file.
2026-05-28 16:35:00,106 [ERROR] LogOutputStream:75 - [STDERR_REDIRECT] 
2026-05-28 16:35:01,101 [ERROR] LogOutputStream:75 - [STDERR_REDIRECT] [Fatal Error] :1:1: Premature end of file.
2026-05-28 16:35:01,101 [ERROR] LogOutputStream:75 - [STDERR_REDIRECT] 
2026-05-28 16:35:01,548 [INFO] MultiScanPanel:200 - Auto-refresh data requested => check proxy status ongoing
2026-05-28 16:35:01,831 [INFO] LoadUrlFilesThread:185 - End of LoadServerUrlFiles without Thread
2026-05-28 16:35:01,831 [INFO] DetailPanel:341 - Set advertising image to C:/Users/NIVYA/STM32Cube/Repository/\en.prom-stm32wba2-stm32-nucleo-board-0426.png
2026-05-28 16:35:01,850 [INFO] DbBoards:642 - Loading board mini-images...
2026-05-28 16:35:02,152 [ERROR] LogOutputStream:75 - [STDERR_REDIRECT] [Fatal Error] :1:1: Premature end of file.
2026-05-28 16:35:02,154 [ERROR] LogOutputStream:75 - [STDERR_REDIRECT] 
2026-05-28 16:35:03,107 [ERROR] LogOutputStream:75 - [STDERR_REDIRECT] [Fatal Error] :1:1: Premature end of file.
2026-05-28 16:35:03,107 [ERROR] LogOutputStream:75 - [STDERR_REDIRECT] 
2026-05-28 16:35:04,110 [ERROR] LogOutputStream:75 - [STDERR_REDIRECT] [Fatal Error] :1:1: Premature end of file.
2026-05-28 16:35:04,111 [ERROR] LogOutputStream:75 - [STDERR_REDIRECT] 
2026-05-28 16:35:04,761 [INFO] DbBoards:665 - Loaded 218 board mini-images
2026-05-28 16:35:05,126 [ERROR] LogOutputStream:75 - [STDERR_REDIRECT] [Fatal Error] :1:1: Premature end of file.
2026-05-28 16:35:05,128 [ERROR] LogOutputStream:75 - [STDERR_REDIRECT] 
2026-05-28 16:35:06,109 [ERROR] LogOutputStream:75 - [STDERR_REDIRECT] [Fatal Error] :1:1: Premature end of file.
2026-05-28 16:35:06,109 [ERROR] LogOutputStream:75 - [STDERR_REDIRECT] 
2026-05-28 16:35:07,109 [ERROR] LogOutputStream:75 - [STDERR_REDIRECT] [Fatal Error] :1:1: Premature end of file.
2026-05-28 16:35:07,110 [ERROR] LogOutputStream:75 - [STDERR_REDIRECT] 
2026-05-28 16:35:08,150 [ERROR] LogOutputStream:75 - [STDERR_REDIRECT] [Fatal Error] :1:1: Premature end of file.
2026-05-28 16:35:08,152 [ERROR] LogOutputStream:75 - [STDERR_REDIRECT] 
2026-05-28 16:35:09,110 [ERROR] LogOutputStream:75 - [STDERR_REDIRECT] [Fatal Error] :1:1: Premature end of file.
2026-05-28 16:35:09,110 [ERROR] LogOutputStream:75 - [STDERR_REDIRECT] 
2026-05-28 16:35:10,109 [ERROR] LogOutputStream:75 - [STDERR_REDIRECT] [Fatal Error] :1:1: Premature end of file.
2026-05-28 16:35:10,109 [ERROR] LogOutputStream:75 - [STDERR_REDIRECT] 
2026-05-28 16:35:11,100 [ERROR] LogOutputStream:75 - [STDERR_REDIRECT] [Fatal Error] :1:1: Premature end of file.
2026-05-28 16:35:11,100 [ERROR] LogOutputStream:75 - [STDERR_REDIRECT] 
2026-05-28 16:35:12,123 [ERROR] LogOutputStream:75 - [STDERR_REDIRECT] [Fatal Error] :1:1: Premature end of file.
2026-05-28 16:35:12,124 [ERROR] LogOutputStream:75 - [STDERR_REDIRECT] 
2026-05-28 16:35:13,126 [ERROR] LogOutputStream:75 - [STDERR_REDIRECT] [Fatal Error] :1:1: Premature end of file.
2026-05-28 16:35:13,128 [ERROR] LogOutputStream:75 - [STDERR_REDIRECT] 
2026-05-28 16:35:14,097 [ERROR] LogOutputStream:75 - [STDERR_REDIRECT] [Fatal Error] :1:1: Premature end of file.
2026-05-28 16:35:14,098 [ERROR] LogOutputStream:75 - [STDERR_REDIRECT] 
2026-05-28 16:35:15,155 [ERROR] LogOutputStream:75 - [STDERR_REDIRECT] [Fatal Error] :1:1: Premature end of file.
2026-05-28 16:35:15,157 [ERROR] LogOutputStream:75 - [STDERR_REDIRECT] 
2026-05-28 16:35:16,109 [ERROR] LogOutputStream:75 - [STDERR_REDIRECT] [Fatal Error] :1:1: Premature end of file.
2026-05-28 16:35:16,110 [ERROR] LogOutputStream:75 - [STDERR_REDIRECT] 
2026-05-28 16:35:17,114 [ERROR] LogOutputStream:75 - [STDERR_REDIRECT] [Fatal Error] :1:1: Premature end of file.
2026-05-28 16:35:17,114 [ERROR] LogOutputStream:75 - [STDERR_REDIRECT] 
2026-05-28 16:35:18,122 [ERROR] LogOutputStream:75 - [STDERR_REDIRECT] [Fatal Error] :1:1: Premature end of file.
2026-05-28 16:35:18,122 [ERROR] LogOutputStream:75 - [STDERR_REDIRECT] 
2026-05-28 16:35:19,123 [ERROR] LogOutputStream:75 - [STDERR_REDIRECT] [Fatal Error] :1:1: Premature end of file.
2026-05-28 16:35:19,124 [ERROR] LogOutputStream:75 - [STDERR_REDIRECT] 
2026-05-28 16:35:20,131 [ERROR] LogOutputStream:75 - [STDERR_REDIRECT] [Fatal Error] :1:1: Premature end of file.
2026-05-28 16:35:20,132 [ERROR] LogOutputStream:75 - [STDERR_REDIRECT] 
2026-05-28 16:35:21,120 [ERROR] LogOutputStream:75 - [STDERR_REDIRECT] [Fatal Error] :1:1: Premature end of file.
2026-05-28 16:35:21,121 [ERROR] LogOutputStream:75 - [STDERR_REDIRECT] 
2026-05-28 16:35:22,120 [ERROR] LogOutputStream:75 - [STDERR_REDIRECT] [Fatal Error] :1:1: Premature end of file.
2026-05-28 16:35:22,121 [ERROR] LogOutputStream:75 - [STDERR_REDIRECT] 
2026-05-28 16:35:23,121 [ERROR] LogOutputStream:75 - [STDERR_REDIRECT] [Fatal Error] :1:1: Premature end of file.
2026-05-28 16:35:23,122 [ERROR] LogOutputStream:75 - [STDERR_REDIRECT] 
2026-05-28 16:35:24,129 [ERROR] LogOutputStream:75 - [STDERR_REDIRECT] [Fatal Error] :1:1: Premature end of file.
2026-05-28 16:35:24,129 [ERROR] LogOutputStream:75 - [STDERR_REDIRECT] 
2026-05-28 16:35:25,121 [ERROR] LogOutputStream:75 - [STDERR_REDIRECT] [Fatal Error] :1:1: Premature end of file.
2026-05-28 16:35:25,121 [ERROR] LogOutputStream:75 - [STDERR_REDIRECT] 
2026-05-28 16:35:26,120 [ERROR] LogOutputStream:75 - [STDERR_REDIRECT] [Fatal Error] :1:1: Premature end of file.
2026-05-28 16:35:26,120 [ERROR] LogOutputStream:75 - [STDERR_REDIRECT] 
2026-05-28 16:35:27,135 [ERROR] LogOutputStream:75 - [STDERR_REDIRECT] [Fatal Error] :1:1: Premature end of file.
2026-05-28 16:35:27,135 [ERROR] LogOutputStream:75 - [STDERR_REDIRECT] 
2026-05-28 16:35:28,117 [ERROR] LogOutputStream:75 - [STDERR_REDIRECT] [Fatal Error] :1:1: Premature end of file.
2026-05-28 16:35:28,118 [ERROR] LogOutputStream:75 - [STDERR_REDIRECT] 
2026-05-28 16:35:29,123 [ERROR] LogOutputStream:75 - [STDERR_REDIRECT] [Fatal Error] :1:1: Premature end of file.
2026-05-28 16:35:29,124 [ERROR] LogOutputStream:75 - [STDERR_REDIRECT] 
2026-05-28 16:35:30,124 [ERROR] LogOutputStream:75 - [STDERR_REDIRECT] [Fatal Error] :1:1: Premature end of file.
2026-05-28 16:35:30,124 [ERROR] LogOutputStream:75 - [STDERR_REDIRECT] 
2026-05-28 16:35:31,118 [ERROR] LogOutputStream:75 - [STDERR_REDIRECT] [Fatal Error] :1:1: Premature end of file.
2026-05-28 16:35:31,118 [ERROR] LogOutputStream:75 - [STDERR_REDIRECT] 
2026-05-28 16:35:32,134 [ERROR] LogOutputStream:75 - [STDERR_REDIRECT] [Fatal Error] :1:1: Premature end of file.
2026-05-28 16:35:32,135 [ERROR] LogOutputStream:75 - [STDERR_REDIRECT] 
2026-05-28 16:35:33,145 [ERROR] LogOutputStream:75 - [STDERR_REDIRECT] [Fatal Error] :1:1: Premature end of file.
2026-05-28 16:35:33,145 [ERROR] LogOutputStream:75 - [STDERR_REDIRECT] 
2026-05-28 16:35:34,126 [ERROR] LogOutputStream:75 - [STDERR_REDIRECT] [Fatal Error] :1:1: Premature end of file.
2026-05-28 16:35:34,126 [ERROR] LogOutputStream:75 - [STDERR_REDIRECT] 
2026-05-28 16:35:35,158 [ERROR] LogOutputStream:75 - [STDERR_REDIRECT] [Fatal Error] :1:1: Premature end of file.
2026-05-28 16:35:35,160 [ERROR] LogOutputStream:75 - [STDERR_REDIRECT] 
2026-05-28 16:35:36,115 [ERROR] LogOutputStream:75 - [STDERR_REDIRECT] [Fatal Error] :1:1: Premature end of file.
2026-05-28 16:35:36,115 [ERROR] LogOutputStream:75 - [STDERR_REDIRECT] 
2026-05-28 16:35:37,161 [ERROR] LogOutputStream:75 - [STDERR_REDIRECT] [Fatal Error] :1:1: Premature end of file.
2026-05-28 16:35:37,164 [ERROR] LogOutputStream:75 - [STDERR_REDIRECT] 
2026-05-28 16:35:38,162 [ERROR] LogOutputStream:75 - [STDERR_REDIRECT] [Fatal Error] :1:1: Premature end of file.
2026-05-28 16:35:38,165 [ERROR] LogOutputStream:75 - [STDERR_REDIRECT] 
2026-05-28 16:35:38,660 [INFO] McuFinderGlobals:76 - Set McuFinderConnectedMode to true
2026-05-28 16:35:38,666 [INFO] ApiDb:448 - Save user favorites file C:\Users\NIVYA/.stm32cubeide/favorites.mcus.txt: 0 item(s)
2026-05-28 16:35:38,666 [INFO] ApiDb:452 - User favorites MCUs=[]
2026-05-28 16:35:38,668 [INFO] ApiDb:448 - Save user favorites file C:\Users\NIVYA/.stm32cubeide/favorites.boards.txt: 0 item(s)
2026-05-28 16:35:38,669 [INFO] ApiDb:452 - User favorites Boards=[]
2026-05-28 16:35:39,128 [ERROR] LogOutputStream:75 - [STDERR_REDIRECT] [Fatal Error] :1:1: Premature end of file.
2026-05-28 16:35:39,131 [ERROR] LogOutputStream:75 - [STDERR_REDIRECT] 
2026-05-28 16:35:40,129 [ERROR] LogOutputStream:75 - [STDERR_REDIRECT] [Fatal Error] :1:1: Premature end of file.
2026-05-28 16:35:40,131 [ERROR] LogOutputStream:75 - [STDERR_REDIRECT] 
2026-05-28 16:35:41,100 [ERROR] LogOutputStream:75 - [STDERR_REDIRECT] [Fatal Error] :1:1: Premature end of file.
2026-05-28 16:35:41,100 [ERROR] LogOutputStream:75 - [STDERR_REDIRECT] 
2026-05-28 16:35:42,114 [ERROR] LogOutputStream:75 - [STDERR_REDIRECT] [Fatal Error] :1:1: Premature end of file.
2026-05-28 16:35:42,114 [ERROR] LogOutputStream:75 - [STDERR_REDIRECT] 
2026-05-28 16:35:43,110 [ERROR] LogOutputStream:75 - [STDERR_REDIRECT] [Fatal Error] :1:1: Premature end of file.
2026-05-28 16:35:43,110 [ERROR] LogOutputStream:75 - [STDERR_REDIRECT] 
2026-05-28 16:35:44,110 [ERROR] LogOutputStream:75 - [STDERR_REDIRECT] [Fatal Error] :1:1: Premature end of file.
2026-05-28 16:35:44,111 [ERROR] LogOutputStream:75 - [STDERR_REDIRECT] 
2026-05-28 16:35:45,115 [ERROR] LogOutputStream:75 - [STDERR_REDIRECT] [Fatal Error] :1:1: Premature end of file.
2026-05-28 16:35:45,115 [ERROR] LogOutputStream:75 - [STDERR_REDIRECT] 
2026-05-28 16:35:46,114 [ERROR] LogOutputStream:75 - [STDERR_REDIRECT] [Fatal Error] :1:1: Premature end of file.
2026-05-28 16:35:46,116 [ERROR] LogOutputStream:75 - [STDERR_REDIRECT] 
2026-05-28 16:35:47,109 [ERROR] LogOutputStream:75 - [STDERR_REDIRECT] [Fatal Error] :1:1: Premature end of file.
2026-05-28 16:35:47,110 [ERROR] LogOutputStream:75 - [STDERR_REDIRECT] 
2026-05-28 16:35:48,129 [ERROR] LogOutputStream:75 - [STDERR_REDIRECT] [Fatal Error] :1:1: Premature end of file.
2026-05-28 16:35:48,129 [ERROR] LogOutputStream:75 - [STDERR_REDIRECT] 
2026-05-28 16:35:49,122 [ERROR] LogOutputStream:75 - [STDERR_REDIRECT] [Fatal Error] :1:1: Premature end of file.
2026-05-28 16:35:49,122 [ERROR] LogOutputStream:75 - [STDERR_REDIRECT] 
2026-05-28 16:35:50,125 [ERROR] LogOutputStream:75 - [STDERR_REDIRECT] [Fatal Error] :1:1: Premature end of file.
2026-05-28 16:35:50,125 [ERROR] LogOutputStream:75 - [STDERR_REDIRECT] 
2026-05-28 16:35:51,122 [ERROR] LogOutputStream:75 - [STDERR_REDIRECT] [Fatal Error] :1:1: Premature end of file.
2026-05-28 16:35:51,123 [ERROR] LogOutputStream:75 - [STDERR_REDIRECT] 
2026-05-28 16:35:52,108 [ERROR] LogOutputStream:75 - [STDERR_REDIRECT] [Fatal Error] :1:1: Premature end of file.
2026-05-28 16:35:52,108 [ERROR] LogOutputStream:75 - [STDERR_REDIRECT] 
2026-05-28 16:35:53,111 [ERROR] LogOutputStream:75 - [STDERR_REDIRECT] [Fatal Error] :1:1: Premature end of file.
2026-05-28 16:35:53,111 [ERROR] LogOutputStream:75 - [STDERR_REDIRECT] 
2026-05-28 16:35:54,110 [ERROR] LogOutputStream:75 - [STDERR_REDIRECT] [Fatal Error] :1:1: Premature end of file.
2026-05-28 16:35:54,110 [ERROR] LogOutputStream:75 - [STDERR_REDIRECT] 
2026-05-28 16:35:55,121 [ERROR] LogOutputStream:75 - [STDERR_REDIRECT] [Fatal Error] :1:1: Premature end of file.
2026-05-28 16:35:55,121 [ERROR] LogOutputStream:75 - [STDERR_REDIRECT] 
2026-05-28 16:35:56,121 [ERROR] LogOutputStream:75 - [STDERR_REDIRECT] [Fatal Error] :1:1: Premature end of file.
2026-05-28 16:35:56,122 [ERROR] LogOutputStream:75 - [STDERR_REDIRECT] 
2026-05-28 16:35:57,121 [ERROR] LogOutputStream:75 - [STDERR_REDIRECT] [Fatal Error] :1:1: Premature end of file.
2026-05-28 16:35:57,122 [ERROR] LogOutputStream:75 - [STDERR_REDIRECT] 
2026-05-28 16:35:58,124 [ERROR] LogOutputStream:75 - [STDERR_REDIRECT] [Fatal Error] :1:1: Premature end of file.
2026-05-28 16:35:58,124 [ERROR] LogOutputStream:75 - [STDERR_REDIRECT] 
2026-05-28 16:35:59,121 [ERROR] LogOutputStream:75 - [STDERR_REDIRECT] [Fatal Error] :1:1: Premature end of file.
2026-05-28 16:35:59,121 [ERROR] LogOutputStream:75 - [STDERR_REDIRECT] 
2026-05-28 16:36:00,119 [ERROR] LogOutputStream:75 - [STDERR_REDIRECT] [Fatal Error] :1:1: Premature end of file.
2026-05-28 16:36:00,119 [ERROR] LogOutputStream:75 - [STDERR_REDIRECT] 
2026-05-28 16:36:01,122 [ERROR] LogOutputStream:75 - [STDERR_REDIRECT] [Fatal Error] :1:1: Premature end of file.
2026-05-28 16:36:01,122 [ERROR] LogOutputStream:75 - [STDERR_REDIRECT] 
2026-05-28 16:36:02,129 [ERROR] LogOutputStream:75 - [STDERR_REDIRECT] [Fatal Error] :1:1: Premature end of file.
2026-05-28 16:36:02,130 [ERROR] LogOutputStream:75 - [STDERR_REDIRECT] 
2026-05-28 16:36:03,128 [ERROR] LogOutputStream:75 - [STDERR_REDIRECT] [Fatal Error] :1:1: Premature end of file.
2026-05-28 16:36:03,128 [ERROR] LogOutputStream:75 - [STDERR_REDIRECT] 
2026-05-28 16:36:04,127 [ERROR] LogOutputStream:75 - [STDERR_REDIRECT] [Fatal Error] :1:1: Premature end of file.
2026-05-28 16:36:04,127 [ERROR] LogOutputStream:75 - [STDERR_REDIRECT] 
2026-05-28 16:36:05,135 [ERROR] LogOutputStream:75 - [STDERR_REDIRECT] [Fatal Error] :1:1: Premature end of file.
2026-05-28 16:36:05,137 [ERROR] LogOutputStream:75 - [STDERR_REDIRECT] 
2026-05-28 16:36:06,101 [ERROR] LogOutputStream:75 - [STDERR_REDIRECT] [Fatal Error] :1:1: Premature end of file.
2026-05-28 16:36:06,101 [ERROR] LogOutputStream:75 - [STDERR_REDIRECT] 
2026-05-28 16:36:07,139 [ERROR] LogOutputStream:75 - [STDERR_REDIRECT] [Fatal Error] :1:1: Premature end of file.
2026-05-28 16:36:07,140 [ERROR] LogOutputStream:75 - [STDERR_REDIRECT] 
2026-05-28 16:36:08,129 [ERROR] LogOutputStream:75 - [STDERR_REDIRECT] [Fatal Error] :1:1: Premature end of file.
2026-05-28 16:36:08,130 [ERROR] LogOutputStream:75 - [STDERR_REDIRECT] 
2026-05-28 16:36:09,112 [ERROR] LogOutputStream:75 - [STDERR_REDIRECT] [Fatal Error] :1:1: Premature end of file.
2026-05-28 16:36:09,113 [ERROR] LogOutputStream:75 - [STDERR_REDIRECT] 
2026-05-28 16:36:10,194 [ERROR] LogOutputStream:75 - [STDERR_REDIRECT] [Fatal Error] :1:1: Premature end of file.
2026-05-28 16:36:10,197 [ERROR] LogOutputStream:75 - [STDERR_REDIRECT] 
2026-05-28 16:36:11,126 [ERROR] LogOutputStream:75 - [STDERR_REDIRECT] [Fatal Error] :1:1: Premature end of file.
2026-05-28 16:36:11,128 [ERROR] LogOutputStream:75 - [STDERR_REDIRECT] 
2026-05-28 16:36:12,164 [ERROR] LogOutputStream:75 - [STDERR_REDIRECT] [Fatal Error] :1:1: Premature end of file.
2026-05-28 16:36:12,168 [ERROR] LogOutputStream:75 - [STDERR_REDIRECT] 
2026-05-28 16:36:13,135 [ERROR] LogOutputStream:75 - [STDERR_REDIRECT] [Fatal Error] :1:1: Premature end of file.
2026-05-28 16:36:13,136 [ERROR] LogOutputStream:75 - [STDERR_REDIRECT] 
2026-05-28 16:36:14,104 [ERROR] LogOutputStream:75 - [STDERR_REDIRECT] [Fatal Error] :1:1: Premature end of file.
2026-05-28 16:36:14,104 [ERROR] LogOutputStream:75 - [STDERR_REDIRECT] 
2026-05-28 16:36:15,120 [ERROR] LogOutputStream:75 - [STDERR_REDIRECT] [Fatal Error] :1:1: Premature end of file.
2026-05-28 16:36:15,122 [ERROR] LogOutputStream:75 - [STDERR_REDIRECT] 
2026-05-28 16:36:16,106 [ERROR] LogOutputStream:75 - [STDERR_REDIRECT] [Fatal Error] :1:1: Premature end of file.
2026-05-28 16:36:16,106 [ERROR] LogOutputStream:75 - [STDERR_REDIRECT] 
2026-05-28 16:36:17,123 [ERROR] LogOutputStream:75 - [STDERR_REDIRECT] [Fatal Error] :1:1: Premature end of file.
2026-05-28 16:36:17,125 [ERROR] LogOutputStream:75 - [STDERR_REDIRECT] 
2026-05-28 16:36:18,098 [ERROR] LogOutputStream:75 - [STDERR_REDIRECT] [Fatal Error] :1:1: Premature end of file.
2026-05-28 16:36:18,098 [ERROR] LogOutputStream:75 - [STDERR_REDIRECT] 
2026-05-28 16:36:19,130 [ERROR] LogOutputStream:75 - [STDERR_REDIRECT] [Fatal Error] :1:1: Premature end of file.
2026-05-28 16:36:19,131 [ERROR] LogOutputStream:75 - [STDERR_REDIRECT] 
2026-05-28 16:36:20,117 [ERROR] LogOutputStream:75 - [STDERR_REDIRECT] [Fatal Error] :1:1: Premature end of file.
2026-05-28 16:36:20,117 [ERROR] LogOutputStream:75 - [STDERR_REDIRECT] 
2026-05-28 16:36:21,120 [ERROR] LogOutputStream:75 - [STDERR_REDIRECT] [Fatal Error] :1:1: Premature end of file.
2026-05-28 16:36:21,121 [ERROR] LogOutputStream:75 - [STDERR_REDIRECT] 
2026-05-28 16:36:22,128 [ERROR] LogOutputStream:75 - [STDERR_REDIRECT] [Fatal Error] :1:1: Premature end of file.
2026-05-28 16:36:22,128 [ERROR] LogOutputStream:75 - [STDERR_REDIRECT] 
2026-05-28 16:36:23,120 [ERROR] LogOutputStream:75 - [STDERR_REDIRECT] [Fatal Error] :1:1: Premature end of file.
2026-05-28 16:36:23,120 [ERROR] LogOutputStream:75 - [STDERR_REDIRECT] 
2026-05-28 16:36:24,120 [ERROR] LogOutputStream:75 - [STDERR_REDIRECT] [Fatal Error] :1:1: Premature end of file.
2026-05-28 16:36:24,121 [ERROR] LogOutputStream:75 - [STDERR_REDIRECT] 
2026-05-28 16:36:25,126 [ERROR] LogOutputStream:75 - [STDERR_REDIRECT] [Fatal Error] :1:1: Premature end of file.
2026-05-28 16:36:25,126 [ERROR] LogOutputStream:75 - [STDERR_REDIRECT] 
2026-05-28 16:36:26,125 [ERROR] LogOutputStream:75 - [STDERR_REDIRECT] [Fatal Error] :1:1: Premature end of file.
2026-05-28 16:36:26,125 [ERROR] LogOutputStream:75 - [STDERR_REDIRECT] 
2026-05-28 16:36:27,122 [ERROR] LogOutputStream:75 - [STDERR_REDIRECT] [Fatal Error] :1:1: Premature end of file.
2026-05-28 16:36:27,122 [ERROR] LogOutputStream:75 - [STDERR_REDIRECT] 
2026-05-28 16:36:28,121 [ERROR] LogOutputStream:75 - [STDERR_REDIRECT] [Fatal Error] :1:1: Premature end of file.
2026-05-28 16:36:28,121 [ERROR] LogOutputStream:75 - [STDERR_REDIRECT] 
2026-05-28 16:36:29,122 [ERROR] LogOutputStream:75 - [STDERR_REDIRECT] [Fatal Error] :1:1: Premature end of file.
2026-05-28 16:36:29,122 [ERROR] LogOutputStream:75 - [STDERR_REDIRECT] 
2026-05-28 16:36:30,118 [ERROR] LogOutputStream:75 - [STDERR_REDIRECT] [Fatal Error] :1:1: Premature end of file.
2026-05-28 16:36:30,119 [ERROR] LogOutputStream:75 - [STDERR_REDIRECT] 
2026-05-28 16:36:31,118 [ERROR] LogOutputStream:75 - [STDERR_REDIRECT] [Fatal Error] :1:1: Premature end of file.
2026-05-28 16:36:31,118 [ERROR] LogOutputStream:75 - [STDERR_REDIRECT] 
2026-05-28 16:36:32,121 [ERROR] LogOutputStream:75 - [STDERR_REDIRECT] [Fatal Error] :1:1: Premature end of file.
2026-05-28 16:36:32,121 [ERROR] LogOutputStream:75 - [STDERR_REDIRECT] 
2026-05-28 16:36:33,119 [ERROR] LogOutputStream:75 - [STDERR_REDIRECT] [Fatal Error] :1:1: Premature end of file.
2026-05-28 16:36:33,119 [ERROR] LogOutputStream:75 - [STDERR_REDIRECT] 
2026-05-28 16:36:34,120 [ERROR] LogOutputStream:75 - [STDERR_REDIRECT] [Fatal Error] :1:1: Premature end of file.
2026-05-28 16:36:34,121 [ERROR] LogOutputStream:75 - [STDERR_REDIRECT] 
2026-05-28 16:36:35,120 [ERROR] LogOutputStream:75 - [STDERR_REDIRECT] [Fatal Error] :1:1: Premature end of file.
2026-05-28 16:36:35,120 [ERROR] LogOutputStream:75 - [STDERR_REDIRECT] 
2026-05-28 16:36:36,124 [ERROR] LogOutputStream:75 - [STDERR_REDIRECT] [Fatal Error] :1:1: Premature end of file.
2026-05-28 16:36:36,124 [ERROR] LogOutputStream:75 - [STDERR_REDIRECT] 
2026-05-28 16:36:37,125 [ERROR] LogOutputStream:75 - [STDERR_REDIRECT] [Fatal Error] :1:1: Premature end of file.
2026-05-28 16:36:37,126 [ERROR] LogOutputStream:75 - [STDERR_REDIRECT] 
2026-05-28 16:36:38,119 [ERROR] LogOutputStream:75 - [STDERR_REDIRECT] [Fatal Error] :1:1: Premature end of file.
2026-05-28 16:36:38,119 [ERROR] LogOutputStream:75 - [STDERR_REDIRECT] 
2026-05-28 16:36:39,128 [ERROR] LogOutputStream:75 - [STDERR_REDIRECT] [Fatal Error] :1:1: Premature end of file.
2026-05-28 16:36:39,128 [ERROR] LogOutputStream:75 - [STDERR_REDIRECT] 
2026-05-28 16:36:40,117 [ERROR] LogOutputStream:75 - [STDERR_REDIRECT] [Fatal Error] :1:1: Premature end of file.
2026-05-28 16:36:40,117 [ERROR] LogOutputStream:75 - [STDERR_REDIRECT] 
2026-05-28 16:36:41,108 [ERROR] LogOutputStream:75 - [STDERR_REDIRECT] [Fatal Error] :1:1: Premature end of file.
2026-05-28 16:36:41,109 [ERROR] LogOutputStream:75 - [STDERR_REDIRECT] 
2026-05-28 16:36:42,116 [ERROR] LogOutputStream:75 - [STDERR_REDIRECT] [Fatal Error] :1:1: Premature end of file.
2026-05-28 16:36:42,116 [ERROR] LogOutputStream:75 - [STDERR_REDIRECT] 
2026-05-28 16:36:43,122 [ERROR] LogOutputStream:75 - [STDERR_REDIRECT] [Fatal Error] :1:1: Premature end of file.
2026-05-28 16:36:43,122 [ERROR] LogOutputStream:75 - [STDERR_REDIRECT] 
2026-05-28 16:36:44,115 [ERROR] LogOutputStream:75 - [STDERR_REDIRECT] [Fatal Error] :1:1: Premature end of file.
2026-05-28 16:36:44,116 [ERROR] LogOutputStream:75 - [STDERR_REDIRECT] 
2026-05-28 16:36:45,124 [ERROR] LogOutputStream:75 - [STDERR_REDIRECT] [Fatal Error] :1:1: Premature end of file.
2026-05-28 16:36:45,125 [ERROR] LogOutputStream:75 - [STDERR_REDIRECT] 
2026-05-28 16:36:46,117 [ERROR] LogOutputStream:75 - [STDERR_REDIRECT] [Fatal Error] :1:1: Premature end of file.
2026-05-28 16:36:46,118 [ERROR] LogOutputStream:75 - [STDERR_REDIRECT] 
2026-05-28 16:36:47,115 [ERROR] LogOutputStream:75 - [STDERR_REDIRECT] [Fatal Error] :1:1: Premature end of file.
2026-05-28 16:36:47,115 [ERROR] LogOutputStream:75 - [STDERR_REDIRECT] 
2026-05-28 16:36:48,122 [ERROR] LogOutputStream:75 - [STDERR_REDIRECT] [Fatal Error] :1:1: Premature end of file.
2026-05-28 16:36:48,122 [ERROR] LogOutputStream:75 - [STDERR_REDIRECT] 
2026-05-28 16:36:49,122 [ERROR] LogOutputStream:75 - [STDERR_REDIRECT] [Fatal Error] :1:1: Premature end of file.
2026-05-28 16:36:49,124 [ERROR] LogOutputStream:75 - [STDERR_REDIRECT] 
2026-05-28 16:36:50,116 [ERROR] LogOutputStream:75 - [STDERR_REDIRECT] [Fatal Error] :1:1: Premature end of file.
2026-05-28 16:36:50,116 [ERROR] LogOutputStream:75 - [STDERR_REDIRECT] 
2026-05-28 16:36:51,123 [ERROR] LogOutputStream:75 - [STDERR_REDIRECT] [Fatal Error] :1:1: Premature end of file.
2026-05-28 16:36:51,123 [ERROR] LogOutputStream:75 - [STDERR_REDIRECT] 
2026-05-28 16:36:52,150 [ERROR] LogOutputStream:75 - [STDERR_REDIRECT] [Fatal Error] :1:1: Premature end of file.
2026-05-28 16:36:52,150 [ERROR] LogOutputStream:75 - [STDERR_REDIRECT] 
2026-05-28 16:36:53,144 [ERROR] LogOutputStream:75 - [STDERR_REDIRECT] [Fatal Error] :1:1: Premature end of file.
2026-05-28 16:36:53,145 [ERROR] LogOutputStream:75 - [STDERR_REDIRECT] 
2026-05-28 16:36:54,115 [ERROR] LogOutputStream:75 - [STDERR_REDIRECT] [Fatal Error] :1:1: Premature end of file.
2026-05-28 16:36:54,115 [ERROR] LogOutputStream:75 - [STDERR_REDIRECT] 
2026-05-28 16:36:55,109 [ERROR] LogOutputStream:75 - [STDERR_REDIRECT] [Fatal Error] :1:1: Premature end of file.
2026-05-28 16:36:55,109 [ERROR] LogOutputStream:75 - [STDERR_REDIRECT] 
2026-05-28 16:36:56,103 [ERROR] LogOutputStream:75 - [STDERR_REDIRECT] [Fatal Error] :1:1: Premature end of file.
2026-05-28 16:36:56,103 [ERROR] LogOutputStream:75 - [STDERR_REDIRECT] 
2026-05-28 16:36:57,112 [ERROR] LogOutputStream:75 - [STDERR_REDIRECT] [Fatal Error] :1:1: Premature end of file.
2026-05-28 16:36:57,112 [ERROR] LogOutputStream:75 - [STDERR_REDIRECT] 
2026-05-28 16:36:58,113 [ERROR] LogOutputStream:75 - [STDERR_REDIRECT] [Fatal Error] :1:1: Premature end of file.
2026-05-28 16:36:58,114 [ERROR] LogOutputStream:75 - [STDERR_REDIRECT] 
2026-05-28 16:36:59,121 [ERROR] LogOutputStream:75 - [STDERR_REDIRECT] [Fatal Error] :1:1: Premature end of file.
2026-05-28 16:36:59,122 [ERROR] LogOutputStream:75 - [STDERR_REDIRECT] 
2026-05-28 16:37:00,121 [ERROR] LogOutputStream:75 - [STDERR_REDIRECT] [Fatal Error] :1:1: Premature end of file.
2026-05-28 16:37:00,121 [ERROR] LogOutputStream:75 - [STDERR_REDIRECT] 
2026-05-28 16:37:01,120 [ERROR] LogOutputStream:75 - [STDERR_REDIRECT] [Fatal Error] :1:1: Premature end of file.
2026-05-28 16:37:01,122 [ERROR] LogOutputStream:75 - [STDERR_REDIRECT] 
2026-05-28 16:37:02,112 [ERROR] LogOutputStream:75 - [STDERR_REDIRECT] [Fatal Error] :1:1: Premature end of file.
2026-05-28 16:37:02,112 [ERROR] LogOutputStream:75 - [STDERR_REDIRECT] 
2026-05-28 16:37:03,115 [ERROR] LogOutputStream:75 - [STDERR_REDIRECT] [Fatal Error] :1:1: Premature end of file.
2026-05-28 16:37:03,115 [ERROR] LogOutputStream:75 - [STDERR_REDIRECT] 
2026-05-28 16:37:04,106 [ERROR] LogOutputStream:75 - [STDERR_REDIRECT] [Fatal Error] :1:1: Premature end of file.
2026-05-28 16:37:04,106 [ERROR] LogOutputStream:75 - [STDERR_REDIRECT] 
2026-05-28 16:37:05,115 [ERROR] LogOutputStream:75 - [STDERR_REDIRECT] [Fatal Error] :1:1: Premature end of file.
2026-05-28 16:37:05,115 [ERROR] LogOutputStream:75 - [STDERR_REDIRECT] 
2026-05-28 16:37:06,120 [ERROR] LogOutputStream:75 - [STDERR_REDIRECT] [Fatal Error] :1:1: Premature end of file.
2026-05-28 16:37:06,120 [ERROR] LogOutputStream:75 - [STDERR_REDIRECT] 
2026-05-28 16:37:07,118 [ERROR] LogOutputStream:75 - [STDERR_REDIRECT] [Fatal Error] :1:1: Premature end of file.
2026-05-28 16:37:07,118 [ERROR] LogOutputStream:75 - [STDERR_REDIRECT] 
2026-05-28 16:37:08,124 [ERROR] LogOutputStream:75 - [STDERR_REDIRECT] [Fatal Error] :1:1: Premature end of file.
2026-05-28 16:37:08,124 [ERROR] LogOutputStream:75 - [STDERR_REDIRECT] 
2026-05-28 16:37:09,116 [ERROR] LogOutputStream:75 - [STDERR_REDIRECT] [Fatal Error] :1:1: Premature end of file.
2026-05-28 16:37:09,116 [ERROR] LogOutputStream:75 - [STDERR_REDIRECT] 
2026-05-28 16:37:10,118 [ERROR] LogOutputStream:75 - [STDERR_REDIRECT] [Fatal Error] :1:1: Premature end of file.
2026-05-28 16:37:10,119 [ERROR] LogOutputStream:75 - [STDERR_REDIRECT] 
2026-05-28 16:37:11,139 [ERROR] LogOutputStream:75 - [STDERR_REDIRECT] [Fatal Error] :1:1: Premature end of file.
2026-05-28 16:37:11,141 [ERROR] LogOutputStream:75 - [STDERR_REDIRECT] 
2026-05-28 16:37:12,121 [ERROR] LogOutputStream:75 - [STDERR_REDIRECT] [Fatal Error] :1:1: Premature end of file.
2026-05-28 16:37:12,122 [ERROR] LogOutputStream:75 - [STDERR_REDIRECT] 
2026-05-28 16:37:13,103 [ERROR] LogOutputStream:75 - [STDERR_REDIRECT] [Fatal Error] :1:1: Premature end of file.
2026-05-28 16:37:13,104 [ERROR] LogOutputStream:75 - [STDERR_REDIRECT] 
2026-05-28 16:37:14,105 [ERROR] LogOutputStream:75 - [STDERR_REDIRECT] [Fatal Error] :1:1: Premature end of file.
2026-05-28 16:37:14,105 [ERROR] LogOutputStream:75 - [STDERR_REDIRECT] 
2026-05-28 16:37:15,103 [ERROR] LogOutputStream:75 - [STDERR_REDIRECT] [Fatal Error] :1:1: Premature end of file.
2026-05-28 16:37:15,103 [ERROR] LogOutputStream:75 - [STDERR_REDIRECT] 
2026-05-28 16:37:16,102 [ERROR] LogOutputStream:75 - [STDERR_REDIRECT] [Fatal Error] :1:1: Premature end of file.
2026-05-28 16:37:16,102 [ERROR] LogOutputStream:75 - [STDERR_REDIRECT] 
2026-05-28 16:37:17,094 [ERROR] LogOutputStream:75 - [STDERR_REDIRECT] [Fatal Error] :1:1: Premature end of file.
2026-05-28 16:37:17,095 [ERROR] LogOutputStream:75 - [STDERR_REDIRECT] 
2026-05-28 16:37:18,106 [ERROR] LogOutputStream:75 - [STDERR_REDIRECT] [Fatal Error] :1:1: Premature end of file.
2026-05-28 16:37:18,106 [ERROR] LogOutputStream:75 - [STDERR_REDIRECT] 
2026-05-28 16:37:19,126 [ERROR] LogOutputStream:75 - [STDERR_REDIRECT] [Fatal Error] :1:1: Premature end of file.
2026-05-28 16:37:19,126 [ERROR] LogOutputStream:75 - [STDERR_REDIRECT] 
2026-05-28 16:37:20,109 [ERROR] LogOutputStream:75 - [STDERR_REDIRECT] [Fatal Error] :1:1: Premature end of file.
2026-05-28 16:37:20,110 [ERROR] LogOutputStream:75 - [STDERR_REDIRECT] 
2026-05-28 16:37:21,113 [ERROR] LogOutputStream:75 - [STDERR_REDIRECT] [Fatal Error] :1:1: Premature end of file.
2026-05-28 16:37:21,113 [ERROR] LogOutputStream:75 - [STDERR_REDIRECT] 
2026-05-28 16:37:22,112 [ERROR] LogOutputStream:75 - [STDERR_REDIRECT] [Fatal Error] :1:1: Premature end of file.
2026-05-28 16:37:22,112 [ERROR] LogOutputStream:75 - [STDERR_REDIRECT] 
2026-05-28 16:37:23,134 [ERROR] LogOutputStream:75 - [STDERR_REDIRECT] [Fatal Error] :1:1: Premature end of file.
2026-05-28 16:37:23,135 [ERROR] LogOutputStream:75 - [STDERR_REDIRECT] 
2026-05-28 16:37:24,111 [ERROR] LogOutputStream:75 - [STDERR_REDIRECT] [Fatal Error] :1:1: Premature end of file.
2026-05-28 16:37:24,112 [ERROR] LogOutputStream:75 - [STDERR_REDIRECT] 
2026-05-28 16:37:25,112 [ERROR] LogOutputStream:75 - [STDERR_REDIRECT] [Fatal Error] :1:1: Premature end of file.
2026-05-28 16:37:25,112 [ERROR] LogOutputStream:75 - [STDERR_REDIRECT] 
2026-05-28 16:37:26,113 [ERROR] LogOutputStream:75 - [STDERR_REDIRECT] [Fatal Error] :1:1: Premature end of file.
2026-05-28 16:37:26,113 [ERROR] LogOutputStream:75 - [STDERR_REDIRECT] 
2026-05-28 16:37:27,113 [ERROR] LogOutputStream:75 - [STDERR_REDIRECT] [Fatal Error] :1:1: Premature end of file.
2026-05-28 16:37:27,114 [ERROR] LogOutputStream:75 - [STDERR_REDIRECT] 
2026-05-28 16:37:28,111 [ERROR] LogOutputStream:75 - [STDERR_REDIRECT] [Fatal Error] :1:1: Premature end of file.
2026-05-28 16:37:28,111 [ERROR] LogOutputStream:75 - [STDERR_REDIRECT] 
2026-05-28 16:37:29,110 [ERROR] LogOutputStream:75 - [STDERR_REDIRECT] [Fatal Error] :1:1: Premature end of file.
2026-05-28 16:37:29,110 [ERROR] LogOutputStream:75 - [STDERR_REDIRECT] 
2026-05-28 16:37:30,118 [ERROR] LogOutputStream:75 - [STDERR_REDIRECT] [Fatal Error] :1:1: Premature end of file.
2026-05-28 16:37:30,118 [ERROR] LogOutputStream:75 - [STDERR_REDIRECT] 
2026-05-28 16:37:31,109 [ERROR] LogOutputStream:75 - [STDERR_REDIRECT] [Fatal Error] :1:1: Premature end of file.
2026-05-28 16:37:31,110 [ERROR] LogOutputStream:75 - [STDERR_REDIRECT] 
2026-05-28 16:37:32,114 [ERROR] LogOutputStream:75 - [STDERR_REDIRECT] [Fatal Error] :1:1: Premature end of file.
2026-05-28 16:37:32,115 [ERROR] LogOutputStream:75 - [STDERR_REDIRECT] 
2026-05-28 16:37:33,110 [ERROR] LogOutputStream:75 - [STDERR_REDIRECT] [Fatal Error] :1:1: Premature end of file.
2026-05-28 16:37:33,111 [ERROR] LogOutputStream:75 - [STDERR_REDIRECT] 
2026-05-28 16:37:34,113 [ERROR] LogOutputStream:75 - [STDERR_REDIRECT] [Fatal Error] :1:1: Premature end of file.
2026-05-28 16:37:34,113 [ERROR] LogOutputStream:75 - [STDERR_REDIRECT] 
2026-05-28 16:37:35,112 [ERROR] LogOutputStream:75 - [STDERR_REDIRECT] [Fatal Error] :1:1: Premature end of file.
2026-05-28 16:37:35,112 [ERROR] LogOutputStream:75 - [STDERR_REDIRECT] 
2026-05-28 16:37:36,111 [ERROR] LogOutputStream:75 - [STDERR_REDIRECT] [Fatal Error] :1:1: Premature end of file.
2026-05-28 16:37:36,111 [ERROR] LogOutputStream:75 - [STDERR_REDIRECT] 
2026-05-28 16:37:37,116 [ERROR] LogOutputStream:75 - [STDERR_REDIRECT] [Fatal Error] :1:1: Premature end of file.
2026-05-28 16:37:37,116 [ERROR] LogOutputStream:75 - [STDERR_REDIRECT] 
2026-05-28 16:37:38,112 [ERROR] LogOutputStream:75 - [STDERR_REDIRECT] [Fatal Error] :1:1: Premature end of file.
2026-05-28 16:37:38,113 [ERROR] LogOutputStream:75 - [STDERR_REDIRECT] 
2026-05-28 16:37:39,141 [ERROR] LogOutputStream:75 - [STDERR_REDIRECT] [Fatal Error] :1:1: Premature end of file.
2026-05-28 16:37:39,141 [ERROR] LogOutputStream:75 - [STDERR_REDIRECT] 
2026-05-28 16:37:40,112 [ERROR] LogOutputStream:75 - [STDERR_REDIRECT] [Fatal Error] :1:1: Premature end of file.
2026-05-28 16:37:40,112 [ERROR] LogOutputStream:75 - [STDERR_REDIRECT] 
2026-05-28 16:37:41,123 [ERROR] LogOutputStream:75 - [STDERR_REDIRECT] [Fatal Error] :1:1: Premature end of file.
2026-05-28 16:37:41,124 [ERROR] LogOutputStream:75 - [STDERR_REDIRECT] 
2026-05-28 16:37:42,110 [ERROR] LogOutputStream:75 - [STDERR_REDIRECT] [Fatal Error] :1:1: Premature end of file.
2026-05-28 16:37:42,111 [ERROR] LogOutputStream:75 - [STDERR_REDIRECT] 
2026-05-28 16:37:43,111 [ERROR] LogOutputStream:75 - [STDERR_REDIRECT] [Fatal Error] :1:1: Premature end of file.
2026-05-28 16:37:43,112 [ERROR] LogOutputStream:75 - [STDERR_REDIRECT] 
2026-05-28 16:37:44,111 [ERROR] LogOutputStream:75 - [STDERR_REDIRECT] [Fatal Error] :1:1: Premature end of file.
2026-05-28 16:37:44,112 [ERROR] LogOutputStream:75 - [STDERR_REDIRECT] 
2026-05-28 16:37:45,113 [ERROR] LogOutputStream:75 - [STDERR_REDIRECT] [Fatal Error] :1:1: Premature end of file.
2026-05-28 16:37:45,113 [ERROR] LogOutputStream:75 - [STDERR_REDIRECT] 
2026-05-28 16:37:46,103 [ERROR] LogOutputStream:75 - [STDERR_REDIRECT] [Fatal Error] :1:1: Premature end of file.
2026-05-28 16:37:46,104 [ERROR] LogOutputStream:75 - [STDERR_REDIRECT] 
2026-05-28 16:37:47,103 [ERROR] LogOutputStream:75 - [STDERR_REDIRECT] [Fatal Error] :1:1: Premature end of file.
2026-05-28 16:37:47,103 [ERROR] LogOutputStream:75 - [STDERR_REDIRECT] 
2026-05-28 16:37:48,108 [ERROR] LogOutputStream:75 - [STDERR_REDIRECT] [Fatal Error] :1:1: Premature end of file.
2026-05-28 16:37:48,108 [ERROR] LogOutputStream:75 - [STDERR_REDIRECT] 
2026-05-28 16:37:49,114 [ERROR] LogOutputStream:75 - [STDERR_REDIRECT] [Fatal Error] :1:1: Premature end of file.
2026-05-28 16:37:49,115 [ERROR] LogOutputStream:75 - [STDERR_REDIRECT] 
2026-05-28 16:37:50,116 [ERROR] LogOutputStream:75 - [STDERR_REDIRECT] [Fatal Error] :1:1: Premature end of file.
2026-05-28 16:37:50,116 [ERROR] LogOutputStream:75 - [STDERR_REDIRECT] 
2026-05-28 16:37:51,108 [ERROR] LogOutputStream:75 - [STDERR_REDIRECT] [Fatal Error] :1:1: Premature end of file.
2026-05-28 16:37:51,108 [ERROR] LogOutputStream:75 - [STDERR_REDIRECT] 
2026-05-28 16:37:52,114 [ERROR] LogOutputStream:75 - [STDERR_REDIRECT] [Fatal Error] :1:1: Premature end of file.
2026-05-28 16:37:52,116 [ERROR] LogOutputStream:75 - [STDERR_REDIRECT] 
2026-05-28 16:37:53,112 [ERROR] LogOutputStream:75 - [STDERR_REDIRECT] [Fatal Error] :1:1: Premature end of file.
2026-05-28 16:37:53,113 [ERROR] LogOutputStream:75 - [STDERR_REDIRECT] 
2026-05-28 16:37:54,109 [ERROR] LogOutputStream:75 - [STDERR_REDIRECT] [Fatal Error] :1:1: Premature end of file.
2026-05-28 16:37:54,109 [ERROR] LogOutputStream:75 - [STDERR_REDIRECT] 
2026-05-28 16:37:55,112 [ERROR] LogOutputStream:75 - [STDERR_REDIRECT] [Fatal Error] :1:1: Premature end of file.
2026-05-28 16:37:55,112 [ERROR] LogOutputStream:75 - [STDERR_REDIRECT] 
2026-05-28 16:37:56,112 [ERROR] LogOutputStream:75 - [STDERR_REDIRECT] [Fatal Error] :1:1: Premature end of file.
2026-05-28 16:37:56,112 [ERROR] LogOutputStream:75 - [STDERR_REDIRECT] 
2026-05-28 16:37:57,116 [ERROR] LogOutputStream:75 - [STDERR_REDIRECT] [Fatal Error] :1:1: Premature end of file.
2026-05-28 16:37:57,116 [ERROR] LogOutputStream:75 - [STDERR_REDIRECT] 
2026-05-28 16:37:58,112 [ERROR] LogOutputStream:75 - [STDERR_REDIRECT] [Fatal Error] :1:1: Premature end of file.
2026-05-28 16:37:58,113 [ERROR] LogOutputStream:75 - [STDERR_REDIRECT] 
2026-05-28 16:37:59,111 [ERROR] LogOutputStream:75 - [STDERR_REDIRECT] [Fatal Error] :1:1: Premature end of file.
2026-05-28 16:37:59,112 [ERROR] LogOutputStream:75 - [STDERR_REDIRECT] 
2026-05-28 16:38:00,111 [ERROR] LogOutputStream:75 - [STDERR_REDIRECT] [Fatal Error] :1:1: Premature end of file.
2026-05-28 16:38:00,112 [ERROR] LogOutputStream:75 - [STDERR_REDIRECT] 
2026-05-28 16:38:01,110 [ERROR] LogOutputStream:75 - [STDERR_REDIRECT] [Fatal Error] :1:1: Premature end of file.
2026-05-28 16:38:01,111 [ERROR] LogOutputStream:75 - [STDERR_REDIRECT] 
2026-05-28 16:38:02,111 [ERROR] LogOutputStream:75 - [STDERR_REDIRECT] [Fatal Error] :1:1: Premature end of file.
2026-05-28 16:38:02,111 [ERROR] LogOutputStream:75 - [STDERR_REDIRECT] 
2026-05-28 16:38:03,107 [ERROR] LogOutputStream:75 - [STDERR_REDIRECT] [Fatal Error] :1:1: Premature end of file.
2026-05-28 16:38:03,107 [ERROR] LogOutputStream:75 - [STDERR_REDIRECT] 
2026-05-28 16:38:04,116 [ERROR] LogOutputStream:75 - [STDERR_REDIRECT] [Fatal Error] :1:1: Premature end of file.
2026-05-28 16:38:04,117 [ERROR] LogOutputStream:75 - [STDERR_REDIRECT] 
2026-05-28 16:38:05,110 [ERROR] LogOutputStream:75 - [STDERR_REDIRECT] [Fatal Error] :1:1: Premature end of file.
2026-05-28 16:38:05,111 [ERROR] LogOutputStream:75 - [STDERR_REDIRECT] 
2026-05-28 16:38:06,113 [ERROR] LogOutputStream:75 - [STDERR_REDIRECT] [Fatal Error] :1:1: Premature end of file.
2026-05-28 16:38:06,114 [ERROR] LogOutputStream:75 - [STDERR_REDIRECT] 
2026-05-28 16:38:07,106 [ERROR] LogOutputStream:75 - [STDERR_REDIRECT] [Fatal Error] :1:1: Premature end of file.
2026-05-28 16:38:07,106 [ERROR] LogOutputStream:75 - [STDERR_REDIRECT] 
2026-05-28 16:38:08,105 [ERROR] LogOutputStream:75 - [STDERR_REDIRECT] [Fatal Error] :1:1: Premature end of file.
2026-05-28 16:38:08,105 [ERROR] LogOutputStream:75 - [STDERR_REDIRECT] 
2026-05-28 16:38:09,112 [ERROR] LogOutputStream:75 - [STDERR_REDIRECT] [Fatal Error] :1:1: Premature end of file.
2026-05-28 16:38:09,112 [ERROR] LogOutputStream:75 - [STDERR_REDIRECT] 
2026-05-28 16:38:10,113 [ERROR] LogOutputStream:75 - [STDERR_REDIRECT] [Fatal Error] :1:1: Premature end of file.
2026-05-28 16:38:10,113 [ERROR] LogOutputStream:75 - [STDERR_REDIRECT] 
2026-05-28 16:38:11,121 [ERROR] LogOutputStream:75 - [STDERR_REDIRECT] [Fatal Error] :1:1: Premature end of file.
2026-05-28 16:38:11,121 [ERROR] LogOutputStream:75 - [STDERR_REDIRECT] 
2026-05-28 16:38:12,115 [ERROR] LogOutputStream:75 - [STDERR_REDIRECT] [Fatal Error] :1:1: Premature end of file.
2026-05-28 16:38:12,115 [ERROR] LogOutputStream:75 - [STDERR_REDIRECT] 
2026-05-28 16:38:13,111 [ERROR] LogOutputStream:75 - [STDERR_REDIRECT] [Fatal Error] :1:1: Premature end of file.
2026-05-28 16:38:13,112 [ERROR] LogOutputStream:75 - [STDERR_REDIRECT] 
2026-05-28 16:38:14,111 [ERROR] LogOutputStream:75 - [STDERR_REDIRECT] [Fatal Error] :1:1: Premature end of file.
2026-05-28 16:38:14,111 [ERROR] LogOutputStream:75 - [STDERR_REDIRECT] 
2026-05-28 16:38:15,114 [ERROR] LogOutputStream:75 - [STDERR_REDIRECT] [Fatal Error] :1:1: Premature end of file.
2026-05-28 16:38:15,115 [ERROR] LogOutputStream:75 - [STDERR_REDIRECT] 
2026-05-28 16:38:16,109 [ERROR] LogOutputStream:75 - [STDERR_REDIRECT] [Fatal Error] :1:1: Premature end of file.
2026-05-28 16:38:16,109 [ERROR] LogOutputStream:75 - [STDERR_REDIRECT] 
2026-05-28 16:38:17,111 [ERROR] LogOutputStream:75 - [STDERR_REDIRECT] [Fatal Error] :1:1: Premature end of file.
2026-05-28 16:38:17,111 [ERROR] LogOutputStream:75 - [STDERR_REDIRECT] 
2026-05-28 16:38:18,113 [ERROR] LogOutputStream:75 - [STDERR_REDIRECT] [Fatal Error] :1:1: Premature end of file.
2026-05-28 16:38:18,114 [ERROR] LogOutputStream:75 - [STDERR_REDIRECT] 
2026-05-28 16:38:19,111 [ERROR] LogOutputStream:75 - [STDERR_REDIRECT] [Fatal Error] :1:1: Premature end of file.
2026-05-28 16:38:19,112 [ERROR] LogOutputStream:75 - [STDERR_REDIRECT] 
2026-05-28 16:38:20,110 [ERROR] LogOutputStream:75 - [STDERR_REDIRECT] [Fatal Error] :1:1: Premature end of file.
2026-05-28 16:38:20,110 [ERROR] LogOutputStream:75 - [STDERR_REDIRECT] 
2026-05-28 16:38:21,108 [ERROR] LogOutputStream:75 - [STDERR_REDIRECT] [Fatal Error] :1:1: Premature end of file.
2026-05-28 16:38:21,108 [ERROR] LogOutputStream:75 - [STDERR_REDIRECT] 
2026-05-28 16:38:22,110 [ERROR] LogOutputStream:75 - [STDERR_REDIRECT] [Fatal Error] :1:1: Premature end of file.
2026-05-28 16:38:22,111 [ERROR] LogOutputStream:75 - [STDERR_REDIRECT] 
2026-05-28 16:38:23,109 [ERROR] LogOutputStream:75 - [STDERR_REDIRECT] [Fatal Error] :1:1: Premature end of file.
2026-05-28 16:38:23,109 [ERROR] LogOutputStream:75 - [STDERR_REDIRECT] 
2026-05-28 16:38:24,111 [ERROR] LogOutputStream:75 - [STDERR_REDIRECT] [Fatal Error] :1:1: Premature end of file.
2026-05-28 16:38:24,111 [ERROR] LogOutputStream:75 - [STDERR_REDIRECT] 
2026-05-28 16:38:25,112 [ERROR] LogOutputStream:75 - [STDERR_REDIRECT] [Fatal Error] :1:1: Premature end of file.
2026-05-28 16:38:25,112 [ERROR] LogOutputStream:75 - [STDERR_REDIRECT] 
2026-05-28 16:38:26,135 [ERROR] LogOutputStream:75 - [STDERR_REDIRECT] [Fatal Error] :1:1: Premature end of file.
2026-05-28 16:38:26,136 [ERROR] LogOutputStream:75 - [STDERR_REDIRECT] 
2026-05-28 16:38:27,111 [ERROR] LogOutputStream:75 - [STDERR_REDIRECT] [Fatal Error] :1:1: Premature end of file.
2026-05-28 16:38:27,111 [ERROR] LogOutputStream:75 - [STDERR_REDIRECT] 
2026-05-28 16:38:28,116 [ERROR] LogOutputStream:75 - [STDERR_REDIRECT] [Fatal Error] :1:1: Premature end of file.
2026-05-28 16:38:28,116 [ERROR] LogOutputStream:75 - [STDERR_REDIRECT] 
2026-05-28 16:38:29,119 [ERROR] LogOutputStream:75 - [STDERR_REDIRECT] [Fatal Error] :1:1: Premature end of file.
2026-05-28 16:38:29,119 [ERROR] LogOutputStream:75 - [STDERR_REDIRECT] 
2026-05-28 16:38:30,114 [ERROR] LogOutputStream:75 - [STDERR_REDIRECT] [Fatal Error] :1:1: Premature end of file.
2026-05-28 16:38:30,115 [ERROR] LogOutputStream:75 - [STDERR_REDIRECT] 
2026-05-28 16:38:31,112 [ERROR] LogOutputStream:75 - [STDERR_REDIRECT] [Fatal Error] :1:1: Premature end of file.
2026-05-28 16:38:31,112 [ERROR] LogOutputStream:75 - [STDERR_REDIRECT] 
2026-05-28 16:38:32,120 [ERROR] LogOutputStream:75 - [STDERR_REDIRECT] [Fatal Error] :1:1: Premature end of file.
2026-05-28 16:38:32,120 [ERROR] LogOutputStream:75 - [STDERR_REDIRECT] 
2026-05-28 16:38:33,108 [ERROR] LogOutputStream:75 - [STDERR_REDIRECT] [Fatal Error] :1:1: Premature end of file.
2026-05-28 16:38:33,108 [ERROR] LogOutputStream:75 - [STDERR_REDIRECT] 
2026-05-28 16:38:34,123 [ERROR] LogOutputStream:75 - [STDERR_REDIRECT] [Fatal Error] :1:1: Premature end of file.
2026-05-28 16:38:34,124 [ERROR] LogOutputStream:75 - [STDERR_REDIRECT] 
2026-05-28 16:38:35,107 [ERROR] LogOutputStream:75 - [STDERR_REDIRECT] [Fatal Error] :1:1: Premature end of file.
2026-05-28 16:38:35,107 [ERROR] LogOutputStream:75 - [STDERR_REDIRECT] 
2026-05-28 16:38:36,110 [ERROR] LogOutputStream:75 - [STDERR_REDIRECT] [Fatal Error] :1:1: Premature end of file.
2026-05-28 16:38:36,110 [ERROR] LogOutputStream:75 - [STDERR_REDIRECT] 
2026-05-28 16:38:37,108 [ERROR] LogOutputStream:75 - [STDERR_REDIRECT] [Fatal Error] :1:1: Premature end of file.
2026-05-28 16:38:37,108 [ERROR] LogOutputStream:75 - [STDERR_REDIRECT] 
2026-05-28 16:38:38,337 [ERROR] LogOutputStream:75 - [STDERR_REDIRECT] [Fatal Error] :1:1: Premature end of file.
2026-05-28 16:38:38,337 [ERROR] LogOutputStream:75 - [STDERR_REDIRECT] 
2026-05-28 16:38:39,101 [ERROR] LogOutputStream:75 - [STDERR_REDIRECT] [Fatal Error] :1:1: Premature end of file.
2026-05-28 16:38:39,101 [ERROR] LogOutputStream:75 - [STDERR_REDIRECT] 
2026-05-28 16:38:40,112 [ERROR] LogOutputStream:75 - [STDERR_REDIRECT] [Fatal Error] :1:1: Premature end of file.
2026-05-28 16:38:40,112 [ERROR] LogOutputStream:75 - [STDERR_REDIRECT] 
2026-05-28 16:38:41,113 [ERROR] LogOutputStream:75 - [STDERR_REDIRECT] [Fatal Error] :1:1: Premature end of file.
2026-05-28 16:38:41,113 [ERROR] LogOutputStream:75 - [STDERR_REDIRECT] 
2026-05-28 16:38:42,112 [ERROR] LogOutputStream:75 - [STDERR_REDIRECT] [Fatal Error] :1:1: Premature end of file.
2026-05-28 16:38:42,112 [ERROR] LogOutputStream:75 - [STDERR_REDIRECT] 
2026-05-28 16:38:43,117 [ERROR] LogOutputStream:75 - [STDERR_REDIRECT] [Fatal Error] :1:1: Premature end of file.
2026-05-28 16:38:43,117 [ERROR] LogOutputStream:75 - [STDERR_REDIRECT] 
2026-05-28 16:38:44,110 [ERROR] LogOutputStream:75 - [STDERR_REDIRECT] [Fatal Error] :1:1: Premature end of file.
2026-05-28 16:38:44,110 [ERROR] LogOutputStream:75 - [STDERR_REDIRECT] 
2026-05-28 16:38:45,117 [ERROR] LogOutputStream:75 - [STDERR_REDIRECT] [Fatal Error] :1:1: Premature end of file.
2026-05-28 16:38:45,117 [ERROR] LogOutputStream:75 - [STDERR_REDIRECT] 
2026-05-28 16:38:46,122 [ERROR] LogOutputStream:75 - [STDERR_REDIRECT] [Fatal Error] :1:1: Premature end of file.
2026-05-28 16:38:46,123 [ERROR] LogOutputStream:75 - [STDERR_REDIRECT] 
2026-05-28 16:38:47,107 [ERROR] LogOutputStream:75 - [STDERR_REDIRECT] [Fatal Error] :1:1: Premature end of file.
2026-05-28 16:38:47,108 [ERROR] LogOutputStream:75 - [STDERR_REDIRECT] 
2026-05-28 16:38:48,106 [ERROR] LogOutputStream:75 - [STDERR_REDIRECT] [Fatal Error] :1:1: Premature end of file.
2026-05-28 16:38:48,106 [ERROR] LogOutputStream:75 - [STDERR_REDIRECT] 
2026-05-28 16:38:49,105 [ERROR] LogOutputStream:75 - [STDERR_REDIRECT] [Fatal Error] :1:1: Premature end of file.
2026-05-28 16:38:49,105 [ERROR] LogOutputStream:75 - [STDERR_REDIRECT] 
2026-05-28 16:38:50,112 [ERROR] LogOutputStream:75 - [STDERR_REDIRECT] [Fatal Error] :1:1: Premature end of file.
2026-05-28 16:38:50,112 [ERROR] LogOutputStream:75 - [STDERR_REDIRECT] 
2026-05-28 16:38:51,114 [ERROR] LogOutputStream:75 - [STDERR_REDIRECT] [Fatal Error] :1:1: Premature end of file.
2026-05-28 16:38:51,114 [ERROR] LogOutputStream:75 - [STDERR_REDIRECT] 
2026-05-28 16:38:52,110 [ERROR] LogOutputStream:75 - [STDERR_REDIRECT] [Fatal Error] :1:1: Premature end of file.
2026-05-28 16:38:52,112 [ERROR] LogOutputStream:75 - [STDERR_REDIRECT] 
2026-05-28 16:38:53,114 [ERROR] LogOutputStream:75 - [STDERR_REDIRECT] [Fatal Error] :1:1: Premature end of file.
2026-05-28 16:38:53,114 [ERROR] LogOutputStream:75 - [STDERR_REDIRECT] 
2026-05-28 16:38:54,112 [ERROR] LogOutputStream:75 - [STDERR_REDIRECT] [Fatal Error] :1:1: Premature end of file.
2026-05-28 16:38:54,112 [ERROR] LogOutputStream:75 - [STDERR_REDIRECT] 
2026-05-28 16:38:55,106 [ERROR] LogOutputStream:75 - [STDERR_REDIRECT] [Fatal Error] :1:1: Premature end of file.
2026-05-28 16:38:55,106 [ERROR] LogOutputStream:75 - [STDERR_REDIRECT] 
2026-05-28 16:38:56,104 [ERROR] LogOutputStream:75 - [STDERR_REDIRECT] [Fatal Error] :1:1: Premature end of file.
2026-05-28 16:38:56,104 [ERROR] LogOutputStream:75 - [STDERR_REDIRECT] 
2026-05-28 16:38:57,114 [ERROR] LogOutputStream:75 - [STDERR_REDIRECT] [Fatal Error] :1:1: Premature end of file.
2026-05-28 16:38:57,114 [ERROR] LogOutputStream:75 - [STDERR_REDIRECT] 
2026-05-28 16:38:58,116 [ERROR] LogOutputStream:75 - [STDERR_REDIRECT] [Fatal Error] :1:1: Premature end of file.
2026-05-28 16:38:58,117 [ERROR] LogOutputStream:75 - [STDERR_REDIRECT] 
2026-05-28 16:38:59,113 [ERROR] LogOutputStream:75 - [STDERR_REDIRECT] [Fatal Error] :1:1: Premature end of file.
2026-05-28 16:38:59,114 [ERROR] LogOutputStream:75 - [STDERR_REDIRECT] 
2026-05-28 16:39:00,108 [ERROR] LogOutputStream:75 - [STDERR_REDIRECT] [Fatal Error] :1:1: Premature end of file.
2026-05-28 16:39:00,108 [ERROR] LogOutputStream:75 - [STDERR_REDIRECT] 
2026-05-28 16:39:01,122 [ERROR] LogOutputStream:75 - [STDERR_REDIRECT] [Fatal Error] :1:1: Premature end of file.
2026-05-28 16:39:01,122 [ERROR] LogOutputStream:75 - [STDERR_REDIRECT] 
2026-05-28 16:39:02,102 [ERROR] LogOutputStream:75 - [STDERR_REDIRECT] [Fatal Error] :1:1: Premature end of file.
2026-05-28 16:39:02,102 [ERROR] LogOutputStream:75 - [STDERR_REDIRECT] 
2026-05-28 16:39:03,104 [ERROR] LogOutputStream:75 - [STDERR_REDIRECT] [Fatal Error] :1:1: Premature end of file.
2026-05-28 16:39:03,104 [ERROR] LogOutputStream:75 - [STDERR_REDIRECT] 
2026-05-28 16:39:04,106 [ERROR] LogOutputStream:75 - [STDERR_REDIRECT] [Fatal Error] :1:1: Premature end of file.
2026-05-28 16:39:04,106 [ERROR] LogOutputStream:75 - [STDERR_REDIRECT] 
2026-05-28 16:39:05,109 [ERROR] LogOutputStream:75 - [STDERR_REDIRECT] [Fatal Error] :1:1: Premature end of file.
2026-05-28 16:39:05,109 [ERROR] LogOutputStream:75 - [STDERR_REDIRECT] 
2026-05-28 16:39:06,120 [ERROR] LogOutputStream:75 - [STDERR_REDIRECT] [Fatal Error] :1:1: Premature end of file.
2026-05-28 16:39:06,121 [ERROR] LogOutputStream:75 - [STDERR_REDIRECT] 
2026-05-28 16:39:07,114 [ERROR] LogOutputStream:75 - [STDERR_REDIRECT] [Fatal Error] :1:1: Premature end of file.
2026-05-28 16:39:07,115 [ERROR] LogOutputStream:75 - [STDERR_REDIRECT] 
2026-05-28 16:39:08,126 [ERROR] LogOutputStream:75 - [STDERR_REDIRECT] [Fatal Error] :1:1: Premature end of file.
2026-05-28 16:39:08,127 [ERROR] LogOutputStream:75 - [STDERR_REDIRECT] 
2026-05-28 16:39:09,115 [ERROR] LogOutputStream:75 - [STDERR_REDIRECT] [Fatal Error] :1:1: Premature end of file.
2026-05-28 16:39:09,115 [ERROR] LogOutputStream:75 - [STDERR_REDIRECT] 
2026-05-28 16:39:10,104 [ERROR] LogOutputStream:75 - [STDERR_REDIRECT] [Fatal Error] :1:1: Premature end of file.
2026-05-28 16:39:10,104 [ERROR] LogOutputStream:75 - [STDERR_REDIRECT] 
2026-05-28 16:39:11,143 [ERROR] LogOutputStream:75 - [STDERR_REDIRECT] [Fatal Error] :1:1: Premature end of file.
2026-05-28 16:39:11,143 [ERROR] LogOutputStream:75 - [STDERR_REDIRECT] 
2026-05-28 16:39:12,099 [ERROR] LogOutputStream:75 - [STDERR_REDIRECT] [Fatal Error] :1:1: Premature end of file.
2026-05-28 16:39:12,099 [ERROR] LogOutputStream:75 - [STDERR_REDIRECT] 
2026-05-28 16:39:13,111 [ERROR] LogOutputStream:75 - [STDERR_REDIRECT] [Fatal Error] :1:1: Premature end of file.
2026-05-28 16:39:13,111 [ERROR] LogOutputStream:75 - [STDERR_REDIRECT] 
2026-05-28 16:39:14,109 [ERROR] LogOutputStream:75 - [STDERR_REDIRECT] [Fatal Error] :1:1: Premature end of file.
2026-05-28 16:39:14,109 [ERROR] LogOutputStream:75 - [STDERR_REDIRECT] 
2026-05-28 16:39:15,103 [ERROR] LogOutputStream:75 - [STDERR_REDIRECT] [Fatal Error] :1:1: Premature end of file.
2026-05-28 16:39:15,103 [ERROR] LogOutputStream:75 - [STDERR_REDIRECT] 
2026-05-28 16:39:16,113 [ERROR] LogOutputStream:75 - [STDERR_REDIRECT] [Fatal Error] :1:1: Premature end of file.
2026-05-28 16:39:16,113 [ERROR] LogOutputStream:75 - [STDERR_REDIRECT] 
2026-05-28 16:39:17,120 [ERROR] LogOutputStream:75 - [STDERR_REDIRECT] [Fatal Error] :1:1: Premature end of file.
2026-05-28 16:39:17,120 [ERROR] LogOutputStream:75 - [STDERR_REDIRECT] 
2026-05-28 16:39:18,110 [ERROR] LogOutputStream:75 - [STDERR_REDIRECT] [Fatal Error] :1:1: Premature end of file.
2026-05-28 16:39:18,110 [ERROR] LogOutputStream:75 - [STDERR_REDIRECT] 
2026-05-28 16:39:19,111 [ERROR] LogOutputStream:75 - [STDERR_REDIRECT] [Fatal Error] :1:1: Premature end of file.
2026-05-28 16:39:19,111 [ERROR] LogOutputStream:75 - [STDERR_REDIRECT] 
2026-05-28 16:39:20,112 [ERROR] LogOutputStream:75 - [STDERR_REDIRECT] [Fatal Error] :1:1: Premature end of file.
2026-05-28 16:39:20,112 [ERROR] LogOutputStream:75 - [STDERR_REDIRECT] 
2026-05-28 16:39:21,111 [ERROR] LogOutputStream:75 - [STDERR_REDIRECT] [Fatal Error] :1:1: Premature end of file.
2026-05-28 16:39:21,111 [ERROR] LogOutputStream:75 - [STDERR_REDIRECT] 
2026-05-28 16:39:22,109 [ERROR] LogOutputStream:75 - [STDERR_REDIRECT] [Fatal Error] :1:1: Premature end of file.
2026-05-28 16:39:22,110 [ERROR] LogOutputStream:75 - [STDERR_REDIRECT] 
2026-05-28 16:39:23,124 [ERROR] LogOutputStream:75 - [STDERR_REDIRECT] [Fatal Error] :1:1: Premature end of file.
2026-05-28 16:39:23,124 [ERROR] LogOutputStream:75 - [STDERR_REDIRECT] 
2026-05-28 16:39:24,112 [ERROR] LogOutputStream:75 - [STDERR_REDIRECT] [Fatal Error] :1:1: Premature end of file.
2026-05-28 16:39:24,112 [ERROR] LogOutputStream:75 - [STDERR_REDIRECT] 
2026-05-28 16:39:25,111 [ERROR] LogOutputStream:75 - [STDERR_REDIRECT] [Fatal Error] :1:1: Premature end of file.
2026-05-28 16:39:25,112 [ERROR] LogOutputStream:75 - [STDERR_REDIRECT] 
2026-05-28 16:39:26,112 [ERROR] LogOutputStream:75 - [STDERR_REDIRECT] [Fatal Error] :1:1: Premature end of file.
2026-05-28 16:39:26,112 [ERROR] LogOutputStream:75 - [STDERR_REDIRECT] 
2026-05-28 16:39:27,111 [ERROR] LogOutputStream:75 - [STDERR_REDIRECT] [Fatal Error] :1:1: Premature end of file.
2026-05-28 16:39:27,112 [ERROR] LogOutputStream:75 - [STDERR_REDIRECT] 
2026-05-28 16:39:28,115 [ERROR] LogOutputStream:75 - [STDERR_REDIRECT] [Fatal Error] :1:1: Premature end of file.
2026-05-28 16:39:28,115 [ERROR] LogOutputStream:75 - [STDERR_REDIRECT] 
2026-05-28 16:39:29,109 [ERROR] LogOutputStream:75 - [STDERR_REDIRECT] [Fatal Error] :1:1: Premature end of file.
2026-05-28 16:39:29,109 [ERROR] LogOutputStream:75 - [STDERR_REDIRECT] 
2026-05-28 16:39:30,114 [ERROR] LogOutputStream:75 - [STDERR_REDIRECT] [Fatal Error] :1:1: Premature end of file.
2026-05-28 16:39:30,114 [ERROR] LogOutputStream:75 - [STDERR_REDIRECT] 
2026-05-28 16:39:31,119 [ERROR] LogOutputStream:75 - [STDERR_REDIRECT] [Fatal Error] :1:1: Premature end of file.
2026-05-28 16:39:31,119 [ERROR] LogOutputStream:75 - [STDERR_REDIRECT] 
2026-05-28 16:39:32,114 [ERROR] LogOutputStream:75 - [STDERR_REDIRECT] [Fatal Error] :1:1: Premature end of file.
2026-05-28 16:39:32,114 [ERROR] LogOutputStream:75 - [STDERR_REDIRECT] 
2026-05-28 16:39:33,109 [ERROR] LogOutputStream:75 - [STDERR_REDIRECT] [Fatal Error] :1:1: Premature end of file.
2026-05-28 16:39:33,110 [ERROR] LogOutputStream:75 - [STDERR_REDIRECT] 
2026-05-28 16:39:34,119 [ERROR] LogOutputStream:75 - [STDERR_REDIRECT] [Fatal Error] :1:1: Premature end of file.
2026-05-28 16:39:34,120 [ERROR] LogOutputStream:75 - [STDERR_REDIRECT] 
2026-05-28 16:39:35,103 [ERROR] LogOutputStream:75 - [STDERR_REDIRECT] [Fatal Error] :1:1: Premature end of file.
2026-05-28 16:39:35,104 [ERROR] LogOutputStream:75 - [STDERR_REDIRECT] 
2026-05-28 16:39:36,103 [ERROR] LogOutputStream:75 - [STDERR_REDIRECT] [Fatal Error] :1:1: Premature end of file.
2026-05-28 16:39:36,103 [ERROR] LogOutputStream:75 - [STDERR_REDIRECT] 
2026-05-28 16:39:37,111 [ERROR] LogOutputStream:75 - [STDERR_REDIRECT] [Fatal Error] :1:1: Premature end of file.
2026-05-28 16:39:37,111 [ERROR] LogOutputStream:75 - [STDERR_REDIRECT] 
2026-05-28 16:39:38,122 [ERROR] LogOutputStream:75 - [STDERR_REDIRECT] [Fatal Error] :1:1: Premature end of file.
2026-05-28 16:39:38,122 [ERROR] LogOutputStream:75 - [STDERR_REDIRECT] 
2026-05-28 16:39:39,115 [ERROR] LogOutputStream:75 - [STDERR_REDIRECT] [Fatal Error] :1:1: Premature end of file.
2026-05-28 16:39:39,115 [ERROR] LogOutputStream:75 - [STDERR_REDIRECT] 
2026-05-28 16:39:40,112 [ERROR] LogOutputStream:75 - [STDERR_REDIRECT] [Fatal Error] :1:1: Premature end of file.
2026-05-28 16:39:40,112 [ERROR] LogOutputStream:75 - [STDERR_REDIRECT] 
2026-05-28 16:39:41,151 [ERROR] LogOutputStream:75 - [STDERR_REDIRECT] [Fatal Error] :1:1: Premature end of file.
2026-05-28 16:39:41,153 [ERROR] LogOutputStream:75 - [STDERR_REDIRECT] 
2026-05-28 16:39:42,113 [ERROR] LogOutputStream:75 - [STDERR_REDIRECT] [Fatal Error] :1:1: Premature end of file.
2026-05-28 16:39:42,113 [ERROR] LogOutputStream:75 - [STDERR_REDIRECT] 
2026-05-28 16:39:43,111 [ERROR] LogOutputStream:75 - [STDERR_REDIRECT] [Fatal Error] :1:1: Premature end of file.
2026-05-28 16:39:43,111 [ERROR] LogOutputStream:75 - [STDERR_REDIRECT] 
2026-05-28 16:39:44,108 [ERROR] LogOutputStream:75 - [STDERR_REDIRECT] [Fatal Error] :1:1: Premature end of file.
2026-05-28 16:39:44,108 [ERROR] LogOutputStream:75 - [STDERR_REDIRECT] 
2026-05-28 16:39:45,112 [ERROR] LogOutputStream:75 - [STDERR_REDIRECT] [Fatal Error] :1:1: Premature end of file.
2026-05-28 16:39:45,112 [ERROR] LogOutputStream:75 - [STDERR_REDIRECT] 
2026-05-28 16:39:46,114 [ERROR] LogOutputStream:75 - [STDERR_REDIRECT] [Fatal Error] :1:1: Premature end of file.
2026-05-28 16:39:46,114 [ERROR] LogOutputStream:75 - [STDERR_REDIRECT] 
2026-05-28 16:39:47,109 [ERROR] LogOutputStream:75 - [STDERR_REDIRECT] [Fatal Error] :1:1: Premature end of file.
2026-05-28 16:39:47,109 [ERROR] LogOutputStream:75 - [STDERR_REDIRECT] 
2026-05-28 16:39:48,112 [ERROR] LogOutputStream:75 - [STDERR_REDIRECT] [Fatal Error] :1:1: Premature end of file.
2026-05-28 16:39:48,112 [ERROR] LogOutputStream:75 - [STDERR_REDIRECT] 
2026-05-28 16:39:49,113 [ERROR] LogOutputStream:75 - [STDERR_REDIRECT] [Fatal Error] :1:1: Premature end of file.
2026-05-28 16:39:49,114 [ERROR] LogOutputStream:75 - [STDERR_REDIRECT] 
2026-05-28 16:39:50,110 [ERROR] LogOutputStream:75 - [STDERR_REDIRECT] [Fatal Error] :1:1: Premature end of file.
2026-05-28 16:39:50,110 [ERROR] LogOutputStream:75 - [STDERR_REDIRECT] 
2026-05-28 16:39:51,120 [ERROR] LogOutputStream:75 - [STDERR_REDIRECT] [Fatal Error] :1:1: Premature end of file.
2026-05-28 16:39:51,120 [ERROR] LogOutputStream:75 - [STDERR_REDIRECT] 
2026-05-28 16:39:52,110 [ERROR] LogOutputStream:75 - [STDERR_REDIRECT] [Fatal Error] :1:1: Premature end of file.
2026-05-28 16:39:52,110 [ERROR] LogOutputStream:75 - [STDERR_REDIRECT] 
2026-05-28 16:39:53,110 [ERROR] LogOutputStream:75 - [STDERR_REDIRECT] [Fatal Error] :1:1: Premature end of file.
2026-05-28 16:39:53,110 [ERROR] LogOutputStream:75 - [STDERR_REDIRECT] 
2026-05-28 16:39:54,111 [ERROR] LogOutputStream:75 - [STDERR_REDIRECT] [Fatal Error] :1:1: Premature end of file.
2026-05-28 16:39:54,113 [ERROR] LogOutputStream:75 - [STDERR_REDIRECT] 
2026-05-28 16:39:55,112 [ERROR] LogOutputStream:75 - [STDERR_REDIRECT] [Fatal Error] :1:1: Premature end of file.
2026-05-28 16:39:55,112 [ERROR] LogOutputStream:75 - [STDERR_REDIRECT] 
2026-05-28 16:39:56,111 [ERROR] LogOutputStream:75 - [STDERR_REDIRECT] [Fatal Error] :1:1: Premature end of file.
2026-05-28 16:39:56,111 [ERROR] LogOutputStream:75 - [STDERR_REDIRECT] 
2026-05-28 16:39:57,109 [ERROR] LogOutputStream:75 - [STDERR_REDIRECT] [Fatal Error] :1:1: Premature end of file.
2026-05-28 16:39:57,109 [ERROR] LogOutputStream:75 - [STDERR_REDIRECT] 
2026-05-28 16:39:58,116 [ERROR] LogOutputStream:75 - [STDERR_REDIRECT] [Fatal Error] :1:1: Premature end of file.
2026-05-28 16:39:58,116 [ERROR] LogOutputStream:75 - [STDERR_REDIRECT] 
2026-05-28 16:39:59,110 [ERROR] LogOutputStream:75 - [STDERR_REDIRECT] [Fatal Error] :1:1: Premature end of file.
2026-05-28 16:39:59,110 [ERROR] LogOutputStream:75 - [STDERR_REDIRECT] 
2026-05-28 16:40:00,111 [ERROR] LogOutputStream:75 - [STDERR_REDIRECT] [Fatal Error] :1:1: Premature end of file.
2026-05-28 16:40:00,112 [ERROR] LogOutputStream:75 - [STDERR_REDIRECT] 
2026-05-28 16:40:01,119 [ERROR] LogOutputStream:75 - [STDERR_REDIRECT] [Fatal Error] :1:1: Premature end of file.
2026-05-28 16:40:01,119 [ERROR] LogOutputStream:75 - [STDERR_REDIRECT] 
2026-05-28 16:40:02,106 [ERROR] LogOutputStream:75 - [STDERR_REDIRECT] [Fatal Error] :1:1: Premature end of file.
2026-05-28 16:40:02,106 [ERROR] LogOutputStream:75 - [STDERR_REDIRECT] 
2026-05-28 16:40:03,109 [ERROR] LogOutputStream:75 - [STDERR_REDIRECT] [Fatal Error] :1:1: Premature end of file.
2026-05-28 16:40:03,109 [ERROR] LogOutputStream:75 - [STDERR_REDIRECT] 
2026-05-28 16:40:04,137 [ERROR] LogOutputStream:75 - [STDERR_REDIRECT] [Fatal Error] :1:1: Premature end of file.
2026-05-28 16:40:04,138 [ERROR] LogOutputStream:75 - [STDERR_REDIRECT] 
2026-05-28 16:40:05,112 [ERROR] LogOutputStream:75 - [STDERR_REDIRECT] [Fatal Error] :1:1: Premature end of file.
2026-05-28 16:40:05,112 [ERROR] LogOutputStream:75 - [STDERR_REDIRECT] 
2026-05-28 16:40:06,108 [ERROR] LogOutputStream:75 - [STDERR_REDIRECT] [Fatal Error] :1:1: Premature end of file.
2026-05-28 16:40:06,108 [ERROR] LogOutputStream:75 - [STDERR_REDIRECT] 
2026-05-28 16:40:07,115 [ERROR] LogOutputStream:75 - [STDERR_REDIRECT] [Fatal Error] :1:1: Premature end of file.
2026-05-28 16:40:07,115 [ERROR] LogOutputStream:75 - [STDERR_REDIRECT] 
2026-05-28 16:40:08,115 [ERROR] LogOutputStream:75 - [STDERR_REDIRECT] [Fatal Error] :1:1: Premature end of file.
2026-05-28 16:40:08,115 [ERROR] LogOutputStream:75 - [STDERR_REDIRECT] 
2026-05-28 16:40:09,112 [ERROR] LogOutputStream:75 - [STDERR_REDIRECT] [Fatal Error] :1:1: Premature end of file.
2026-05-28 16:40:09,112 [ERROR] LogOutputStream:75 - [STDERR_REDIRECT] 
2026-05-28 16:40:10,114 [ERROR] LogOutputStream:75 - [STDERR_REDIRECT] [Fatal Error] :1:1: Premature end of file.
2026-05-28 16:40:10,114 [ERROR] LogOutputStream:75 - [STDERR_REDIRECT] 
2026-05-28 16:40:11,112 [ERROR] LogOutputStream:75 - [STDERR_REDIRECT] [Fatal Error] :1:1: Premature end of file.
2026-05-28 16:40:11,113 [ERROR] LogOutputStream:75 - [STDERR_REDIRECT] 
2026-05-28 16:40:12,108 [ERROR] LogOutputStream:75 - [STDERR_REDIRECT] [Fatal Error] :1:1: Premature end of file.
2026-05-28 16:40:12,109 [ERROR] LogOutputStream:75 - [STDERR_REDIRECT] 
2026-05-28 16:40:13,113 [ERROR] LogOutputStream:75 - [STDERR_REDIRECT] [Fatal Error] :1:1: Premature end of file.
2026-05-28 16:40:13,113 [ERROR] LogOutputStream:75 - [STDERR_REDIRECT] 
2026-05-28 16:40:14,099 [ERROR] LogOutputStream:75 - [STDERR_REDIRECT] [Fatal Error] :1:1: Premature end of file.
2026-05-28 16:40:14,099 [ERROR] LogOutputStream:75 - [STDERR_REDIRECT] 
2026-05-28 16:40:15,109 [ERROR] LogOutputStream:75 - [STDERR_REDIRECT] [Fatal Error] :1:1: Premature end of file.
2026-05-28 16:40:15,110 [ERROR] LogOutputStream:75 - [STDERR_REDIRECT] 
2026-05-28 16:40:16,109 [ERROR] LogOutputStream:75 - [STDERR_REDIRECT] [Fatal Error] :1:1: Premature end of file.
2026-05-28 16:40:16,110 [ERROR] LogOutputStream:75 - [STDERR_REDIRECT] 
2026-05-28 16:40:17,111 [ERROR] LogOutputStream:75 - [STDERR_REDIRECT] [Fatal Error] :1:1: Premature end of file.
2026-05-28 16:40:17,112 [ERROR] LogOutputStream:75 - [STDERR_REDIRECT] 
2026-05-28 16:40:18,109 [ERROR] LogOutputStream:75 - [STDERR_REDIRECT] [Fatal Error] :1:1: Premature end of file.
2026-05-28 16:40:18,109 [ERROR] LogOutputStream:75 - [STDERR_REDIRECT] 
2026-05-28 16:40:19,111 [ERROR] LogOutputStream:75 - [STDERR_REDIRECT] [Fatal Error] :1:1: Premature end of file.
2026-05-28 16:40:19,112 [ERROR] LogOutputStream:75 - [STDERR_REDIRECT] 
2026-05-28 16:40:20,109 [ERROR] LogOutputStream:75 - [STDERR_REDIRECT] [Fatal Error] :1:1: Premature end of file.
2026-05-28 16:40:20,110 [ERROR] LogOutputStream:75 - [STDERR_REDIRECT] 
2026-05-28 16:40:21,118 [ERROR] LogOutputStream:75 - [STDERR_REDIRECT] [Fatal Error] :1:1: Premature end of file.
2026-05-28 16:40:21,119 [ERROR] LogOutputStream:75 - [STDERR_REDIRECT] 
2026-05-28 16:40:22,127 [ERROR] LogOutputStream:75 - [STDERR_REDIRECT] [Fatal Error] :1:1: Premature end of file.
2026-05-28 16:40:22,128 [ERROR] LogOutputStream:75 - [STDERR_REDIRECT] 
2026-05-28 16:40:23,102 [ERROR] LogOutputStream:75 - [STDERR_REDIRECT] [Fatal Error] :1:1: Premature end of file.
2026-05-28 16:40:23,102 [ERROR] LogOutputStream:75 - [STDERR_REDIRECT] 
2026-05-28 16:40:24,108 [ERROR] LogOutputStream:75 - [STDERR_REDIRECT] [Fatal Error] :1:1: Premature end of file.
2026-05-28 16:40:24,108 [ERROR] LogOutputStream:75 - [STDERR_REDIRECT] 
2026-05-28 16:40:25,106 [ERROR] LogOutputStream:75 - [STDERR_REDIRECT] [Fatal Error] :1:1: Premature end of file.
2026-05-28 16:40:25,106 [ERROR] LogOutputStream:75 - [STDERR_REDIRECT] 
2026-05-28 16:40:26,109 [ERROR] LogOutputStream:75 - [STDERR_REDIRECT] [Fatal Error] :1:1: Premature end of file.
2026-05-28 16:40:26,109 [ERROR] LogOutputStream:75 - [STDERR_REDIRECT] 
2026-05-28 16:40:27,127 [ERROR] LogOutputStream:75 - [STDERR_REDIRECT] [Fatal Error] :1:1: Premature end of file.
2026-05-28 16:40:27,128 [ERROR] LogOutputStream:75 - [STDERR_REDIRECT] 
2026-05-28 16:40:28,111 [ERROR] LogOutputStream:75 - [STDERR_REDIRECT] [Fatal Error] :1:1: Premature end of file.
2026-05-28 16:40:28,111 [ERROR] LogOutputStream:75 - [STDERR_REDIRECT] 
2026-05-28 16:40:29,114 [ERROR] LogOutputStream:75 - [STDERR_REDIRECT] [Fatal Error] :1:1: Premature end of file.
2026-05-28 16:40:29,114 [ERROR] LogOutputStream:75 - [STDERR_REDIRECT] 
2026-05-28 16:40:30,112 [ERROR] LogOutputStream:75 - [STDERR_REDIRECT] [Fatal Error] :1:1: Premature end of file.
2026-05-28 16:40:30,112 [ERROR] LogOutputStream:75 - [STDERR_REDIRECT] 
2026-05-28 16:40:31,128 [ERROR] LogOutputStream:75 - [STDERR_REDIRECT] [Fatal Error] :1:1: Premature end of file.
2026-05-28 16:40:31,128 [ERROR] LogOutputStream:75 - [STDERR_REDIRECT] 
2026-05-28 16:40:32,111 [ERROR] LogOutputStream:75 - [STDERR_REDIRECT] [Fatal Error] :1:1: Premature end of file.
2026-05-28 16:40:32,111 [ERROR] LogOutputStream:75 - [STDERR_REDIRECT] 
2026-05-28 16:40:33,113 [ERROR] LogOutputStream:75 - [STDERR_REDIRECT] [Fatal Error] :1:1: Premature end of file.
2026-05-28 16:40:33,113 [ERROR] LogOutputStream:75 - [STDERR_REDIRECT] 
2026-05-28 16:40:34,113 [ERROR] LogOutputStream:75 - [STDERR_REDIRECT] [Fatal Error] :1:1: Premature end of file.
2026-05-28 16:40:34,113 [ERROR] LogOutputStream:75 - [STDERR_REDIRECT] 
2026-05-28 16:40:35,113 [ERROR] LogOutputStream:75 - [STDERR_REDIRECT] [Fatal Error] :1:1: Premature end of file.
2026-05-28 16:40:35,113 [ERROR] LogOutputStream:75 - [STDERR_REDIRECT] 
2026-05-28 16:40:36,107 [ERROR] LogOutputStream:75 - [STDERR_REDIRECT] [Fatal Error] :1:1: Premature end of file.
2026-05-28 16:40:36,107 [ERROR] LogOutputStream:75 - [STDERR_REDIRECT] 
2026-05-28 16:40:37,102 [ERROR] LogOutputStream:75 - [STDERR_REDIRECT] [Fatal Error] :1:1: Premature end of file.
2026-05-28 16:40:37,102 [ERROR] LogOutputStream:75 - [STDERR_REDIRECT] 
2026-05-28 16:40:38,112 [ERROR] LogOutputStream:75 - [STDERR_REDIRECT] [Fatal Error] :1:1: Premature end of file.
2026-05-28 16:40:38,112 [ERROR] LogOutputStream:75 - [STDERR_REDIRECT] 
2026-05-28 16:40:39,113 [ERROR] LogOutputStream:75 - [STDERR_REDIRECT] [Fatal Error] :1:1: Premature end of file.
2026-05-28 16:40:39,113 [ERROR] LogOutputStream:75 - [STDERR_REDIRECT] 
2026-05-28 16:40:40,109 [ERROR] LogOutputStream:75 - [STDERR_REDIRECT] [Fatal Error] :1:1: Premature end of file.
2026-05-28 16:40:40,109 [ERROR] LogOutputStream:75 - [STDERR_REDIRECT] 
2026-05-28 16:40:41,110 [ERROR] LogOutputStream:75 - [STDERR_REDIRECT] [Fatal Error] :1:1: Premature end of file.
2026-05-28 16:40:41,110 [ERROR] LogOutputStream:75 - [STDERR_REDIRECT] 
2026-05-28 16:40:42,114 [ERROR] LogOutputStream:75 - [STDERR_REDIRECT] [Fatal Error] :1:1: Premature end of file.
2026-05-28 16:40:42,115 [ERROR] LogOutputStream:75 - [STDERR_REDIRECT] 
2026-05-28 16:40:43,113 [ERROR] LogOutputStream:75 - [STDERR_REDIRECT] [Fatal Error] :1:1: Premature end of file.
2026-05-28 16:40:43,113 [ERROR] LogOutputStream:75 - [STDERR_REDIRECT] 
2026-05-28 16:40:44,112 [ERROR] LogOutputStream:75 - [STDERR_REDIRECT] [Fatal Error] :1:1: Premature end of file.
2026-05-28 16:40:44,112 [ERROR] LogOutputStream:75 - [STDERR_REDIRECT] 
2026-05-28 16:40:45,116 [ERROR] LogOutputStream:75 - [STDERR_REDIRECT] [Fatal Error] :1:1: Premature end of file.
2026-05-28 16:40:45,116 [ERROR] LogOutputStream:75 - [STDERR_REDIRECT] 
2026-05-28 16:40:46,157 [ERROR] LogOutputStream:75 - [STDERR_REDIRECT] [Fatal Error] :1:1: Premature end of file.
2026-05-28 16:40:46,157 [ERROR] LogOutputStream:75 - [STDERR_REDIRECT] 
2026-05-28 16:40:47,120 [ERROR] LogOutputStream:75 - [STDERR_REDIRECT] [Fatal Error] :1:1: Premature end of file.
2026-05-28 16:40:47,120 [ERROR] LogOutputStream:75 - [STDERR_REDIRECT] 
2026-05-28 16:40:48,113 [ERROR] LogOutputStream:75 - [STDERR_REDIRECT] [Fatal Error] :1:1: Premature end of file.
2026-05-28 16:40:48,114 [ERROR] LogOutputStream:75 - [STDERR_REDIRECT] 
2026-05-28 16:40:49,111 [ERROR] LogOutputStream:75 - [STDERR_REDIRECT] [Fatal Error] :1:1: Premature end of file.
2026-05-28 16:40:49,111 [ERROR] LogOutputStream:75 - [STDERR_REDIRECT] 
2026-05-28 16:40:50,111 [ERROR] LogOutputStream:75 - [STDERR_REDIRECT] [Fatal Error] :1:1: Premature end of file.
2026-05-28 16:40:50,112 [ERROR] LogOutputStream:75 - [STDERR_REDIRECT] 
2026-05-28 16:40:51,112 [ERROR] LogOutputStream:75 - [STDERR_REDIRECT] [Fatal Error] :1:1: Premature end of file.
2026-05-28 16:40:51,113 [ERROR] LogOutputStream:75 - [STDERR_REDIRECT] 
2026-05-28 16:40:52,113 [ERROR] LogOutputStream:75 - [STDERR_REDIRECT] [Fatal Error] :1:1: Premature end of file.
2026-05-28 16:40:52,113 [ERROR] LogOutputStream:75 - [STDERR_REDIRECT] 
2026-05-28 16:40:53,130 [ERROR] LogOutputStream:75 - [STDERR_REDIRECT] [Fatal Error] :1:1: Premature end of file.
2026-05-28 16:40:53,130 [ERROR] LogOutputStream:75 - [STDERR_REDIRECT] 
2026-05-28 16:40:54,109 [ERROR] LogOutputStream:75 - [STDERR_REDIRECT] [Fatal Error] :1:1: Premature end of file.
2026-05-28 16:40:54,110 [ERROR] LogOutputStream:75 - [STDERR_REDIRECT] 
2026-05-28 16:40:55,107 [ERROR] LogOutputStream:75 - [STDERR_REDIRECT] [Fatal Error] :1:1: Premature end of file.
2026-05-28 16:40:55,108 [ERROR] LogOutputStream:75 - [STDERR_REDIRECT] 
2026-05-28 16:40:56,113 [ERROR] LogOutputStream:75 - [STDERR_REDIRECT] [Fatal Error] :1:1: Premature end of file.
2026-05-28 16:40:56,113 [ERROR] LogOutputStream:75 - [STDERR_REDIRECT] 
2026-05-28 16:40:57,117 [ERROR] LogOutputStream:75 - [STDERR_REDIRECT] [Fatal Error] :1:1: Premature end of file.
2026-05-28 16:40:57,118 [ERROR] LogOutputStream:75 - [STDERR_REDIRECT] 
2026-05-28 16:40:58,116 [ERROR] LogOutputStream:75 - [STDERR_REDIRECT] [Fatal Error] :1:1: Premature end of file.
2026-05-28 16:40:58,116 [ERROR] LogOutputStream:75 - [STDERR_REDIRECT] 
2026-05-28 16:40:59,114 [ERROR] LogOutputStream:75 - [STDERR_REDIRECT] [Fatal Error] :1:1: Premature end of file.
2026-05-28 16:40:59,114 [ERROR] LogOutputStream:75 - [STDERR_REDIRECT] 
2026-05-28 16:41:00,110 [ERROR] LogOutputStream:75 - [STDERR_REDIRECT] [Fatal Error] :1:1: Premature end of file.
2026-05-28 16:41:00,110 [ERROR] LogOutputStream:75 - [STDERR_REDIRECT] 
2026-05-28 16:41:01,113 [ERROR] LogOutputStream:75 - [STDERR_REDIRECT] [Fatal Error] :1:1: Premature end of file.
2026-05-28 16:41:01,113 [ERROR] LogOutputStream:75 - [STDERR_REDIRECT] 
2026-05-28 16:41:02,113 [ERROR] LogOutputStream:75 - [STDERR_REDIRECT] [Fatal Error] :1:1: Premature end of file.
2026-05-28 16:41:02,113 [ERROR] LogOutputStream:75 - [STDERR_REDIRECT] 
2026-05-28 16:41:03,110 [ERROR] LogOutputStream:75 - [STDERR_REDIRECT] [Fatal Error] :1:1: Premature end of file.
2026-05-28 16:41:03,110 [ERROR] LogOutputStream:75 - [STDERR_REDIRECT] 
2026-05-28 16:41:04,113 [ERROR] LogOutputStream:75 - [STDERR_REDIRECT] [Fatal Error] :1:1: Premature end of file.
2026-05-28 16:41:04,113 [ERROR] LogOutputStream:75 - [STDERR_REDIRECT] 
2026-05-28 16:41:05,111 [ERROR] LogOutputStream:75 - [STDERR_REDIRECT] [Fatal Error] :1:1: Premature end of file.
2026-05-28 16:41:05,112 [ERROR] LogOutputStream:75 - [STDERR_REDIRECT] 
2026-05-28 16:41:06,114 [ERROR] LogOutputStream:75 - [STDERR_REDIRECT] [Fatal Error] :1:1: Premature end of file.
2026-05-28 16:41:06,114 [ERROR] LogOutputStream:75 - [STDERR_REDIRECT] 
2026-05-28 16:41:07,138 [ERROR] LogOutputStream:75 - [STDERR_REDIRECT] [Fatal Error] :1:1: Premature end of file.
2026-05-28 16:41:07,138 [ERROR] LogOutputStream:75 - [STDERR_REDIRECT] 
2026-05-28 16:41:08,111 [ERROR] LogOutputStream:75 - [STDERR_REDIRECT] [Fatal Error] :1:1: Premature end of file.
2026-05-28 16:41:08,111 [ERROR] LogOutputStream:75 - [STDERR_REDIRECT] 
2026-05-28 16:41:09,110 [ERROR] LogOutputStream:75 - [STDERR_REDIRECT] [Fatal Error] :1:1: Premature end of file.
2026-05-28 16:41:09,110 [ERROR] LogOutputStream:75 - [STDERR_REDIRECT] 
2026-05-28 16:41:10,111 [ERROR] LogOutputStream:75 - [STDERR_REDIRECT] [Fatal Error] :1:1: Premature end of file.
2026-05-28 16:41:10,111 [ERROR] LogOutputStream:75 - [STDERR_REDIRECT] 
2026-05-28 16:41:11,111 [ERROR] LogOutputStream:75 - [STDERR_REDIRECT] [Fatal Error] :1:1: Premature end of file.
2026-05-28 16:41:11,111 [ERROR] LogOutputStream:75 - [STDERR_REDIRECT] 
2026-05-28 16:41:12,110 [ERROR] LogOutputStream:75 - [STDERR_REDIRECT] [Fatal Error] :1:1: Premature end of file.
2026-05-28 16:41:12,111 [ERROR] LogOutputStream:75 - [STDERR_REDIRECT] 
2026-05-28 16:41:13,112 [ERROR] LogOutputStream:75 - [STDERR_REDIRECT] [Fatal Error] :1:1: Premature end of file.
2026-05-28 16:41:13,112 [ERROR] LogOutputStream:75 - [STDERR_REDIRECT] 
2026-05-28 16:41:14,118 [ERROR] LogOutputStream:75 - [STDERR_REDIRECT] [Fatal Error] :1:1: Premature end of file.
2026-05-28 16:41:14,118 [ERROR] LogOutputStream:75 - [STDERR_REDIRECT] 
2026-05-28 16:41:15,110 [ERROR] LogOutputStream:75 - [STDERR_REDIRECT] [Fatal Error] :1:1: Premature end of file.
2026-05-28 16:41:15,110 [ERROR] LogOutputStream:75 - [STDERR_REDIRECT] 
2026-05-28 16:41:16,113 [ERROR] LogOutputStream:75 - [STDERR_REDIRECT] [Fatal Error] :1:1: Premature end of file.
2026-05-28 16:41:16,113 [ERROR] LogOutputStream:75 - [STDERR_REDIRECT] 
2026-05-28 16:41:17,107 [ERROR] LogOutputStream:75 - [STDERR_REDIRECT] [Fatal Error] :1:1: Premature end of file.
2026-05-28 16:41:17,107 [ERROR] LogOutputStream:75 - [STDERR_REDIRECT] 
2026-05-28 16:41:18,111 [ERROR] LogOutputStream:75 - [STDERR_REDIRECT] [Fatal Error] :1:1: Premature end of file.
2026-05-28 16:41:18,112 [ERROR] LogOutputStream:75 - [STDERR_REDIRECT] 
2026-05-28 16:41:19,110 [ERROR] LogOutputStream:75 - [STDERR_REDIRECT] [Fatal Error] :1:1: Premature end of file.
2026-05-28 16:41:19,110 [ERROR] LogOutputStream:75 - [STDERR_REDIRECT] 
2026-05-28 16:41:20,109 [ERROR] LogOutputStream:75 - [STDERR_REDIRECT] [Fatal Error] :1:1: Premature end of file.
2026-05-28 16:41:20,109 [ERROR] LogOutputStream:75 - [STDERR_REDIRECT] 
2026-05-28 16:41:21,110 [ERROR] LogOutputStream:75 - [STDERR_REDIRECT] [Fatal Error] :1:1: Premature end of file.
2026-05-28 16:41:21,110 [ERROR] LogOutputStream:75 - [STDERR_REDIRECT] 
2026-05-28 16:41:22,113 [ERROR] LogOutputStream:75 - [STDERR_REDIRECT] [Fatal Error] :1:1: Premature end of file.
2026-05-28 16:41:22,113 [ERROR] LogOutputStream:75 - [STDERR_REDIRECT] 
2026-05-28 16:41:23,110 [ERROR] LogOutputStream:75 - [STDERR_REDIRECT] [Fatal Error] :1:1: Premature end of file.
2026-05-28 16:41:23,110 [ERROR] LogOutputStream:75 - [STDERR_REDIRECT] 
2026-05-28 16:41:24,110 [ERROR] LogOutputStream:75 - [STDERR_REDIRECT] [Fatal Error] :1:1: Premature end of file.
2026-05-28 16:41:24,110 [ERROR] LogOutputStream:75 - [STDERR_REDIRECT] 
2026-05-28 16:41:25,108 [ERROR] LogOutputStream:75 - [STDERR_REDIRECT] [Fatal Error] :1:1: Premature end of file.
2026-05-28 16:41:25,108 [ERROR] LogOutputStream:75 - [STDERR_REDIRECT] 
2026-05-28 16:41:26,109 [ERROR] LogOutputStream:75 - [STDERR_REDIRECT] [Fatal Error] :1:1: Premature end of file.
2026-05-28 16:41:26,109 [ERROR] LogOutputStream:75 - [STDERR_REDIRECT] 
2026-05-28 16:41:27,114 [ERROR] LogOutputStream:75 - [STDERR_REDIRECT] [Fatal Error] :1:1: Premature end of file.
2026-05-28 16:41:27,114 [ERROR] LogOutputStream:75 - [STDERR_REDIRECT] 
2026-05-28 16:41:28,110 [ERROR] LogOutputStream:75 - [STDERR_REDIRECT] [Fatal Error] :1:1: Premature end of file.
2026-05-28 16:41:28,110 [ERROR] LogOutputStream:75 - [STDERR_REDIRECT] 
2026-05-28 16:41:29,140 [ERROR] LogOutputStream:75 - [STDERR_REDIRECT] [Fatal Error] :1:1: Premature end of file.
2026-05-28 16:41:29,140 [ERROR] LogOutputStream:75 - [STDERR_REDIRECT] 
2026-05-28 16:41:30,110 [ERROR] LogOutputStream:75 - [STDERR_REDIRECT] [Fatal Error] :1:1: Premature end of file.
2026-05-28 16:41:30,110 [ERROR] LogOutputStream:75 - [STDERR_REDIRECT] 
2026-05-28 16:41:31,111 [ERROR] LogOutputStream:75 - [STDERR_REDIRECT] [Fatal Error] :1:1: Premature end of file.
2026-05-28 16:41:31,111 [ERROR] LogOutputStream:75 - [STDERR_REDIRECT] 
2026-05-28 16:41:32,108 [ERROR] LogOutputStream:75 - [STDERR_REDIRECT] [Fatal Error] :1:1: Premature end of file.
2026-05-28 16:41:32,109 [ERROR] LogOutputStream:75 - [STDERR_REDIRECT] 
2026-05-28 16:41:33,110 [ERROR] LogOutputStream:75 - [STDERR_REDIRECT] [Fatal Error] :1:1: Premature end of file.
2026-05-28 16:41:33,110 [ERROR] LogOutputStream:75 - [STDERR_REDIRECT] 
2026-05-28 16:41:34,117 [ERROR] LogOutputStream:75 - [STDERR_REDIRECT] [Fatal Error] :1:1: Premature end of file.
2026-05-28 16:41:34,118 [ERROR] LogOutputStream:75 - [STDERR_REDIRECT] 
2026-05-28 16:41:35,109 [ERROR] LogOutputStream:75 - [STDERR_REDIRECT] [Fatal Error] :1:1: Premature end of file.
2026-05-28 16:41:35,109 [ERROR] LogOutputStream:75 - [STDERR_REDIRECT] 
2026-05-28 16:41:36,109 [ERROR] LogOutputStream:75 - [STDERR_REDIRECT] [Fatal Error] :1:1: Premature end of file.
2026-05-28 16:41:36,109 [ERROR] LogOutputStream:75 - [STDERR_REDIRECT] 
2026-05-28 16:41:37,112 [ERROR] LogOutputStream:75 - [STDERR_REDIRECT] [Fatal Error] :1:1: Premature end of file.
2026-05-28 16:41:37,112 [ERROR] LogOutputStream:75 - [STDERR_REDIRECT] 
2026-05-28 16:41:38,111 [ERROR] LogOutputStream:75 - [STDERR_REDIRECT] [Fatal Error] :1:1: Premature end of file.
2026-05-28 16:41:38,111 [ERROR] LogOutputStream:75 - [STDERR_REDIRECT] 
2026-05-28 16:41:39,108 [ERROR] LogOutputStream:75 - [STDERR_REDIRECT] [Fatal Error] :1:1: Premature end of file.
2026-05-28 16:41:39,108 [ERROR] LogOutputStream:75 - [STDERR_REDIRECT] 
2026-05-28 16:41:40,110 [ERROR] LogOutputStream:75 - [STDERR_REDIRECT] [Fatal Error] :1:1: Premature end of file.
2026-05-28 16:41:40,110 [ERROR] LogOutputStream:75 - [STDERR_REDIRECT] 
2026-05-28 16:41:41,115 [ERROR] LogOutputStream:75 - [STDERR_REDIRECT] [Fatal Error] :1:1: Premature end of file.
2026-05-28 16:41:41,115 [ERROR] LogOutputStream:75 - [STDERR_REDIRECT] 
2026-05-28 16:41:42,111 [ERROR] LogOutputStream:75 - [STDERR_REDIRECT] [Fatal Error] :1:1: Premature end of file.
2026-05-28 16:41:42,111 [ERROR] LogOutputStream:75 - [STDERR_REDIRECT] 
2026-05-28 16:41:43,114 [ERROR] LogOutputStream:75 - [STDERR_REDIRECT] [Fatal Error] :1:1: Premature end of file.
2026-05-28 16:41:43,114 [ERROR] LogOutputStream:75 - [STDERR_REDIRECT] 
2026-05-28 16:41:44,113 [ERROR] LogOutputStream:75 - [STDERR_REDIRECT] [Fatal Error] :1:1: Premature end of file.
2026-05-28 16:41:44,114 [ERROR] LogOutputStream:75 - [STDERR_REDIRECT] 
2026-05-28 16:41:45,115 [ERROR] LogOutputStream:75 - [STDERR_REDIRECT] [Fatal Error] :1:1: Premature end of file.
2026-05-28 16:41:45,116 [ERROR] LogOutputStream:75 - [STDERR_REDIRECT] 
2026-05-28 16:41:46,110 [ERROR] LogOutputStream:75 - [STDERR_REDIRECT] [Fatal Error] :1:1: Premature end of file.
2026-05-28 16:41:46,110 [ERROR] LogOutputStream:75 - [STDERR_REDIRECT] 
2026-05-28 16:41:47,110 [ERROR] LogOutputStream:75 - [STDERR_REDIRECT] [Fatal Error] :1:1: Premature end of file.
2026-05-28 16:41:47,110 [ERROR] LogOutputStream:75 - [STDERR_REDIRECT] 
2026-05-28 16:41:48,109 [ERROR] LogOutputStream:75 - [STDERR_REDIRECT] [Fatal Error] :1:1: Premature end of file.
2026-05-28 16:41:48,109 [ERROR] LogOutputStream:75 - [STDERR_REDIRECT] 
2026-05-28 16:41:49,110 [ERROR] LogOutputStream:75 - [STDERR_REDIRECT] [Fatal Error] :1:1: Premature end of file.
2026-05-28 16:41:49,110 [ERROR] LogOutputStream:75 - [STDERR_REDIRECT] 
2026-05-28 16:41:50,113 [ERROR] LogOutputStream:75 - [STDERR_REDIRECT] [Fatal Error] :1:1: Premature end of file.
2026-05-28 16:41:50,113 [ERROR] LogOutputStream:75 - [STDERR_REDIRECT] 
2026-05-28 16:41:51,109 [ERROR] LogOutputStream:75 - [STDERR_REDIRECT] [Fatal Error] :1:1: Premature end of file.
2026-05-28 16:41:51,109 [ERROR] LogOutputStream:75 - [STDERR_REDIRECT] 
2026-05-28 16:41:52,109 [ERROR] LogOutputStream:75 - [STDERR_REDIRECT] [Fatal Error] :1:1: Premature end of file.
2026-05-28 16:41:52,109 [ERROR] LogOutputStream:75 - [STDERR_REDIRECT] 
2026-05-28 16:41:53,112 [ERROR] LogOutputStream:75 - [STDERR_REDIRECT] [Fatal Error] :1:1: Premature end of file.
2026-05-28 16:41:53,113 [ERROR] LogOutputStream:75 - [STDERR_REDIRECT] 
2026-05-28 16:41:54,114 [ERROR] LogOutputStream:75 - [STDERR_REDIRECT] [Fatal Error] :1:1: Premature end of file.
2026-05-28 16:41:54,114 [ERROR] LogOutputStream:75 - [STDERR_REDIRECT] 
2026-05-28 16:41:55,113 [ERROR] LogOutputStream:75 - [STDERR_REDIRECT] [Fatal Error] :1:1: Premature end of file.
2026-05-28 16:41:55,113 [ERROR] LogOutputStream:75 - [STDERR_REDIRECT] 
2026-05-28 16:41:56,112 [ERROR] LogOutputStream:75 - [STDERR_REDIRECT] [Fatal Error] :1:1: Premature end of file.
2026-05-28 16:41:56,112 [ERROR] LogOutputStream:75 - [STDERR_REDIRECT] 
2026-05-28 16:41:57,114 [ERROR] LogOutputStream:75 - [STDERR_REDIRECT] [Fatal Error] :1:1: Premature end of file.
2026-05-28 16:41:57,114 [ERROR] LogOutputStream:75 - [STDERR_REDIRECT] 
2026-05-28 16:41:58,113 [ERROR] LogOutputStream:75 - [STDERR_REDIRECT] [Fatal Error] :1:1: Premature end of file.
2026-05-28 16:41:58,113 [ERROR] LogOutputStream:75 - [STDERR_REDIRECT] 
2026-05-28 16:41:59,108 [ERROR] LogOutputStream:75 - [STDERR_REDIRECT] [Fatal Error] :1:1: Premature end of file.
2026-05-28 16:41:59,108 [ERROR] LogOutputStream:75 - [STDERR_REDIRECT] 
2026-05-28 16:42:00,143 [ERROR] LogOutputStream:75 - [STDERR_REDIRECT] [Fatal Error] :1:1: Premature end of file.
2026-05-28 16:42:00,144 [ERROR] LogOutputStream:75 - [STDERR_REDIRECT] 
2026-05-28 16:42:01,122 [ERROR] LogOutputStream:75 - [STDERR_REDIRECT] [Fatal Error] :1:1: Premature end of file.
2026-05-28 16:42:01,122 [ERROR] LogOutputStream:75 - [STDERR_REDIRECT] 
2026-05-28 16:42:02,105 [ERROR] LogOutputStream:75 - [STDERR_REDIRECT] [Fatal Error] :1:1: Premature end of file.
2026-05-28 16:42:02,105 [ERROR] LogOutputStream:75 - [STDERR_REDIRECT] 
2026-05-28 16:42:03,109 [ERROR] LogOutputStream:75 - [STDERR_REDIRECT] [Fatal Error] :1:1: Premature end of file.
2026-05-28 16:42:03,110 [ERROR] LogOutputStream:75 - [STDERR_REDIRECT] 
2026-05-28 16:42:04,114 [ERROR] LogOutputStream:75 - [STDERR_REDIRECT] [Fatal Error] :1:1: Premature end of file.
2026-05-28 16:42:04,114 [ERROR] LogOutputStream:75 - [STDERR_REDIRECT] 
2026-05-28 16:42:05,115 [ERROR] LogOutputStream:75 - [STDERR_REDIRECT] [Fatal Error] :1:1: Premature end of file.
2026-05-28 16:42:05,115 [ERROR] LogOutputStream:75 - [STDERR_REDIRECT] 
2026-05-28 16:42:06,114 [ERROR] LogOutputStream:75 - [STDERR_REDIRECT] [Fatal Error] :1:1: Premature end of file.
2026-05-28 16:42:06,115 [ERROR] LogOutputStream:75 - [STDERR_REDIRECT] 
2026-05-28 16:42:07,115 [ERROR] LogOutputStream:75 - [STDERR_REDIRECT] [Fatal Error] :1:1: Premature end of file.
2026-05-28 16:42:07,115 [ERROR] LogOutputStream:75 - [STDERR_REDIRECT] 
2026-05-28 16:42:08,111 [ERROR] LogOutputStream:75 - [STDERR_REDIRECT] [Fatal Error] :1:1: Premature end of file.
2026-05-28 16:42:08,111 [ERROR] LogOutputStream:75 - [STDERR_REDIRECT] 
2026-05-28 16:42:09,111 [ERROR] LogOutputStream:75 - [STDERR_REDIRECT] [Fatal Error] :1:1: Premature end of file.
2026-05-28 16:42:09,111 [ERROR] LogOutputStream:75 - [STDERR_REDIRECT] 
2026-05-28 16:42:10,110 [ERROR] LogOutputStream:75 - [STDERR_REDIRECT] [Fatal Error] :1:1: Premature end of file.
2026-05-28 16:42:10,110 [ERROR] LogOutputStream:75 - [STDERR_REDIRECT] 
2026-05-28 16:42:11,105 [ERROR] LogOutputStream:75 - [STDERR_REDIRECT] [Fatal Error] :1:1: Premature end of file.
2026-05-28 16:42:11,105 [ERROR] LogOutputStream:75 - [STDERR_REDIRECT] 
2026-05-28 16:42:12,107 [ERROR] LogOutputStream:75 - [STDERR_REDIRECT] [Fatal Error] :1:1: Premature end of file.
2026-05-28 16:42:12,108 [ERROR] LogOutputStream:75 - [STDERR_REDIRECT] 
2026-05-28 16:42:13,110 [ERROR] LogOutputStream:75 - [STDERR_REDIRECT] [Fatal Error] :1:1: Premature end of file.
2026-05-28 16:42:13,110 [ERROR] LogOutputStream:75 - [STDERR_REDIRECT] 
2026-05-28 16:42:14,111 [ERROR] LogOutputStream:75 - [STDERR_REDIRECT] [Fatal Error] :1:1: Premature end of file.
2026-05-28 16:42:14,111 [ERROR] LogOutputStream:75 - [STDERR_REDIRECT] 
2026-05-28 16:42:15,113 [ERROR] LogOutputStream:75 - [STDERR_REDIRECT] [Fatal Error] :1:1: Premature end of file.
2026-05-28 16:42:15,113 [ERROR] LogOutputStream:75 - [STDERR_REDIRECT] 
2026-05-28 16:42:16,113 [ERROR] LogOutputStream:75 - [STDERR_REDIRECT] [Fatal Error] :1:1: Premature end of file.
2026-05-28 16:42:16,114 [ERROR] LogOutputStream:75 - [STDERR_REDIRECT] 
2026-05-28 16:42:17,113 [ERROR] LogOutputStream:75 - [STDERR_REDIRECT] [Fatal Error] :1:1: Premature end of file.
2026-05-28 16:42:17,113 [ERROR] LogOutputStream:75 - [STDERR_REDIRECT] 
2026-05-28 16:42:18,126 [ERROR] LogOutputStream:75 - [STDERR_REDIRECT] [Fatal Error] :1:1: Premature end of file.
2026-05-28 16:42:18,126 [ERROR] LogOutputStream:75 - [STDERR_REDIRECT] 
2026-05-28 16:42:19,113 [ERROR] LogOutputStream:75 - [STDERR_REDIRECT] [Fatal Error] :1:1: Premature end of file.
2026-05-28 16:42:19,113 [ERROR] LogOutputStream:75 - [STDERR_REDIRECT] 
2026-05-28 16:42:20,113 [ERROR] LogOutputStream:75 - [STDERR_REDIRECT] [Fatal Error] :1:1: Premature end of file.
2026-05-28 16:42:20,113 [ERROR] LogOutputStream:75 - [STDERR_REDIRECT] 
2026-05-28 16:42:21,109 [ERROR] LogOutputStream:75 - [STDERR_REDIRECT] [Fatal Error] :1:1: Premature end of file.
2026-05-28 16:42:21,109 [ERROR] LogOutputStream:75 - [STDERR_REDIRECT] 
2026-05-28 16:42:22,108 [ERROR] LogOutputStream:75 - [STDERR_REDIRECT] [Fatal Error] :1:1: Premature end of file.
2026-05-28 16:42:22,108 [ERROR] LogOutputStream:75 - [STDERR_REDIRECT] 
2026-05-28 16:42:23,111 [ERROR] LogOutputStream:75 - [STDERR_REDIRECT] [Fatal Error] :1:1: Premature end of file.
2026-05-28 16:42:23,111 [ERROR] LogOutputStream:75 - [STDERR_REDIRECT] 
2026-05-28 16:42:24,111 [ERROR] LogOutputStream:75 - [STDERR_REDIRECT] [Fatal Error] :1:1: Premature end of file.
2026-05-28 16:42:24,111 [ERROR] LogOutputStream:75 - [STDERR_REDIRECT] 
2026-05-28 16:42:25,114 [ERROR] LogOutputStream:75 - [STDERR_REDIRECT] [Fatal Error] :1:1: Premature end of file.
2026-05-28 16:42:25,114 [ERROR] LogOutputStream:75 - [STDERR_REDIRECT] 
2026-05-28 16:42:26,113 [ERROR] LogOutputStream:75 - [STDERR_REDIRECT] [Fatal Error] :1:1: Premature end of file.
2026-05-28 16:42:26,113 [ERROR] LogOutputStream:75 - [STDERR_REDIRECT] 
2026-05-28 16:42:27,111 [ERROR] LogOutputStream:75 - [STDERR_REDIRECT] [Fatal Error] :1:1: Premature end of file.
2026-05-28 16:42:27,111 [ERROR] LogOutputStream:75 - [STDERR_REDIRECT] 
2026-05-28 16:42:28,112 [ERROR] LogOutputStream:75 - [STDERR_REDIRECT] [Fatal Error] :1:1: Premature end of file.
2026-05-28 16:42:28,112 [ERROR] LogOutputStream:75 - [STDERR_REDIRECT] 
2026-05-28 16:42:29,109 [ERROR] LogOutputStream:75 - [STDERR_REDIRECT] [Fatal Error] :1:1: Premature end of file.
2026-05-28 16:42:29,109 [ERROR] LogOutputStream:75 - [STDERR_REDIRECT] 
2026-05-28 16:42:30,110 [ERROR] LogOutputStream:75 - [STDERR_REDIRECT] [Fatal Error] :1:1: Premature end of file.
2026-05-28 16:42:30,110 [ERROR] LogOutputStream:75 - [STDERR_REDIRECT] 
2026-05-28 16:42:31,111 [ERROR] LogOutputStream:75 - [STDERR_REDIRECT] [Fatal Error] :1:1: Premature end of file.
2026-05-28 16:42:31,112 [ERROR] LogOutputStream:75 - [STDERR_REDIRECT] 
2026-05-28 16:42:32,108 [ERROR] LogOutputStream:75 - [STDERR_REDIRECT] [Fatal Error] :1:1: Premature end of file.
2026-05-28 16:42:32,108 [ERROR] LogOutputStream:75 - [STDERR_REDIRECT] 
2026-05-28 16:42:33,130 [ERROR] LogOutputStream:75 - [STDERR_REDIRECT] [Fatal Error] :1:1: Premature end of file.
2026-05-28 16:42:33,130 [ERROR] LogOutputStream:75 - [STDERR_REDIRECT] 
2026-05-28 16:42:34,110 [ERROR] LogOutputStream:75 - [STDERR_REDIRECT] [Fatal Error] :1:1: Premature end of file.
2026-05-28 16:42:34,110 [ERROR] LogOutputStream:75 - [STDERR_REDIRECT] 
2026-05-28 16:42:35,112 [ERROR] LogOutputStream:75 - [STDERR_REDIRECT] [Fatal Error] :1:1: Premature end of file.
2026-05-28 16:42:35,112 [ERROR] LogOutputStream:75 - [STDERR_REDIRECT] 
2026-05-28 16:42:36,109 [ERROR] LogOutputStream:75 - [STDERR_REDIRECT] [Fatal Error] :1:1: Premature end of file.
2026-05-28 16:42:36,110 [ERROR] LogOutputStream:75 - [STDERR_REDIRECT] 
2026-05-28 16:42:37,112 [ERROR] LogOutputStream:75 - [STDERR_REDIRECT] [Fatal Error] :1:1: Premature end of file.
2026-05-28 16:42:37,112 [ERROR] LogOutputStream:75 - [STDERR_REDIRECT] 
2026-05-28 16:42:38,111 [ERROR] LogOutputStream:75 - [STDERR_REDIRECT] [Fatal Error] :1:1: Premature end of file.
2026-05-28 16:42:38,111 [ERROR] LogOutputStream:75 - [STDERR_REDIRECT] 
2026-05-28 16:42:39,114 [ERROR] LogOutputStream:75 - [STDERR_REDIRECT] [Fatal Error] :1:1: Premature end of file.
2026-05-28 16:42:39,114 [ERROR] LogOutputStream:75 - [STDERR_REDIRECT] 
2026-05-28 16:42:40,111 [ERROR] LogOutputStream:75 - [STDERR_REDIRECT] [Fatal Error] :1:1: Premature end of file.
2026-05-28 16:42:40,112 [ERROR] LogOutputStream:75 - [STDERR_REDIRECT] 
2026-05-28 16:42:41,111 [ERROR] LogOutputStream:75 - [STDERR_REDIRECT] [Fatal Error] :1:1: Premature end of file.
2026-05-28 16:42:41,111 [ERROR] LogOutputStream:75 - [STDERR_REDIRECT] 
2026-05-28 16:42:42,109 [ERROR] LogOutputStream:75 - [STDERR_REDIRECT] [Fatal Error] :1:1: Premature end of file.
2026-05-28 16:42:42,109 [ERROR] LogOutputStream:75 - [STDERR_REDIRECT] 
2026-05-28 16:42:43,110 [ERROR] LogOutputStream:75 - [STDERR_REDIRECT] [Fatal Error] :1:1: Premature end of file.
2026-05-28 16:42:43,110 [ERROR] LogOutputStream:75 - [STDERR_REDIRECT] 
2026-05-28 16:42:44,110 [ERROR] LogOutputStream:75 - [STDERR_REDIRECT] [Fatal Error] :1:1: Premature end of file.
2026-05-28 16:42:44,110 [ERROR] LogOutputStream:75 - [STDERR_REDIRECT] 
2026-05-28 16:42:45,112 [ERROR] LogOutputStream:75 - [STDERR_REDIRECT] [Fatal Error] :1:1: Premature end of file.
2026-05-28 16:42:45,112 [ERROR] LogOutputStream:75 - [STDERR_REDIRECT] 
2026-05-28 16:42:46,107 [ERROR] LogOutputStream:75 - [STDERR_REDIRECT] [Fatal Error] :1:1: Premature end of file.
2026-05-28 16:42:46,107 [ERROR] LogOutputStream:75 - [STDERR_REDIRECT] 
2026-05-28 16:42:47,111 [ERROR] LogOutputStream:75 - [STDERR_REDIRECT] [Fatal Error] :1:1: Premature end of file.
2026-05-28 16:42:47,112 [ERROR] LogOutputStream:75 - [STDERR_REDIRECT] 
2026-05-28 16:42:48,110 [ERROR] LogOutputStream:75 - [STDERR_REDIRECT] [Fatal Error] :1:1: Premature end of file.
2026-05-28 16:42:48,110 [ERROR] LogOutputStream:75 - [STDERR_REDIRECT] 
2026-05-28 16:42:49,110 [ERROR] LogOutputStream:75 - [STDERR_REDIRECT] [Fatal Error] :1:1: Premature end of file.
2026-05-28 16:42:49,110 [ERROR] LogOutputStream:75 - [STDERR_REDIRECT] 
2026-05-28 16:42:50,112 [ERROR] LogOutputStream:75 - [STDERR_REDIRECT] [Fatal Error] :1:1: Premature end of file.
2026-05-28 16:42:50,112 [ERROR] LogOutputStream:75 - [STDERR_REDIRECT] 
2026-05-28 16:42:51,116 [ERROR] LogOutputStream:75 - [STDERR_REDIRECT] [Fatal Error] :1:1: Premature end of file.
2026-05-28 16:42:51,116 [ERROR] LogOutputStream:75 - [STDERR_REDIRECT] 
2026-05-28 16:42:52,114 [ERROR] LogOutputStream:75 - [STDERR_REDIRECT] [Fatal Error] :1:1: Premature end of file.
2026-05-28 16:42:52,115 [ERROR] LogOutputStream:75 - [STDERR_REDIRECT] 
2026-05-28 16:42:53,117 [ERROR] LogOutputStream:75 - [STDERR_REDIRECT] [Fatal Error] :1:1: Premature end of file.
2026-05-28 16:42:53,117 [ERROR] LogOutputStream:75 - [STDERR_REDIRECT] 
2026-05-28 16:42:54,112 [ERROR] LogOutputStream:75 - [STDERR_REDIRECT] [Fatal Error] :1:1: Premature end of file.
2026-05-28 16:42:54,113 [ERROR] LogOutputStream:75 - [STDERR_REDIRECT] 
2026-05-28 16:42:55,109 [ERROR] LogOutputStream:75 - [STDERR_REDIRECT] [Fatal Error] :1:1: Premature end of file.
2026-05-28 16:42:55,109 [ERROR] LogOutputStream:75 - [STDERR_REDIRECT] 
2026-05-28 16:42:56,142 [ERROR] LogOutputStream:75 - [STDERR_REDIRECT] [Fatal Error] :1:1: Premature end of file.
2026-05-28 16:42:56,142 [ERROR] LogOutputStream:75 - [STDERR_REDIRECT] 
2026-05-28 16:42:57,115 [ERROR] LogOutputStream:75 - [STDERR_REDIRECT] [Fatal Error] :1:1: Premature end of file.
2026-05-28 16:42:57,115 [ERROR] LogOutputStream:75 - [STDERR_REDIRECT] 
2026-05-28 16:42:58,109 [ERROR] LogOutputStream:75 - [STDERR_REDIRECT] [Fatal Error] :1:1: Premature end of file.
2026-05-28 16:42:58,109 [ERROR] LogOutputStream:75 - [STDERR_REDIRECT] 
2026-05-28 16:42:59,115 [ERROR] LogOutputStream:75 - [STDERR_REDIRECT] [Fatal Error] :1:1: Premature end of file.
2026-05-28 16:42:59,115 [ERROR] LogOutputStream:75 - [STDERR_REDIRECT] 
2026-05-28 16:43:00,114 [ERROR] LogOutputStream:75 - [STDERR_REDIRECT] [Fatal Error] :1:1: Premature end of file.
2026-05-28 16:43:00,114 [ERROR] LogOutputStream:75 - [STDERR_REDIRECT] 
2026-05-28 16:43:01,116 [ERROR] LogOutputStream:75 - [STDERR_REDIRECT] [Fatal Error] :1:1: Premature end of file.
2026-05-28 16:43:01,116 [ERROR] LogOutputStream:75 - [STDERR_REDIRECT] 
2026-05-28 16:43:02,114 [ERROR] LogOutputStream:75 - [STDERR_REDIRECT] [Fatal Error] :1:1: Premature end of file.
2026-05-28 16:43:02,114 [ERROR] LogOutputStream:75 - [STDERR_REDIRECT] 
2026-05-28 16:43:03,111 [ERROR] LogOutputStream:75 - [STDERR_REDIRECT] [Fatal Error] :1:1: Premature end of file.
2026-05-28 16:43:03,111 [ERROR] LogOutputStream:75 - [STDERR_REDIRECT] 
2026-05-28 16:43:04,126 [ERROR] LogOutputStream:75 - [STDERR_REDIRECT] [Fatal Error] :1:1: Premature end of file.
2026-05-28 16:43:04,126 [ERROR] LogOutputStream:75 - [STDERR_REDIRECT] 
2026-05-28 16:43:05,112 [ERROR] LogOutputStream:75 - [STDERR_REDIRECT] [Fatal Error] :1:1: Premature end of file.
2026-05-28 16:43:05,113 [ERROR] LogOutputStream:75 - [STDERR_REDIRECT] 
2026-05-28 16:43:06,113 [ERROR] LogOutputStream:75 - [STDERR_REDIRECT] [Fatal Error] :1:1: Premature end of file.
2026-05-28 16:43:06,113 [ERROR] LogOutputStream:75 - [STDERR_REDIRECT] 
2026-05-28 16:43:07,113 [ERROR] LogOutputStream:75 - [STDERR_REDIRECT] [Fatal Error] :1:1: Premature end of file.
2026-05-28 16:43:07,113 [ERROR] LogOutputStream:75 - [STDERR_REDIRECT] 
2026-05-28 16:43:08,114 [ERROR] LogOutputStream:75 - [STDERR_REDIRECT] [Fatal Error] :1:1: Premature end of file.
2026-05-28 16:43:08,115 [ERROR] LogOutputStream:75 - [STDERR_REDIRECT] 
2026-05-28 16:43:09,110 [ERROR] LogOutputStream:75 - [STDERR_REDIRECT] [Fatal Error] :1:1: Premature end of file.
2026-05-28 16:43:09,110 [ERROR] LogOutputStream:75 - [STDERR_REDIRECT] 
2026-05-28 16:43:10,111 [ERROR] LogOutputStream:75 - [STDERR_REDIRECT] [Fatal Error] :1:1: Premature end of file.
2026-05-28 16:43:10,111 [ERROR] LogOutputStream:75 - [STDERR_REDIRECT] 
2026-05-28 16:43:11,112 [ERROR] LogOutputStream:75 - [STDERR_REDIRECT] [Fatal Error] :1:1: Premature end of file.
2026-05-28 16:43:11,112 [ERROR] LogOutputStream:75 - [STDERR_REDIRECT] 
2026-05-28 16:43:12,112 [ERROR] LogOutputStream:75 - [STDERR_REDIRECT] [Fatal Error] :1:1: Premature end of file.
2026-05-28 16:43:12,112 [ERROR] LogOutputStream:75 - [STDERR_REDIRECT] 
2026-05-28 16:43:13,111 [ERROR] LogOutputStream:75 - [STDERR_REDIRECT] [Fatal Error] :1:1: Premature end of file.
2026-05-28 16:43:13,111 [ERROR] LogOutputStream:75 - [STDERR_REDIRECT] 
2026-05-28 16:43:14,113 [ERROR] LogOutputStream:75 - [STDERR_REDIRECT] [Fatal Error] :1:1: Premature end of file.
2026-05-28 16:43:14,114 [ERROR] LogOutputStream:75 - [STDERR_REDIRECT] 
2026-05-28 16:43:15,115 [ERROR] LogOutputStream:75 - [STDERR_REDIRECT] [Fatal Error] :1:1: Premature end of file.
2026-05-28 16:43:15,115 [ERROR] LogOutputStream:75 - [STDERR_REDIRECT] 
2026-05-28 16:43:16,107 [ERROR] LogOutputStream:75 - [STDERR_REDIRECT] [Fatal Error] :1:1: Premature end of file.
2026-05-28 16:43:16,107 [ERROR] LogOutputStream:75 - [STDERR_REDIRECT] 
2026-05-28 16:43:17,102 [ERROR] LogOutputStream:75 - [STDERR_REDIRECT] [Fatal Error] :1:1: Premature end of file.
2026-05-28 16:43:17,102 [ERROR] LogOutputStream:75 - [STDERR_REDIRECT] 
2026-05-28 16:43:18,111 [ERROR] LogOutputStream:75 - [STDERR_REDIRECT] [Fatal Error] :1:1: Premature end of file.
2026-05-28 16:43:18,111 [ERROR] LogOutputStream:75 - [STDERR_REDIRECT] 
2026-05-28 16:43:19,119 [ERROR] LogOutputStream:75 - [STDERR_REDIRECT] [Fatal Error] :1:1: Premature end of file.
2026-05-28 16:43:19,119 [ERROR] LogOutputStream:75 - [STDERR_REDIRECT] 
2026-05-28 16:43:20,111 [ERROR] LogOutputStream:75 - [STDERR_REDIRECT] [Fatal Error] :1:1: Premature end of file.
2026-05-28 16:43:20,111 [ERROR] LogOutputStream:75 - [STDERR_REDIRECT] 
2026-05-28 16:43:21,136 [ERROR] LogOutputStream:75 - [STDERR_REDIRECT] [Fatal Error] :1:1: Premature end of file.
2026-05-28 16:43:21,136 [ERROR] LogOutputStream:75 - [STDERR_REDIRECT] 
2026-05-28 16:43:22,111 [ERROR] LogOutputStream:75 - [STDERR_REDIRECT] [Fatal Error] :1:1: Premature end of file.
2026-05-28 16:43:22,111 [ERROR] LogOutputStream:75 - [STDERR_REDIRECT] 
2026-05-28 16:43:23,115 [ERROR] LogOutputStream:75 - [STDERR_REDIRECT] [Fatal Error] :1:1: Premature end of file.
2026-05-28 16:43:23,115 [ERROR] LogOutputStream:75 - [STDERR_REDIRECT] 
2026-05-28 16:43:24,111 [ERROR] LogOutputStream:75 - [STDERR_REDIRECT] [Fatal Error] :1:1: Premature end of file.
2026-05-28 16:43:24,111 [ERROR] LogOutputStream:75 - [STDERR_REDIRECT] 
2026-05-28 16:43:25,118 [ERROR] LogOutputStream:75 - [STDERR_REDIRECT] [Fatal Error] :1:1: Premature end of file.
2026-05-28 16:43:25,119 [ERROR] LogOutputStream:75 - [STDERR_REDIRECT] 
2026-05-28 16:43:26,112 [ERROR] LogOutputStream:75 - [STDERR_REDIRECT] [Fatal Error] :1:1: Premature end of file.
2026-05-28 16:43:26,112 [ERROR] LogOutputStream:75 - [STDERR_REDIRECT] 
2026-05-28 16:43:27,109 [ERROR] LogOutputStream:75 - [STDERR_REDIRECT] [Fatal Error] :1:1: Premature end of file.
2026-05-28 16:43:27,109 [ERROR] LogOutputStream:75 - [STDERR_REDIRECT] 
2026-05-28 16:43:28,110 [ERROR] LogOutputStream:75 - [STDERR_REDIRECT] [Fatal Error] :1:1: Premature end of file.
2026-05-28 16:43:28,111 [ERROR] LogOutputStream:75 - [STDERR_REDIRECT] 
2026-05-28 16:43:29,124 [ERROR] LogOutputStream:75 - [STDERR_REDIRECT] [Fatal Error] :1:1: Premature end of file.
2026-05-28 16:43:29,124 [ERROR] LogOutputStream:75 - [STDERR_REDIRECT] 
2026-05-28 16:43:30,111 [ERROR] LogOutputStream:75 - [STDERR_REDIRECT] [Fatal Error] :1:1: Premature end of file.
2026-05-28 16:43:30,111 [ERROR] LogOutputStream:75 - [STDERR_REDIRECT] 
2026-05-28 16:43:31,119 [ERROR] LogOutputStream:75 - [STDERR_REDIRECT] [Fatal Error] :1:1: Premature end of file.
2026-05-28 16:43:31,119 [ERROR] LogOutputStream:75 - [STDERR_REDIRECT] 
2026-05-28 16:43:32,113 [ERROR] LogOutputStream:75 - [STDERR_REDIRECT] [Fatal Error] :1:1: Premature end of file.
2026-05-28 16:43:32,113 [ERROR] LogOutputStream:75 - [STDERR_REDIRECT] 
2026-05-28 16:43:33,125 [ERROR] LogOutputStream:75 - [STDERR_REDIRECT] [Fatal Error] :1:1: Premature end of file.
2026-05-28 16:43:33,126 [ERROR] LogOutputStream:75 - [STDERR_REDIRECT] 
2026-05-28 16:43:34,110 [ERROR] LogOutputStream:75 - [STDERR_REDIRECT] [Fatal Error] :1:1: Premature end of file.
2026-05-28 16:43:34,111 [ERROR] LogOutputStream:75 - [STDERR_REDIRECT] 
2026-05-28 16:43:35,110 [ERROR] LogOutputStream:75 - [STDERR_REDIRECT] [Fatal Error] :1:1: Premature end of file.
2026-05-28 16:43:35,110 [ERROR] LogOutputStream:75 - [STDERR_REDIRECT] 
2026-05-28 16:43:36,110 [ERROR] LogOutputStream:75 - [STDERR_REDIRECT] [Fatal Error] :1:1: Premature end of file.
2026-05-28 16:43:36,110 [ERROR] LogOutputStream:75 - [STDERR_REDIRECT] 
2026-05-28 16:43:37,108 [ERROR] LogOutputStream:75 - [STDERR_REDIRECT] [Fatal Error] :1:1: Premature end of file.
2026-05-28 16:43:37,108 [ERROR] LogOutputStream:75 - [STDERR_REDIRECT] 
2026-05-28 16:43:38,111 [ERROR] LogOutputStream:75 - [STDERR_REDIRECT] [Fatal Error] :1:1: Premature end of file.
2026-05-28 16:43:38,111 [ERROR] LogOutputStream:75 - [STDERR_REDIRECT] 
2026-05-28 16:43:39,112 [ERROR] LogOutputStream:75 - [STDERR_REDIRECT] [Fatal Error] :1:1: Premature end of file.
2026-05-28 16:43:39,112 [ERROR] LogOutputStream:75 - [STDERR_REDIRECT] 
2026-05-28 16:43:40,108 [ERROR] LogOutputStream:75 - [STDERR_REDIRECT] [Fatal Error] :1:1: Premature end of file.
2026-05-28 16:43:40,108 [ERROR] LogOutputStream:75 - [STDERR_REDIRECT] 
2026-05-28 16:43:41,115 [ERROR] LogOutputStream:75 - [STDERR_REDIRECT] [Fatal Error] :1:1: Premature end of file.
2026-05-28 16:43:41,115 [ERROR] LogOutputStream:75 - [STDERR_REDIRECT] 
2026-05-28 16:43:42,110 [ERROR] LogOutputStream:75 - [STDERR_REDIRECT] [Fatal Error] :1:1: Premature end of file.
2026-05-28 16:43:42,110 [ERROR] LogOutputStream:75 - [STDERR_REDIRECT] 
2026-05-28 16:43:43,115 [ERROR] LogOutputStream:75 - [STDERR_REDIRECT] [Fatal Error] :1:1: Premature end of file.
2026-05-28 16:43:43,116 [ERROR] LogOutputStream:75 - [STDERR_REDIRECT] 
2026-05-28 16:43:44,126 [ERROR] LogOutputStream:75 - [STDERR_REDIRECT] [Fatal Error] :1:1: Premature end of file.
2026-05-28 16:43:44,126 [ERROR] LogOutputStream:75 - [STDERR_REDIRECT] 
2026-05-28 16:43:45,111 [ERROR] LogOutputStream:75 - [STDERR_REDIRECT] [Fatal Error] :1:1: Premature end of file.
2026-05-28 16:43:45,111 [ERROR] LogOutputStream:75 - [STDERR_REDIRECT] 
2026-05-28 16:43:46,119 [ERROR] LogOutputStream:75 - [STDERR_REDIRECT] [Fatal Error] :1:1: Premature end of file.
2026-05-28 16:43:46,119 [ERROR] LogOutputStream:75 - [STDERR_REDIRECT] 
2026-05-28 16:43:47,111 [ERROR] LogOutputStream:75 - [STDERR_REDIRECT] [Fatal Error] :1:1: Premature end of file.
2026-05-28 16:43:47,112 [ERROR] LogOutputStream:75 - [STDERR_REDIRECT] 
2026-05-28 16:43:48,102 [ERROR] LogOutputStream:75 - [STDERR_REDIRECT] [Fatal Error] :1:1: Premature end of file.
2026-05-28 16:43:48,102 [ERROR] LogOutputStream:75 - [STDERR_REDIRECT] 
2026-05-28 16:43:49,107 [ERROR] LogOutputStream:75 - [STDERR_REDIRECT] [Fatal Error] :1:1: Premature end of file.
2026-05-28 16:43:49,107 [ERROR] LogOutputStream:75 - [STDERR_REDIRECT] 
2026-05-28 16:43:50,108 [ERROR] LogOutputStream:75 - [STDERR_REDIRECT] [Fatal Error] :1:1: Premature end of file.
2026-05-28 16:43:50,108 [ERROR] LogOutputStream:75 - [STDERR_REDIRECT] 
2026-05-28 16:43:51,110 [ERROR] LogOutputStream:75 - [STDERR_REDIRECT] [Fatal Error] :1:1: Premature end of file.
2026-05-28 16:43:51,110 [ERROR] LogOutputStream:75 - [STDERR_REDIRECT] 
2026-05-28 16:43:52,109 [ERROR] LogOutputStream:75 - [STDERR_REDIRECT] [Fatal Error] :1:1: Premature end of file.
2026-05-28 16:43:52,109 [ERROR] LogOutputStream:75 - [STDERR_REDIRECT] 
2026-05-28 16:43:53,115 [ERROR] LogOutputStream:75 - [STDERR_REDIRECT] [Fatal Error] :1:1: Premature end of file.
2026-05-28 16:43:53,116 [ERROR] LogOutputStream:75 - [STDERR_REDIRECT] 
2026-05-28 16:43:54,110 [ERROR] LogOutputStream:75 - [STDERR_REDIRECT] [Fatal Error] :1:1: Premature end of file.
2026-05-28 16:43:54,110 [ERROR] LogOutputStream:75 - [STDERR_REDIRECT] 
2026-05-28 16:43:55,135 [ERROR] LogOutputStream:75 - [STDERR_REDIRECT] [Fatal Error] :1:1: Premature end of file.
2026-05-28 16:43:55,137 [ERROR] LogOutputStream:75 - [STDERR_REDIRECT] 
2026-05-28 16:43:56,108 [ERROR] LogOutputStream:75 - [STDERR_REDIRECT] [Fatal Error] :1:1: Premature end of file.
2026-05-28 16:43:56,108 [ERROR] LogOutputStream:75 - [STDERR_REDIRECT] 
2026-05-28 16:43:57,101 [ERROR] LogOutputStream:75 - [STDERR_REDIRECT] [Fatal Error] :1:1: Premature end of file.
2026-05-28 16:43:57,102 [ERROR] LogOutputStream:75 - [STDERR_REDIRECT] 
2026-05-28 16:43:58,119 [ERROR] LogOutputStream:75 - [STDERR_REDIRECT] [Fatal Error] :1:1: Premature end of file.
2026-05-28 16:43:58,119 [ERROR] LogOutputStream:75 - [STDERR_REDIRECT] 
2026-05-28 16:43:59,113 [ERROR] LogOutputStream:75 - [STDERR_REDIRECT] [Fatal Error] :1:1: Premature end of file.
2026-05-28 16:43:59,113 [ERROR] LogOutputStream:75 - [STDERR_REDIRECT] 
2026-05-28 16:44:00,102 [ERROR] LogOutputStream:75 - [STDERR_REDIRECT] [Fatal Error] :1:1: Premature end of file.
2026-05-28 16:44:00,102 [ERROR] LogOutputStream:75 - [STDERR_REDIRECT] 
2026-05-28 16:44:01,110 [ERROR] LogOutputStream:75 - [STDERR_REDIRECT] [Fatal Error] :1:1: Premature end of file.
2026-05-28 16:44:01,110 [ERROR] LogOutputStream:75 - [STDERR_REDIRECT] 
2026-05-28 16:44:02,109 [ERROR] LogOutputStream:75 - [STDERR_REDIRECT] [Fatal Error] :1:1: Premature end of file.
2026-05-28 16:44:02,110 [ERROR] LogOutputStream:75 - [STDERR_REDIRECT] 
2026-05-28 16:44:03,111 [ERROR] LogOutputStream:75 - [STDERR_REDIRECT] [Fatal Error] :1:1: Premature end of file.
2026-05-28 16:44:03,111 [ERROR] LogOutputStream:75 - [STDERR_REDIRECT] 
2026-05-28 16:44:04,138 [ERROR] LogOutputStream:75 - [STDERR_REDIRECT] [Fatal Error] :1:1: Premature end of file.
2026-05-28 16:44:04,138 [ERROR] LogOutputStream:75 - [STDERR_REDIRECT] 
2026-05-28 16:44:05,108 [ERROR] LogOutputStream:75 - [STDERR_REDIRECT] [Fatal Error] :1:1: Premature end of file.
2026-05-28 16:44:05,110 [ERROR] LogOutputStream:75 - [STDERR_REDIRECT] 
2026-05-28 16:44:06,111 [ERROR] LogOutputStream:75 - [STDERR_REDIRECT] [Fatal Error] :1:1: Premature end of file.
2026-05-28 16:44:06,111 [ERROR] LogOutputStream:75 - [STDERR_REDIRECT] 
2026-05-28 16:44:07,109 [ERROR] LogOutputStream:75 - [STDERR_REDIRECT] [Fatal Error] :1:1: Premature end of file.
2026-05-28 16:44:07,110 [ERROR] LogOutputStream:75 - [STDERR_REDIRECT] 
2026-05-28 16:44:08,117 [ERROR] LogOutputStream:75 - [STDERR_REDIRECT] [Fatal Error] :1:1: Premature end of file.
2026-05-28 16:44:08,117 [ERROR] LogOutputStream:75 - [STDERR_REDIRECT] 
2026-05-28 16:44:09,112 [ERROR] LogOutputStream:75 - [STDERR_REDIRECT] [Fatal Error] :1:1: Premature end of file.
2026-05-28 16:44:09,112 [ERROR] LogOutputStream:75 - [STDERR_REDIRECT] 
2026-05-28 16:44:10,115 [ERROR] LogOutputStream:75 - [STDERR_REDIRECT] [Fatal Error] :1:1: Premature end of file.
2026-05-28 16:44:10,115 [ERROR] LogOutputStream:75 - [STDERR_REDIRECT] 
2026-05-28 16:44:11,112 [ERROR] LogOutputStream:75 - [STDERR_REDIRECT] [Fatal Error] :1:1: Premature end of file.
2026-05-28 16:44:11,112 [ERROR] LogOutputStream:75 - [STDERR_REDIRECT] 
2026-05-28 16:44:12,109 [ERROR] LogOutputStream:75 - [STDERR_REDIRECT] [Fatal Error] :1:1: Premature end of file.
2026-05-28 16:44:12,109 [ERROR] LogOutputStream:75 - [STDERR_REDIRECT] 
2026-05-28 16:44:13,108 [ERROR] LogOutputStream:75 - [STDERR_REDIRECT] [Fatal Error] :1:1: Premature end of file.
2026-05-28 16:44:13,108 [ERROR] LogOutputStream:75 - [STDERR_REDIRECT] 
2026-05-28 16:44:14,110 [ERROR] LogOutputStream:75 - [STDERR_REDIRECT] [Fatal Error] :1:1: Premature end of file.
2026-05-28 16:44:14,110 [ERROR] LogOutputStream:75 - [STDERR_REDIRECT] 
2026-05-28 16:44:15,110 [ERROR] LogOutputStream:75 - [STDERR_REDIRECT] [Fatal Error] :1:1: Premature end of file.
2026-05-28 16:44:15,110 [ERROR] LogOutputStream:75 - [STDERR_REDIRECT] 
2026-05-28 16:44:16,111 [ERROR] LogOutputStream:75 - [STDERR_REDIRECT] [Fatal Error] :1:1: Premature end of file.
2026-05-28 16:44:16,111 [ERROR] LogOutputStream:75 - [STDERR_REDIRECT] 
2026-05-28 16:44:17,110 [ERROR] LogOutputStream:75 - [STDERR_REDIRECT] [Fatal Error] :1:1: Premature end of file.
2026-05-28 16:44:17,111 [ERROR] LogOutputStream:75 - [STDERR_REDIRECT] 
2026-05-28 16:44:18,111 [ERROR] LogOutputStream:75 - [STDERR_REDIRECT] [Fatal Error] :1:1: Premature end of file.
2026-05-28 16:44:18,112 [ERROR] LogOutputStream:75 - [STDERR_REDIRECT] 
2026-05-28 16:44:19,111 [ERROR] LogOutputStream:75 - [STDERR_REDIRECT] [Fatal Error] :1:1: Premature end of file.
2026-05-28 16:44:19,111 [ERROR] LogOutputStream:75 - [STDERR_REDIRECT] 
2026-05-28 16:44:20,111 [ERROR] LogOutputStream:75 - [STDERR_REDIRECT] [Fatal Error] :1:1: Premature end of file.
2026-05-28 16:44:20,111 [ERROR] LogOutputStream:75 - [STDERR_REDIRECT] 
2026-05-28 16:44:21,109 [ERROR] LogOutputStream:75 - [STDERR_REDIRECT] [Fatal Error] :1:1: Premature end of file.
2026-05-28 16:44:21,109 [ERROR] LogOutputStream:75 - [STDERR_REDIRECT] 
2026-05-28 16:44:22,107 [ERROR] LogOutputStream:75 - [STDERR_REDIRECT] [Fatal Error] :1:1: Premature end of file.
2026-05-28 16:44:22,107 [ERROR] LogOutputStream:75 - [STDERR_REDIRECT] 
2026-05-28 16:44:23,112 [ERROR] LogOutputStream:75 - [STDERR_REDIRECT] [Fatal Error] :1:1: Premature end of file.
2026-05-28 16:44:23,112 [ERROR] LogOutputStream:75 - [STDERR_REDIRECT] 
2026-05-28 16:44:24,112 [ERROR] LogOutputStream:75 - [STDERR_REDIRECT] [Fatal Error] :1:1: Premature end of file.
2026-05-28 16:44:24,112 [ERROR] LogOutputStream:75 - [STDERR_REDIRECT] 
2026-05-28 16:44:25,116 [ERROR] LogOutputStream:75 - [STDERR_REDIRECT] [Fatal Error] :1:1: Premature end of file.
2026-05-28 16:44:25,116 [ERROR] LogOutputStream:75 - [STDERR_REDIRECT] 
2026-05-28 16:44:26,109 [ERROR] LogOutputStream:75 - [STDERR_REDIRECT] [Fatal Error] :1:1: Premature end of file.
2026-05-28 16:44:26,109 [ERROR] LogOutputStream:75 - [STDERR_REDIRECT] 
2026-05-28 16:44:27,112 [ERROR] LogOutputStream:75 - [STDERR_REDIRECT] [Fatal Error] :1:1: Premature end of file.
2026-05-28 16:44:27,112 [ERROR] LogOutputStream:75 - [STDERR_REDIRECT] 
2026-05-28 16:44:28,114 [ERROR] LogOutputStream:75 - [STDERR_REDIRECT] [Fatal Error] :1:1: Premature end of file.
2026-05-28 16:44:28,115 [ERROR] LogOutputStream:75 - [STDERR_REDIRECT] 
2026-05-28 16:44:29,113 [ERROR] LogOutputStream:75 - [STDERR_REDIRECT] [Fatal Error] :1:1: Premature end of file.
2026-05-28 16:44:29,113 [ERROR] LogOutputStream:75 - [STDERR_REDIRECT] 
2026-05-28 16:44:30,113 [ERROR] LogOutputStream:75 - [STDERR_REDIRECT] [Fatal Error] :1:1: Premature end of file.
2026-05-28 16:44:30,113 [ERROR] LogOutputStream:75 - [STDERR_REDIRECT] 
2026-05-28 16:44:31,119 [ERROR] LogOutputStream:75 - [STDERR_REDIRECT] [Fatal Error] :1:1: Premature end of file.
2026-05-28 16:44:31,121 [ERROR] LogOutputStream:75 - [STDERR_REDIRECT] 
2026-05-28 16:44:32,111 [ERROR] LogOutputStream:75 - [STDERR_REDIRECT] [Fatal Error] :1:1: Premature end of file.
2026-05-28 16:44:32,111 [ERROR] LogOutputStream:75 - [STDERR_REDIRECT] 
2026-05-28 16:44:33,111 [ERROR] LogOutputStream:75 - [STDERR_REDIRECT] [Fatal Error] :1:1: Premature end of file.
2026-05-28 16:44:33,112 [ERROR] LogOutputStream:75 - [STDERR_REDIRECT] 
2026-05-28 16:44:34,108 [ERROR] LogOutputStream:75 - [STDERR_REDIRECT] [Fatal Error] :1:1: Premature end of file.
2026-05-28 16:44:34,109 [ERROR] LogOutputStream:75 - [STDERR_REDIRECT] 
2026-05-28 16:44:35,110 [ERROR] LogOutputStream:75 - [STDERR_REDIRECT] [Fatal Error] :1:1: Premature end of file.
2026-05-28 16:44:35,110 [ERROR] LogOutputStream:75 - [STDERR_REDIRECT] 
2026-05-28 16:44:36,112 [ERROR] LogOutputStream:75 - [STDERR_REDIRECT] [Fatal Error] :1:1: Premature end of file.
2026-05-28 16:44:36,112 [ERROR] LogOutputStream:75 - [STDERR_REDIRECT] 
2026-05-28 16:44:37,114 [ERROR] LogOutputStream:75 - [STDERR_REDIRECT] [Fatal Error] :1:1: Premature end of file.
2026-05-28 16:44:37,114 [ERROR] LogOutputStream:75 - [STDERR_REDIRECT] 
2026-05-28 16:44:38,113 [ERROR] LogOutputStream:75 - [STDERR_REDIRECT] [Fatal Error] :1:1: Premature end of file.
2026-05-28 16:44:38,113 [ERROR] LogOutputStream:75 - [STDERR_REDIRECT] 
2026-05-28 16:44:39,116 [ERROR] LogOutputStream:75 - [STDERR_REDIRECT] [Fatal Error] :1:1: Premature end of file.
2026-05-28 16:44:39,116 [ERROR] LogOutputStream:75 - [STDERR_REDIRECT] 
2026-05-28 16:44:40,109 [ERROR] LogOutputStream:75 - [STDERR_REDIRECT] [Fatal Error] :1:1: Premature end of file.
2026-05-28 16:44:40,110 [ERROR] LogOutputStream:75 - [STDERR_REDIRECT] 
2026-05-28 16:44:41,112 [ERROR] LogOutputStream:75 - [STDERR_REDIRECT] [Fatal Error] :1:1: Premature end of file.
2026-05-28 16:44:41,112 [ERROR] LogOutputStream:75 - [STDERR_REDIRECT] 
2026-05-28 16:44:42,111 [ERROR] LogOutputStream:75 - [STDERR_REDIRECT] [Fatal Error] :1:1: Premature end of file.
2026-05-28 16:44:42,112 [ERROR] LogOutputStream:75 - [STDERR_REDIRECT] 
2026-05-28 16:44:43,108 [ERROR] LogOutputStream:75 - [STDERR_REDIRECT] [Fatal Error] :1:1: Premature end of file.
2026-05-28 16:44:43,108 [ERROR] LogOutputStream:75 - [STDERR_REDIRECT] 
2026-05-28 16:44:44,112 [ERROR] LogOutputStream:75 - [STDERR_REDIRECT] [Fatal Error] :1:1: Premature end of file.
2026-05-28 16:44:44,112 [ERROR] LogOutputStream:75 - [STDERR_REDIRECT] 
2026-05-28 16:44:45,111 [ERROR] LogOutputStream:75 - [STDERR_REDIRECT] [Fatal Error] :1:1: Premature end of file.
2026-05-28 16:44:45,111 [ERROR] LogOutputStream:75 - [STDERR_REDIRECT] 
2026-05-28 16:44:46,111 [ERROR] LogOutputStream:75 - [STDERR_REDIRECT] [Fatal Error] :1:1: Premature end of file.
2026-05-28 16:44:46,112 [ERROR] LogOutputStream:75 - [STDERR_REDIRECT] 
2026-05-28 16:44:47,120 [ERROR] LogOutputStream:75 - [STDERR_REDIRECT] [Fatal Error] :1:1: Premature end of file.
2026-05-28 16:44:47,120 [ERROR] LogOutputStream:75 - [STDERR_REDIRECT] 
2026-05-28 16:44:48,108 [ERROR] LogOutputStream:75 - [STDERR_REDIRECT] [Fatal Error] :1:1: Premature end of file.
2026-05-28 16:44:48,108 [ERROR] LogOutputStream:75 - [STDERR_REDIRECT] 
2026-05-28 16:44:49,109 [ERROR] LogOutputStream:75 - [STDERR_REDIRECT] [Fatal Error] :1:1: Premature end of file.
2026-05-28 16:44:49,109 [ERROR] LogOutputStream:75 - [STDERR_REDIRECT] 
2026-05-28 16:44:50,115 [ERROR] LogOutputStream:75 - [STDERR_REDIRECT] [Fatal Error] :1:1: Premature end of file.
2026-05-28 16:44:50,115 [ERROR] LogOutputStream:75 - [STDERR_REDIRECT] 
2026-05-28 16:44:51,109 [ERROR] LogOutputStream:75 - [STDERR_REDIRECT] [Fatal Error] :1:1: Premature end of file.
2026-05-28 16:44:51,110 [ERROR] LogOutputStream:75 - [STDERR_REDIRECT] 
2026-05-28 16:44:52,227 [ERROR] LogOutputStream:75 - [STDERR_REDIRECT] [Fatal Error] :1:1: Premature end of file.
2026-05-28 16:44:52,227 [ERROR] LogOutputStream:75 - [STDERR_REDIRECT] 
2026-05-28 16:44:53,114 [ERROR] LogOutputStream:75 - [STDERR_REDIRECT] [Fatal Error] :1:1: Premature end of file.
2026-05-28 16:44:53,114 [ERROR] LogOutputStream:75 - [STDERR_REDIRECT] 
2026-05-28 16:44:54,109 [ERROR] LogOutputStream:75 - [STDERR_REDIRECT] [Fatal Error] :1:1: Premature end of file.
2026-05-28 16:44:54,109 [ERROR] LogOutputStream:75 - [STDERR_REDIRECT] 
2026-05-28 16:44:55,102 [ERROR] LogOutputStream:75 - [STDERR_REDIRECT] [Fatal Error] :1:1: Premature end of file.
2026-05-28 16:44:55,102 [ERROR] LogOutputStream:75 - [STDERR_REDIRECT] 
2026-05-28 16:44:56,098 [ERROR] LogOutputStream:75 - [STDERR_REDIRECT] [Fatal Error] :1:1: Premature end of file.
2026-05-28 16:44:56,098 [ERROR] LogOutputStream:75 - [STDERR_REDIRECT] 
2026-05-28 16:44:57,118 [ERROR] LogOutputStream:75 - [STDERR_REDIRECT] [Fatal Error] :1:1: Premature end of file.
2026-05-28 16:44:57,118 [ERROR] LogOutputStream:75 - [STDERR_REDIRECT] 
2026-05-28 16:44:58,102 [ERROR] LogOutputStream:75 - [STDERR_REDIRECT] [Fatal Error] :1:1: Premature end of file.
2026-05-28 16:44:58,102 [ERROR] LogOutputStream:75 - [STDERR_REDIRECT] 
2026-05-28 16:44:59,103 [ERROR] LogOutputStream:75 - [STDERR_REDIRECT] [Fatal Error] :1:1: Premature end of file.
2026-05-28 16:44:59,103 [ERROR] LogOutputStream:75 - [STDERR_REDIRECT] 
2026-05-28 16:45:00,106 [ERROR] LogOutputStream:75 - [STDERR_REDIRECT] [Fatal Error] :1:1: Premature end of file.
2026-05-28 16:45:00,106 [ERROR] LogOutputStream:75 - [STDERR_REDIRECT] 
2026-05-28 16:45:01,102 [ERROR] LogOutputStream:75 - [STDERR_REDIRECT] [Fatal Error] :1:1: Premature end of file.
2026-05-28 16:45:01,102 [ERROR] LogOutputStream:75 - [STDERR_REDIRECT] 
2026-05-28 16:45:02,114 [ERROR] LogOutputStream:75 - [STDERR_REDIRECT] [Fatal Error] :1:1: Premature end of file.
2026-05-28 16:45:02,114 [ERROR] LogOutputStream:75 - [STDERR_REDIRECT] 
2026-05-28 16:45:03,114 [ERROR] LogOutputStream:75 - [STDERR_REDIRECT] [Fatal Error] :1:1: Premature end of file.
2026-05-28 16:45:03,114 [ERROR] LogOutputStream:75 - [STDERR_REDIRECT] 
2026-05-28 16:45:04,116 [ERROR] LogOutputStream:75 - [STDERR_REDIRECT] [Fatal Error] :1:1: Premature end of file.
2026-05-28 16:45:04,116 [ERROR] LogOutputStream:75 - [STDERR_REDIRECT] 
2026-05-28 16:45:05,109 [ERROR] LogOutputStream:75 - [STDERR_REDIRECT] [Fatal Error] :1:1: Premature end of file.
2026-05-28 16:45:05,109 [ERROR] LogOutputStream:75 - [STDERR_REDIRECT] 
2026-05-28 16:45:06,107 [ERROR] LogOutputStream:75 - [STDERR_REDIRECT] [Fatal Error] :1:1: Premature end of file.
2026-05-28 16:45:06,107 [ERROR] LogOutputStream:75 - [STDERR_REDIRECT] 
2026-05-28 16:45:07,092 [ERROR] LogOutputStream:75 - [STDERR_REDIRECT] [Fatal Error] :1:1: Premature end of file.
2026-05-28 16:45:07,092 [ERROR] LogOutputStream:75 - [STDERR_REDIRECT] 
2026-05-28 16:45:08,105 [ERROR] LogOutputStream:75 - [STDERR_REDIRECT] [Fatal Error] :1:1: Premature end of file.
2026-05-28 16:45:08,105 [ERROR] LogOutputStream:75 - [STDERR_REDIRECT] 
2026-05-28 16:45:09,099 [ERROR] LogOutputStream:75 - [STDERR_REDIRECT] [Fatal Error] :1:1: Premature end of file.
2026-05-28 16:45:09,099 [ERROR] LogOutputStream:75 - [STDERR_REDIRECT] 
2026-05-28 16:45:10,100 [ERROR] LogOutputStream:75 - [STDERR_REDIRECT] [Fatal Error] :1:1: Premature end of file.
2026-05-28 16:45:10,100 [ERROR] LogOutputStream:75 - [STDERR_REDIRECT] 
2026-05-28 16:45:11,095 [ERROR] LogOutputStream:75 - [STDERR_REDIRECT] [Fatal Error] :1:1: Premature end of file.
2026-05-28 16:45:11,095 [ERROR] LogOutputStream:75 - [STDERR_REDIRECT] 
2026-05-28 16:45:12,094 [ERROR] LogOutputStream:75 - [STDERR_REDIRECT] [Fatal Error] :1:1: Premature end of file.
2026-05-28 16:45:12,094 [ERROR] LogOutputStream:75 - [STDERR_REDIRECT] 
2026-05-28 16:45:13,152 [ERROR] LogOutputStream:75 - [STDERR_REDIRECT] [Fatal Error] :1:1: Premature end of file.
2026-05-28 16:45:13,152 [ERROR] LogOutputStream:75 - [STDERR_REDIRECT] 
2026-05-28 16:45:14,096 [ERROR] LogOutputStream:75 - [STDERR_REDIRECT] [Fatal Error] :1:1: Premature end of file.
2026-05-28 16:45:14,097 [ERROR] LogOutputStream:75 - [STDERR_REDIRECT] 
2026-05-28 16:45:15,098 [ERROR] LogOutputStream:75 - [STDERR_REDIRECT] [Fatal Error] :1:1: Premature end of file.
2026-05-28 16:45:15,098 [ERROR] LogOutputStream:75 - [STDERR_REDIRECT] 
2026-05-28 16:45:16,092 [ERROR] LogOutputStream:75 - [STDERR_REDIRECT] [Fatal Error] :1:1: Premature end of file.
2026-05-28 16:45:16,092 [ERROR] LogOutputStream:75 - [STDERR_REDIRECT] 
2026-05-28 16:45:17,096 [ERROR] LogOutputStream:75 - [STDERR_REDIRECT] [Fatal Error] :1:1: Premature end of file.
2026-05-28 16:45:17,096 [ERROR] LogOutputStream:75 - [STDERR_REDIRECT] 
2026-05-28 16:45:18,105 [ERROR] LogOutputStream:75 - [STDERR_REDIRECT] [Fatal Error] :1:1: Premature end of file.
2026-05-28 16:45:18,105 [ERROR] LogOutputStream:75 - [STDERR_REDIRECT] 
2026-05-28 16:45:19,106 [ERROR] LogOutputStream:75 - [STDERR_REDIRECT] [Fatal Error] :1:1: Premature end of file.
2026-05-28 16:45:19,106 [ERROR] LogOutputStream:75 - [STDERR_REDIRECT] 
2026-05-28 16:45:20,093 [ERROR] LogOutputStream:75 - [STDERR_REDIRECT] [Fatal Error] :1:1: Premature end of file.
2026-05-28 16:45:20,093 [ERROR] LogOutputStream:75 - [STDERR_REDIRECT] 
2026-05-28 16:45:21,095 [ERROR] LogOutputStream:75 - [STDERR_REDIRECT] [Fatal Error] :1:1: Premature end of file.
2026-05-28 16:45:21,095 [ERROR] LogOutputStream:75 - [STDERR_REDIRECT] 
2026-05-28 16:45:22,096 [ERROR] LogOutputStream:75 - [STDERR_REDIRECT] [Fatal Error] :1:1: Premature end of file.
2026-05-28 16:45:22,096 [ERROR] LogOutputStream:75 - [STDERR_REDIRECT] 
2026-05-28 16:45:23,096 [ERROR] LogOutputStream:75 - [STDERR_REDIRECT] [Fatal Error] :1:1: Premature end of file.
2026-05-28 16:45:23,096 [ERROR] LogOutputStream:75 - [STDERR_REDIRECT] 
2026-05-28 16:45:24,094 [ERROR] LogOutputStream:75 - [STDERR_REDIRECT] [Fatal Error] :1:1: Premature end of file.
2026-05-28 16:45:24,094 [ERROR] LogOutputStream:75 - [STDERR_REDIRECT] 
2026-05-28 16:45:25,095 [ERROR] LogOutputStream:75 - [STDERR_REDIRECT] [Fatal Error] :1:1: Premature end of file.
2026-05-28 16:45:25,095 [ERROR] LogOutputStream:75 - [STDERR_REDIRECT] 
2026-05-28 16:45:26,101 [ERROR] LogOutputStream:75 - [STDERR_REDIRECT] [Fatal Error] :1:1: Premature end of file.
2026-05-28 16:45:26,102 [ERROR] LogOutputStream:75 - [STDERR_REDIRECT] 
2026-05-28 16:45:27,116 [ERROR] LogOutputStream:75 - [STDERR_REDIRECT] [Fatal Error] :1:1: Premature end of file.
2026-05-28 16:45:27,116 [ERROR] LogOutputStream:75 - [STDERR_REDIRECT] 
2026-05-28 16:45:28,095 [ERROR] LogOutputStream:75 - [STDERR_REDIRECT] [Fatal Error] :1:1: Premature end of file.
2026-05-28 16:45:28,095 [ERROR] LogOutputStream:75 - [STDERR_REDIRECT] 
2026-05-28 16:45:29,095 [ERROR] LogOutputStream:75 - [STDERR_REDIRECT] [Fatal Error] :1:1: Premature end of file.
2026-05-28 16:45:29,095 [ERROR] LogOutputStream:75 - [STDERR_REDIRECT] 
2026-05-28 16:45:30,093 [ERROR] LogOutputStream:75 - [STDERR_REDIRECT] [Fatal Error] :1:1: Premature end of file.
2026-05-28 16:45:30,094 [ERROR] LogOutputStream:75 - [STDERR_REDIRECT] 
2026-05-28 16:45:31,096 [ERROR] LogOutputStream:75 - [STDERR_REDIRECT] [Fatal Error] :1:1: Premature end of file.
2026-05-28 16:45:31,097 [ERROR] LogOutputStream:75 - [STDERR_REDIRECT] 
2026-05-28 16:45:32,094 [ERROR] LogOutputStream:75 - [STDERR_REDIRECT] [Fatal Error] :1:1: Premature end of file.
2026-05-28 16:45:32,094 [ERROR] LogOutputStream:75 - [STDERR_REDIRECT] 
2026-05-28 16:45:33,098 [ERROR] LogOutputStream:75 - [STDERR_REDIRECT] [Fatal Error] :1:1: Premature end of file.
2026-05-28 16:45:33,098 [ERROR] LogOutputStream:75 - [STDERR_REDIRECT] 
2026-05-28 16:45:34,096 [ERROR] LogOutputStream:75 - [STDERR_REDIRECT] [Fatal Error] :1:1: Premature end of file.
2026-05-28 16:45:34,096 [ERROR] LogOutputStream:75 - [STDERR_REDIRECT] 
2026-05-28 16:45:35,095 [ERROR] LogOutputStream:75 - [STDERR_REDIRECT] [Fatal Error] :1:1: Premature end of file.
2026-05-28 16:45:35,095 [ERROR] LogOutputStream:75 - [STDERR_REDIRECT] 
2026-05-28 16:45:36,095 [ERROR] LogOutputStream:75 - [STDERR_REDIRECT] [Fatal Error] :1:1: Premature end of file.
2026-05-28 16:45:36,095 [ERROR] LogOutputStream:75 - [STDERR_REDIRECT] 
2026-05-28 16:45:37,099 [ERROR] LogOutputStream:75 - [STDERR_REDIRECT] [Fatal Error] :1:1: Premature end of file.
2026-05-28 16:45:37,099 [ERROR] LogOutputStream:75 - [STDERR_REDIRECT] 
2026-05-28 16:45:38,099 [ERROR] LogOutputStream:75 - [STDERR_REDIRECT] [Fatal Error] :1:1: Premature end of file.
2026-05-28 16:45:38,099 [ERROR] LogOutputStream:75 - [STDERR_REDIRECT] 
2026-05-28 16:45:39,097 [ERROR] LogOutputStream:75 - [STDERR_REDIRECT] [Fatal Error] :1:1: Premature end of file.
2026-05-28 16:45:39,097 [ERROR] LogOutputStream:75 - [STDERR_REDIRECT] 
2026-05-28 16:45:40,096 [ERROR] LogOutputStream:75 - [STDERR_REDIRECT] [Fatal Error] :1:1: Premature end of file.
2026-05-28 16:45:40,096 [ERROR] LogOutputStream:75 - [STDERR_REDIRECT] 
2026-05-28 16:45:41,094 [ERROR] LogOutputStream:75 - [STDERR_REDIRECT] [Fatal Error] :1:1: Premature end of file.
2026-05-28 16:45:41,094 [ERROR] LogOutputStream:75 - [STDERR_REDIRECT] 
2026-05-28 16:45:42,098 [ERROR] LogOutputStream:75 - [STDERR_REDIRECT] [Fatal Error] :1:1: Premature end of file.
2026-05-28 16:45:42,098 [ERROR] LogOutputStream:75 - [STDERR_REDIRECT] 
2026-05-28 16:45:43,096 [ERROR] LogOutputStream:75 - [STDERR_REDIRECT] [Fatal Error] :1:1: Premature end of file.
2026-05-28 16:45:43,097 [ERROR] LogOutputStream:75 - [STDERR_REDIRECT] 
2026-05-28 16:45:44,123 [ERROR] LogOutputStream:75 - [STDERR_REDIRECT] [Fatal Error] :1:1: Premature end of file.
2026-05-28 16:45:44,123 [ERROR] LogOutputStream:75 - [STDERR_REDIRECT] 
2026-05-28 16:45:45,098 [ERROR] LogOutputStream:75 - [STDERR_REDIRECT] [Fatal Error] :1:1: Premature end of file.
2026-05-28 16:45:45,098 [ERROR] LogOutputStream:75 - [STDERR_REDIRECT] 
2026-05-28 16:45:46,099 [ERROR] LogOutputStream:75 - [STDERR_REDIRECT] [Fatal Error] :1:1: Premature end of file.
2026-05-28 16:45:46,099 [ERROR] LogOutputStream:75 - [STDERR_REDIRECT] 
2026-05-28 16:45:47,092 [ERROR] LogOutputStream:75 - [STDERR_REDIRECT] [Fatal Error] :1:1: Premature end of file.
2026-05-28 16:45:47,092 [ERROR] LogOutputStream:75 - [STDERR_REDIRECT] 
2026-05-28 16:45:48,107 [ERROR] LogOutputStream:75 - [STDERR_REDIRECT] [Fatal Error] :1:1: Premature end of file.
2026-05-28 16:45:48,108 [ERROR] LogOutputStream:75 - [STDERR_REDIRECT] 
2026-05-28 16:45:49,110 [ERROR] LogOutputStream:75 - [STDERR_REDIRECT] [Fatal Error] :1:1: Premature end of file.
2026-05-28 16:45:49,110 [ERROR] LogOutputStream:75 - [STDERR_REDIRECT] 
2026-05-28 16:45:50,107 [ERROR] LogOutputStream:75 - [STDERR_REDIRECT] [Fatal Error] :1:1: Premature end of file.
2026-05-28 16:45:50,108 [ERROR] LogOutputStream:75 - [STDERR_REDIRECT] 
2026-05-28 16:45:51,098 [ERROR] LogOutputStream:75 - [STDERR_REDIRECT] [Fatal Error] :1:1: Premature end of file.
2026-05-28 16:45:51,098 [ERROR] LogOutputStream:75 - [STDERR_REDIRECT] 
2026-05-28 16:45:52,098 [ERROR] LogOutputStream:75 - [STDERR_REDIRECT] [Fatal Error] :1:1: Premature end of file.
2026-05-28 16:45:52,098 [ERROR] LogOutputStream:75 - [STDERR_REDIRECT] 
2026-05-28 16:45:53,098 [ERROR] LogOutputStream:75 - [STDERR_REDIRECT] [Fatal Error] :1:1: Premature end of file.
2026-05-28 16:45:53,098 [ERROR] LogOutputStream:75 - [STDERR_REDIRECT] 
2026-05-28 16:45:54,096 [ERROR] LogOutputStream:75 - [STDERR_REDIRECT] [Fatal Error] :1:1: Premature end of file.
2026-05-28 16:45:54,097 [ERROR] LogOutputStream:75 - [STDERR_REDIRECT] 
2026-05-28 16:45:55,106 [ERROR] LogOutputStream:75 - [STDERR_REDIRECT] [Fatal Error] :1:1: Premature end of file.
2026-05-28 16:45:55,107 [ERROR] LogOutputStream:75 - [STDERR_REDIRECT] 
2026-05-28 16:45:56,118 [ERROR] LogOutputStream:75 - [STDERR_REDIRECT] [Fatal Error] :1:1: Premature end of file.
2026-05-28 16:45:56,118 [ERROR] LogOutputStream:75 - [STDERR_REDIRECT] 
2026-05-28 16:45:57,119 [ERROR] LogOutputStream:75 - [STDERR_REDIRECT] [Fatal Error] :1:1: Premature end of file.
2026-05-28 16:45:57,119 [ERROR] LogOutputStream:75 - [STDERR_REDIRECT] 
2026-05-28 16:45:58,118 [ERROR] LogOutputStream:75 - [STDERR_REDIRECT] [Fatal Error] :1:1: Premature end of file.
2026-05-28 16:45:58,118 [ERROR] LogOutputStream:75 - [STDERR_REDIRECT] 
2026-05-28 16:45:59,108 [ERROR] LogOutputStream:75 - [STDERR_REDIRECT] [Fatal Error] :1:1: Premature end of file.
2026-05-28 16:45:59,108 [ERROR] LogOutputStream:75 - [STDERR_REDIRECT] 
2026-05-28 16:46:00,117 [ERROR] LogOutputStream:75 - [STDERR_REDIRECT] [Fatal Error] :1:1: Premature end of file.
2026-05-28 16:46:00,117 [ERROR] LogOutputStream:75 - [STDERR_REDIRECT] 
2026-05-28 16:46:01,116 [ERROR] LogOutputStream:75 - [STDERR_REDIRECT] [Fatal Error] :1:1: Premature end of file.
2026-05-28 16:46:01,116 [ERROR] LogOutputStream:75 - [STDERR_REDIRECT] 
2026-05-28 16:46:02,117 [ERROR] LogOutputStream:75 - [STDERR_REDIRECT] [Fatal Error] :1:1: Premature end of file.
2026-05-28 16:46:02,117 [ERROR] LogOutputStream:75 - [STDERR_REDIRECT] 
2026-05-28 16:46:03,117 [ERROR] LogOutputStream:75 - [STDERR_REDIRECT] [Fatal Error] :1:1: Premature end of file.
2026-05-28 16:46:03,117 [ERROR] LogOutputStream:75 - [STDERR_REDIRECT] 
2026-05-28 16:46:04,093 [ERROR] LogOutputStream:75 - [STDERR_REDIRECT] [Fatal Error] :1:1: Premature end of file.
2026-05-28 16:46:04,093 [ERROR] LogOutputStream:75 - [STDERR_REDIRECT] 
2026-05-28 16:46:05,099 [ERROR] LogOutputStream:75 - [STDERR_REDIRECT] [Fatal Error] :1:1: Premature end of file.
2026-05-28 16:46:05,099 [ERROR] LogOutputStream:75 - [STDERR_REDIRECT] 
2026-05-28 16:46:06,096 [ERROR] LogOutputStream:75 - [STDERR_REDIRECT] [Fatal Error] :1:1: Premature end of file.
2026-05-28 16:46:06,096 [ERROR] LogOutputStream:75 - [STDERR_REDIRECT] 
2026-05-28 16:46:07,097 [ERROR] LogOutputStream:75 - [STDERR_REDIRECT] [Fatal Error] :1:1: Premature end of file.
2026-05-28 16:46:07,097 [ERROR] LogOutputStream:75 - [STDERR_REDIRECT] 
2026-05-28 16:46:08,095 [ERROR] LogOutputStream:75 - [STDERR_REDIRECT] [Fatal Error] :1:1: Premature end of file.
2026-05-28 16:46:08,095 [ERROR] LogOutputStream:75 - [STDERR_REDIRECT] 
2026-05-28 16:46:09,093 [ERROR] LogOutputStream:75 - [STDERR_REDIRECT] [Fatal Error] :1:1: Premature end of file.
2026-05-28 16:46:09,093 [ERROR] LogOutputStream:75 - [STDERR_REDIRECT] 
2026-05-28 16:46:10,095 [ERROR] LogOutputStream:75 - [STDERR_REDIRECT] [Fatal Error] :1:1: Premature end of file.
2026-05-28 16:46:10,095 [ERROR] LogOutputStream:75 - [STDERR_REDIRECT] 
2026-05-28 16:46:11,100 [ERROR] LogOutputStream:75 - [STDERR_REDIRECT] [Fatal Error] :1:1: Premature end of file.
2026-05-28 16:46:11,100 [ERROR] LogOutputStream:75 - [STDERR_REDIRECT] 
2026-05-28 16:46:12,094 [ERROR] LogOutputStream:75 - [STDERR_REDIRECT] [Fatal Error] :1:1: Premature end of file.
2026-05-28 16:46:12,094 [ERROR] LogOutputStream:75 - [STDERR_REDIRECT] 
2026-05-28 16:46:13,105 [ERROR] LogOutputStream:75 - [STDERR_REDIRECT] [Fatal Error] :1:1: Premature end of file.
2026-05-28 16:46:13,105 [ERROR] LogOutputStream:75 - [STDERR_REDIRECT] 
2026-05-28 16:46:14,106 [ERROR] LogOutputStream:75 - [STDERR_REDIRECT] [Fatal Error] :1:1: Premature end of file.
2026-05-28 16:46:14,106 [ERROR] LogOutputStream:75 - [STDERR_REDIRECT] 
2026-05-28 16:46:15,101 [ERROR] LogOutputStream:75 - [STDERR_REDIRECT] [Fatal Error] :1:1: Premature end of file.
2026-05-28 16:46:15,101 [ERROR] LogOutputStream:75 - [STDERR_REDIRECT] 
2026-05-28 16:46:16,097 [ERROR] LogOutputStream:75 - [STDERR_REDIRECT] [Fatal Error] :1:1: Premature end of file.
2026-05-28 16:46:16,097 [ERROR] LogOutputStream:75 - [STDERR_REDIRECT] 
2026-05-28 16:46:17,095 [ERROR] LogOutputStream:75 - [STDERR_REDIRECT] [Fatal Error] :1:1: Premature end of file.
2026-05-28 16:46:17,095 [ERROR] LogOutputStream:75 - [STDERR_REDIRECT] 
2026-05-28 16:46:18,096 [ERROR] LogOutputStream:75 - [STDERR_REDIRECT] [Fatal Error] :1:1: Premature end of file.
2026-05-28 16:46:18,097 [ERROR] LogOutputStream:75 - [STDERR_REDIRECT] 
2026-05-28 16:46:19,096 [ERROR] LogOutputStream:75 - [STDERR_REDIRECT] [Fatal Error] :1:1: Premature end of file.
2026-05-28 16:46:19,097 [ERROR] LogOutputStream:75 - [STDERR_REDIRECT] 
2026-05-28 16:46:20,094 [ERROR] LogOutputStream:75 - [STDERR_REDIRECT] [Fatal Error] :1:1: Premature end of file.
2026-05-28 16:46:20,095 [ERROR] LogOutputStream:75 - [STDERR_REDIRECT] 
2026-05-28 16:46:21,114 [ERROR] LogOutputStream:75 - [STDERR_REDIRECT] [Fatal Error] :1:1: Premature end of file.
2026-05-28 16:46:21,114 [ERROR] LogOutputStream:75 - [STDERR_REDIRECT] 
2026-05-28 16:46:22,114 [ERROR] LogOutputStream:75 - [STDERR_REDIRECT] [Fatal Error] :1:1: Premature end of file.
2026-05-28 16:46:22,114 [ERROR] LogOutputStream:75 - [STDERR_REDIRECT] 
2026-05-28 16:46:23,097 [ERROR] LogOutputStream:75 - [STDERR_REDIRECT] [Fatal Error] :1:1: Premature end of file.
2026-05-28 16:46:23,097 [ERROR] LogOutputStream:75 - [STDERR_REDIRECT] 
2026-05-28 16:46:24,098 [ERROR] LogOutputStream:75 - [STDERR_REDIRECT] [Fatal Error] :1:1: Premature end of file.
2026-05-28 16:46:24,098 [ERROR] LogOutputStream:75 - [STDERR_REDIRECT] 
2026-05-28 16:46:25,101 [ERROR] LogOutputStream:75 - [STDERR_REDIRECT] [Fatal Error] :1:1: Premature end of file.
2026-05-28 16:46:25,101 [ERROR] LogOutputStream:75 - [STDERR_REDIRECT] 
2026-05-28 16:46:26,107 [ERROR] LogOutputStream:75 - [STDERR_REDIRECT] [Fatal Error] :1:1: Premature end of file.
2026-05-28 16:46:26,108 [ERROR] LogOutputStream:75 - [STDERR_REDIRECT] 
2026-05-28 16:46:27,110 [ERROR] LogOutputStream:75 - [STDERR_REDIRECT] [Fatal Error] :1:1: Premature end of file.
2026-05-28 16:46:27,110 [ERROR] LogOutputStream:75 - [STDERR_REDIRECT] 
2026-05-28 16:46:28,121 [ERROR] LogOutputStream:75 - [STDERR_REDIRECT] [Fatal Error] :1:1: Premature end of file.
2026-05-28 16:46:28,121 [ERROR] LogOutputStream:75 - [STDERR_REDIRECT] 
2026-05-28 16:46:29,132 [ERROR] LogOutputStream:75 - [STDERR_REDIRECT] [Fatal Error] :1:1: Premature end of file.
2026-05-28 16:46:29,132 [ERROR] LogOutputStream:75 - [STDERR_REDIRECT] 
2026-05-28 16:46:30,109 [ERROR] LogOutputStream:75 - [STDERR_REDIRECT] [Fatal Error] :1:1: Premature end of file.
2026-05-28 16:46:30,109 [ERROR] LogOutputStream:75 - [STDERR_REDIRECT] 
2026-05-28 16:46:31,120 [ERROR] LogOutputStream:75 - [STDERR_REDIRECT] [Fatal Error] :1:1: Premature end of file.
2026-05-28 16:46:31,121 [ERROR] LogOutputStream:75 - [STDERR_REDIRECT] 
2026-05-28 16:46:32,108 [ERROR] LogOutputStream:75 - [STDERR_REDIRECT] [Fatal Error] :1:1: Premature end of file.
2026-05-28 16:46:32,108 [ERROR] LogOutputStream:75 - [STDERR_REDIRECT] 
2026-05-28 16:46:33,125 [ERROR] LogOutputStream:75 - [STDERR_REDIRECT] [Fatal Error] :1:1: Premature end of file.
2026-05-28 16:46:33,125 [ERROR] LogOutputStream:75 - [STDERR_REDIRECT] 
2026-05-28 16:46:34,120 [ERROR] LogOutputStream:75 - [STDERR_REDIRECT] [Fatal Error] :1:1: Premature end of file.
2026-05-28 16:46:34,120 [ERROR] LogOutputStream:75 - [STDERR_REDIRECT] 
2026-05-28 16:46:35,122 [ERROR] LogOutputStream:75 - [STDERR_REDIRECT] [Fatal Error] :1:1: Premature end of file.
2026-05-28 16:46:35,122 [ERROR] LogOutputStream:75 - [STDERR_REDIRECT] 
2026-05-28 16:46:36,118 [ERROR] LogOutputStream:75 - [STDERR_REDIRECT] [Fatal Error] :1:1: Premature end of file.
2026-05-28 16:46:36,118 [ERROR] LogOutputStream:75 - [STDERR_REDIRECT] 
2026-05-28 16:46:37,120 [ERROR] LogOutputStream:75 - [STDERR_REDIRECT] [Fatal Error] :1:1: Premature end of file.
2026-05-28 16:46:37,122 [ERROR] LogOutputStream:75 - [STDERR_REDIRECT] 
2026-05-28 16:46:38,116 [ERROR] LogOutputStream:75 - [STDERR_REDIRECT] [Fatal Error] :1:1: Premature end of file.
2026-05-28 16:46:38,116 [ERROR] LogOutputStream:75 - [STDERR_REDIRECT] 
2026-05-28 16:46:39,131 [ERROR] LogOutputStream:75 - [STDERR_REDIRECT] [Fatal Error] :1:1: Premature end of file.
2026-05-28 16:46:39,131 [ERROR] LogOutputStream:75 - [STDERR_REDIRECT] 
2026-05-28 16:46:40,111 [ERROR] LogOutputStream:75 - [STDERR_REDIRECT] [Fatal Error] :1:1: Premature end of file.
2026-05-28 16:46:40,111 [ERROR] LogOutputStream:75 - [STDERR_REDIRECT] 
2026-05-28 16:46:41,125 [ERROR] LogOutputStream:75 - [STDERR_REDIRECT] [Fatal Error] :1:1: Premature end of file.
2026-05-28 16:46:41,125 [ERROR] LogOutputStream:75 - [STDERR_REDIRECT] 
2026-05-28 16:46:42,122 [ERROR] LogOutputStream:75 - [STDERR_REDIRECT] [Fatal Error] :1:1: Premature end of file.
2026-05-28 16:46:42,122 [ERROR] LogOutputStream:75 - [STDERR_REDIRECT] 
2026-05-28 16:46:43,124 [ERROR] LogOutputStream:75 - [STDERR_REDIRECT] [Fatal Error] :1:1: Premature end of file.
2026-05-28 16:46:43,124 [ERROR] LogOutputStream:75 - [STDERR_REDIRECT] 
2026-05-28 16:46:44,118 [ERROR] LogOutputStream:75 - [STDERR_REDIRECT] [Fatal Error] :1:1: Premature end of file.
2026-05-28 16:46:44,118 [ERROR] LogOutputStream:75 - [STDERR_REDIRECT] 
2026-05-28 16:46:45,115 [ERROR] LogOutputStream:75 - [STDERR_REDIRECT] [Fatal Error] :1:1: Premature end of file.
2026-05-28 16:46:45,115 [ERROR] LogOutputStream:75 - [STDERR_REDIRECT] 
2026-05-28 16:46:46,110 [ERROR] LogOutputStream:75 - [STDERR_REDIRECT] [Fatal Error] :1:1: Premature end of file.
2026-05-28 16:46:46,110 [ERROR] LogOutputStream:75 - [STDERR_REDIRECT] 
2026-05-28 16:46:47,107 [ERROR] LogOutputStream:75 - [STDERR_REDIRECT] [Fatal Error] :1:1: Premature end of file.
2026-05-28 16:46:47,107 [ERROR] LogOutputStream:75 - [STDERR_REDIRECT] 
2026-05-28 16:46:48,109 [ERROR] LogOutputStream:75 - [STDERR_REDIRECT] [Fatal Error] :1:1: Premature end of file.
2026-05-28 16:46:48,110 [ERROR] LogOutputStream:75 - [STDERR_REDIRECT] 
2026-05-28 16:46:49,121 [ERROR] LogOutputStream:75 - [STDERR_REDIRECT] [Fatal Error] :1:1: Premature end of file.
2026-05-28 16:46:49,121 [ERROR] LogOutputStream:75 - [STDERR_REDIRECT] 
2026-05-28 16:46:50,119 [ERROR] LogOutputStream:75 - [STDERR_REDIRECT] [Fatal Error] :1:1: Premature end of file.
2026-05-28 16:46:50,119 [ERROR] LogOutputStream:75 - [STDERR_REDIRECT] 
2026-05-28 16:46:51,118 [ERROR] LogOutputStream:75 - [STDERR_REDIRECT] [Fatal Error] :1:1: Premature end of file.
2026-05-28 16:46:51,118 [ERROR] LogOutputStream:75 - [STDERR_REDIRECT] 
2026-05-28 16:46:52,119 [ERROR] LogOutputStream:75 - [STDERR_REDIRECT] [Fatal Error] :1:1: Premature end of file.
2026-05-28 16:46:52,119 [ERROR] LogOutputStream:75 - [STDERR_REDIRECT] 
2026-05-28 16:46:53,113 [ERROR] LogOutputStream:75 - [STDERR_REDIRECT] [Fatal Error] :1:1: Premature end of file.
2026-05-28 16:46:53,113 [ERROR] LogOutputStream:75 - [STDERR_REDIRECT] 
2026-05-28 16:46:54,120 [ERROR] LogOutputStream:75 - [STDERR_REDIRECT] [Fatal Error] :1:1: Premature end of file.
2026-05-28 16:46:54,120 [ERROR] LogOutputStream:75 - [STDERR_REDIRECT] 
2026-05-28 16:46:55,108 [ERROR] LogOutputStream:75 - [STDERR_REDIRECT] [Fatal Error] :1:1: Premature end of file.
2026-05-28 16:46:55,108 [ERROR] LogOutputStream:75 - [STDERR_REDIRECT] 
2026-05-28 16:46:56,100 [ERROR] LogOutputStream:75 - [STDERR_REDIRECT] [Fatal Error] :1:1: Premature end of file.
2026-05-28 16:46:56,100 [ERROR] LogOutputStream:75 - [STDERR_REDIRECT] 
2026-05-28 16:46:57,110 [ERROR] LogOutputStream:75 - [STDERR_REDIRECT] [Fatal Error] :1:1: Premature end of file.
2026-05-28 16:46:57,111 [ERROR] LogOutputStream:75 - [STDERR_REDIRECT] 
2026-05-28 16:46:58,105 [ERROR] LogOutputStream:75 - [STDERR_REDIRECT] [Fatal Error] :1:1: Premature end of file.
2026-05-28 16:46:58,105 [ERROR] LogOutputStream:75 - [STDERR_REDIRECT] 
2026-05-28 16:46:59,115 [ERROR] LogOutputStream:75 - [STDERR_REDIRECT] [Fatal Error] :1:1: Premature end of file.
2026-05-28 16:46:59,115 [ERROR] LogOutputStream:75 - [STDERR_REDIRECT] 
2026-05-28 16:47:00,117 [ERROR] LogOutputStream:75 - [STDERR_REDIRECT] [Fatal Error] :1:1: Premature end of file.
2026-05-28 16:47:00,117 [ERROR] LogOutputStream:75 - [STDERR_REDIRECT] 
2026-05-28 16:47:01,109 [ERROR] LogOutputStream:75 - [STDERR_REDIRECT] [Fatal Error] :1:1: Premature end of file.
2026-05-28 16:47:01,109 [ERROR] LogOutputStream:75 - [STDERR_REDIRECT] 
2026-05-28 16:47:02,115 [ERROR] LogOutputStream:75 - [STDERR_REDIRECT] [Fatal Error] :1:1: Premature end of file.
2026-05-28 16:47:02,115 [ERROR] LogOutputStream:75 - [STDERR_REDIRECT] 
2026-05-28 16:47:03,114 [ERROR] LogOutputStream:75 - [STDERR_REDIRECT] [Fatal Error] :1:1: Premature end of file.
2026-05-28 16:47:03,114 [ERROR] LogOutputStream:75 - [STDERR_REDIRECT] 
2026-05-28 16:47:04,114 [ERROR] LogOutputStream:75 - [STDERR_REDIRECT] [Fatal Error] :1:1: Premature end of file.
2026-05-28 16:47:04,114 [ERROR] LogOutputStream:75 - [STDERR_REDIRECT] 
2026-05-28 16:47:05,115 [ERROR] LogOutputStream:75 - [STDERR_REDIRECT] [Fatal Error] :1:1: Premature end of file.
2026-05-28 16:47:05,116 [ERROR] LogOutputStream:75 - [STDERR_REDIRECT] 
2026-05-28 16:47:06,116 [ERROR] LogOutputStream:75 - [STDERR_REDIRECT] [Fatal Error] :1:1: Premature end of file.
2026-05-28 16:47:06,116 [ERROR] LogOutputStream:75 - [STDERR_REDIRECT] 
2026-05-28 16:47:07,117 [ERROR] LogOutputStream:75 - [STDERR_REDIRECT] [Fatal Error] :1:1: Premature end of file.
2026-05-28 16:47:07,117 [ERROR] LogOutputStream:75 - [STDERR_REDIRECT] 
2026-05-28 16:47:08,115 [ERROR] LogOutputStream:75 - [STDERR_REDIRECT] [Fatal Error] :1:1: Premature end of file.
2026-05-28 16:47:08,115 [ERROR] LogOutputStream:75 - [STDERR_REDIRECT] 
2026-05-28 16:47:09,126 [ERROR] LogOutputStream:75 - [STDERR_REDIRECT] [Fatal Error] :1:1: Premature end of file.
2026-05-28 16:47:09,126 [ERROR] LogOutputStream:75 - [STDERR_REDIRECT] 
2026-05-28 16:47:10,121 [ERROR] LogOutputStream:75 - [STDERR_REDIRECT] [Fatal Error] :1:1: Premature end of file.
2026-05-28 16:47:10,121 [ERROR] LogOutputStream:75 - [STDERR_REDIRECT] 
2026-05-28 16:47:11,120 [ERROR] LogOutputStream:75 - [STDERR_REDIRECT] [Fatal Error] :1:1: Premature end of file.
2026-05-28 16:47:11,120 [ERROR] LogOutputStream:75 - [STDERR_REDIRECT] 
2026-05-28 16:47:12,108 [ERROR] LogOutputStream:75 - [STDERR_REDIRECT] [Fatal Error] :1:1: Premature end of file.
2026-05-28 16:47:12,108 [ERROR] LogOutputStream:75 - [STDERR_REDIRECT] 
2026-05-28 16:47:13,109 [ERROR] LogOutputStream:75 - [STDERR_REDIRECT] [Fatal Error] :1:1: Premature end of file.
2026-05-28 16:47:13,109 [ERROR] LogOutputStream:75 - [STDERR_REDIRECT] 
2026-05-28 16:47:14,140 [ERROR] LogOutputStream:75 - [STDERR_REDIRECT] [Fatal Error] :1:1: Premature end of file.
2026-05-28 16:47:14,140 [ERROR] LogOutputStream:75 - [STDERR_REDIRECT] 
2026-05-28 16:47:15,098 [ERROR] LogOutputStream:75 - [STDERR_REDIRECT] [Fatal Error] :1:1: Premature end of file.
2026-05-28 16:47:15,098 [ERROR] LogOutputStream:75 - [STDERR_REDIRECT] 
2026-05-28 16:47:16,115 [ERROR] LogOutputStream:75 - [STDERR_REDIRECT] [Fatal Error] :1:1: Premature end of file.
2026-05-28 16:47:16,116 [ERROR] LogOutputStream:75 - [STDERR_REDIRECT] 
2026-05-28 16:47:17,108 [ERROR] LogOutputStream:75 - [STDERR_REDIRECT] [Fatal Error] :1:1: Premature end of file.
2026-05-28 16:47:17,109 [ERROR] LogOutputStream:75 - [STDERR_REDIRECT] 
2026-05-28 16:47:18,112 [ERROR] LogOutputStream:75 - [STDERR_REDIRECT] [Fatal Error] :1:1: Premature end of file.
2026-05-28 16:47:18,112 [ERROR] LogOutputStream:75 - [STDERR_REDIRECT] 
2026-05-28 16:47:19,117 [ERROR] LogOutputStream:75 - [STDERR_REDIRECT] [Fatal Error] :1:1: Premature end of file.
2026-05-28 16:47:19,117 [ERROR] LogOutputStream:75 - [STDERR_REDIRECT] 
2026-05-28 16:47:20,118 [ERROR] LogOutputStream:75 - [STDERR_REDIRECT] [Fatal Error] :1:1: Premature end of file.
2026-05-28 16:47:20,118 [ERROR] LogOutputStream:75 - [STDERR_REDIRECT] 
2026-05-28 16:47:21,133 [ERROR] LogOutputStream:75 - [STDERR_REDIRECT] [Fatal Error] :1:1: Premature end of file.
2026-05-28 16:47:21,133 [ERROR] LogOutputStream:75 - [STDERR_REDIRECT] 
2026-05-28 16:47:22,120 [ERROR] LogOutputStream:75 - [STDERR_REDIRECT] [Fatal Error] :1:1: Premature end of file.
2026-05-28 16:47:22,120 [ERROR] LogOutputStream:75 - [STDERR_REDIRECT] 
2026-05-28 16:47:23,127 [ERROR] LogOutputStream:75 - [STDERR_REDIRECT] [Fatal Error] :1:1: Premature end of file.
2026-05-28 16:47:23,127 [ERROR] LogOutputStream:75 - [STDERR_REDIRECT] 
2026-05-28 16:47:24,119 [ERROR] LogOutputStream:75 - [STDERR_REDIRECT] [Fatal Error] :1:1: Premature end of file.
2026-05-28 16:47:24,119 [ERROR] LogOutputStream:75 - [STDERR_REDIRECT] 
2026-05-28 16:47:25,107 [ERROR] LogOutputStream:75 - [STDERR_REDIRECT] [Fatal Error] :1:1: Premature end of file.
2026-05-28 16:47:25,107 [ERROR] LogOutputStream:75 - [STDERR_REDIRECT] 
2026-05-28 16:47:26,116 [ERROR] LogOutputStream:75 - [STDERR_REDIRECT] [Fatal Error] :1:1: Premature end of file.
2026-05-28 16:47:26,116 [ERROR] LogOutputStream:75 - [STDERR_REDIRECT] 
2026-05-28 16:47:27,124 [ERROR] LogOutputStream:75 - [STDERR_REDIRECT] [Fatal Error] :1:1: Premature end of file.
2026-05-28 16:47:27,125 [ERROR] LogOutputStream:75 - [STDERR_REDIRECT] 
2026-05-28 16:47:28,131 [ERROR] LogOutputStream:75 - [STDERR_REDIRECT] [Fatal Error] :1:1: Premature end of file.
2026-05-28 16:47:28,131 [ERROR] LogOutputStream:75 - [STDERR_REDIRECT] 
2026-05-28 16:47:29,123 [ERROR] LogOutputStream:75 - [STDERR_REDIRECT] [Fatal Error] :1:1: Premature end of file.
2026-05-28 16:47:29,123 [ERROR] LogOutputStream:75 - [STDERR_REDIRECT] 
2026-05-28 16:47:30,109 [ERROR] LogOutputStream:75 - [STDERR_REDIRECT] [Fatal Error] :1:1: Premature end of file.
2026-05-28 16:47:30,109 [ERROR] LogOutputStream:75 - [STDERR_REDIRECT] 
2026-05-28 16:47:31,110 [ERROR] LogOutputStream:75 - [STDERR_REDIRECT] [Fatal Error] :1:1: Premature end of file.
2026-05-28 16:47:31,110 [ERROR] LogOutputStream:75 - [STDERR_REDIRECT] 
2026-05-28 16:47:32,112 [ERROR] LogOutputStream:75 - [STDERR_REDIRECT] [Fatal Error] :1:1: Premature end of file.
2026-05-28 16:47:32,112 [ERROR] LogOutputStream:75 - [STDERR_REDIRECT] 
2026-05-28 16:47:33,122 [ERROR] LogOutputStream:75 - [STDERR_REDIRECT] [Fatal Error] :1:1: Premature end of file.
2026-05-28 16:47:33,123 [ERROR] LogOutputStream:75 - [STDERR_REDIRECT] 
2026-05-28 16:47:34,119 [ERROR] LogOutputStream:75 - [STDERR_REDIRECT] [Fatal Error] :1:1: Premature end of file.
2026-05-28 16:47:34,119 [ERROR] LogOutputStream:75 - [STDERR_REDIRECT] 
2026-05-28 16:47:35,120 [ERROR] LogOutputStream:75 - [STDERR_REDIRECT] [Fatal Error] :1:1: Premature end of file.
2026-05-28 16:47:35,121 [ERROR] LogOutputStream:75 - [STDERR_REDIRECT] 
2026-05-28 16:47:36,121 [ERROR] LogOutputStream:75 - [STDERR_REDIRECT] [Fatal Error] :1:1: Premature end of file.
2026-05-28 16:47:36,121 [ERROR] LogOutputStream:75 - [STDERR_REDIRECT] 
2026-05-28 16:47:37,120 [ERROR] LogOutputStream:75 - [STDERR_REDIRECT] [Fatal Error] :1:1: Premature end of file.
2026-05-28 16:47:37,120 [ERROR] LogOutputStream:75 - [STDERR_REDIRECT] 
2026-05-28 16:47:38,118 [ERROR] LogOutputStream:75 - [STDERR_REDIRECT] [Fatal Error] :1:1: Premature end of file.
2026-05-28 16:47:38,118 [ERROR] LogOutputStream:75 - [STDERR_REDIRECT] 
2026-05-28 16:47:39,117 [ERROR] LogOutputStream:75 - [STDERR_REDIRECT] [Fatal Error] :1:1: Premature end of file.
2026-05-28 16:47:39,117 [ERROR] LogOutputStream:75 - [STDERR_REDIRECT] 
2026-05-28 16:47:40,120 [ERROR] LogOutputStream:75 - [STDERR_REDIRECT] [Fatal Error] :1:1: Premature end of file.
2026-05-28 16:47:40,120 [ERROR] LogOutputStream:75 - [STDERR_REDIRECT] 
2026-05-28 16:47:41,122 [ERROR] LogOutputStream:75 - [STDERR_REDIRECT] [Fatal Error] :1:1: Premature end of file.
2026-05-28 16:47:41,122 [ERROR] LogOutputStream:75 - [STDERR_REDIRECT] 
2026-05-28 16:47:42,117 [ERROR] LogOutputStream:75 - [STDERR_REDIRECT] [Fatal Error] :1:1: Premature end of file.
2026-05-28 16:47:42,117 [ERROR] LogOutputStream:75 - [STDERR_REDIRECT] 
2026-05-28 16:47:43,121 [ERROR] LogOutputStream:75 - [STDERR_REDIRECT] [Fatal Error] :1:1: Premature end of file.
2026-05-28 16:47:43,121 [ERROR] LogOutputStream:75 - [STDERR_REDIRECT] 
2026-05-28 16:47:44,123 [ERROR] LogOutputStream:75 - [STDERR_REDIRECT] [Fatal Error] :1:1: Premature end of file.
2026-05-28 16:47:44,123 [ERROR] LogOutputStream:75 - [STDERR_REDIRECT] 
2026-05-28 16:47:45,121 [ERROR] LogOutputStream:75 - [STDERR_REDIRECT] [Fatal Error] :1:1: Premature end of file.
2026-05-28 16:47:45,121 [ERROR] LogOutputStream:75 - [STDERR_REDIRECT] 
2026-05-28 16:47:46,124 [ERROR] LogOutputStream:75 - [STDERR_REDIRECT] [Fatal Error] :1:1: Premature end of file.
2026-05-28 16:47:46,124 [ERROR] LogOutputStream:75 - [STDERR_REDIRECT] 
2026-05-28 16:47:47,118 [ERROR] LogOutputStream:75 - [STDERR_REDIRECT] [Fatal Error] :1:1: Premature end of file.
2026-05-28 16:47:47,118 [ERROR] LogOutputStream:75 - [STDERR_REDIRECT] 
2026-05-28 16:47:48,124 [ERROR] LogOutputStream:75 - [STDERR_REDIRECT] [Fatal Error] :1:1: Premature end of file.
2026-05-28 16:47:48,124 [ERROR] LogOutputStream:75 - [STDERR_REDIRECT] 
2026-05-28 16:47:49,122 [ERROR] LogOutputStream:75 - [STDERR_REDIRECT] [Fatal Error] :1:1: Premature end of file.
2026-05-28 16:47:49,122 [ERROR] LogOutputStream:75 - [STDERR_REDIRECT] 
2026-05-28 16:47:50,122 [ERROR] LogOutputStream:75 - [STDERR_REDIRECT] [Fatal Error] :1:1: Premature end of file.
2026-05-28 16:47:50,122 [ERROR] LogOutputStream:75 - [STDERR_REDIRECT] 
2026-05-28 16:47:51,195 [ERROR] LogOutputStream:75 - [STDERR_REDIRECT] [Fatal Error] :1:1: Premature end of file.
2026-05-28 16:47:51,196 [ERROR] LogOutputStream:75 - [STDERR_REDIRECT] 
2026-05-28 16:47:52,119 [ERROR] LogOutputStream:75 - [STDERR_REDIRECT] [Fatal Error] :1:1: Premature end of file.
2026-05-28 16:47:52,119 [ERROR] LogOutputStream:75 - [STDERR_REDIRECT] 
2026-05-28 16:47:53,128 [ERROR] LogOutputStream:75 - [STDERR_REDIRECT] [Fatal Error] :1:1: Premature end of file.
2026-05-28 16:47:53,129 [ERROR] LogOutputStream:75 - [STDERR_REDIRECT] 
2026-05-28 16:47:54,124 [ERROR] LogOutputStream:75 - [STDERR_REDIRECT] [Fatal Error] :1:1: Premature end of file.
2026-05-28 16:47:54,125 [ERROR] LogOutputStream:75 - [STDERR_REDIRECT] 
2026-05-28 16:47:55,120 [ERROR] LogOutputStream:75 - [STDERR_REDIRECT] [Fatal Error] :1:1: Premature end of file.
2026-05-28 16:47:55,122 [ERROR] LogOutputStream:75 - [STDERR_REDIRECT] 
2026-05-28 16:47:56,122 [ERROR] LogOutputStream:75 - [STDERR_REDIRECT] [Fatal Error] :1:1: Premature end of file.
2026-05-28 16:47:56,123 [ERROR] LogOutputStream:75 - [STDERR_REDIRECT] 
2026-05-28 16:47:57,127 [ERROR] LogOutputStream:75 - [STDERR_REDIRECT] [Fatal Error] :1:1: Premature end of file.
2026-05-28 16:47:57,128 [ERROR] LogOutputStream:75 - [STDERR_REDIRECT] 
2026-05-28 16:47:58,123 [ERROR] LogOutputStream:75 - [STDERR_REDIRECT] [Fatal Error] :1:1: Premature end of file.
2026-05-28 16:47:58,125 [ERROR] LogOutputStream:75 - [STDERR_REDIRECT] 
2026-05-28 16:47:59,114 [ERROR] LogOutputStream:75 - [STDERR_REDIRECT] [Fatal Error] :1:1: Premature end of file.
2026-05-28 16:47:59,114 [ERROR] LogOutputStream:75 - [STDERR_REDIRECT] 
2026-05-28 16:48:00,125 [ERROR] LogOutputStream:75 - [STDERR_REDIRECT] [Fatal Error] :1:1: Premature end of file.
2026-05-28 16:48:00,126 [ERROR] LogOutputStream:75 - [STDERR_REDIRECT] 
2026-05-28 16:48:01,110 [ERROR] LogOutputStream:75 - [STDERR_REDIRECT] [Fatal Error] :1:1: Premature end of file.
2026-05-28 16:48:01,111 [ERROR] LogOutputStream:75 - [STDERR_REDIRECT] 
2026-05-28 16:48:02,123 [ERROR] LogOutputStream:75 - [STDERR_REDIRECT] [Fatal Error] :1:1: Premature end of file.
2026-05-28 16:48:02,124 [ERROR] LogOutputStream:75 - [STDERR_REDIRECT] 
2026-05-28 16:48:03,108 [ERROR] LogOutputStream:75 - [STDERR_REDIRECT] [Fatal Error] :1:1: Premature end of file.
2026-05-28 16:48:03,109 [ERROR] LogOutputStream:75 - [STDERR_REDIRECT] 
2026-05-28 16:48:04,126 [ERROR] LogOutputStream:75 - [STDERR_REDIRECT] [Fatal Error] :1:1: Premature end of file.
2026-05-28 16:48:04,126 [ERROR] LogOutputStream:75 - [STDERR_REDIRECT] 
2026-05-28 16:48:05,114 [ERROR] LogOutputStream:75 - [STDERR_REDIRECT] [Fatal Error] :1:1: Premature end of file.
2026-05-28 16:48:05,115 [ERROR] LogOutputStream:75 - [STDERR_REDIRECT] 
2026-05-28 16:48:06,122 [ERROR] LogOutputStream:75 - [STDERR_REDIRECT] [Fatal Error] :1:1: Premature end of file.
2026-05-28 16:48:06,122 [ERROR] LogOutputStream:75 - [STDERR_REDIRECT] 
2026-05-28 16:48:07,132 [ERROR] LogOutputStream:75 - [STDERR_REDIRECT] [Fatal Error] :1:1: Premature end of file.
2026-05-28 16:48:07,132 [ERROR] LogOutputStream:75 - [STDERR_REDIRECT] 
2026-05-28 16:48:08,125 [ERROR] LogOutputStream:75 - [STDERR_REDIRECT] [Fatal Error] :1:1: Premature end of file.
2026-05-28 16:48:08,125 [ERROR] LogOutputStream:75 - [STDERR_REDIRECT] 
2026-05-28 16:48:09,114 [ERROR] LogOutputStream:75 - [STDERR_REDIRECT] [Fatal Error] :1:1: Premature end of file.
2026-05-28 16:48:09,114 [ERROR] LogOutputStream:75 - [STDERR_REDIRECT] 
2026-05-28 16:48:10,125 [ERROR] LogOutputStream:75 - [STDERR_REDIRECT] [Fatal Error] :1:1: Premature end of file.
2026-05-28 16:48:10,125 [ERROR] LogOutputStream:75 - [STDERR_REDIRECT] 
2026-05-28 16:48:11,123 [ERROR] LogOutputStream:75 - [STDERR_REDIRECT] [Fatal Error] :1:1: Premature end of file.
2026-05-28 16:48:11,123 [ERROR] LogOutputStream:75 - [STDERR_REDIRECT] 
2026-05-28 16:48:12,118 [ERROR] LogOutputStream:75 - [STDERR_REDIRECT] [Fatal Error] :1:1: Premature end of file.
2026-05-28 16:48:12,118 [ERROR] LogOutputStream:75 - [STDERR_REDIRECT] 
2026-05-28 16:48:13,122 [ERROR] LogOutputStream:75 - [STDERR_REDIRECT] [Fatal Error] :1:1: Premature end of file.
2026-05-28 16:48:13,123 [ERROR] LogOutputStream:75 - [STDERR_REDIRECT] 
2026-05-28 16:48:14,150 [ERROR] LogOutputStream:75 - [STDERR_REDIRECT] [Fatal Error] :1:1: Premature end of file.
2026-05-28 16:48:14,152 [ERROR] LogOutputStream:75 - [STDERR_REDIRECT] 
2026-05-28 16:48:15,129 [ERROR] LogOutputStream:75 - [STDERR_REDIRECT] [Fatal Error] :1:1: Premature end of file.
2026-05-28 16:48:15,129 [ERROR] LogOutputStream:75 - [STDERR_REDIRECT] 
2026-05-28 16:48:16,121 [ERROR] LogOutputStream:75 - [STDERR_REDIRECT] [Fatal Error] :1:1: Premature end of file.
2026-05-28 16:48:16,121 [ERROR] LogOutputStream:75 - [STDERR_REDIRECT] 
2026-05-28 16:48:17,122 [ERROR] LogOutputStream:75 - [STDERR_REDIRECT] [Fatal Error] :1:1: Premature end of file.
2026-05-28 16:48:17,122 [ERROR] LogOutputStream:75 - [STDERR_REDIRECT] 
2026-05-28 16:48:18,119 [ERROR] LogOutputStream:75 - [STDERR_REDIRECT] [Fatal Error] :1:1: Premature end of file.
2026-05-28 16:48:18,119 [ERROR] LogOutputStream:75 - [STDERR_REDIRECT] 
2026-05-28 16:48:19,122 [ERROR] LogOutputStream:75 - [STDERR_REDIRECT] [Fatal Error] :1:1: Premature end of file.
2026-05-28 16:48:19,123 [ERROR] LogOutputStream:75 - [STDERR_REDIRECT] 
2026-05-28 16:48:20,119 [ERROR] LogOutputStream:75 - [STDERR_REDIRECT] [Fatal Error] :1:1: Premature end of file.
2026-05-28 16:48:20,120 [ERROR] LogOutputStream:75 - [STDERR_REDIRECT] 
2026-05-28 16:48:21,125 [ERROR] LogOutputStream:75 - [STDERR_REDIRECT] [Fatal Error] :1:1: Premature end of file.
2026-05-28 16:48:21,125 [ERROR] LogOutputStream:75 - [STDERR_REDIRECT] 
2026-05-28 16:48:22,122 [ERROR] LogOutputStream:75 - [STDERR_REDIRECT] [Fatal Error] :1:1: Premature end of file.
2026-05-28 16:48:22,122 [ERROR] LogOutputStream:75 - [STDERR_REDIRECT] 
2026-05-28 16:48:23,141 [ERROR] LogOutputStream:75 - [STDERR_REDIRECT] [Fatal Error] :1:1: Premature end of file.
2026-05-28 16:48:23,141 [ERROR] LogOutputStream:75 - [STDERR_REDIRECT] 
2026-05-28 16:48:24,119 [ERROR] LogOutputStream:75 - [STDERR_REDIRECT] [Fatal Error] :1:1: Premature end of file.
2026-05-28 16:48:24,119 [ERROR] LogOutputStream:75 - [STDERR_REDIRECT] 
2026-05-28 16:48:25,117 [ERROR] LogOutputStream:75 - [STDERR_REDIRECT] [Fatal Error] :1:1: Premature end of file.
2026-05-28 16:48:25,117 [ERROR] LogOutputStream:75 - [STDERR_REDIRECT] 
2026-05-28 16:48:26,119 [ERROR] LogOutputStream:75 - [STDERR_REDIRECT] [Fatal Error] :1:1: Premature end of file.
2026-05-28 16:48:26,119 [ERROR] LogOutputStream:75 - [STDERR_REDIRECT] 
2026-05-28 16:48:27,117 [ERROR] LogOutputStream:75 - [STDERR_REDIRECT] [Fatal Error] :1:1: Premature end of file.
2026-05-28 16:48:27,117 [ERROR] LogOutputStream:75 - [STDERR_REDIRECT] 
2026-05-28 16:48:28,114 [ERROR] LogOutputStream:75 - [STDERR_REDIRECT] [Fatal Error] :1:1: Premature end of file.
2026-05-28 16:48:28,114 [ERROR] LogOutputStream:75 - [STDERR_REDIRECT] 
2026-05-28 16:48:29,118 [ERROR] LogOutputStream:75 - [STDERR_REDIRECT] [Fatal Error] :1:1: Premature end of file.
2026-05-28 16:48:29,118 [ERROR] LogOutputStream:75 - [STDERR_REDIRECT] 
2026-05-28 16:48:30,120 [ERROR] LogOutputStream:75 - [STDERR_REDIRECT] [Fatal Error] :1:1: Premature end of file.
2026-05-28 16:48:30,120 [ERROR] LogOutputStream:75 - [STDERR_REDIRECT] 
2026-05-28 16:48:31,135 [ERROR] LogOutputStream:75 - [STDERR_REDIRECT] [Fatal Error] :1:1: Premature end of file.
2026-05-28 16:48:31,135 [ERROR] LogOutputStream:75 - [STDERR_REDIRECT] 
2026-05-28 16:48:32,130 [ERROR] LogOutputStream:75 - [STDERR_REDIRECT] [Fatal Error] :1:1: Premature end of file.
2026-05-28 16:48:32,130 [ERROR] LogOutputStream:75 - [STDERR_REDIRECT] 
2026-05-28 16:48:33,116 [ERROR] LogOutputStream:75 - [STDERR_REDIRECT] [Fatal Error] :1:1: Premature end of file.
2026-05-28 16:48:33,116 [ERROR] LogOutputStream:75 - [STDERR_REDIRECT] 
2026-05-28 16:48:34,116 [ERROR] LogOutputStream:75 - [STDERR_REDIRECT] [Fatal Error] :1:1: Premature end of file.
2026-05-28 16:48:34,116 [ERROR] LogOutputStream:75 - [STDERR_REDIRECT] 
2026-05-28 16:48:35,116 [ERROR] LogOutputStream:75 - [STDERR_REDIRECT] [Fatal Error] :1:1: Premature end of file.
2026-05-28 16:48:35,116 [ERROR] LogOutputStream:75 - [STDERR_REDIRECT] 
2026-05-28 16:48:36,120 [ERROR] LogOutputStream:75 - [STDERR_REDIRECT] [Fatal Error] :1:1: Premature end of file.
2026-05-28 16:48:36,120 [ERROR] LogOutputStream:75 - [STDERR_REDIRECT] 
2026-05-28 16:48:37,125 [ERROR] LogOutputStream:75 - [STDERR_REDIRECT] [Fatal Error] :1:1: Premature end of file.
2026-05-28 16:48:37,125 [ERROR] LogOutputStream:75 - [STDERR_REDIRECT] 
2026-05-28 16:48:38,115 [ERROR] LogOutputStream:75 - [STDERR_REDIRECT] [Fatal Error] :1:1: Premature end of file.
2026-05-28 16:48:38,115 [ERROR] LogOutputStream:75 - [STDERR_REDIRECT] 
2026-05-28 16:48:39,118 [ERROR] LogOutputStream:75 - [STDERR_REDIRECT] [Fatal Error] :1:1: Premature end of file.
2026-05-28 16:48:39,118 [ERROR] LogOutputStream:75 - [STDERR_REDIRECT] 
2026-05-28 16:48:40,115 [ERROR] LogOutputStream:75 - [STDERR_REDIRECT] [Fatal Error] :1:1: Premature end of file.
2026-05-28 16:48:40,115 [ERROR] LogOutputStream:75 - [STDERR_REDIRECT] 
2026-05-28 16:48:41,116 [ERROR] LogOutputStream:75 - [STDERR_REDIRECT] [Fatal Error] :1:1: Premature end of file.
2026-05-28 16:48:41,117 [ERROR] LogOutputStream:75 - [STDERR_REDIRECT] 
2026-05-28 16:48:42,117 [ERROR] LogOutputStream:75 - [STDERR_REDIRECT] [Fatal Error] :1:1: Premature end of file.
2026-05-28 16:48:42,117 [ERROR] LogOutputStream:75 - [STDERR_REDIRECT] 
2026-05-28 16:48:43,118 [ERROR] LogOutputStream:75 - [STDERR_REDIRECT] [Fatal Error] :1:1: Premature end of file.
2026-05-28 16:48:43,118 [ERROR] LogOutputStream:75 - [STDERR_REDIRECT] 
2026-05-28 16:48:44,116 [ERROR] LogOutputStream:75 - [STDERR_REDIRECT] [Fatal Error] :1:1: Premature end of file.
2026-05-28 16:48:44,116 [ERROR] LogOutputStream:75 - [STDERR_REDIRECT] 
2026-05-28 16:48:45,116 [ERROR] LogOutputStream:75 - [STDERR_REDIRECT] [Fatal Error] :1:1: Premature end of file.
2026-05-28 16:48:45,116 [ERROR] LogOutputStream:75 - [STDERR_REDIRECT] 
2026-05-28 16:48:46,116 [ERROR] LogOutputStream:75 - [STDERR_REDIRECT] [Fatal Error] :1:1: Premature end of file.
2026-05-28 16:48:46,117 [ERROR] LogOutputStream:75 - [STDERR_REDIRECT] 
2026-05-28 16:48:47,122 [ERROR] LogOutputStream:75 - [STDERR_REDIRECT] [Fatal Error] :1:1: Premature end of file.
2026-05-28 16:48:47,122 [ERROR] LogOutputStream:75 - [STDERR_REDIRECT] 
2026-05-28 16:48:48,118 [ERROR] LogOutputStream:75 - [STDERR_REDIRECT] [Fatal Error] :1:1: Premature end of file.
2026-05-28 16:48:48,118 [ERROR] LogOutputStream:75 - [STDERR_REDIRECT] 
2026-05-28 16:48:49,119 [ERROR] LogOutputStream:75 - [STDERR_REDIRECT] [Fatal Error] :1:1: Premature end of file.
2026-05-28 16:48:49,119 [ERROR] LogOutputStream:75 - [STDERR_REDIRECT] 
2026-05-28 16:48:50,114 [ERROR] LogOutputStream:75 - [STDERR_REDIRECT] [Fatal Error] :1:1: Premature end of file.
2026-05-28 16:48:50,114 [ERROR] LogOutputStream:75 - [STDERR_REDIRECT] 
2026-05-28 16:48:51,117 [ERROR] LogOutputStream:75 - [STDERR_REDIRECT] [Fatal Error] :1:1: Premature end of file.
2026-05-28 16:48:51,117 [ERROR] LogOutputStream:75 - [STDERR_REDIRECT] 
2026-05-28 16:48:52,115 [ERROR] LogOutputStream:75 - [STDERR_REDIRECT] [Fatal Error] :1:1: Premature end of file.
2026-05-28 16:48:52,115 [ERROR] LogOutputStream:75 - [STDERR_REDIRECT] 
2026-05-28 16:48:53,116 [ERROR] LogOutputStream:75 - [STDERR_REDIRECT] [Fatal Error] :1:1: Premature end of file.
2026-05-28 16:48:53,116 [ERROR] LogOutputStream:75 - [STDERR_REDIRECT] 
2026-05-28 16:48:54,116 [ERROR] LogOutputStream:75 - [STDERR_REDIRECT] [Fatal Error] :1:1: Premature end of file.
2026-05-28 16:48:54,116 [ERROR] LogOutputStream:75 - [STDERR_REDIRECT] 
2026-05-28 16:48:55,118 [ERROR] LogOutputStream:75 - [STDERR_REDIRECT] [Fatal Error] :1:1: Premature end of file.
2026-05-28 16:48:55,118 [ERROR] LogOutputStream:75 - [STDERR_REDIRECT] 
2026-05-28 16:48:56,117 [ERROR] LogOutputStream:75 - [STDERR_REDIRECT] [Fatal Error] :1:1: Premature end of file.
2026-05-28 16:48:56,118 [ERROR] LogOutputStream:75 - [STDERR_REDIRECT] 
2026-05-28 16:48:57,116 [ERROR] LogOutputStream:75 - [STDERR_REDIRECT] [Fatal Error] :1:1: Premature end of file.
2026-05-28 16:48:57,116 [ERROR] LogOutputStream:75 - [STDERR_REDIRECT] 
2026-05-28 16:48:58,115 [ERROR] LogOutputStream:75 - [STDERR_REDIRECT] [Fatal Error] :1:1: Premature end of file.
2026-05-28 16:48:58,117 [ERROR] LogOutputStream:75 - [STDERR_REDIRECT] 
2026-05-28 16:48:59,119 [ERROR] LogOutputStream:75 - [STDERR_REDIRECT] [Fatal Error] :1:1: Premature end of file.
2026-05-28 16:48:59,119 [ERROR] LogOutputStream:75 - [STDERR_REDIRECT] 
2026-05-28 16:49:00,119 [ERROR] LogOutputStream:75 - [STDERR_REDIRECT] [Fatal Error] :1:1: Premature end of file.
2026-05-28 16:49:00,119 [ERROR] LogOutputStream:75 - [STDERR_REDIRECT] 
2026-05-28 16:49:01,118 [ERROR] LogOutputStream:75 - [STDERR_REDIRECT] [Fatal Error] :1:1: Premature end of file.
2026-05-28 16:49:01,118 [ERROR] LogOutputStream:75 - [STDERR_REDIRECT] 
2026-05-28 16:49:02,117 [ERROR] LogOutputStream:75 - [STDERR_REDIRECT] [Fatal Error] :1:1: Premature end of file.
2026-05-28 16:49:02,117 [ERROR] LogOutputStream:75 - [STDERR_REDIRECT] 
2026-05-28 16:49:03,117 [ERROR] LogOutputStream:75 - [STDERR_REDIRECT] [Fatal Error] :1:1: Premature end of file.
2026-05-28 16:49:03,117 [ERROR] LogOutputStream:75 - [STDERR_REDIRECT] 
2026-05-28 16:49:04,115 [ERROR] LogOutputStream:75 - [STDERR_REDIRECT] [Fatal Error] :1:1: Premature end of file.
2026-05-28 16:49:04,115 [ERROR] LogOutputStream:75 - [STDERR_REDIRECT] 
2026-05-28 16:49:05,117 [ERROR] LogOutputStream:75 - [STDERR_REDIRECT] [Fatal Error] :1:1: Premature end of file.
2026-05-28 16:49:05,117 [ERROR] LogOutputStream:75 - [STDERR_REDIRECT] 
2026-05-28 16:49:06,117 [ERROR] LogOutputStream:75 - [STDERR_REDIRECT] [Fatal Error] :1:1: Premature end of file.
2026-05-28 16:49:06,118 [ERROR] LogOutputStream:75 - [STDERR_REDIRECT] 
2026-05-28 16:49:07,141 [ERROR] LogOutputStream:75 - [STDERR_REDIRECT] [Fatal Error] :1:1: Premature end of file.
2026-05-28 16:49:07,141 [ERROR] LogOutputStream:75 - [STDERR_REDIRECT] 
2026-05-28 16:49:08,116 [ERROR] LogOutputStream:75 - [STDERR_REDIRECT] [Fatal Error] :1:1: Premature end of file.
2026-05-28 16:49:08,116 [ERROR] LogOutputStream:75 - [STDERR_REDIRECT] 
2026-05-28 16:49:09,134 [ERROR] LogOutputStream:75 - [STDERR_REDIRECT] [Fatal Error] :1:1: Premature end of file.
2026-05-28 16:49:09,134 [ERROR] LogOutputStream:75 - [STDERR_REDIRECT] 
2026-05-28 16:49:10,129 [ERROR] LogOutputStream:75 - [STDERR_REDIRECT] [Fatal Error] :1:1: Premature end of file.
2026-05-28 16:49:10,129 [ERROR] LogOutputStream:75 - [STDERR_REDIRECT] 
2026-05-28 16:49:11,122 [ERROR] LogOutputStream:75 - [STDERR_REDIRECT] [Fatal Error] :1:1: Premature end of file.
2026-05-28 16:49:11,122 [ERROR] LogOutputStream:75 - [STDERR_REDIRECT] 
2026-05-28 16:49:12,122 [ERROR] LogOutputStream:75 - [STDERR_REDIRECT] [Fatal Error] :1:1: Premature end of file.
2026-05-28 16:49:12,122 [ERROR] LogOutputStream:75 - [STDERR_REDIRECT] 
2026-05-28 16:49:13,131 [ERROR] LogOutputStream:75 - [STDERR_REDIRECT] [Fatal Error] :1:1: Premature end of file.
2026-05-28 16:49:13,131 [ERROR] LogOutputStream:75 - [STDERR_REDIRECT] 
2026-05-28 16:49:14,118 [ERROR] LogOutputStream:75 - [STDERR_REDIRECT] [Fatal Error] :1:1: Premature end of file.
2026-05-28 16:49:14,119 [ERROR] LogOutputStream:75 - [STDERR_REDIRECT] 
2026-05-28 16:49:15,122 [ERROR] LogOutputStream:75 - [STDERR_REDIRECT] [Fatal Error] :1:1: Premature end of file.
2026-05-28 16:49:15,122 [ERROR] LogOutputStream:75 - [STDERR_REDIRECT] 
2026-05-28 16:49:16,123 [ERROR] LogOutputStream:75 - [STDERR_REDIRECT] [Fatal Error] :1:1: Premature end of file.
2026-05-28 16:49:16,123 [ERROR] LogOutputStream:75 - [STDERR_REDIRECT] 
2026-05-28 16:49:17,123 [ERROR] LogOutputStream:75 - [STDERR_REDIRECT] [Fatal Error] :1:1: Premature end of file.
2026-05-28 16:49:17,123 [ERROR] LogOutputStream:75 - [STDERR_REDIRECT] 
2026-05-28 16:49:18,123 [ERROR] LogOutputStream:75 - [STDERR_REDIRECT] [Fatal Error] :1:1: Premature end of file.
2026-05-28 16:49:18,123 [ERROR] LogOutputStream:75 - [STDERR_REDIRECT] 
2026-05-28 16:49:19,125 [ERROR] LogOutputStream:75 - [STDERR_REDIRECT] [Fatal Error] :1:1: Premature end of file.
2026-05-28 16:49:19,125 [ERROR] LogOutputStream:75 - [STDERR_REDIRECT] 
2026-05-28 16:49:20,124 [ERROR] LogOutputStream:75 - [STDERR_REDIRECT] [Fatal Error] :1:1: Premature end of file.
2026-05-28 16:49:20,126 [ERROR] LogOutputStream:75 - [STDERR_REDIRECT] 
2026-05-28 16:49:21,122 [ERROR] LogOutputStream:75 - [STDERR_REDIRECT] [Fatal Error] :1:1: Premature end of file.
2026-05-28 16:49:21,123 [ERROR] LogOutputStream:75 - [STDERR_REDIRECT] 
2026-05-28 16:49:22,124 [ERROR] LogOutputStream:75 - [STDERR_REDIRECT] [Fatal Error] :1:1: Premature end of file.
2026-05-28 16:49:22,124 [ERROR] LogOutputStream:75 - [STDERR_REDIRECT] 
2026-05-28 16:49:23,141 [ERROR] LogOutputStream:75 - [STDERR_REDIRECT] [Fatal Error] :1:1: Premature end of file.
2026-05-28 16:49:23,141 [ERROR] LogOutputStream:75 - [STDERR_REDIRECT] 
2026-05-28 16:49:24,116 [ERROR] LogOutputStream:75 - [STDERR_REDIRECT] [Fatal Error] :1:1: Premature end of file.
2026-05-28 16:49:24,117 [ERROR] LogOutputStream:75 - [STDERR_REDIRECT] 
2026-05-28 16:49:25,128 [ERROR] LogOutputStream:75 - [STDERR_REDIRECT] [Fatal Error] :1:1: Premature end of file.
2026-05-28 16:49:25,128 [ERROR] LogOutputStream:75 - [STDERR_REDIRECT] 
2026-05-28 16:49:26,127 [ERROR] LogOutputStream:75 - [STDERR_REDIRECT] [Fatal Error] :1:1: Premature end of file.
2026-05-28 16:49:26,127 [ERROR] LogOutputStream:75 - [STDERR_REDIRECT] 
2026-05-28 16:49:27,120 [ERROR] LogOutputStream:75 - [STDERR_REDIRECT] [Fatal Error] :1:1: Premature end of file.
2026-05-28 16:49:27,120 [ERROR] LogOutputStream:75 - [STDERR_REDIRECT] 
2026-05-28 16:49:28,114 [ERROR] LogOutputStream:75 - [STDERR_REDIRECT] [Fatal Error] :1:1: Premature end of file.
2026-05-28 16:49:28,114 [ERROR] LogOutputStream:75 - [STDERR_REDIRECT] 
2026-05-28 16:49:29,107 [ERROR] LogOutputStream:75 - [STDERR_REDIRECT] [Fatal Error] :1:1: Premature end of file.
2026-05-28 16:49:29,108 [ERROR] LogOutputStream:75 - [STDERR_REDIRECT] 
2026-05-28 16:49:30,124 [ERROR] LogOutputStream:75 - [STDERR_REDIRECT] [Fatal Error] :1:1: Premature end of file.
2026-05-28 16:49:30,124 [ERROR] LogOutputStream:75 - [STDERR_REDIRECT] 
2026-05-28 16:49:31,115 [ERROR] LogOutputStream:75 - [STDERR_REDIRECT] [Fatal Error] :1:1: Premature end of file.
2026-05-28 16:49:31,115 [ERROR] LogOutputStream:75 - [STDERR_REDIRECT] 
2026-05-28 16:49:32,114 [ERROR] LogOutputStream:75 - [STDERR_REDIRECT] [Fatal Error] :1:1: Premature end of file.
2026-05-28 16:49:32,114 [ERROR] LogOutputStream:75 - [STDERR_REDIRECT] 
2026-05-28 16:49:33,114 [ERROR] LogOutputStream:75 - [STDERR_REDIRECT] [Fatal Error] :1:1: Premature end of file.
2026-05-28 16:49:33,114 [ERROR] LogOutputStream:75 - [STDERR_REDIRECT] 
2026-05-28 16:49:34,117 [ERROR] LogOutputStream:75 - [STDERR_REDIRECT] [Fatal Error] :1:1: Premature end of file.
2026-05-28 16:49:34,119 [ERROR] LogOutputStream:75 - [STDERR_REDIRECT] 
2026-05-28 16:49:35,125 [ERROR] LogOutputStream:75 - [STDERR_REDIRECT] [Fatal Error] :1:1: Premature end of file.
2026-05-28 16:49:35,126 [ERROR] LogOutputStream:75 - [STDERR_REDIRECT] 
2026-05-28 16:49:36,115 [ERROR] LogOutputStream:75 - [STDERR_REDIRECT] [Fatal Error] :1:1: Premature end of file.
2026-05-28 16:49:36,115 [ERROR] LogOutputStream:75 - [STDERR_REDIRECT] 
2026-05-28 16:49:37,117 [ERROR] LogOutputStream:75 - [STDERR_REDIRECT] [Fatal Error] :1:1: Premature end of file.
2026-05-28 16:49:37,118 [ERROR] LogOutputStream:75 - [STDERR_REDIRECT] 
2026-05-28 16:49:38,141 [ERROR] LogOutputStream:75 - [STDERR_REDIRECT] [Fatal Error] :1:1: Premature end of file.
2026-05-28 16:49:38,141 [ERROR] LogOutputStream:75 - [STDERR_REDIRECT] 
2026-05-28 16:49:39,116 [ERROR] LogOutputStream:75 - [STDERR_REDIRECT] [Fatal Error] :1:1: Premature end of file.
2026-05-28 16:49:39,116 [ERROR] LogOutputStream:75 - [STDERR_REDIRECT] 
2026-05-28 16:49:40,113 [ERROR] LogOutputStream:75 - [STDERR_REDIRECT] [Fatal Error] :1:1: Premature end of file.
2026-05-28 16:49:40,113 [ERROR] LogOutputStream:75 - [STDERR_REDIRECT] 
2026-05-28 16:49:41,113 [ERROR] LogOutputStream:75 - [STDERR_REDIRECT] [Fatal Error] :1:1: Premature end of file.
2026-05-28 16:49:41,113 [ERROR] LogOutputStream:75 - [STDERR_REDIRECT] 
2026-05-28 16:49:42,117 [ERROR] LogOutputStream:75 - [STDERR_REDIRECT] [Fatal Error] :1:1: Premature end of file.
2026-05-28 16:49:42,117 [ERROR] LogOutputStream:75 - [STDERR_REDIRECT] 
2026-05-28 16:49:43,115 [ERROR] LogOutputStream:75 - [STDERR_REDIRECT] [Fatal Error] :1:1: Premature end of file.
2026-05-28 16:49:43,115 [ERROR] LogOutputStream:75 - [STDERR_REDIRECT] 
2026-05-28 16:49:44,115 [ERROR] LogOutputStream:75 - [STDERR_REDIRECT] [Fatal Error] :1:1: Premature end of file.
2026-05-28 16:49:44,115 [ERROR] LogOutputStream:75 - [STDERR_REDIRECT] 
2026-05-28 16:49:45,117 [ERROR] LogOutputStream:75 - [STDERR_REDIRECT] [Fatal Error] :1:1: Premature end of file.
2026-05-28 16:49:45,117 [ERROR] LogOutputStream:75 - [STDERR_REDIRECT] 
2026-05-28 16:49:46,117 [ERROR] LogOutputStream:75 - [STDERR_REDIRECT] [Fatal Error] :1:1: Premature end of file.
2026-05-28 16:49:46,117 [ERROR] LogOutputStream:75 - [STDERR_REDIRECT] 
2026-05-28 16:49:47,126 [ERROR] LogOutputStream:75 - [STDERR_REDIRECT] [Fatal Error] :1:1: Premature end of file.
2026-05-28 16:49:47,126 [ERROR] LogOutputStream:75 - [STDERR_REDIRECT] 
2026-05-28 16:49:48,113 [ERROR] LogOutputStream:75 - [STDERR_REDIRECT] [Fatal Error] :1:1: Premature end of file.
2026-05-28 16:49:48,113 [ERROR] LogOutputStream:75 - [STDERR_REDIRECT] 
2026-05-28 16:49:49,116 [ERROR] LogOutputStream:75 - [STDERR_REDIRECT] [Fatal Error] :1:1: Premature end of file.
2026-05-28 16:49:49,116 [ERROR] LogOutputStream:75 - [STDERR_REDIRECT] 
2026-05-28 16:49:50,120 [ERROR] LogOutputStream:75 - [STDERR_REDIRECT] [Fatal Error] :1:1: Premature end of file.
2026-05-28 16:49:50,120 [ERROR] LogOutputStream:75 - [STDERR_REDIRECT] 
2026-05-28 16:49:51,136 [ERROR] LogOutputStream:75 - [STDERR_REDIRECT] [Fatal Error] :1:1: Premature end of file.
2026-05-28 16:49:51,137 [ERROR] LogOutputStream:75 - [STDERR_REDIRECT] 
2026-05-28 16:49:52,127 [ERROR] LogOutputStream:75 - [STDERR_REDIRECT] [Fatal Error] :1:1: Premature end of file.
2026-05-28 16:49:52,127 [ERROR] LogOutputStream:75 - [STDERR_REDIRECT] 
2026-05-28 16:49:53,111 [ERROR] LogOutputStream:75 - [STDERR_REDIRECT] [Fatal Error] :1:1: Premature end of file.
2026-05-28 16:49:53,112 [ERROR] LogOutputStream:75 - [STDERR_REDIRECT] 
2026-05-28 16:49:54,093 [ERROR] LogOutputStream:75 - [STDERR_REDIRECT] [Fatal Error] :1:1: Premature end of file.
2026-05-28 16:49:54,094 [ERROR] LogOutputStream:75 - [STDERR_REDIRECT] 
2026-05-28 16:49:55,092 [ERROR] LogOutputStream:75 - [STDERR_REDIRECT] [Fatal Error] :1:1: Premature end of file.
2026-05-28 16:49:55,092 [ERROR] LogOutputStream:75 - [STDERR_REDIRECT] 
2026-05-28 16:49:56,120 [ERROR] LogOutputStream:75 - [STDERR_REDIRECT] [Fatal Error] :1:1: Premature end of file.
2026-05-28 16:49:56,120 [ERROR] LogOutputStream:75 - [STDERR_REDIRECT] 
2026-05-28 16:49:57,131 [ERROR] LogOutputStream:75 - [STDERR_REDIRECT] [Fatal Error] :1:1: Premature end of file.
2026-05-28 16:49:57,131 [ERROR] LogOutputStream:75 - [STDERR_REDIRECT] 
2026-05-28 16:49:58,130 [ERROR] LogOutputStream:75 - [STDERR_REDIRECT] [Fatal Error] :1:1: Premature end of file.
2026-05-28 16:49:58,130 [ERROR] LogOutputStream:75 - [STDERR_REDIRECT] 
2026-05-28 16:49:59,123 [ERROR] LogOutputStream:75 - [STDERR_REDIRECT] [Fatal Error] :1:1: Premature end of file.
2026-05-28 16:49:59,123 [ERROR] LogOutputStream:75 - [STDERR_REDIRECT] 
2026-05-28 16:50:00,118 [ERROR] LogOutputStream:75 - [STDERR_REDIRECT] [Fatal Error] :1:1: Premature end of file.
2026-05-28 16:50:00,118 [ERROR] LogOutputStream:75 - [STDERR_REDIRECT] 
2026-05-28 16:50:01,121 [ERROR] LogOutputStream:75 - [STDERR_REDIRECT] [Fatal Error] :1:1: Premature end of file.
2026-05-28 16:50:01,122 [ERROR] LogOutputStream:75 - [STDERR_REDIRECT] 
2026-05-28 16:50:02,122 [ERROR] LogOutputStream:75 - [STDERR_REDIRECT] [Fatal Error] :1:1: Premature end of file.
2026-05-28 16:50:02,122 [ERROR] LogOutputStream:75 - [STDERR_REDIRECT] 
2026-05-28 16:50:03,128 [ERROR] LogOutputStream:75 - [STDERR_REDIRECT] [Fatal Error] :1:1: Premature end of file.
2026-05-28 16:50:03,129 [ERROR] LogOutputStream:75 - [STDERR_REDIRECT] 
2026-05-28 16:50:04,119 [ERROR] LogOutputStream:75 - [STDERR_REDIRECT] [Fatal Error] :1:1: Premature end of file.
2026-05-28 16:50:04,120 [ERROR] LogOutputStream:75 - [STDERR_REDIRECT] 
2026-05-28 16:50:05,120 [ERROR] LogOutputStream:75 - [STDERR_REDIRECT] [Fatal Error] :1:1: Premature end of file.
2026-05-28 16:50:05,121 [ERROR] LogOutputStream:75 - [STDERR_REDIRECT] 
2026-05-28 16:50:06,125 [ERROR] LogOutputStream:75 - [STDERR_REDIRECT] [Fatal Error] :1:1: Premature end of file.
2026-05-28 16:50:06,125 [ERROR] LogOutputStream:75 - [STDERR_REDIRECT] 
2026-05-28 16:50:07,122 [ERROR] LogOutputStream:75 - [STDERR_REDIRECT] [Fatal Error] :1:1: Premature end of file.
2026-05-28 16:50:07,122 [ERROR] LogOutputStream:75 - [STDERR_REDIRECT] 
2026-05-28 16:50:08,122 [ERROR] LogOutputStream:75 - [STDERR_REDIRECT] [Fatal Error] :1:1: Premature end of file.
2026-05-28 16:50:08,122 [ERROR] LogOutputStream:75 - [STDERR_REDIRECT] 
2026-05-28 16:50:09,129 [ERROR] LogOutputStream:75 - [STDERR_REDIRECT] [Fatal Error] :1:1: Premature end of file.
2026-05-28 16:50:09,129 [ERROR] LogOutputStream:75 - [STDERR_REDIRECT] 
2026-05-28 16:50:10,122 [ERROR] LogOutputStream:75 - [STDERR_REDIRECT] [Fatal Error] :1:1: Premature end of file.
2026-05-28 16:50:10,122 [ERROR] LogOutputStream:75 - [STDERR_REDIRECT] 
2026-05-28 16:50:11,121 [ERROR] LogOutputStream:75 - [STDERR_REDIRECT] [Fatal Error] :1:1: Premature end of file.
2026-05-28 16:50:11,122 [ERROR] LogOutputStream:75 - [STDERR_REDIRECT] 
2026-05-28 16:50:12,119 [ERROR] LogOutputStream:75 - [STDERR_REDIRECT] [Fatal Error] :1:1: Premature end of file.
2026-05-28 16:50:12,119 [ERROR] LogOutputStream:75 - [STDERR_REDIRECT] 
2026-05-28 16:50:13,120 [ERROR] LogOutputStream:75 - [STDERR_REDIRECT] [Fatal Error] :1:1: Premature end of file.
2026-05-28 16:50:13,120 [ERROR] LogOutputStream:75 - [STDERR_REDIRECT] 
2026-05-28 16:50:14,119 [ERROR] LogOutputStream:75 - [STDERR_REDIRECT] [Fatal Error] :1:1: Premature end of file.
2026-05-28 16:50:14,119 [ERROR] LogOutputStream:75 - [STDERR_REDIRECT] 
2026-05-28 16:50:15,121 [ERROR] LogOutputStream:75 - [STDERR_REDIRECT] [Fatal Error] :1:1: Premature end of file.
2026-05-28 16:50:15,121 [ERROR] LogOutputStream:75 - [STDERR_REDIRECT] 
2026-05-28 16:50:16,123 [ERROR] LogOutputStream:75 - [STDERR_REDIRECT] [Fatal Error] :1:1: Premature end of file.
2026-05-28 16:50:16,124 [ERROR] LogOutputStream:75 - [STDERR_REDIRECT] 
2026-05-28 16:50:17,119 [ERROR] LogOutputStream:75 - [STDERR_REDIRECT] [Fatal Error] :1:1: Premature end of file.
2026-05-28 16:50:17,119 [ERROR] LogOutputStream:75 - [STDERR_REDIRECT] 
2026-05-28 16:50:18,120 [ERROR] LogOutputStream:75 - [STDERR_REDIRECT] [Fatal Error] :1:1: Premature end of file.
2026-05-28 16:50:18,120 [ERROR] LogOutputStream:75 - [STDERR_REDIRECT] 
2026-05-28 16:50:19,120 [ERROR] LogOutputStream:75 - [STDERR_REDIRECT] [Fatal Error] :1:1: Premature end of file.
2026-05-28 16:50:19,120 [ERROR] LogOutputStream:75 - [STDERR_REDIRECT] 
2026-05-28 16:50:20,121 [ERROR] LogOutputStream:75 - [STDERR_REDIRECT] [Fatal Error] :1:1: Premature end of file.
2026-05-28 16:50:20,121 [ERROR] LogOutputStream:75 - [STDERR_REDIRECT] 
2026-05-28 16:50:21,126 [ERROR] LogOutputStream:75 - [STDERR_REDIRECT] [Fatal Error] :1:1: Premature end of file.
2026-05-28 16:50:21,127 [ERROR] LogOutputStream:75 - [STDERR_REDIRECT] 
2026-05-28 16:50:22,119 [ERROR] LogOutputStream:75 - [STDERR_REDIRECT] [Fatal Error] :1:1: Premature end of file.
2026-05-28 16:50:22,119 [ERROR] LogOutputStream:75 - [STDERR_REDIRECT] 
2026-05-28 16:50:23,121 [ERROR] LogOutputStream:75 - [STDERR_REDIRECT] [Fatal Error] :1:1: Premature end of file.
2026-05-28 16:50:23,122 [ERROR] LogOutputStream:75 - [STDERR_REDIRECT] 
2026-05-28 16:50:24,124 [ERROR] LogOutputStream:75 - [STDERR_REDIRECT] [Fatal Error] :1:1: Premature end of file.
2026-05-28 16:50:24,124 [ERROR] LogOutputStream:75 - [STDERR_REDIRECT] 
2026-05-28 16:50:25,118 [ERROR] LogOutputStream:75 - [STDERR_REDIRECT] [Fatal Error] :1:1: Premature end of file.
2026-05-28 16:50:25,119 [ERROR] LogOutputStream:75 - [STDERR_REDIRECT] 
2026-05-28 16:50:26,120 [ERROR] LogOutputStream:75 - [STDERR_REDIRECT] [Fatal Error] :1:1: Premature end of file.
2026-05-28 16:50:26,120 [ERROR] LogOutputStream:75 - [STDERR_REDIRECT] 
2026-05-28 16:50:27,119 [ERROR] LogOutputStream:75 - [STDERR_REDIRECT] [Fatal Error] :1:1: Premature end of file.
2026-05-28 16:50:27,119 [ERROR] LogOutputStream:75 - [STDERR_REDIRECT] 
2026-05-28 16:50:28,121 [ERROR] LogOutputStream:75 - [STDERR_REDIRECT] [Fatal Error] :1:1: Premature end of file.
2026-05-28 16:50:28,122 [ERROR] LogOutputStream:75 - [STDERR_REDIRECT] 
2026-05-28 16:50:29,125 [ERROR] LogOutputStream:75 - [STDERR_REDIRECT] [Fatal Error] :1:1: Premature end of file.
2026-05-28 16:50:29,125 [ERROR] LogOutputStream:75 - [STDERR_REDIRECT] 
2026-05-28 16:50:30,118 [ERROR] LogOutputStream:75 - [STDERR_REDIRECT] [Fatal Error] :1:1: Premature end of file.
2026-05-28 16:50:30,118 [ERROR] LogOutputStream:75 - [STDERR_REDIRECT] 
2026-05-28 16:50:31,116 [ERROR] LogOutputStream:75 - [STDERR_REDIRECT] [Fatal Error] :1:1: Premature end of file.
2026-05-28 16:50:31,116 [ERROR] LogOutputStream:75 - [STDERR_REDIRECT] 
2026-05-28 16:50:32,119 [ERROR] LogOutputStream:75 - [STDERR_REDIRECT] [Fatal Error] :1:1: Premature end of file.
2026-05-28 16:50:32,119 [ERROR] LogOutputStream:75 - [STDERR_REDIRECT] 
2026-05-28 16:50:33,121 [ERROR] LogOutputStream:75 - [STDERR_REDIRECT] [Fatal Error] :1:1: Premature end of file.
2026-05-28 16:50:33,122 [ERROR] LogOutputStream:75 - [STDERR_REDIRECT] 
2026-05-28 16:50:34,119 [ERROR] LogOutputStream:75 - [STDERR_REDIRECT] [Fatal Error] :1:1: Premature end of file.
2026-05-28 16:50:34,120 [ERROR] LogOutputStream:75 - [STDERR_REDIRECT] 
2026-05-28 16:50:35,123 [ERROR] LogOutputStream:75 - [STDERR_REDIRECT] [Fatal Error] :1:1: Premature end of file.
2026-05-28 16:50:35,123 [ERROR] LogOutputStream:75 - [STDERR_REDIRECT] 
2026-05-28 16:50:36,123 [ERROR] LogOutputStream:75 - [STDERR_REDIRECT] [Fatal Error] :1:1: Premature end of file.
2026-05-28 16:50:36,123 [ERROR] LogOutputStream:75 - [STDERR_REDIRECT] 
2026-05-28 16:50:37,122 [ERROR] LogOutputStream:75 - [STDERR_REDIRECT] [Fatal Error] :1:1: Premature end of file.
2026-05-28 16:50:37,122 [ERROR] LogOutputStream:75 - [STDERR_REDIRECT] 
2026-05-28 16:50:38,138 [ERROR] LogOutputStream:75 - [STDERR_REDIRECT] [Fatal Error] :1:1: Premature end of file.
2026-05-28 16:50:38,138 [ERROR] LogOutputStream:75 - [STDERR_REDIRECT] 
2026-05-28 16:50:39,123 [ERROR] LogOutputStream:75 - [STDERR_REDIRECT] [Fatal Error] :1:1: Premature end of file.
2026-05-28 16:50:39,124 [ERROR] LogOutputStream:75 - [STDERR_REDIRECT] 
2026-05-28 16:50:40,120 [ERROR] LogOutputStream:75 - [STDERR_REDIRECT] [Fatal Error] :1:1: Premature end of file.
2026-05-28 16:50:40,120 [ERROR] LogOutputStream:75 - [STDERR_REDIRECT] 
2026-05-28 16:50:41,120 [ERROR] LogOutputStream:75 - [STDERR_REDIRECT] [Fatal Error] :1:1: Premature end of file.
2026-05-28 16:50:41,120 [ERROR] LogOutputStream:75 - [STDERR_REDIRECT] 
2026-05-28 16:50:42,120 [ERROR] LogOutputStream:75 - [STDERR_REDIRECT] [Fatal Error] :1:1: Premature end of file.
2026-05-28 16:50:42,120 [ERROR] LogOutputStream:75 - [STDERR_REDIRECT] 
2026-05-28 16:50:43,119 [ERROR] LogOutputStream:75 - [STDERR_REDIRECT] [Fatal Error] :1:1: Premature end of file.
2026-05-28 16:50:43,120 [ERROR] LogOutputStream:75 - [STDERR_REDIRECT] 
2026-05-28 16:50:44,118 [ERROR] LogOutputStream:75 - [STDERR_REDIRECT] [Fatal Error] :1:1: Premature end of file.
2026-05-28 16:50:44,120 [ERROR] LogOutputStream:75 - [STDERR_REDIRECT] 
2026-05-28 16:50:45,119 [ERROR] LogOutputStream:75 - [STDERR_REDIRECT] [Fatal Error] :1:1: Premature end of file.
2026-05-28 16:50:45,119 [ERROR] LogOutputStream:75 - [STDERR_REDIRECT] 
2026-05-28 16:50:46,122 [ERROR] LogOutputStream:75 - [STDERR_REDIRECT] [Fatal Error] :1:1: Premature end of file.
2026-05-28 16:50:46,122 [ERROR] LogOutputStream:75 - [STDERR_REDIRECT] 
2026-05-28 16:50:47,120 [ERROR] LogOutputStream:75 - [STDERR_REDIRECT] [Fatal Error] :1:1: Premature end of file.
2026-05-28 16:50:47,120 [ERROR] LogOutputStream:75 - [STDERR_REDIRECT] 
2026-05-28 16:50:48,118 [ERROR] LogOutputStream:75 - [STDERR_REDIRECT] [Fatal Error] :1:1: Premature end of file.
2026-05-28 16:50:48,118 [ERROR] LogOutputStream:75 - [STDERR_REDIRECT] 
2026-05-28 16:50:49,123 [ERROR] LogOutputStream:75 - [STDERR_REDIRECT] [Fatal Error] :1:1: Premature end of file.
2026-05-28 16:50:49,124 [ERROR] LogOutputStream:75 - [STDERR_REDIRECT] 
2026-05-28 16:50:50,121 [ERROR] LogOutputStream:75 - [STDERR_REDIRECT] [Fatal Error] :1:1: Premature end of file.
2026-05-28 16:50:50,121 [ERROR] LogOutputStream:75 - [STDERR_REDIRECT] 
2026-05-28 16:50:51,123 [ERROR] LogOutputStream:75 - [STDERR_REDIRECT] [Fatal Error] :1:1: Premature end of file.
2026-05-28 16:50:51,123 [ERROR] LogOutputStream:75 - [STDERR_REDIRECT] 
2026-05-28 16:50:52,121 [ERROR] LogOutputStream:75 - [STDERR_REDIRECT] [Fatal Error] :1:1: Premature end of file.
2026-05-28 16:50:52,121 [ERROR] LogOutputStream:75 - [STDERR_REDIRECT] 
2026-05-28 16:50:53,120 [ERROR] LogOutputStream:75 - [STDERR_REDIRECT] [Fatal Error] :1:1: Premature end of file.
2026-05-28 16:50:53,120 [ERROR] LogOutputStream:75 - [STDERR_REDIRECT] 
2026-05-28 16:50:54,121 [ERROR] LogOutputStream:75 - [STDERR_REDIRECT] [Fatal Error] :1:1: Premature end of file.
2026-05-28 16:50:54,121 [ERROR] LogOutputStream:75 - [STDERR_REDIRECT] 
2026-05-28 16:50:55,130 [ERROR] LogOutputStream:75 - [STDERR_REDIRECT] [Fatal Error] :1:1: Premature end of file.
2026-05-28 16:50:55,130 [ERROR] LogOutputStream:75 - [STDERR_REDIRECT] 
2026-05-28 16:50:56,123 [ERROR] LogOutputStream:75 - [STDERR_REDIRECT] [Fatal Error] :1:1: Premature end of file.
2026-05-28 16:50:56,123 [ERROR] LogOutputStream:75 - [STDERR_REDIRECT] 
2026-05-28 16:50:57,120 [ERROR] LogOutputStream:75 - [STDERR_REDIRECT] [Fatal Error] :1:1: Premature end of file.
2026-05-28 16:50:57,120 [ERROR] LogOutputStream:75 - [STDERR_REDIRECT] 
2026-05-28 16:50:58,122 [ERROR] LogOutputStream:75 - [STDERR_REDIRECT] [Fatal Error] :1:1: Premature end of file.
2026-05-28 16:50:58,122 [ERROR] LogOutputStream:75 - [STDERR_REDIRECT] 
2026-05-28 16:50:59,125 [ERROR] LogOutputStream:75 - [STDERR_REDIRECT] [Fatal Error] :1:1: Premature end of file.
2026-05-28 16:50:59,125 [ERROR] LogOutputStream:75 - [STDERR_REDIRECT] 
2026-05-28 16:51:00,119 [ERROR] LogOutputStream:75 - [STDERR_REDIRECT] [Fatal Error] :1:1: Premature end of file.
2026-05-28 16:51:00,120 [ERROR] LogOutputStream:75 - [STDERR_REDIRECT] 
2026-05-28 16:51:01,122 [ERROR] LogOutputStream:75 - [STDERR_REDIRECT] [Fatal Error] :1:1: Premature end of file.
2026-05-28 16:51:01,122 [ERROR] LogOutputStream:75 - [STDERR_REDIRECT] 
2026-05-28 16:51:02,118 [ERROR] LogOutputStream:75 - [STDERR_REDIRECT] [Fatal Error] :1:1: Premature end of file.
2026-05-28 16:51:02,119 [ERROR] LogOutputStream:75 - [STDERR_REDIRECT] 
2026-05-28 16:51:03,119 [ERROR] LogOutputStream:75 - [STDERR_REDIRECT] [Fatal Error] :1:1: Premature end of file.
2026-05-28 16:51:03,119 [ERROR] LogOutputStream:75 - [STDERR_REDIRECT] 
2026-05-28 16:51:04,122 [ERROR] LogOutputStream:75 - [STDERR_REDIRECT] [Fatal Error] :1:1: Premature end of file.
2026-05-28 16:51:04,122 [ERROR] LogOutputStream:75 - [STDERR_REDIRECT] 
2026-05-28 16:51:05,122 [ERROR] LogOutputStream:75 - [STDERR_REDIRECT] [Fatal Error] :1:1: Premature end of file.
2026-05-28 16:51:05,122 [ERROR] LogOutputStream:75 - [STDERR_REDIRECT] 
2026-05-28 16:51:06,124 [ERROR] LogOutputStream:75 - [STDERR_REDIRECT] [Fatal Error] :1:1: Premature end of file.
2026-05-28 16:51:06,124 [ERROR] LogOutputStream:75 - [STDERR_REDIRECT] 
2026-05-28 16:51:07,122 [ERROR] LogOutputStream:75 - [STDERR_REDIRECT] [Fatal Error] :1:1: Premature end of file.
2026-05-28 16:51:07,122 [ERROR] LogOutputStream:75 - [STDERR_REDIRECT] 
2026-05-28 16:51:08,123 [ERROR] LogOutputStream:75 - [STDERR_REDIRECT] [Fatal Error] :1:1: Premature end of file.
2026-05-28 16:51:08,123 [ERROR] LogOutputStream:75 - [STDERR_REDIRECT] 
2026-05-28 16:51:09,117 [ERROR] LogOutputStream:75 - [STDERR_REDIRECT] [Fatal Error] :1:1: Premature end of file.
2026-05-28 16:51:09,117 [ERROR] LogOutputStream:75 - [STDERR_REDIRECT] 
2026-05-28 16:51:10,119 [ERROR] LogOutputStream:75 - [STDERR_REDIRECT] [Fatal Error] :1:1: Premature end of file.
2026-05-28 16:51:10,119 [ERROR] LogOutputStream:75 - [STDERR_REDIRECT] 
2026-05-28 16:51:11,123 [ERROR] LogOutputStream:75 - [STDERR_REDIRECT] [Fatal Error] :1:1: Premature end of file.
2026-05-28 16:51:11,123 [ERROR] LogOutputStream:75 - [STDERR_REDIRECT] 
2026-05-28 16:51:12,116 [ERROR] LogOutputStream:75 - [STDERR_REDIRECT] [Fatal Error] :1:1: Premature end of file.
2026-05-28 16:51:12,117 [ERROR] LogOutputStream:75 - [STDERR_REDIRECT] 
2026-05-28 16:51:13,120 [ERROR] LogOutputStream:75 - [STDERR_REDIRECT] [Fatal Error] :1:1: Premature end of file.
2026-05-28 16:51:13,120 [ERROR] LogOutputStream:75 - [STDERR_REDIRECT] 
2026-05-28 16:51:14,118 [ERROR] LogOutputStream:75 - [STDERR_REDIRECT] [Fatal Error] :1:1: Premature end of file.
2026-05-28 16:51:14,118 [ERROR] LogOutputStream:75 - [STDERR_REDIRECT] 
2026-05-28 16:51:15,119 [ERROR] LogOutputStream:75 - [STDERR_REDIRECT] [Fatal Error] :1:1: Premature end of file.
2026-05-28 16:51:15,119 [ERROR] LogOutputStream:75 - [STDERR_REDIRECT] 
2026-05-28 16:51:16,120 [ERROR] LogOutputStream:75 - [STDERR_REDIRECT] [Fatal Error] :1:1: Premature end of file.
2026-05-28 16:51:16,121 [ERROR] LogOutputStream:75 - [STDERR_REDIRECT] 
2026-05-28 16:51:17,119 [ERROR] LogOutputStream:75 - [STDERR_REDIRECT] [Fatal Error] :1:1: Premature end of file.
2026-05-28 16:51:17,121 [ERROR] LogOutputStream:75 - [STDERR_REDIRECT] 
2026-05-28 16:51:18,119 [ERROR] LogOutputStream:75 - [STDERR_REDIRECT] [Fatal Error] :1:1: Premature end of file.
2026-05-28 16:51:18,119 [ERROR] LogOutputStream:75 - [STDERR_REDIRECT] 
2026-05-28 16:51:19,144 [ERROR] LogOutputStream:75 - [STDERR_REDIRECT] [Fatal Error] :1:1: Premature end of file.
2026-05-28 16:51:19,144 [ERROR] LogOutputStream:75 - [STDERR_REDIRECT] 
2026-05-28 16:51:20,119 [ERROR] LogOutputStream:75 - [STDERR_REDIRECT] [Fatal Error] :1:1: Premature end of file.
2026-05-28 16:51:20,120 [ERROR] LogOutputStream:75 - [STDERR_REDIRECT] 
2026-05-28 16:51:21,111 [ERROR] LogOutputStream:75 - [STDERR_REDIRECT] [Fatal Error] :1:1: Premature end of file.
2026-05-28 16:51:21,111 [ERROR] LogOutputStream:75 - [STDERR_REDIRECT] 
2026-05-28 16:51:22,125 [ERROR] LogOutputStream:75 - [STDERR_REDIRECT] [Fatal Error] :1:1: Premature end of file.
2026-05-28 16:51:22,125 [ERROR] LogOutputStream:75 - [STDERR_REDIRECT] 
2026-05-28 16:51:23,123 [ERROR] LogOutputStream:75 - [STDERR_REDIRECT] [Fatal Error] :1:1: Premature end of file.
2026-05-28 16:51:23,124 [ERROR] LogOutputStream:75 - [STDERR_REDIRECT] 
2026-05-28 16:51:24,118 [ERROR] LogOutputStream:75 - [STDERR_REDIRECT] [Fatal Error] :1:1: Premature end of file.
2026-05-28 16:51:24,118 [ERROR] LogOutputStream:75 - [STDERR_REDIRECT] 
2026-05-28 16:51:25,117 [ERROR] LogOutputStream:75 - [STDERR_REDIRECT] [Fatal Error] :1:1: Premature end of file.
2026-05-28 16:51:25,118 [ERROR] LogOutputStream:75 - [STDERR_REDIRECT] 
2026-05-28 16:51:26,120 [ERROR] LogOutputStream:75 - [STDERR_REDIRECT] [Fatal Error] :1:1: Premature end of file.
2026-05-28 16:51:26,120 [ERROR] LogOutputStream:75 - [STDERR_REDIRECT] 
2026-05-28 16:51:27,122 [ERROR] LogOutputStream:75 - [STDERR_REDIRECT] [Fatal Error] :1:1: Premature end of file.
2026-05-28 16:51:27,122 [ERROR] LogOutputStream:75 - [STDERR_REDIRECT] 
2026-05-28 16:51:28,117 [ERROR] LogOutputStream:75 - [STDERR_REDIRECT] [Fatal Error] :1:1: Premature end of file.
2026-05-28 16:51:28,119 [ERROR] LogOutputStream:75 - [STDERR_REDIRECT] 
2026-05-28 16:51:29,117 [ERROR] LogOutputStream:75 - [STDERR_REDIRECT] [Fatal Error] :1:1: Premature end of file.
2026-05-28 16:51:29,117 [ERROR] LogOutputStream:75 - [STDERR_REDIRECT] 
2026-05-28 16:51:30,119 [ERROR] LogOutputStream:75 - [STDERR_REDIRECT] [Fatal Error] :1:1: Premature end of file.
2026-05-28 16:51:30,119 [ERROR] LogOutputStream:75 - [STDERR_REDIRECT] 
2026-05-28 16:51:31,119 [ERROR] LogOutputStream:75 - [STDERR_REDIRECT] [Fatal Error] :1:1: Premature end of file.
2026-05-28 16:51:31,120 [ERROR] LogOutputStream:75 - [STDERR_REDIRECT] 
2026-05-28 16:51:32,118 [ERROR] LogOutputStream:75 - [STDERR_REDIRECT] [Fatal Error] :1:1: Premature end of file.
2026-05-28 16:51:32,118 [ERROR] LogOutputStream:75 - [STDERR_REDIRECT] 
2026-05-28 16:51:33,121 [ERROR] LogOutputStream:75 - [STDERR_REDIRECT] [Fatal Error] :1:1: Premature end of file.
2026-05-28 16:51:33,121 [ERROR] LogOutputStream:75 - [STDERR_REDIRECT] 
2026-05-28 16:51:34,117 [ERROR] LogOutputStream:75 - [STDERR_REDIRECT] [Fatal Error] :1:1: Premature end of file.
2026-05-28 16:51:34,117 [ERROR] LogOutputStream:75 - [STDERR_REDIRECT] 
2026-05-28 16:51:35,122 [ERROR] LogOutputStream:75 - [STDERR_REDIRECT] [Fatal Error] :1:1: Premature end of file.
2026-05-28 16:51:35,122 [ERROR] LogOutputStream:75 - [STDERR_REDIRECT] 
2026-05-28 16:51:36,127 [ERROR] LogOutputStream:75 - [STDERR_REDIRECT] [Fatal Error] :1:1: Premature end of file.
2026-05-28 16:51:36,127 [ERROR] LogOutputStream:75 - [STDERR_REDIRECT] 
2026-05-28 16:51:37,110 [ERROR] LogOutputStream:75 - [STDERR_REDIRECT] [Fatal Error] :1:1: Premature end of file.
2026-05-28 16:51:37,111 [ERROR] LogOutputStream:75 - [STDERR_REDIRECT] 
2026-05-28 16:51:38,113 [ERROR] LogOutputStream:75 - [STDERR_REDIRECT] [Fatal Error] :1:1: Premature end of file.
2026-05-28 16:51:38,113 [ERROR] LogOutputStream:75 - [STDERR_REDIRECT] 
2026-05-28 16:51:39,122 [ERROR] LogOutputStream:75 - [STDERR_REDIRECT] [Fatal Error] :1:1: Premature end of file.
2026-05-28 16:51:39,122 [ERROR] LogOutputStream:75 - [STDERR_REDIRECT] 
2026-05-28 16:51:40,118 [ERROR] LogOutputStream:75 - [STDERR_REDIRECT] [Fatal Error] :1:1: Premature end of file.
2026-05-28 16:51:40,118 [ERROR] LogOutputStream:75 - [STDERR_REDIRECT] 
2026-05-28 16:51:41,120 [ERROR] LogOutputStream:75 - [STDERR_REDIRECT] [Fatal Error] :1:1: Premature end of file.
2026-05-28 16:51:41,121 [ERROR] LogOutputStream:75 - [STDERR_REDIRECT] 
2026-05-28 16:51:42,130 [ERROR] LogOutputStream:75 - [STDERR_REDIRECT] [Fatal Error] :1:1: Premature end of file.
2026-05-28 16:51:42,130 [ERROR] LogOutputStream:75 - [STDERR_REDIRECT] 
2026-05-28 16:51:43,151 [ERROR] LogOutputStream:75 - [STDERR_REDIRECT] [Fatal Error] :1:1: Premature end of file.
2026-05-28 16:51:43,151 [ERROR] LogOutputStream:75 - [STDERR_REDIRECT] 
2026-05-28 16:51:44,123 [ERROR] LogOutputStream:75 - [STDERR_REDIRECT] [Fatal Error] :1:1: Premature end of file.
2026-05-28 16:51:44,124 [ERROR] LogOutputStream:75 - [STDERR_REDIRECT] 
2026-05-28 16:51:45,119 [ERROR] LogOutputStream:75 - [STDERR_REDIRECT] [Fatal Error] :1:1: Premature end of file.
2026-05-28 16:51:45,119 [ERROR] LogOutputStream:75 - [STDERR_REDIRECT] 
2026-05-28 16:51:46,119 [ERROR] LogOutputStream:75 - [STDERR_REDIRECT] [Fatal Error] :1:1: Premature end of file.
2026-05-28 16:51:46,119 [ERROR] LogOutputStream:75 - [STDERR_REDIRECT] 
2026-05-28 16:51:47,119 [ERROR] LogOutputStream:75 - [STDERR_REDIRECT] [Fatal Error] :1:1: Premature end of file.
2026-05-28 16:51:47,119 [ERROR] LogOutputStream:75 - [STDERR_REDIRECT] 
2026-05-28 16:51:48,117 [ERROR] LogOutputStream:75 - [STDERR_REDIRECT] [Fatal Error] :1:1: Premature end of file.
2026-05-28 16:51:48,118 [ERROR] LogOutputStream:75 - [STDERR_REDIRECT] 
2026-05-28 16:51:49,121 [ERROR] LogOutputStream:75 - [STDERR_REDIRECT] [Fatal Error] :1:1: Premature end of file.
2026-05-28 16:51:49,121 [ERROR] LogOutputStream:75 - [STDERR_REDIRECT] 
2026-05-28 16:51:50,117 [ERROR] LogOutputStream:75 - [STDERR_REDIRECT] [Fatal Error] :1:1: Premature end of file.
2026-05-28 16:51:50,118 [ERROR] LogOutputStream:75 - [STDERR_REDIRECT] 
2026-05-28 16:51:51,117 [ERROR] LogOutputStream:75 - [STDERR_REDIRECT] [Fatal Error] :1:1: Premature end of file.
2026-05-28 16:51:51,117 [ERROR] LogOutputStream:75 - [STDERR_REDIRECT] 
2026-05-28 16:51:52,125 [ERROR] LogOutputStream:75 - [STDERR_REDIRECT] [Fatal Error] :1:1: Premature end of file.
2026-05-28 16:51:52,125 [ERROR] LogOutputStream:75 - [STDERR_REDIRECT] 
2026-05-28 16:51:53,118 [ERROR] LogOutputStream:75 - [STDERR_REDIRECT] [Fatal Error] :1:1: Premature end of file.
2026-05-28 16:51:53,119 [ERROR] LogOutputStream:75 - [STDERR_REDIRECT] 
2026-05-28 16:51:54,120 [ERROR] LogOutputStream:75 - [STDERR_REDIRECT] [Fatal Error] :1:1: Premature end of file.
2026-05-28 16:51:54,120 [ERROR] LogOutputStream:75 - [STDERR_REDIRECT] 
2026-05-28 16:51:55,126 [ERROR] LogOutputStream:75 - [STDERR_REDIRECT] [Fatal Error] :1:1: Premature end of file.
2026-05-28 16:51:55,126 [ERROR] LogOutputStream:75 - [STDERR_REDIRECT] 
2026-05-28 16:51:56,119 [ERROR] LogOutputStream:75 - [STDERR_REDIRECT] [Fatal Error] :1:1: Premature end of file.
2026-05-28 16:51:56,119 [ERROR] LogOutputStream:75 - [STDERR_REDIRECT] 
2026-05-28 16:51:57,123 [ERROR] LogOutputStream:75 - [STDERR_REDIRECT] [Fatal Error] :1:1: Premature end of file.
2026-05-28 16:51:57,123 [ERROR] LogOutputStream:75 - [STDERR_REDIRECT] 
2026-05-28 16:51:58,121 [ERROR] LogOutputStream:75 - [STDERR_REDIRECT] [Fatal Error] :1:1: Premature end of file.
2026-05-28 16:51:58,122 [ERROR] LogOutputStream:75 - [STDERR_REDIRECT] 
2026-05-28 16:51:59,122 [ERROR] LogOutputStream:75 - [STDERR_REDIRECT] [Fatal Error] :1:1: Premature end of file.
2026-05-28 16:51:59,123 [ERROR] LogOutputStream:75 - [STDERR_REDIRECT] 
2026-05-28 16:52:00,182 [ERROR] LogOutputStream:75 - [STDERR_REDIRECT] [Fatal Error] :1:1: Premature end of file.
2026-05-28 16:52:00,182 [ERROR] LogOutputStream:75 - [STDERR_REDIRECT] 
2026-05-28 16:52:01,109 [ERROR] LogOutputStream:75 - [STDERR_REDIRECT] [Fatal Error] :1:1: Premature end of file.
2026-05-28 16:52:01,110 [ERROR] LogOutputStream:75 - [STDERR_REDIRECT] 
2026-05-28 16:52:02,129 [ERROR] LogOutputStream:75 - [STDERR_REDIRECT] [Fatal Error] :1:1: Premature end of file.
2026-05-28 16:52:02,129 [ERROR] LogOutputStream:75 - [STDERR_REDIRECT] 
2026-05-28 16:52:03,123 [ERROR] LogOutputStream:75 - [STDERR_REDIRECT] [Fatal Error] :1:1: Premature end of file.
2026-05-28 16:52:03,125 [ERROR] LogOutputStream:75 - [STDERR_REDIRECT] 
2026-05-28 16:52:04,119 [ERROR] LogOutputStream:75 - [STDERR_REDIRECT] [Fatal Error] :1:1: Premature end of file.
2026-05-28 16:52:04,119 [ERROR] LogOutputStream:75 - [STDERR_REDIRECT] 
2026-05-28 16:52:05,127 [ERROR] LogOutputStream:75 - [STDERR_REDIRECT] [Fatal Error] :1:1: Premature end of file.
2026-05-28 16:52:05,127 [ERROR] LogOutputStream:75 - [STDERR_REDIRECT] 
2026-05-28 16:52:06,120 [ERROR] LogOutputStream:75 - [STDERR_REDIRECT] [Fatal Error] :1:1: Premature end of file.
2026-05-28 16:52:06,120 [ERROR] LogOutputStream:75 - [STDERR_REDIRECT] 
2026-05-28 16:52:07,122 [ERROR] LogOutputStream:75 - [STDERR_REDIRECT] [Fatal Error] :1:1: Premature end of file.
2026-05-28 16:52:07,122 [ERROR] LogOutputStream:75 - [STDERR_REDIRECT] 
2026-05-28 16:52:08,121 [ERROR] LogOutputStream:75 - [STDERR_REDIRECT] [Fatal Error] :1:1: Premature end of file.
2026-05-28 16:52:08,122 [ERROR] LogOutputStream:75 - [STDERR_REDIRECT] 
2026-05-28 16:52:09,118 [ERROR] LogOutputStream:75 - [STDERR_REDIRECT] [Fatal Error] :1:1: Premature end of file.
2026-05-28 16:52:09,118 [ERROR] LogOutputStream:75 - [STDERR_REDIRECT] 
2026-05-28 16:52:10,117 [ERROR] LogOutputStream:75 - [STDERR_REDIRECT] [Fatal Error] :1:1: Premature end of file.
2026-05-28 16:52:10,117 [ERROR] LogOutputStream:75 - [STDERR_REDIRECT] 
2026-05-28 16:52:11,121 [ERROR] LogOutputStream:75 - [STDERR_REDIRECT] [Fatal Error] :1:1: Premature end of file.
2026-05-28 16:52:11,121 [ERROR] LogOutputStream:75 - [STDERR_REDIRECT] 
2026-05-28 16:52:12,118 [ERROR] LogOutputStream:75 - [STDERR_REDIRECT] [Fatal Error] :1:1: Premature end of file.
2026-05-28 16:52:12,119 [ERROR] LogOutputStream:75 - [STDERR_REDIRECT] 
2026-05-28 16:52:13,119 [ERROR] LogOutputStream:75 - [STDERR_REDIRECT] [Fatal Error] :1:1: Premature end of file.
2026-05-28 16:52:13,119 [ERROR] LogOutputStream:75 - [STDERR_REDIRECT] 
2026-05-28 16:52:14,119 [ERROR] LogOutputStream:75 - [STDERR_REDIRECT] [Fatal Error] :1:1: Premature end of file.
2026-05-28 16:52:14,120 [ERROR] LogOutputStream:75 - [STDERR_REDIRECT] 
2026-05-28 16:52:15,120 [ERROR] LogOutputStream:75 - [STDERR_REDIRECT] [Fatal Error] :1:1: Premature end of file.
2026-05-28 16:52:15,120 [ERROR] LogOutputStream:75 - [STDERR_REDIRECT] 
2026-05-28 16:52:16,118 [ERROR] LogOutputStream:75 - [STDERR_REDIRECT] [Fatal Error] :1:1: Premature end of file.
2026-05-28 16:52:16,119 [ERROR] LogOutputStream:75 - [STDERR_REDIRECT] 
2026-05-28 16:52:17,119 [ERROR] LogOutputStream:75 - [STDERR_REDIRECT] [Fatal Error] :1:1: Premature end of file.
2026-05-28 16:52:17,119 [ERROR] LogOutputStream:75 - [STDERR_REDIRECT] 
2026-05-28 16:52:18,121 [ERROR] LogOutputStream:75 - [STDERR_REDIRECT] [Fatal Error] :1:1: Premature end of file.
2026-05-28 16:52:18,121 [ERROR] LogOutputStream:75 - [STDERR_REDIRECT] 
2026-05-28 16:52:19,121 [ERROR] LogOutputStream:75 - [STDERR_REDIRECT] [Fatal Error] :1:1: Premature end of file.
2026-05-28 16:52:19,121 [ERROR] LogOutputStream:75 - [STDERR_REDIRECT] 
2026-05-28 16:52:20,113 [ERROR] LogOutputStream:75 - [STDERR_REDIRECT] [Fatal Error] :1:1: Premature end of file.
2026-05-28 16:52:20,113 [ERROR] LogOutputStream:75 - [STDERR_REDIRECT] 
2026-05-28 16:52:21,108 [ERROR] LogOutputStream:75 - [STDERR_REDIRECT] [Fatal Error] :1:1: Premature end of file.
2026-05-28 16:52:21,108 [ERROR] LogOutputStream:75 - [STDERR_REDIRECT] 
2026-05-28 16:52:22,117 [ERROR] LogOutputStream:75 - [STDERR_REDIRECT] [Fatal Error] :1:1: Premature end of file.
2026-05-28 16:52:22,118 [ERROR] LogOutputStream:75 - [STDERR_REDIRECT] 
2026-05-28 16:52:23,101 [ERROR] LogOutputStream:75 - [STDERR_REDIRECT] [Fatal Error] :1:1: Premature end of file.
2026-05-28 16:52:23,101 [ERROR] LogOutputStream:75 - [STDERR_REDIRECT] 
2026-05-28 16:52:24,100 [ERROR] LogOutputStream:75 - [STDERR_REDIRECT] [Fatal Error] :1:1: Premature end of file.
2026-05-28 16:52:24,100 [ERROR] LogOutputStream:75 - [STDERR_REDIRECT] 
2026-05-28 16:52:25,104 [ERROR] LogOutputStream:75 - [STDERR_REDIRECT] [Fatal Error] :1:1: Premature end of file.
2026-05-28 16:52:25,104 [ERROR] LogOutputStream:75 - [STDERR_REDIRECT] 
2026-05-28 16:52:26,112 [ERROR] LogOutputStream:75 - [STDERR_REDIRECT] [Fatal Error] :1:1: Premature end of file.
2026-05-28 16:52:26,113 [ERROR] LogOutputStream:75 - [STDERR_REDIRECT] 
2026-05-28 16:52:27,134 [ERROR] LogOutputStream:75 - [STDERR_REDIRECT] [Fatal Error] :1:1: Premature end of file.
2026-05-28 16:52:27,134 [ERROR] LogOutputStream:75 - [STDERR_REDIRECT] 
2026-05-28 16:52:28,122 [ERROR] LogOutputStream:75 - [STDERR_REDIRECT] [Fatal Error] :1:1: Premature end of file.
2026-05-28 16:52:28,123 [ERROR] LogOutputStream:75 - [STDERR_REDIRECT] 
2026-05-28 16:52:29,105 [ERROR] LogOutputStream:75 - [STDERR_REDIRECT] [Fatal Error] :1:1: Premature end of file.
2026-05-28 16:52:29,106 [ERROR] LogOutputStream:75 - [STDERR_REDIRECT] 
2026-05-28 16:52:30,121 [ERROR] LogOutputStream:75 - [STDERR_REDIRECT] [Fatal Error] :1:1: Premature end of file.
2026-05-28 16:52:30,121 [ERROR] LogOutputStream:75 - [STDERR_REDIRECT] 
2026-05-28 16:52:31,113 [ERROR] LogOutputStream:75 - [STDERR_REDIRECT] [Fatal Error] :1:1: Premature end of file.
2026-05-28 16:52:31,113 [ERROR] LogOutputStream:75 - [STDERR_REDIRECT] 
2026-05-28 16:52:32,116 [ERROR] LogOutputStream:75 - [STDERR_REDIRECT] [Fatal Error] :1:1: Premature end of file.
2026-05-28 16:52:32,116 [ERROR] LogOutputStream:75 - [STDERR_REDIRECT] 
2026-05-28 16:52:33,118 [ERROR] LogOutputStream:75 - [STDERR_REDIRECT] [Fatal Error] :1:1: Premature end of file.
2026-05-28 16:52:33,118 [ERROR] LogOutputStream:75 - [STDERR_REDIRECT] 
2026-05-28 16:52:34,117 [ERROR] LogOutputStream:75 - [STDERR_REDIRECT] [Fatal Error] :1:1: Premature end of file.
2026-05-28 16:52:34,117 [ERROR] LogOutputStream:75 - [STDERR_REDIRECT] 
2026-05-28 16:52:35,116 [ERROR] LogOutputStream:75 - [STDERR_REDIRECT] [Fatal Error] :1:1: Premature end of file.
2026-05-28 16:52:35,116 [ERROR] LogOutputStream:75 - [STDERR_REDIRECT] 
2026-05-28 16:52:36,103 [ERROR] LogOutputStream:75 - [STDERR_REDIRECT] [Fatal Error] :1:1: Premature end of file.
2026-05-28 16:52:36,103 [ERROR] LogOutputStream:75 - [STDERR_REDIRECT] 
2026-05-28 16:52:37,118 [ERROR] LogOutputStream:75 - [STDERR_REDIRECT] [Fatal Error] :1:1: Premature end of file.
2026-05-28 16:52:37,118 [ERROR] LogOutputStream:75 - [STDERR_REDIRECT] 
2026-05-28 16:52:38,118 [ERROR] LogOutputStream:75 - [STDERR_REDIRECT] [Fatal Error] :1:1: Premature end of file.
2026-05-28 16:52:38,118 [ERROR] LogOutputStream:75 - [STDERR_REDIRECT] 
2026-05-28 16:52:39,114 [ERROR] LogOutputStream:75 - [STDERR_REDIRECT] [Fatal Error] :1:1: Premature end of file.
2026-05-28 16:52:39,114 [ERROR] LogOutputStream:75 - [STDERR_REDIRECT] 
2026-05-28 16:52:40,123 [ERROR] LogOutputStream:75 - [STDERR_REDIRECT] [Fatal Error] :1:1: Premature end of file.
2026-05-28 16:52:40,123 [ERROR] LogOutputStream:75 - [STDERR_REDIRECT] 
2026-05-28 16:52:41,119 [ERROR] LogOutputStream:75 - [STDERR_REDIRECT] [Fatal Error] :1:1: Premature end of file.
2026-05-28 16:52:41,119 [ERROR] LogOutputStream:75 - [STDERR_REDIRECT] 
2026-05-28 16:52:42,117 [ERROR] LogOutputStream:75 - [STDERR_REDIRECT] [Fatal Error] :1:1: Premature end of file.
2026-05-28 16:52:42,117 [ERROR] LogOutputStream:75 - [STDERR_REDIRECT] 
2026-05-28 16:52:43,115 [ERROR] LogOutputStream:75 - [STDERR_REDIRECT] [Fatal Error] :1:1: Premature end of file.
2026-05-28 16:52:43,115 [ERROR] LogOutputStream:75 - [STDERR_REDIRECT] 
2026-05-28 16:52:44,111 [ERROR] LogOutputStream:75 - [STDERR_REDIRECT] [Fatal Error] :1:1: Premature end of file.
2026-05-28 16:52:44,112 [ERROR] LogOutputStream:75 - [STDERR_REDIRECT] 
2026-05-28 16:52:45,112 [ERROR] LogOutputStream:75 - [STDERR_REDIRECT] [Fatal Error] :1:1: Premature end of file.
2026-05-28 16:52:45,113 [ERROR] LogOutputStream:75 - [STDERR_REDIRECT] 
2026-05-28 16:52:46,112 [ERROR] LogOutputStream:75 - [STDERR_REDIRECT] [Fatal Error] :1:1: Premature end of file.
2026-05-28 16:52:46,112 [ERROR] LogOutputStream:75 - [STDERR_REDIRECT] 
2026-05-28 16:52:47,117 [ERROR] LogOutputStream:75 - [STDERR_REDIRECT] [Fatal Error] :1:1: Premature end of file.
2026-05-28 16:52:47,117 [ERROR] LogOutputStream:75 - [STDERR_REDIRECT] 
2026-05-28 16:52:48,112 [ERROR] LogOutputStream:75 - [STDERR_REDIRECT] [Fatal Error] :1:1: Premature end of file.
2026-05-28 16:52:48,112 [ERROR] LogOutputStream:75 - [STDERR_REDIRECT] 
2026-05-28 16:52:49,117 [ERROR] LogOutputStream:75 - [STDERR_REDIRECT] [Fatal Error] :1:1: Premature end of file.
2026-05-28 16:52:49,117 [ERROR] LogOutputStream:75 - [STDERR_REDIRECT] 
2026-05-28 16:52:50,137 [ERROR] LogOutputStream:75 - [STDERR_REDIRECT] [Fatal Error] :1:1: Premature end of file.
2026-05-28 16:52:50,137 [ERROR] LogOutputStream:75 - [STDERR_REDIRECT] 
2026-05-28 16:52:51,113 [ERROR] LogOutputStream:75 - [STDERR_REDIRECT] [Fatal Error] :1:1: Premature end of file.
2026-05-28 16:52:51,113 [ERROR] LogOutputStream:75 - [STDERR_REDIRECT] 
2026-05-28 16:52:52,112 [ERROR] LogOutputStream:75 - [STDERR_REDIRECT] [Fatal Error] :1:1: Premature end of file.
2026-05-28 16:52:52,112 [ERROR] LogOutputStream:75 - [STDERR_REDIRECT] 
2026-05-28 16:52:53,114 [ERROR] LogOutputStream:75 - [STDERR_REDIRECT] [Fatal Error] :1:1: Premature end of file.
2026-05-28 16:52:53,114 [ERROR] LogOutputStream:75 - [STDERR_REDIRECT] 
2026-05-28 16:52:54,116 [ERROR] LogOutputStream:75 - [STDERR_REDIRECT] [Fatal Error] :1:1: Premature end of file.
2026-05-28 16:52:54,116 [ERROR] LogOutputStream:75 - [STDERR_REDIRECT] 
2026-05-28 16:52:55,114 [ERROR] LogOutputStream:75 - [STDERR_REDIRECT] [Fatal Error] :1:1: Premature end of file.
2026-05-28 16:52:55,114 [ERROR] LogOutputStream:75 - [STDERR_REDIRECT] 
2026-05-28 16:52:56,116 [ERROR] LogOutputStream:75 - [STDERR_REDIRECT] [Fatal Error] :1:1: Premature end of file.
2026-05-28 16:52:56,116 [ERROR] LogOutputStream:75 - [STDERR_REDIRECT] 
2026-05-28 16:52:57,112 [ERROR] LogOutputStream:75 - [STDERR_REDIRECT] [Fatal Error] :1:1: Premature end of file.
2026-05-28 16:52:57,112 [ERROR] LogOutputStream:75 - [STDERR_REDIRECT] 
2026-05-28 16:52:58,113 [ERROR] LogOutputStream:75 - [STDERR_REDIRECT] [Fatal Error] :1:1: Premature end of file.
2026-05-28 16:52:58,113 [ERROR] LogOutputStream:75 - [STDERR_REDIRECT] 
2026-05-28 16:52:59,117 [ERROR] LogOutputStream:75 - [STDERR_REDIRECT] [Fatal Error] :1:1: Premature end of file.
2026-05-28 16:52:59,117 [ERROR] LogOutputStream:75 - [STDERR_REDIRECT] 
2026-05-28 16:53:00,115 [ERROR] LogOutputStream:75 - [STDERR_REDIRECT] [Fatal Error] :1:1: Premature end of file.
2026-05-28 16:53:00,115 [ERROR] LogOutputStream:75 - [STDERR_REDIRECT] 
2026-05-28 16:53:01,118 [ERROR] LogOutputStream:75 - [STDERR_REDIRECT] [Fatal Error] :1:1: Premature end of file.
2026-05-28 16:53:01,118 [ERROR] LogOutputStream:75 - [STDERR_REDIRECT] 
2026-05-28 16:53:02,114 [ERROR] LogOutputStream:75 - [STDERR_REDIRECT] [Fatal Error] :1:1: Premature end of file.
2026-05-28 16:53:02,115 [ERROR] LogOutputStream:75 - [STDERR_REDIRECT] 
2026-05-28 16:53:03,114 [ERROR] LogOutputStream:75 - [STDERR_REDIRECT] [Fatal Error] :1:1: Premature end of file.
2026-05-28 16:53:03,114 [ERROR] LogOutputStream:75 - [STDERR_REDIRECT] 
2026-05-28 16:53:04,117 [ERROR] LogOutputStream:75 - [STDERR_REDIRECT] [Fatal Error] :1:1: Premature end of file.
2026-05-28 16:53:04,117 [ERROR] LogOutputStream:75 - [STDERR_REDIRECT] 
2026-05-28 16:53:05,113 [ERROR] LogOutputStream:75 - [STDERR_REDIRECT] [Fatal Error] :1:1: Premature end of file.
2026-05-28 16:53:05,113 [ERROR] LogOutputStream:75 - [STDERR_REDIRECT] 
2026-05-28 16:53:06,113 [ERROR] LogOutputStream:75 - [STDERR_REDIRECT] [Fatal Error] :1:1: Premature end of file.
2026-05-28 16:53:06,114 [ERROR] LogOutputStream:75 - [STDERR_REDIRECT] 
2026-05-28 16:53:07,114 [ERROR] LogOutputStream:75 - [STDERR_REDIRECT] [Fatal Error] :1:1: Premature end of file.
2026-05-28 16:53:07,114 [ERROR] LogOutputStream:75 - [STDERR_REDIRECT] 
2026-05-28 16:53:08,114 [ERROR] LogOutputStream:75 - [STDERR_REDIRECT] [Fatal Error] :1:1: Premature end of file.
2026-05-28 16:53:08,114 [ERROR] LogOutputStream:75 - [STDERR_REDIRECT] 
2026-05-28 16:53:09,112 [ERROR] LogOutputStream:75 - [STDERR_REDIRECT] [Fatal Error] :1:1: Premature end of file.
2026-05-28 16:53:09,113 [ERROR] LogOutputStream:75 - [STDERR_REDIRECT] 
2026-05-28 16:53:10,113 [ERROR] LogOutputStream:75 - [STDERR_REDIRECT] [Fatal Error] :1:1: Premature end of file.
2026-05-28 16:53:10,113 [ERROR] LogOutputStream:75 - [STDERR_REDIRECT] 
2026-05-28 16:53:11,108 [ERROR] LogOutputStream:75 - [STDERR_REDIRECT] [Fatal Error] :1:1: Premature end of file.
2026-05-28 16:53:11,109 [ERROR] LogOutputStream:75 - [STDERR_REDIRECT] 
2026-05-28 16:53:12,120 [ERROR] LogOutputStream:75 - [STDERR_REDIRECT] [Fatal Error] :1:1: Premature end of file.
2026-05-28 16:53:12,120 [ERROR] LogOutputStream:75 - [STDERR_REDIRECT] 
2026-05-28 16:53:13,109 [ERROR] LogOutputStream:75 - [STDERR_REDIRECT] [Fatal Error] :1:1: Premature end of file.
2026-05-28 16:53:13,109 [ERROR] LogOutputStream:75 - [STDERR_REDIRECT] 
2026-05-28 16:53:14,110 [ERROR] LogOutputStream:75 - [STDERR_REDIRECT] [Fatal Error] :1:1: Premature end of file.
2026-05-28 16:53:14,111 [ERROR] LogOutputStream:75 - [STDERR_REDIRECT] 
2026-05-28 16:53:15,117 [ERROR] LogOutputStream:75 - [STDERR_REDIRECT] [Fatal Error] :1:1: Premature end of file.
2026-05-28 16:53:15,117 [ERROR] LogOutputStream:75 - [STDERR_REDIRECT] 
2026-05-28 16:53:16,112 [ERROR] LogOutputStream:75 - [STDERR_REDIRECT] [Fatal Error] :1:1: Premature end of file.
2026-05-28 16:53:16,112 [ERROR] LogOutputStream:75 - [STDERR_REDIRECT] 
2026-05-28 16:53:17,112 [ERROR] LogOutputStream:75 - [STDERR_REDIRECT] [Fatal Error] :1:1: Premature end of file.
2026-05-28 16:53:17,113 [ERROR] LogOutputStream:75 - [STDERR_REDIRECT] 
2026-05-28 16:53:18,112 [ERROR] LogOutputStream:75 - [STDERR_REDIRECT] [Fatal Error] :1:1: Premature end of file.
2026-05-28 16:53:18,112 [ERROR] LogOutputStream:75 - [STDERR_REDIRECT] 
2026-05-28 16:53:19,110 [ERROR] LogOutputStream:75 - [STDERR_REDIRECT] [Fatal Error] :1:1: Premature end of file.
2026-05-28 16:53:19,110 [ERROR] LogOutputStream:75 - [STDERR_REDIRECT] 
2026-05-28 16:53:20,109 [ERROR] LogOutputStream:75 - [STDERR_REDIRECT] [Fatal Error] :1:1: Premature end of file.
2026-05-28 16:53:20,110 [ERROR] LogOutputStream:75 - [STDERR_REDIRECT] 
2026-05-28 16:53:21,111 [ERROR] LogOutputStream:75 - [STDERR_REDIRECT] [Fatal Error] :1:1: Premature end of file.
2026-05-28 16:53:21,112 [ERROR] LogOutputStream:75 - [STDERR_REDIRECT] 
2026-05-28 16:53:22,113 [ERROR] LogOutputStream:75 - [STDERR_REDIRECT] [Fatal Error] :1:1: Premature end of file.
2026-05-28 16:53:22,113 [ERROR] LogOutputStream:75 - [STDERR_REDIRECT] 
2026-05-28 16:53:23,111 [ERROR] LogOutputStream:75 - [STDERR_REDIRECT] [Fatal Error] :1:1: Premature end of file.
2026-05-28 16:53:23,111 [ERROR] LogOutputStream:75 - [STDERR_REDIRECT] 
2026-05-28 16:53:24,136 [ERROR] LogOutputStream:75 - [STDERR_REDIRECT] [Fatal Error] :1:1: Premature end of file.
2026-05-28 16:53:24,136 [ERROR] LogOutputStream:75 - [STDERR_REDIRECT] 
2026-05-28 16:53:25,110 [ERROR] LogOutputStream:75 - [STDERR_REDIRECT] [Fatal Error] :1:1: Premature end of file.
2026-05-28 16:53:25,110 [ERROR] LogOutputStream:75 - [STDERR_REDIRECT] 
2026-05-28 16:53:26,112 [ERROR] LogOutputStream:75 - [STDERR_REDIRECT] [Fatal Error] :1:1: Premature end of file.
2026-05-28 16:53:26,112 [ERROR] LogOutputStream:75 - [STDERR_REDIRECT] 
2026-05-28 16:53:27,113 [ERROR] LogOutputStream:75 - [STDERR_REDIRECT] [Fatal Error] :1:1: Premature end of file.
2026-05-28 16:53:27,113 [ERROR] LogOutputStream:75 - [STDERR_REDIRECT] 
2026-05-28 16:53:28,116 [ERROR] LogOutputStream:75 - [STDERR_REDIRECT] [Fatal Error] :1:1: Premature end of file.
2026-05-28 16:53:28,116 [ERROR] LogOutputStream:75 - [STDERR_REDIRECT] 
2026-05-28 16:53:29,111 [ERROR] LogOutputStream:75 - [STDERR_REDIRECT] [Fatal Error] :1:1: Premature end of file.
2026-05-28 16:53:29,111 [ERROR] LogOutputStream:75 - [STDERR_REDIRECT] 
2026-05-28 16:53:30,112 [ERROR] LogOutputStream:75 - [STDERR_REDIRECT] [Fatal Error] :1:1: Premature end of file.
2026-05-28 16:53:30,112 [ERROR] LogOutputStream:75 - [STDERR_REDIRECT] 
2026-05-28 16:53:31,111 [ERROR] LogOutputStream:75 - [STDERR_REDIRECT] [Fatal Error] :1:1: Premature end of file.
2026-05-28 16:53:31,111 [ERROR] LogOutputStream:75 - [STDERR_REDIRECT] 
2026-05-28 16:53:32,113 [ERROR] LogOutputStream:75 - [STDERR_REDIRECT] [Fatal Error] :1:1: Premature end of file.
2026-05-28 16:53:32,113 [ERROR] LogOutputStream:75 - [STDERR_REDIRECT] 
2026-05-28 16:53:33,112 [ERROR] LogOutputStream:75 - [STDERR_REDIRECT] [Fatal Error] :1:1: Premature end of file.
2026-05-28 16:53:33,113 [ERROR] LogOutputStream:75 - [STDERR_REDIRECT] 
2026-05-28 16:53:34,117 [ERROR] LogOutputStream:75 - [STDERR_REDIRECT] [Fatal Error] :1:1: Premature end of file.
2026-05-28 16:53:34,117 [ERROR] LogOutputStream:75 - [STDERR_REDIRECT] 
2026-05-28 16:53:35,112 [ERROR] LogOutputStream:75 - [STDERR_REDIRECT] [Fatal Error] :1:1: Premature end of file.
2026-05-28 16:53:35,113 [ERROR] LogOutputStream:75 - [STDERR_REDIRECT] 
2026-05-28 16:53:36,111 [ERROR] LogOutputStream:75 - [STDERR_REDIRECT] [Fatal Error] :1:1: Premature end of file.
2026-05-28 16:53:36,111 [ERROR] LogOutputStream:75 - [STDERR_REDIRECT] 
2026-05-28 16:53:37,113 [ERROR] LogOutputStream:75 - [STDERR_REDIRECT] [Fatal Error] :1:1: Premature end of file.
2026-05-28 16:53:37,114 [ERROR] LogOutputStream:75 - [STDERR_REDIRECT] 
2026-05-28 16:53:38,109 [ERROR] LogOutputStream:75 - [STDERR_REDIRECT] [Fatal Error] :1:1: Premature end of file.
2026-05-28 16:53:38,111 [ERROR] LogOutputStream:75 - [STDERR_REDIRECT] 
2026-05-28 16:53:39,113 [ERROR] LogOutputStream:75 - [STDERR_REDIRECT] [Fatal Error] :1:1: Premature end of file.
2026-05-28 16:53:39,113 [ERROR] LogOutputStream:75 - [STDERR_REDIRECT] 
2026-05-28 16:53:40,115 [ERROR] LogOutputStream:75 - [STDERR_REDIRECT] [Fatal Error] :1:1: Premature end of file.
2026-05-28 16:53:40,115 [ERROR] LogOutputStream:75 - [STDERR_REDIRECT] 
2026-05-28 16:53:41,108 [ERROR] LogOutputStream:75 - [STDERR_REDIRECT] [Fatal Error] :1:1: Premature end of file.
2026-05-28 16:53:41,109 [ERROR] LogOutputStream:75 - [STDERR_REDIRECT] 
2026-05-28 16:53:42,113 [ERROR] LogOutputStream:75 - [STDERR_REDIRECT] [Fatal Error] :1:1: Premature end of file.
2026-05-28 16:53:42,114 [ERROR] LogOutputStream:75 - [STDERR_REDIRECT] 
2026-05-28 16:53:43,112 [ERROR] LogOutputStream:75 - [STDERR_REDIRECT] [Fatal Error] :1:1: Premature end of file.
2026-05-28 16:53:43,112 [ERROR] LogOutputStream:75 - [STDERR_REDIRECT] 
2026-05-28 16:53:44,110 [ERROR] LogOutputStream:75 - [STDERR_REDIRECT] [Fatal Error] :1:1: Premature end of file.
2026-05-28 16:53:44,110 [ERROR] LogOutputStream:75 - [STDERR_REDIRECT] 
2026-05-28 16:53:45,109 [ERROR] LogOutputStream:75 - [STDERR_REDIRECT] [Fatal Error] :1:1: Premature end of file.
2026-05-28 16:53:45,109 [ERROR] LogOutputStream:75 - [STDERR_REDIRECT] 
2026-05-28 16:53:46,113 [ERROR] LogOutputStream:75 - [STDERR_REDIRECT] [Fatal Error] :1:1: Premature end of file.
2026-05-28 16:53:46,113 [ERROR] LogOutputStream:75 - [STDERR_REDIRECT] 
2026-05-28 16:53:47,116 [ERROR] LogOutputStream:75 - [STDERR_REDIRECT] [Fatal Error] :1:1: Premature end of file.
2026-05-28 16:53:47,116 [ERROR] LogOutputStream:75 - [STDERR_REDIRECT] 
2026-05-28 16:53:48,112 [ERROR] LogOutputStream:75 - [STDERR_REDIRECT] [Fatal Error] :1:1: Premature end of file.
2026-05-28 16:53:48,112 [ERROR] LogOutputStream:75 - [STDERR_REDIRECT] 
2026-05-28 16:53:49,109 [ERROR] LogOutputStream:75 - [STDERR_REDIRECT] [Fatal Error] :1:1: Premature end of file.
2026-05-28 16:53:49,110 [ERROR] LogOutputStream:75 - [STDERR_REDIRECT] 
2026-05-28 16:53:50,114 [ERROR] LogOutputStream:75 - [STDERR_REDIRECT] [Fatal Error] :1:1: Premature end of file.
2026-05-28 16:53:50,114 [ERROR] LogOutputStream:75 - [STDERR_REDIRECT] 
2026-05-28 16:53:51,113 [ERROR] LogOutputStream:75 - [STDERR_REDIRECT] [Fatal Error] :1:1: Premature end of file.
2026-05-28 16:53:51,113 [ERROR] LogOutputStream:75 - [STDERR_REDIRECT] 
2026-05-28 16:53:52,111 [ERROR] LogOutputStream:75 - [STDERR_REDIRECT] [Fatal Error] :1:1: Premature end of file.
2026-05-28 16:53:52,111 [ERROR] LogOutputStream:75 - [STDERR_REDIRECT] 
2026-05-28 16:53:53,109 [ERROR] LogOutputStream:75 - [STDERR_REDIRECT] [Fatal Error] :1:1: Premature end of file.
2026-05-28 16:53:53,110 [ERROR] LogOutputStream:75 - [STDERR_REDIRECT] 
2026-05-28 16:53:54,115 [ERROR] LogOutputStream:75 - [STDERR_REDIRECT] [Fatal Error] :1:1: Premature end of file.
2026-05-28 16:53:54,115 [ERROR] LogOutputStream:75 - [STDERR_REDIRECT] 
2026-05-28 16:53:55,114 [ERROR] LogOutputStream:75 - [STDERR_REDIRECT] [Fatal Error] :1:1: Premature end of file.
2026-05-28 16:53:55,114 [ERROR] LogOutputStream:75 - [STDERR_REDIRECT] 
2026-05-28 16:53:56,114 [ERROR] LogOutputStream:75 - [STDERR_REDIRECT] [Fatal Error] :1:1: Premature end of file.
2026-05-28 16:53:56,115 [ERROR] LogOutputStream:75 - [STDERR_REDIRECT] 
2026-05-28 16:53:57,114 [ERROR] LogOutputStream:75 - [STDERR_REDIRECT] [Fatal Error] :1:1: Premature end of file.
2026-05-28 16:53:57,114 [ERROR] LogOutputStream:75 - [STDERR_REDIRECT] 
2026-05-28 16:53:58,113 [ERROR] LogOutputStream:75 - [STDERR_REDIRECT] [Fatal Error] :1:1: Premature end of file.
2026-05-28 16:53:58,113 [ERROR] LogOutputStream:75 - [STDERR_REDIRECT] 
2026-05-28 16:53:59,114 [ERROR] LogOutputStream:75 - [STDERR_REDIRECT] [Fatal Error] :1:1: Premature end of file.
2026-05-28 16:53:59,114 [ERROR] LogOutputStream:75 - [STDERR_REDIRECT] 
2026-05-28 16:54:00,112 [ERROR] LogOutputStream:75 - [STDERR_REDIRECT] [Fatal Error] :1:1: Premature end of file.
2026-05-28 16:54:00,112 [ERROR] LogOutputStream:75 - [STDERR_REDIRECT] 
2026-05-28 16:54:01,115 [ERROR] LogOutputStream:75 - [STDERR_REDIRECT] [Fatal Error] :1:1: Premature end of file.
2026-05-28 16:54:01,115 [ERROR] LogOutputStream:75 - [STDERR_REDIRECT] 
2026-05-28 16:54:02,114 [ERROR] LogOutputStream:75 - [STDERR_REDIRECT] [Fatal Error] :1:1: Premature end of file.
2026-05-28 16:54:02,114 [ERROR] LogOutputStream:75 - [STDERR_REDIRECT] 
2026-05-28 16:54:03,110 [ERROR] LogOutputStream:75 - [STDERR_REDIRECT] [Fatal Error] :1:1: Premature end of file.
2026-05-28 16:54:03,110 [ERROR] LogOutputStream:75 - [STDERR_REDIRECT] 
2026-05-28 16:54:04,108 [ERROR] LogOutputStream:75 - [STDERR_REDIRECT] [Fatal Error] :1:1: Premature end of file.
2026-05-28 16:54:04,109 [ERROR] LogOutputStream:75 - [STDERR_REDIRECT] 
2026-05-28 16:54:05,111 [ERROR] LogOutputStream:75 - [STDERR_REDIRECT] [Fatal Error] :1:1: Premature end of file.
2026-05-28 16:54:05,111 [ERROR] LogOutputStream:75 - [STDERR_REDIRECT] 
2026-05-28 16:54:06,111 [ERROR] LogOutputStream:75 - [STDERR_REDIRECT] [Fatal Error] :1:1: Premature end of file.
2026-05-28 16:54:06,111 [ERROR] LogOutputStream:75 - [STDERR_REDIRECT] 
2026-05-28 16:54:07,110 [ERROR] LogOutputStream:75 - [STDERR_REDIRECT] [Fatal Error] :1:1: Premature end of file.
2026-05-28 16:54:07,110 [ERROR] LogOutputStream:75 - [STDERR_REDIRECT] 
2026-05-28 16:54:08,111 [ERROR] LogOutputStream:75 - [STDERR_REDIRECT] [Fatal Error] :1:1: Premature end of file.
2026-05-28 16:54:08,112 [ERROR] LogOutputStream:75 - [STDERR_REDIRECT] 
2026-05-28 16:54:09,110 [ERROR] LogOutputStream:75 - [STDERR_REDIRECT] [Fatal Error] :1:1: Premature end of file.
2026-05-28 16:54:09,111 [ERROR] LogOutputStream:75 - [STDERR_REDIRECT] 
2026-05-28 16:54:10,113 [ERROR] LogOutputStream:75 - [STDERR_REDIRECT] [Fatal Error] :1:1: Premature end of file.
2026-05-28 16:54:10,114 [ERROR] LogOutputStream:75 - [STDERR_REDIRECT] 
2026-05-28 16:54:11,113 [ERROR] LogOutputStream:75 - [STDERR_REDIRECT] [Fatal Error] :1:1: Premature end of file.
2026-05-28 16:54:11,113 [ERROR] LogOutputStream:75 - [STDERR_REDIRECT] 
2026-05-28 16:54:12,113 [ERROR] LogOutputStream:75 - [STDERR_REDIRECT] [Fatal Error] :1:1: Premature end of file.
2026-05-28 16:54:12,114 [ERROR] LogOutputStream:75 - [STDERR_REDIRECT] 
2026-05-28 16:54:13,115 [ERROR] LogOutputStream:75 - [STDERR_REDIRECT] [Fatal Error] :1:1: Premature end of file.
2026-05-28 16:54:13,115 [ERROR] LogOutputStream:75 - [STDERR_REDIRECT] 
2026-05-28 16:54:14,109 [ERROR] LogOutputStream:75 - [STDERR_REDIRECT] [Fatal Error] :1:1: Premature end of file.
2026-05-28 16:54:14,109 [ERROR] LogOutputStream:75 - [STDERR_REDIRECT] 
2026-05-28 16:54:15,112 [ERROR] LogOutputStream:75 - [STDERR_REDIRECT] [Fatal Error] :1:1: Premature end of file.
2026-05-28 16:54:15,112 [ERROR] LogOutputStream:75 - [STDERR_REDIRECT] 
2026-05-28 16:54:16,112 [ERROR] LogOutputStream:75 - [STDERR_REDIRECT] [Fatal Error] :1:1: Premature end of file.
2026-05-28 16:54:16,112 [ERROR] LogOutputStream:75 - [STDERR_REDIRECT] 
2026-05-28 16:54:17,114 [ERROR] LogOutputStream:75 - [STDERR_REDIRECT] [Fatal Error] :1:1: Premature end of file.
2026-05-28 16:54:17,114 [ERROR] LogOutputStream:75 - [STDERR_REDIRECT] 
2026-05-28 16:54:18,111 [ERROR] LogOutputStream:75 - [STDERR_REDIRECT] [Fatal Error] :1:1: Premature end of file.
2026-05-28 16:54:18,111 [ERROR] LogOutputStream:75 - [STDERR_REDIRECT] 
2026-05-28 16:54:19,112 [ERROR] LogOutputStream:75 - [STDERR_REDIRECT] [Fatal Error] :1:1: Premature end of file.
2026-05-28 16:54:19,112 [ERROR] LogOutputStream:75 - [STDERR_REDIRECT] 
2026-05-28 16:54:20,113 [ERROR] LogOutputStream:75 - [STDERR_REDIRECT] [Fatal Error] :1:1: Premature end of file.
2026-05-28 16:54:20,113 [ERROR] LogOutputStream:75 - [STDERR_REDIRECT] 
2026-05-28 16:54:21,111 [ERROR] LogOutputStream:75 - [STDERR_REDIRECT] [Fatal Error] :1:1: Premature end of file.
2026-05-28 16:54:21,111 [ERROR] LogOutputStream:75 - [STDERR_REDIRECT] 
2026-05-28 16:54:22,114 [ERROR] LogOutputStream:75 - [STDERR_REDIRECT] [Fatal Error] :1:1: Premature end of file.
2026-05-28 16:54:22,114 [ERROR] LogOutputStream:75 - [STDERR_REDIRECT] 
2026-05-28 16:54:23,115 [ERROR] LogOutputStream:75 - [STDERR_REDIRECT] [Fatal Error] :1:1: Premature end of file.
2026-05-28 16:54:23,116 [ERROR] LogOutputStream:75 - [STDERR_REDIRECT] 
2026-05-28 16:54:24,105 [ERROR] LogOutputStream:75 - [STDERR_REDIRECT] [Fatal Error] :1:1: Premature end of file.
2026-05-28 16:54:24,105 [ERROR] LogOutputStream:75 - [STDERR_REDIRECT] 
2026-05-28 16:54:25,112 [ERROR] LogOutputStream:75 - [STDERR_REDIRECT] [Fatal Error] :1:1: Premature end of file.
2026-05-28 16:54:25,112 [ERROR] LogOutputStream:75 - [STDERR_REDIRECT] 
2026-05-28 16:54:26,128 [ERROR] LogOutputStream:75 - [STDERR_REDIRECT] [Fatal Error] :1:1: Premature end of file.
2026-05-28 16:54:26,128 [ERROR] LogOutputStream:75 - [STDERR_REDIRECT] 
2026-05-28 16:54:27,111 [ERROR] LogOutputStream:75 - [STDERR_REDIRECT] [Fatal Error] :1:1: Premature end of file.
2026-05-28 16:54:27,111 [ERROR] LogOutputStream:75 - [STDERR_REDIRECT] 
2026-05-28 16:54:28,110 [ERROR] LogOutputStream:75 - [STDERR_REDIRECT] [Fatal Error] :1:1: Premature end of file.
2026-05-28 16:54:28,110 [ERROR] LogOutputStream:75 - [STDERR_REDIRECT] 
2026-05-28 16:54:29,112 [ERROR] LogOutputStream:75 - [STDERR_REDIRECT] [Fatal Error] :1:1: Premature end of file.
2026-05-28 16:54:29,112 [ERROR] LogOutputStream:75 - [STDERR_REDIRECT] 
2026-05-28 16:54:30,108 [ERROR] LogOutputStream:75 - [STDERR_REDIRECT] [Fatal Error] :1:1: Premature end of file.
2026-05-28 16:54:30,108 [ERROR] LogOutputStream:75 - [STDERR_REDIRECT] 
2026-05-28 16:54:31,114 [ERROR] LogOutputStream:75 - [STDERR_REDIRECT] [Fatal Error] :1:1: Premature end of file.
2026-05-28 16:54:31,114 [ERROR] LogOutputStream:75 - [STDERR_REDIRECT] 
2026-05-28 16:54:32,113 [ERROR] LogOutputStream:75 - [STDERR_REDIRECT] [Fatal Error] :1:1: Premature end of file.
2026-05-28 16:54:32,113 [ERROR] LogOutputStream:75 - [STDERR_REDIRECT] 
2026-05-28 16:54:33,111 [ERROR] LogOutputStream:75 - [STDERR_REDIRECT] [Fatal Error] :1:1: Premature end of file.
2026-05-28 16:54:33,113 [ERROR] LogOutputStream:75 - [STDERR_REDIRECT] 
2026-05-28 16:54:34,112 [ERROR] LogOutputStream:75 - [STDERR_REDIRECT] [Fatal Error] :1:1: Premature end of file.
2026-05-28 16:54:34,112 [ERROR] LogOutputStream:75 - [STDERR_REDIRECT] 
2026-05-28 16:54:35,108 [ERROR] LogOutputStream:75 - [STDERR_REDIRECT] [Fatal Error] :1:1: Premature end of file.
2026-05-28 16:54:35,108 [ERROR] LogOutputStream:75 - [STDERR_REDIRECT] 
2026-05-28 16:54:36,109 [ERROR] LogOutputStream:75 - [STDERR_REDIRECT] [Fatal Error] :1:1: Premature end of file.
2026-05-28 16:54:36,109 [ERROR] LogOutputStream:75 - [STDERR_REDIRECT] 
2026-05-28 16:54:37,110 [ERROR] LogOutputStream:75 - [STDERR_REDIRECT] [Fatal Error] :1:1: Premature end of file.
2026-05-28 16:54:37,111 [ERROR] LogOutputStream:75 - [STDERR_REDIRECT] 
2026-05-28 16:54:38,115 [ERROR] LogOutputStream:75 - [STDERR_REDIRECT] [Fatal Error] :1:1: Premature end of file.
2026-05-28 16:54:38,115 [ERROR] LogOutputStream:75 - [STDERR_REDIRECT] 
2026-05-28 16:54:39,102 [ERROR] LogOutputStream:75 - [STDERR_REDIRECT] [Fatal Error] :1:1: Premature end of file.
2026-05-28 16:54:39,102 [ERROR] LogOutputStream:75 - [STDERR_REDIRECT] 
2026-05-28 16:54:40,102 [ERROR] LogOutputStream:75 - [STDERR_REDIRECT] [Fatal Error] :1:1: Premature end of file.
2026-05-28 16:54:40,102 [ERROR] LogOutputStream:75 - [STDERR_REDIRECT] 
2026-05-28 16:54:41,104 [ERROR] LogOutputStream:75 - [STDERR_REDIRECT] [Fatal Error] :1:1: Premature end of file.
2026-05-28 16:54:41,104 [ERROR] LogOutputStream:75 - [STDERR_REDIRECT] 
2026-05-28 16:54:42,113 [ERROR] LogOutputStream:75 - [STDERR_REDIRECT] [Fatal Error] :1:1: Premature end of file.
2026-05-28 16:54:42,113 [ERROR] LogOutputStream:75 - [STDERR_REDIRECT] 
2026-05-28 16:54:43,119 [ERROR] LogOutputStream:75 - [STDERR_REDIRECT] [Fatal Error] :1:1: Premature end of file.
2026-05-28 16:54:43,119 [ERROR] LogOutputStream:75 - [STDERR_REDIRECT] 
2026-05-28 16:54:44,114 [ERROR] LogOutputStream:75 - [STDERR_REDIRECT] [Fatal Error] :1:1: Premature end of file.
2026-05-28 16:54:44,114 [ERROR] LogOutputStream:75 - [STDERR_REDIRECT] 
2026-05-28 16:54:45,121 [ERROR] LogOutputStream:75 - [STDERR_REDIRECT] [Fatal Error] :1:1: Premature end of file.
2026-05-28 16:54:45,122 [ERROR] LogOutputStream:75 - [STDERR_REDIRECT] 
2026-05-28 16:54:46,114 [ERROR] LogOutputStream:75 - [STDERR_REDIRECT] [Fatal Error] :1:1: Premature end of file.
2026-05-28 16:54:46,114 [ERROR] LogOutputStream:75 - [STDERR_REDIRECT] 
2026-05-28 16:54:47,119 [ERROR] LogOutputStream:75 - [STDERR_REDIRECT] [Fatal Error] :1:1: Premature end of file.
2026-05-28 16:54:47,119 [ERROR] LogOutputStream:75 - [STDERR_REDIRECT] 
2026-05-28 16:54:48,122 [ERROR] LogOutputStream:75 - [STDERR_REDIRECT] [Fatal Error] :1:1: Premature end of file.
2026-05-28 16:54:48,123 [ERROR] LogOutputStream:75 - [STDERR_REDIRECT] 
2026-05-28 16:54:49,108 [ERROR] LogOutputStream:75 - [STDERR_REDIRECT] [Fatal Error] :1:1: Premature end of file.
2026-05-28 16:54:49,108 [ERROR] LogOutputStream:75 - [STDERR_REDIRECT] 
2026-05-28 16:54:50,110 [ERROR] LogOutputStream:75 - [STDERR_REDIRECT] [Fatal Error] :1:1: Premature end of file.
2026-05-28 16:54:50,110 [ERROR] LogOutputStream:75 - [STDERR_REDIRECT] 
2026-05-28 16:54:51,110 [ERROR] LogOutputStream:75 - [STDERR_REDIRECT] [Fatal Error] :1:1: Premature end of file.
2026-05-28 16:54:51,111 [ERROR] LogOutputStream:75 - [STDERR_REDIRECT] 
2026-05-28 16:54:52,110 [ERROR] LogOutputStream:75 - [STDERR_REDIRECT] [Fatal Error] :1:1: Premature end of file.
2026-05-28 16:54:52,110 [ERROR] LogOutputStream:75 - [STDERR_REDIRECT] 
2026-05-28 16:54:53,115 [ERROR] LogOutputStream:75 - [STDERR_REDIRECT] [Fatal Error] :1:1: Premature end of file.
2026-05-28 16:54:53,115 [ERROR] LogOutputStream:75 - [STDERR_REDIRECT] 
2026-05-28 16:54:54,111 [ERROR] LogOutputStream:75 - [STDERR_REDIRECT] [Fatal Error] :1:1: Premature end of file.
2026-05-28 16:54:54,111 [ERROR] LogOutputStream:75 - [STDERR_REDIRECT] 
2026-05-28 16:54:55,116 [ERROR] LogOutputStream:75 - [STDERR_REDIRECT] [Fatal Error] :1:1: Premature end of file.
2026-05-28 16:54:55,116 [ERROR] LogOutputStream:75 - [STDERR_REDIRECT] 
2026-05-28 16:54:56,110 [ERROR] LogOutputStream:75 - [STDERR_REDIRECT] [Fatal Error] :1:1: Premature end of file.
2026-05-28 16:54:56,110 [ERROR] LogOutputStream:75 - [STDERR_REDIRECT] 
2026-05-28 16:54:57,132 [ERROR] LogOutputStream:75 - [STDERR_REDIRECT] [Fatal Error] :1:1: Premature end of file.
2026-05-28 16:54:57,132 [ERROR] LogOutputStream:75 - [STDERR_REDIRECT] 
2026-05-28 16:54:58,117 [ERROR] LogOutputStream:75 - [STDERR_REDIRECT] [Fatal Error] :1:1: Premature end of file.
2026-05-28 16:54:58,117 [ERROR] LogOutputStream:75 - [STDERR_REDIRECT] 
2026-05-28 16:54:59,112 [ERROR] LogOutputStream:75 - [STDERR_REDIRECT] [Fatal Error] :1:1: Premature end of file.
2026-05-28 16:54:59,113 [ERROR] LogOutputStream:75 - [STDERR_REDIRECT] 
2026-05-28 16:55:00,115 [ERROR] LogOutputStream:75 - [STDERR_REDIRECT] [Fatal Error] :1:1: Premature end of file.
2026-05-28 16:55:00,115 [ERROR] LogOutputStream:75 - [STDERR_REDIRECT] 
2026-05-28 16:55:01,113 [ERROR] LogOutputStream:75 - [STDERR_REDIRECT] [Fatal Error] :1:1: Premature end of file.
2026-05-28 16:55:01,113 [ERROR] LogOutputStream:75 - [STDERR_REDIRECT] 
2026-05-28 16:55:02,113 [ERROR] LogOutputStream:75 - [STDERR_REDIRECT] [Fatal Error] :1:1: Premature end of file.
2026-05-28 16:55:02,113 [ERROR] LogOutputStream:75 - [STDERR_REDIRECT] 
2026-05-28 16:55:03,109 [ERROR] LogOutputStream:75 - [STDERR_REDIRECT] [Fatal Error] :1:1: Premature end of file.
2026-05-28 16:55:03,109 [ERROR] LogOutputStream:75 - [STDERR_REDIRECT] 
2026-05-28 16:55:04,114 [ERROR] LogOutputStream:75 - [STDERR_REDIRECT] [Fatal Error] :1:1: Premature end of file.
2026-05-28 16:55:04,114 [ERROR] LogOutputStream:75 - [STDERR_REDIRECT] 
2026-05-28 16:55:05,110 [ERROR] LogOutputStream:75 - [STDERR_REDIRECT] [Fatal Error] :1:1: Premature end of file.
2026-05-28 16:55:05,110 [ERROR] LogOutputStream:75 - [STDERR_REDIRECT] 
2026-05-28 16:55:06,120 [ERROR] LogOutputStream:75 - [STDERR_REDIRECT] [Fatal Error] :1:1: Premature end of file.
2026-05-28 16:55:06,120 [ERROR] LogOutputStream:75 - [STDERR_REDIRECT] 
2026-05-28 16:55:07,114 [ERROR] LogOutputStream:75 - [STDERR_REDIRECT] [Fatal Error] :1:1: Premature end of file.
2026-05-28 16:55:07,115 [ERROR] LogOutputStream:75 - [STDERR_REDIRECT] 
2026-05-28 16:55:08,117 [ERROR] LogOutputStream:75 - [STDERR_REDIRECT] [Fatal Error] :1:1: Premature end of file.
2026-05-28 16:55:08,118 [ERROR] LogOutputStream:75 - [STDERR_REDIRECT] 
2026-05-28 16:55:09,111 [ERROR] LogOutputStream:75 - [STDERR_REDIRECT] [Fatal Error] :1:1: Premature end of file.
2026-05-28 16:55:09,111 [ERROR] LogOutputStream:75 - [STDERR_REDIRECT] 
2026-05-28 16:55:10,113 [ERROR] LogOutputStream:75 - [STDERR_REDIRECT] [Fatal Error] :1:1: Premature end of file.
2026-05-28 16:55:10,114 [ERROR] LogOutputStream:75 - [STDERR_REDIRECT] 
2026-05-28 16:55:11,113 [ERROR] LogOutputStream:75 - [STDERR_REDIRECT] [Fatal Error] :1:1: Premature end of file.
2026-05-28 16:55:11,113 [ERROR] LogOutputStream:75 - [STDERR_REDIRECT] 
2026-05-28 16:55:12,112 [ERROR] LogOutputStream:75 - [STDERR_REDIRECT] [Fatal Error] :1:1: Premature end of file.
2026-05-28 16:55:12,112 [ERROR] LogOutputStream:75 - [STDERR_REDIRECT] 
2026-05-28 16:55:13,110 [ERROR] LogOutputStream:75 - [STDERR_REDIRECT] [Fatal Error] :1:1: Premature end of file.
2026-05-28 16:55:13,110 [ERROR] LogOutputStream:75 - [STDERR_REDIRECT] 
2026-05-28 16:55:14,113 [ERROR] LogOutputStream:75 - [STDERR_REDIRECT] [Fatal Error] :1:1: Premature end of file.
2026-05-28 16:55:14,114 [ERROR] LogOutputStream:75 - [STDERR_REDIRECT] 
2026-05-28 16:55:15,114 [ERROR] LogOutputStream:75 - [STDERR_REDIRECT] [Fatal Error] :1:1: Premature end of file.
2026-05-28 16:55:15,114 [ERROR] LogOutputStream:75 - [STDERR_REDIRECT] 
2026-05-28 16:55:16,135 [ERROR] LogOutputStream:75 - [STDERR_REDIRECT] [Fatal Error] :1:1: Premature end of file.
2026-05-28 16:55:16,135 [ERROR] LogOutputStream:75 - [STDERR_REDIRECT] 
2026-05-28 16:55:17,108 [ERROR] LogOutputStream:75 - [STDERR_REDIRECT] [Fatal Error] :1:1: Premature end of file.
2026-05-28 16:55:17,109 [ERROR] LogOutputStream:75 - [STDERR_REDIRECT] 
2026-05-28 16:55:18,114 [ERROR] LogOutputStream:75 - [STDERR_REDIRECT] [Fatal Error] :1:1: Premature end of file.
2026-05-28 16:55:18,115 [ERROR] LogOutputStream:75 - [STDERR_REDIRECT] 
2026-05-28 16:55:19,114 [ERROR] LogOutputStream:75 - [STDERR_REDIRECT] [Fatal Error] :1:1: Premature end of file.
2026-05-28 16:55:19,114 [ERROR] LogOutputStream:75 - [STDERR_REDIRECT] 
2026-05-28 16:55:20,113 [ERROR] LogOutputStream:75 - [STDERR_REDIRECT] [Fatal Error] :1:1: Premature end of file.
2026-05-28 16:55:20,113 [ERROR] LogOutputStream:75 - [STDERR_REDIRECT] 
2026-05-28 16:55:21,112 [ERROR] LogOutputStream:75 - [STDERR_REDIRECT] [Fatal Error] :1:1: Premature end of file.
2026-05-28 16:55:21,112 [ERROR] LogOutputStream:75 - [STDERR_REDIRECT] 
2026-05-28 16:55:22,114 [ERROR] LogOutputStream:75 - [STDERR_REDIRECT] [Fatal Error] :1:1: Premature end of file.
2026-05-28 16:55:22,114 [ERROR] LogOutputStream:75 - [STDERR_REDIRECT] 
2026-05-28 16:55:23,109 [ERROR] LogOutputStream:75 - [STDERR_REDIRECT] [Fatal Error] :1:1: Premature end of file.
2026-05-28 16:55:23,109 [ERROR] LogOutputStream:75 - [STDERR_REDIRECT] 
2026-05-28 16:55:24,108 [ERROR] LogOutputStream:75 - [STDERR_REDIRECT] [Fatal Error] :1:1: Premature end of file.
2026-05-28 16:55:24,108 [ERROR] LogOutputStream:75 - [STDERR_REDIRECT] 
2026-05-28 16:55:25,111 [ERROR] LogOutputStream:75 - [STDERR_REDIRECT] [Fatal Error] :1:1: Premature end of file.
2026-05-28 16:55:25,111 [ERROR] LogOutputStream:75 - [STDERR_REDIRECT] 
2026-05-28 16:55:26,112 [ERROR] LogOutputStream:75 - [STDERR_REDIRECT] [Fatal Error] :1:1: Premature end of file.
2026-05-28 16:55:26,112 [ERROR] LogOutputStream:75 - [STDERR_REDIRECT] 
2026-05-28 16:55:27,114 [ERROR] LogOutputStream:75 - [STDERR_REDIRECT] [Fatal Error] :1:1: Premature end of file.
2026-05-28 16:55:27,114 [ERROR] LogOutputStream:75 - [STDERR_REDIRECT] 
2026-05-28 16:55:28,110 [ERROR] LogOutputStream:75 - [STDERR_REDIRECT] [Fatal Error] :1:1: Premature end of file.
2026-05-28 16:55:28,111 [ERROR] LogOutputStream:75 - [STDERR_REDIRECT] 
2026-05-28 16:55:29,112 [ERROR] LogOutputStream:75 - [STDERR_REDIRECT] [Fatal Error] :1:1: Premature end of file.
2026-05-28 16:55:29,112 [ERROR] LogOutputStream:75 - [STDERR_REDIRECT] 
2026-05-28 16:55:30,110 [ERROR] LogOutputStream:75 - [STDERR_REDIRECT] [Fatal Error] :1:1: Premature end of file.
2026-05-28 16:55:30,110 [ERROR] LogOutputStream:75 - [STDERR_REDIRECT] 
2026-05-28 16:55:31,118 [ERROR] LogOutputStream:75 - [STDERR_REDIRECT] [Fatal Error] :1:1: Premature end of file.
2026-05-28 16:55:31,118 [ERROR] LogOutputStream:75 - [STDERR_REDIRECT] 
2026-05-28 16:55:32,111 [ERROR] LogOutputStream:75 - [STDERR_REDIRECT] [Fatal Error] :1:1: Premature end of file.
2026-05-28 16:55:32,112 [ERROR] LogOutputStream:75 - [STDERR_REDIRECT] 
2026-05-28 16:55:33,112 [ERROR] LogOutputStream:75 - [STDERR_REDIRECT] [Fatal Error] :1:1: Premature end of file.
2026-05-28 16:55:33,112 [ERROR] LogOutputStream:75 - [STDERR_REDIRECT] 
2026-05-28 16:55:34,111 [ERROR] LogOutputStream:75 - [STDERR_REDIRECT] [Fatal Error] :1:1: Premature end of file.
2026-05-28 16:55:34,111 [ERROR] LogOutputStream:75 - [STDERR_REDIRECT] 
2026-05-28 16:55:35,109 [ERROR] LogOutputStream:75 - [STDERR_REDIRECT] [Fatal Error] :1:1: Premature end of file.
2026-05-28 16:55:35,110 [ERROR] LogOutputStream:75 - [STDERR_REDIRECT] 
2026-05-28 16:55:36,112 [ERROR] LogOutputStream:75 - [STDERR_REDIRECT] [Fatal Error] :1:1: Premature end of file.
2026-05-28 16:55:36,112 [ERROR] LogOutputStream:75 - [STDERR_REDIRECT] 
2026-05-28 16:55:37,109 [ERROR] LogOutputStream:75 - [STDERR_REDIRECT] [Fatal Error] :1:1: Premature end of file.
2026-05-28 16:55:37,109 [ERROR] LogOutputStream:75 - [STDERR_REDIRECT] 
2026-05-28 16:55:38,110 [ERROR] LogOutputStream:75 - [STDERR_REDIRECT] [Fatal Error] :1:1: Premature end of file.
2026-05-28 16:55:38,110 [ERROR] LogOutputStream:75 - [STDERR_REDIRECT] 
2026-05-28 16:55:39,113 [ERROR] LogOutputStream:75 - [STDERR_REDIRECT] [Fatal Error] :1:1: Premature end of file.
2026-05-28 16:55:39,113 [ERROR] LogOutputStream:75 - [STDERR_REDIRECT] 
2026-05-28 16:55:40,112 [ERROR] LogOutputStream:75 - [STDERR_REDIRECT] [Fatal Error] :1:1: Premature end of file.
2026-05-28 16:55:40,112 [ERROR] LogOutputStream:75 - [STDERR_REDIRECT] 
2026-05-28 16:55:41,116 [ERROR] LogOutputStream:75 - [STDERR_REDIRECT] [Fatal Error] :1:1: Premature end of file.
2026-05-28 16:55:41,116 [ERROR] LogOutputStream:75 - [STDERR_REDIRECT] 
2026-05-28 16:55:42,113 [ERROR] LogOutputStream:75 - [STDERR_REDIRECT] [Fatal Error] :1:1: Premature end of file.
2026-05-28 16:55:42,113 [ERROR] LogOutputStream:75 - [STDERR_REDIRECT] 
2026-05-28 16:55:43,111 [ERROR] LogOutputStream:75 - [STDERR_REDIRECT] [Fatal Error] :1:1: Premature end of file.
2026-05-28 16:55:43,111 [ERROR] LogOutputStream:75 - [STDERR_REDIRECT] 
2026-05-28 16:55:44,114 [ERROR] LogOutputStream:75 - [STDERR_REDIRECT] [Fatal Error] :1:1: Premature end of file.
2026-05-28 16:55:44,114 [ERROR] LogOutputStream:75 - [STDERR_REDIRECT] 
2026-05-28 16:55:45,112 [ERROR] LogOutputStream:75 - [STDERR_REDIRECT] [Fatal Error] :1:1: Premature end of file.
2026-05-28 16:55:45,112 [ERROR] LogOutputStream:75 - [STDERR_REDIRECT] 
2026-05-28 16:55:46,139 [ERROR] LogOutputStream:75 - [STDERR_REDIRECT] [Fatal Error] :1:1: Premature end of file.
2026-05-28 16:55:46,139 [ERROR] LogOutputStream:75 - [STDERR_REDIRECT] 
2026-05-28 16:55:47,122 [ERROR] LogOutputStream:75 - [STDERR_REDIRECT] [Fatal Error] :1:1: Premature end of file.
2026-05-28 16:55:47,122 [ERROR] LogOutputStream:75 - [STDERR_REDIRECT] 
2026-05-28 16:55:48,113 [ERROR] LogOutputStream:75 - [STDERR_REDIRECT] [Fatal Error] :1:1: Premature end of file.
2026-05-28 16:55:48,113 [ERROR] LogOutputStream:75 - [STDERR_REDIRECT] 
2026-05-28 16:55:49,132 [ERROR] LogOutputStream:75 - [STDERR_REDIRECT] [Fatal Error] :1:1: Premature end of file.
2026-05-28 16:55:49,133 [ERROR] LogOutputStream:75 - [STDERR_REDIRECT] 
2026-05-28 16:55:50,123 [ERROR] LogOutputStream:75 - [STDERR_REDIRECT] [Fatal Error] :1:1: Premature end of file.
2026-05-28 16:55:50,124 [ERROR] LogOutputStream:75 - [STDERR_REDIRECT] 
2026-05-28 16:55:51,125 [ERROR] LogOutputStream:75 - [STDERR_REDIRECT] [Fatal Error] :1:1: Premature end of file.
2026-05-28 16:55:51,125 [ERROR] LogOutputStream:75 - [STDERR_REDIRECT] 
2026-05-28 16:55:52,116 [ERROR] LogOutputStream:75 - [STDERR_REDIRECT] [Fatal Error] :1:1: Premature end of file.
2026-05-28 16:55:52,116 [ERROR] LogOutputStream:75 - [STDERR_REDIRECT] 
2026-05-28 16:55:53,114 [ERROR] LogOutputStream:75 - [STDERR_REDIRECT] [Fatal Error] :1:1: Premature end of file.
2026-05-28 16:55:53,115 [ERROR] LogOutputStream:75 - [STDERR_REDIRECT] 
2026-05-28 16:55:54,118 [ERROR] LogOutputStream:75 - [STDERR_REDIRECT] [Fatal Error] :1:1: Premature end of file.
2026-05-28 16:55:54,118 [ERROR] LogOutputStream:75 - [STDERR_REDIRECT] 
2026-05-28 16:55:55,123 [ERROR] LogOutputStream:75 - [STDERR_REDIRECT] [Fatal Error] :1:1: Premature end of file.
2026-05-28 16:55:55,123 [ERROR] LogOutputStream:75 - [STDERR_REDIRECT] 
2026-05-28 16:55:56,123 [ERROR] LogOutputStream:75 - [STDERR_REDIRECT] [Fatal Error] :1:1: Premature end of file.
2026-05-28 16:55:56,123 [ERROR] LogOutputStream:75 - [STDERR_REDIRECT] 
2026-05-28 16:55:57,115 [ERROR] LogOutputStream:75 - [STDERR_REDIRECT] [Fatal Error] :1:1: Premature end of file.
2026-05-28 16:55:57,115 [ERROR] LogOutputStream:75 - [STDERR_REDIRECT] 
2026-05-28 16:55:58,117 [ERROR] LogOutputStream:75 - [STDERR_REDIRECT] [Fatal Error] :1:1: Premature end of file.
2026-05-28 16:55:58,117 [ERROR] LogOutputStream:75 - [STDERR_REDIRECT] 
2026-05-28 16:55:59,121 [ERROR] LogOutputStream:75 - [STDERR_REDIRECT] [Fatal Error] :1:1: Premature end of file.
2026-05-28 16:55:59,122 [ERROR] LogOutputStream:75 - [STDERR_REDIRECT] 
2026-05-28 16:56:00,123 [ERROR] LogOutputStream:75 - [STDERR_REDIRECT] [Fatal Error] :1:1: Premature end of file.
2026-05-28 16:56:00,123 [ERROR] LogOutputStream:75 - [STDERR_REDIRECT] 
2026-05-28 16:56:01,113 [ERROR] LogOutputStream:75 - [STDERR_REDIRECT] [Fatal Error] :1:1: Premature end of file.
2026-05-28 16:56:01,113 [ERROR] LogOutputStream:75 - [STDERR_REDIRECT] 
2026-05-28 16:56:02,125 [ERROR] LogOutputStream:75 - [STDERR_REDIRECT] [Fatal Error] :1:1: Premature end of file.
2026-05-28 16:56:02,126 [ERROR] LogOutputStream:75 - [STDERR_REDIRECT] 
2026-05-28 16:56:03,110 [ERROR] LogOutputStream:75 - [STDERR_REDIRECT] [Fatal Error] :1:1: Premature end of file.
2026-05-28 16:56:03,110 [ERROR] LogOutputStream:75 - [STDERR_REDIRECT] 
2026-05-28 16:56:04,116 [ERROR] LogOutputStream:75 - [STDERR_REDIRECT] [Fatal Error] :1:1: Premature end of file.
2026-05-28 16:56:04,116 [ERROR] LogOutputStream:75 - [STDERR_REDIRECT] 
2026-05-28 16:56:05,126 [ERROR] LogOutputStream:75 - [STDERR_REDIRECT] [Fatal Error] :1:1: Premature end of file.
2026-05-28 16:56:05,126 [ERROR] LogOutputStream:75 - [STDERR_REDIRECT] 
2026-05-28 16:56:06,124 [ERROR] LogOutputStream:75 - [STDERR_REDIRECT] [Fatal Error] :1:1: Premature end of file.
2026-05-28 16:56:06,125 [ERROR] LogOutputStream:75 - [STDERR_REDIRECT] 
2026-05-28 16:56:07,126 [ERROR] LogOutputStream:75 - [STDERR_REDIRECT] [Fatal Error] :1:1: Premature end of file.
2026-05-28 16:56:07,126 [ERROR] LogOutputStream:75 - [STDERR_REDIRECT] 
2026-05-28 16:56:08,115 [ERROR] LogOutputStream:75 - [STDERR_REDIRECT] [Fatal Error] :1:1: Premature end of file.
2026-05-28 16:56:08,115 [ERROR] LogOutputStream:75 - [STDERR_REDIRECT] 
2026-05-28 16:56:09,118 [ERROR] LogOutputStream:75 - [STDERR_REDIRECT] [Fatal Error] :1:1: Premature end of file.
2026-05-28 16:56:09,119 [ERROR] LogOutputStream:75 - [STDERR_REDIRECT] 
2026-05-28 16:56:10,129 [ERROR] LogOutputStream:75 - [STDERR_REDIRECT] [Fatal Error] :1:1: Premature end of file.
2026-05-28 16:56:10,129 [ERROR] LogOutputStream:75 - [STDERR_REDIRECT] 
2026-05-28 16:56:11,122 [ERROR] LogOutputStream:75 - [STDERR_REDIRECT] [Fatal Error] :1:1: Premature end of file.
2026-05-28 16:56:11,123 [ERROR] LogOutputStream:75 - [STDERR_REDIRECT] 
2026-05-28 16:56:12,115 [ERROR] LogOutputStream:75 - [STDERR_REDIRECT] [Fatal Error] :1:1: Premature end of file.
2026-05-28 16:56:12,115 [ERROR] LogOutputStream:75 - [STDERR_REDIRECT] 
2026-05-28 16:56:13,119 [ERROR] LogOutputStream:75 - [STDERR_REDIRECT] [Fatal Error] :1:1: Premature end of file.
2026-05-28 16:56:13,119 [ERROR] LogOutputStream:75 - [STDERR_REDIRECT] 
2026-05-28 16:56:14,115 [ERROR] LogOutputStream:75 - [STDERR_REDIRECT] [Fatal Error] :1:1: Premature end of file.
2026-05-28 16:56:14,116 [ERROR] LogOutputStream:75 - [STDERR_REDIRECT] 
2026-05-28 16:56:15,119 [ERROR] LogOutputStream:75 - [STDERR_REDIRECT] [Fatal Error] :1:1: Premature end of file.
2026-05-28 16:56:15,119 [ERROR] LogOutputStream:75 - [STDERR_REDIRECT] 
2026-05-28 16:56:16,124 [ERROR] LogOutputStream:75 - [STDERR_REDIRECT] [Fatal Error] :1:1: Premature end of file.
2026-05-28 16:56:16,124 [ERROR] LogOutputStream:75 - [STDERR_REDIRECT] 
2026-05-28 16:56:17,120 [ERROR] LogOutputStream:75 - [STDERR_REDIRECT] [Fatal Error] :1:1: Premature end of file.
2026-05-28 16:56:17,120 [ERROR] LogOutputStream:75 - [STDERR_REDIRECT] 
2026-05-28 16:56:18,114 [ERROR] LogOutputStream:75 - [STDERR_REDIRECT] [Fatal Error] :1:1: Premature end of file.
2026-05-28 16:56:18,114 [ERROR] LogOutputStream:75 - [STDERR_REDIRECT] 
2026-05-28 16:56:19,115 [ERROR] LogOutputStream:75 - [STDERR_REDIRECT] [Fatal Error] :1:1: Premature end of file.
2026-05-28 16:56:19,115 [ERROR] LogOutputStream:75 - [STDERR_REDIRECT] 
2026-05-28 16:56:20,118 [ERROR] LogOutputStream:75 - [STDERR_REDIRECT] [Fatal Error] :1:1: Premature end of file.
2026-05-28 16:56:20,118 [ERROR] LogOutputStream:75 - [STDERR_REDIRECT] 
2026-05-28 16:56:21,121 [ERROR] LogOutputStream:75 - [STDERR_REDIRECT] [Fatal Error] :1:1: Premature end of file.
2026-05-28 16:56:21,121 [ERROR] LogOutputStream:75 - [STDERR_REDIRECT] 
2026-05-28 16:56:22,121 [ERROR] LogOutputStream:75 - [STDERR_REDIRECT] [Fatal Error] :1:1: Premature end of file.
2026-05-28 16:56:22,121 [ERROR] LogOutputStream:75 - [STDERR_REDIRECT] 
2026-05-28 16:56:23,116 [ERROR] LogOutputStream:75 - [STDERR_REDIRECT] [Fatal Error] :1:1: Premature end of file.
2026-05-28 16:56:23,117 [ERROR] LogOutputStream:75 - [STDERR_REDIRECT] 
2026-05-28 16:56:24,115 [ERROR] LogOutputStream:75 - [STDERR_REDIRECT] [Fatal Error] :1:1: Premature end of file.
2026-05-28 16:56:24,115 [ERROR] LogOutputStream:75 - [STDERR_REDIRECT] 
2026-05-28 16:56:25,126 [ERROR] LogOutputStream:75 - [STDERR_REDIRECT] [Fatal Error] :1:1: Premature end of file.
2026-05-28 16:56:25,126 [ERROR] LogOutputStream:75 - [STDERR_REDIRECT] 
2026-05-28 16:56:26,121 [ERROR] LogOutputStream:75 - [STDERR_REDIRECT] [Fatal Error] :1:1: Premature end of file.
2026-05-28 16:56:26,121 [ERROR] LogOutputStream:75 - [STDERR_REDIRECT] 
2026-05-28 16:56:27,121 [ERROR] LogOutputStream:75 - [STDERR_REDIRECT] [Fatal Error] :1:1: Premature end of file.
2026-05-28 16:56:27,121 [ERROR] LogOutputStream:75 - [STDERR_REDIRECT] 
2026-05-28 16:56:28,121 [ERROR] LogOutputStream:75 - [STDERR_REDIRECT] [Fatal Error] :1:1: Premature end of file.
2026-05-28 16:56:28,121 [ERROR] LogOutputStream:75 - [STDERR_REDIRECT] 
2026-05-28 16:56:29,120 [ERROR] LogOutputStream:75 - [STDERR_REDIRECT] [Fatal Error] :1:1: Premature end of file.
2026-05-28 16:56:29,121 [ERROR] LogOutputStream:75 - [STDERR_REDIRECT] 
2026-05-28 16:56:30,118 [ERROR] LogOutputStream:75 - [STDERR_REDIRECT] [Fatal Error] :1:1: Premature end of file.
2026-05-28 16:56:30,118 [ERROR] LogOutputStream:75 - [STDERR_REDIRECT] 
2026-05-28 16:56:31,116 [ERROR] LogOutputStream:75 - [STDERR_REDIRECT] [Fatal Error] :1:1: Premature end of file.
2026-05-28 16:56:31,116 [ERROR] LogOutputStream:75 - [STDERR_REDIRECT] 
2026-05-28 16:56:32,113 [ERROR] LogOutputStream:75 - [STDERR_REDIRECT] [Fatal Error] :1:1: Premature end of file.
2026-05-28 16:56:32,114 [ERROR] LogOutputStream:75 - [STDERR_REDIRECT] 
2026-05-28 16:56:33,134 [ERROR] LogOutputStream:75 - [STDERR_REDIRECT] [Fatal Error] :1:1: Premature end of file.
2026-05-28 16:56:33,135 [ERROR] LogOutputStream:75 - [STDERR_REDIRECT] 
2026-05-28 16:56:34,128 [ERROR] LogOutputStream:75 - [STDERR_REDIRECT] [Fatal Error] :1:1: Premature end of file.
2026-05-28 16:56:34,128 [ERROR] LogOutputStream:75 - [STDERR_REDIRECT] 
2026-05-28 16:56:35,125 [ERROR] LogOutputStream:75 - [STDERR_REDIRECT] [Fatal Error] :1:1: Premature end of file.
2026-05-28 16:56:35,126 [ERROR] LogOutputStream:75 - [STDERR_REDIRECT] 
2026-05-28 16:56:36,131 [ERROR] LogOutputStream:75 - [STDERR_REDIRECT] [Fatal Error] :1:1: Premature end of file.
2026-05-28 16:56:36,131 [ERROR] LogOutputStream:75 - [STDERR_REDIRECT] 
2026-05-28 16:56:37,123 [ERROR] LogOutputStream:75 - [STDERR_REDIRECT] [Fatal Error] :1:1: Premature end of file.
2026-05-28 16:56:37,124 [ERROR] LogOutputStream:75 - [STDERR_REDIRECT] 
2026-05-28 16:56:38,122 [ERROR] LogOutputStream:75 - [STDERR_REDIRECT] [Fatal Error] :1:1: Premature end of file.
2026-05-28 16:56:38,122 [ERROR] LogOutputStream:75 - [STDERR_REDIRECT] 
2026-05-28 16:56:39,130 [ERROR] LogOutputStream:75 - [STDERR_REDIRECT] [Fatal Error] :1:1: Premature end of file.
2026-05-28 16:56:39,130 [ERROR] LogOutputStream:75 - [STDERR_REDIRECT] 
2026-05-28 16:56:40,128 [ERROR] LogOutputStream:75 - [STDERR_REDIRECT] [Fatal Error] :1:1: Premature end of file.
2026-05-28 16:56:40,129 [ERROR] LogOutputStream:75 - [STDERR_REDIRECT] 
2026-05-28 16:56:41,127 [ERROR] LogOutputStream:75 - [STDERR_REDIRECT] [Fatal Error] :1:1: Premature end of file.
2026-05-28 16:56:41,127 [ERROR] LogOutputStream:75 - [STDERR_REDIRECT] 
2026-05-28 16:56:42,126 [ERROR] LogOutputStream:75 - [STDERR_REDIRECT] [Fatal Error] :1:1: Premature end of file.
2026-05-28 16:56:42,127 [ERROR] LogOutputStream:75 - [STDERR_REDIRECT] 
2026-05-28 16:56:43,129 [ERROR] LogOutputStream:75 - [STDERR_REDIRECT] [Fatal Error] :1:1: Premature end of file.
2026-05-28 16:56:43,129 [ERROR] LogOutputStream:75 - [STDERR_REDIRECT] 
2026-05-28 16:56:44,114 [ERROR] LogOutputStream:75 - [STDERR_REDIRECT] [Fatal Error] :1:1: Premature end of file.
2026-05-28 16:56:44,114 [ERROR] LogOutputStream:75 - [STDERR_REDIRECT] 
2026-05-28 16:56:45,120 [ERROR] LogOutputStream:75 - [STDERR_REDIRECT] [Fatal Error] :1:1: Premature end of file.
2026-05-28 16:56:45,120 [ERROR] LogOutputStream:75 - [STDERR_REDIRECT] 
2026-05-28 16:56:46,145 [ERROR] LogOutputStream:75 - [STDERR_REDIRECT] [Fatal Error] :1:1: Premature end of file.
2026-05-28 16:56:46,145 [ERROR] LogOutputStream:75 - [STDERR_REDIRECT] 
2026-05-28 16:56:47,109 [ERROR] LogOutputStream:75 - [STDERR_REDIRECT] [Fatal Error] :1:1: Premature end of file.
2026-05-28 16:56:47,110 [ERROR] LogOutputStream:75 - [STDERR_REDIRECT] 
2026-05-28 16:56:48,116 [ERROR] LogOutputStream:75 - [STDERR_REDIRECT] [Fatal Error] :1:1: Premature end of file.
2026-05-28 16:56:48,116 [ERROR] LogOutputStream:75 - [STDERR_REDIRECT] 
2026-05-28 16:56:49,129 [ERROR] LogOutputStream:75 - [STDERR_REDIRECT] [Fatal Error] :1:1: Premature end of file.
2026-05-28 16:56:49,129 [ERROR] LogOutputStream:75 - [STDERR_REDIRECT] 
2026-05-28 16:56:50,128 [ERROR] LogOutputStream:75 - [STDERR_REDIRECT] [Fatal Error] :1:1: Premature end of file.
2026-05-28 16:56:50,128 [ERROR] LogOutputStream:75 - [STDERR_REDIRECT] 
2026-05-28 16:56:51,121 [ERROR] LogOutputStream:75 - [STDERR_REDIRECT] [Fatal Error] :1:1: Premature end of file.
2026-05-28 16:56:51,121 [ERROR] LogOutputStream:75 - [STDERR_REDIRECT] 
2026-05-28 16:56:52,128 [ERROR] LogOutputStream:75 - [STDERR_REDIRECT] [Fatal Error] :1:1: Premature end of file.
2026-05-28 16:56:52,129 [ERROR] LogOutputStream:75 - [STDERR_REDIRECT] 
2026-05-28 16:56:53,116 [ERROR] LogOutputStream:75 - [STDERR_REDIRECT] [Fatal Error] :1:1: Premature end of file.
2026-05-28 16:56:53,116 [ERROR] LogOutputStream:75 - [STDERR_REDIRECT] 
2026-05-28 16:56:54,120 [ERROR] LogOutputStream:75 - [STDERR_REDIRECT] [Fatal Error] :1:1: Premature end of file.
2026-05-28 16:56:54,120 [ERROR] LogOutputStream:75 - [STDERR_REDIRECT] 
2026-05-28 16:56:55,128 [ERROR] LogOutputStream:75 - [STDERR_REDIRECT] [Fatal Error] :1:1: Premature end of file.
2026-05-28 16:56:55,128 [ERROR] LogOutputStream:75 - [STDERR_REDIRECT] 
2026-05-28 16:56:56,117 [ERROR] LogOutputStream:75 - [STDERR_REDIRECT] [Fatal Error] :1:1: Premature end of file.
2026-05-28 16:56:56,117 [ERROR] LogOutputStream:75 - [STDERR_REDIRECT] 
2026-05-28 16:56:57,122 [ERROR] LogOutputStream:75 - [STDERR_REDIRECT] [Fatal Error] :1:1: Premature end of file.
2026-05-28 16:56:57,123 [ERROR] LogOutputStream:75 - [STDERR_REDIRECT] 
2026-05-28 16:56:58,107 [ERROR] LogOutputStream:75 - [STDERR_REDIRECT] [Fatal Error] :1:1: Premature end of file.
2026-05-28 16:56:58,107 [ERROR] LogOutputStream:75 - [STDERR_REDIRECT] 
2026-05-28 16:56:59,122 [ERROR] LogOutputStream:75 - [STDERR_REDIRECT] [Fatal Error] :1:1: Premature end of file.
2026-05-28 16:56:59,122 [ERROR] LogOutputStream:75 - [STDERR_REDIRECT] 
2026-05-28 16:57:00,118 [ERROR] LogOutputStream:75 - [STDERR_REDIRECT] [Fatal Error] :1:1: Premature end of file.
2026-05-28 16:57:00,118 [ERROR] LogOutputStream:75 - [STDERR_REDIRECT] 
2026-05-28 16:57:01,126 [ERROR] LogOutputStream:75 - [STDERR_REDIRECT] [Fatal Error] :1:1: Premature end of file.
2026-05-28 16:57:01,128 [ERROR] LogOutputStream:75 - [STDERR_REDIRECT] 
2026-05-28 16:57:02,119 [ERROR] LogOutputStream:75 - [STDERR_REDIRECT] [Fatal Error] :1:1: Premature end of file.
2026-05-28 16:57:02,119 [ERROR] LogOutputStream:75 - [STDERR_REDIRECT] 
2026-05-28 16:57:03,115 [ERROR] LogOutputStream:75 - [STDERR_REDIRECT] [Fatal Error] :1:1: Premature end of file.
2026-05-28 16:57:03,115 [ERROR] LogOutputStream:75 - [STDERR_REDIRECT] 
2026-05-28 16:57:04,120 [ERROR] LogOutputStream:75 - [STDERR_REDIRECT] [Fatal Error] :1:1: Premature end of file.
2026-05-28 16:57:04,120 [ERROR] LogOutputStream:75 - [STDERR_REDIRECT] 
2026-05-28 16:57:05,126 [ERROR] LogOutputStream:75 - [STDERR_REDIRECT] [Fatal Error] :1:1: Premature end of file.
2026-05-28 16:57:05,126 [ERROR] LogOutputStream:75 - [STDERR_REDIRECT] 
2026-05-28 16:57:06,115 [ERROR] LogOutputStream:75 - [STDERR_REDIRECT] [Fatal Error] :1:1: Premature end of file.
2026-05-28 16:57:06,115 [ERROR] LogOutputStream:75 - [STDERR_REDIRECT] 
2026-05-28 16:57:07,126 [ERROR] LogOutputStream:75 - [STDERR_REDIRECT] [Fatal Error] :1:1: Premature end of file.
2026-05-28 16:57:07,126 [ERROR] LogOutputStream:75 - [STDERR_REDIRECT] 
2026-05-28 16:57:08,124 [ERROR] LogOutputStream:75 - [STDERR_REDIRECT] [Fatal Error] :1:1: Premature end of file.
2026-05-28 16:57:08,124 [ERROR] LogOutputStream:75 - [STDERR_REDIRECT] 
2026-05-28 16:57:09,116 [ERROR] LogOutputStream:75 - [STDERR_REDIRECT] [Fatal Error] :1:1: Premature end of file.
2026-05-28 16:57:09,116 [ERROR] LogOutputStream:75 - [STDERR_REDIRECT] 
2026-05-28 16:57:10,113 [ERROR] LogOutputStream:75 - [STDERR_REDIRECT] [Fatal Error] :1:1: Premature end of file.
2026-05-28 16:57:10,113 [ERROR] LogOutputStream:75 - [STDERR_REDIRECT] 
2026-05-28 16:57:11,130 [ERROR] LogOutputStream:75 - [STDERR_REDIRECT] [Fatal Error] :1:1: Premature end of file.
2026-05-28 16:57:11,130 [ERROR] LogOutputStream:75 - [STDERR_REDIRECT] 
2026-05-28 16:57:12,126 [ERROR] LogOutputStream:75 - [STDERR_REDIRECT] [Fatal Error] :1:1: Premature end of file.
2026-05-28 16:57:12,127 [ERROR] LogOutputStream:75 - [STDERR_REDIRECT] 
2026-05-28 16:57:13,125 [ERROR] LogOutputStream:75 - [STDERR_REDIRECT] [Fatal Error] :1:1: Premature end of file.
2026-05-28 16:57:13,126 [ERROR] LogOutputStream:75 - [STDERR_REDIRECT] 
2026-05-28 16:57:14,121 [ERROR] LogOutputStream:75 - [STDERR_REDIRECT] [Fatal Error] :1:1: Premature end of file.
2026-05-28 16:57:14,121 [ERROR] LogOutputStream:75 - [STDERR_REDIRECT] 
2026-05-28 16:57:15,120 [ERROR] LogOutputStream:75 - [STDERR_REDIRECT] [Fatal Error] :1:1: Premature end of file.
2026-05-28 16:57:15,120 [ERROR] LogOutputStream:75 - [STDERR_REDIRECT] 
2026-05-28 16:57:16,120 [ERROR] LogOutputStream:75 - [STDERR_REDIRECT] [Fatal Error] :1:1: Premature end of file.
2026-05-28 16:57:16,120 [ERROR] LogOutputStream:75 - [STDERR_REDIRECT] 
2026-05-28 16:57:17,120 [ERROR] LogOutputStream:75 - [STDERR_REDIRECT] [Fatal Error] :1:1: Premature end of file.
2026-05-28 16:57:17,120 [ERROR] LogOutputStream:75 - [STDERR_REDIRECT] 
2026-05-28 16:57:18,123 [ERROR] LogOutputStream:75 - [STDERR_REDIRECT] [Fatal Error] :1:1: Premature end of file.
2026-05-28 16:57:18,124 [ERROR] LogOutputStream:75 - [STDERR_REDIRECT] 
2026-05-28 16:57:19,120 [ERROR] LogOutputStream:75 - [STDERR_REDIRECT] [Fatal Error] :1:1: Premature end of file.
2026-05-28 16:57:19,121 [ERROR] LogOutputStream:75 - [STDERR_REDIRECT] 
2026-05-28 16:57:20,117 [ERROR] LogOutputStream:75 - [STDERR_REDIRECT] [Fatal Error] :1:1: Premature end of file.
2026-05-28 16:57:20,117 [ERROR] LogOutputStream:75 - [STDERR_REDIRECT] 
2026-05-28 16:57:21,129 [ERROR] LogOutputStream:75 - [STDERR_REDIRECT] [Fatal Error] :1:1: Premature end of file.
2026-05-28 16:57:21,129 [ERROR] LogOutputStream:75 - [STDERR_REDIRECT] 
2026-05-28 16:57:22,116 [ERROR] LogOutputStream:75 - [STDERR_REDIRECT] [Fatal Error] :1:1: Premature end of file.
2026-05-28 16:57:22,116 [ERROR] LogOutputStream:75 - [STDERR_REDIRECT] 
2026-05-28 16:57:23,116 [ERROR] LogOutputStream:75 - [STDERR_REDIRECT] [Fatal Error] :1:1: Premature end of file.
2026-05-28 16:57:23,116 [ERROR] LogOutputStream:75 - [STDERR_REDIRECT] 
2026-05-28 16:57:24,113 [ERROR] LogOutputStream:75 - [STDERR_REDIRECT] [Fatal Error] :1:1: Premature end of file.
2026-05-28 16:57:24,114 [ERROR] LogOutputStream:75 - [STDERR_REDIRECT] 
2026-05-28 16:57:25,111 [ERROR] LogOutputStream:75 - [STDERR_REDIRECT] [Fatal Error] :1:1: Premature end of file.
2026-05-28 16:57:25,111 [ERROR] LogOutputStream:75 - [STDERR_REDIRECT] 
2026-05-28 16:57:26,121 [ERROR] LogOutputStream:75 - [STDERR_REDIRECT] [Fatal Error] :1:1: Premature end of file.
2026-05-28 16:57:26,121 [ERROR] LogOutputStream:75 - [STDERR_REDIRECT] 
2026-05-28 16:57:27,118 [ERROR] LogOutputStream:75 - [STDERR_REDIRECT] [Fatal Error] :1:1: Premature end of file.
2026-05-28 16:57:27,118 [ERROR] LogOutputStream:75 - [STDERR_REDIRECT] 
2026-05-28 16:57:28,115 [ERROR] LogOutputStream:75 - [STDERR_REDIRECT] [Fatal Error] :1:1: Premature end of file.
2026-05-28 16:57:28,115 [ERROR] LogOutputStream:75 - [STDERR_REDIRECT] 
2026-05-28 16:57:29,125 [ERROR] LogOutputStream:75 - [STDERR_REDIRECT] [Fatal Error] :1:1: Premature end of file.
2026-05-28 16:57:29,126 [ERROR] LogOutputStream:75 - [STDERR_REDIRECT] 
2026-05-28 16:57:30,133 [ERROR] LogOutputStream:75 - [STDERR_REDIRECT] [Fatal Error] :1:1: Premature end of file.
2026-05-28 16:57:30,133 [ERROR] LogOutputStream:75 - [STDERR_REDIRECT] 
2026-05-28 16:57:31,127 [ERROR] LogOutputStream:75 - [STDERR_REDIRECT] [Fatal Error] :1:1: Premature end of file.
2026-05-28 16:57:31,127 [ERROR] LogOutputStream:75 - [STDERR_REDIRECT] 
2026-05-28 16:57:32,122 [ERROR] LogOutputStream:75 - [STDERR_REDIRECT] [Fatal Error] :1:1: Premature end of file.
2026-05-28 16:57:32,122 [ERROR] LogOutputStream:75 - [STDERR_REDIRECT] 
2026-05-28 16:57:33,118 [ERROR] LogOutputStream:75 - [STDERR_REDIRECT] [Fatal Error] :1:1: Premature end of file.
2026-05-28 16:57:33,119 [ERROR] LogOutputStream:75 - [STDERR_REDIRECT] 
2026-05-28 16:57:34,115 [ERROR] LogOutputStream:75 - [STDERR_REDIRECT] [Fatal Error] :1:1: Premature end of file.
2026-05-28 16:57:34,115 [ERROR] LogOutputStream:75 - [STDERR_REDIRECT] 
2026-05-28 16:57:35,111 [ERROR] LogOutputStream:75 - [STDERR_REDIRECT] [Fatal Error] :1:1: Premature end of file.
2026-05-28 16:57:35,111 [ERROR] LogOutputStream:75 - [STDERR_REDIRECT] 
2026-05-28 16:57:36,121 [ERROR] LogOutputStream:75 - [STDERR_REDIRECT] [Fatal Error] :1:1: Premature end of file.
2026-05-28 16:57:36,121 [ERROR] LogOutputStream:75 - [STDERR_REDIRECT] 
2026-05-28 16:57:37,117 [ERROR] LogOutputStream:75 - [STDERR_REDIRECT] [Fatal Error] :1:1: Premature end of file.
2026-05-28 16:57:37,117 [ERROR] LogOutputStream:75 - [STDERR_REDIRECT] 
2026-05-28 16:57:38,124 [ERROR] LogOutputStream:75 - [STDERR_REDIRECT] [Fatal Error] :1:1: Premature end of file.
2026-05-28 16:57:38,124 [ERROR] LogOutputStream:75 - [STDERR_REDIRECT] 
2026-05-28 16:57:39,123 [ERROR] LogOutputStream:75 - [STDERR_REDIRECT] [Fatal Error] :1:1: Premature end of file.
2026-05-28 16:57:39,124 [ERROR] LogOutputStream:75 - [STDERR_REDIRECT] 
2026-05-28 16:57:40,119 [ERROR] LogOutputStream:75 - [STDERR_REDIRECT] [Fatal Error] :1:1: Premature end of file.
2026-05-28 16:57:40,119 [ERROR] LogOutputStream:75 - [STDERR_REDIRECT] 
2026-05-28 16:57:41,124 [ERROR] LogOutputStream:75 - [STDERR_REDIRECT] [Fatal Error] :1:1: Premature end of file.
2026-05-28 16:57:41,124 [ERROR] LogOutputStream:75 - [STDERR_REDIRECT] 
2026-05-28 16:57:42,126 [ERROR] LogOutputStream:75 - [STDERR_REDIRECT] [Fatal Error] :1:1: Premature end of file.
2026-05-28 16:57:42,126 [ERROR] LogOutputStream:75 - [STDERR_REDIRECT] 
2026-05-28 16:57:43,126 [ERROR] LogOutputStream:75 - [STDERR_REDIRECT] [Fatal Error] :1:1: Premature end of file.
2026-05-28 16:57:43,126 [ERROR] LogOutputStream:75 - [STDERR_REDIRECT] 
2026-05-28 16:57:44,118 [ERROR] LogOutputStream:75 - [STDERR_REDIRECT] [Fatal Error] :1:1: Premature end of file.
2026-05-28 16:57:44,118 [ERROR] LogOutputStream:75 - [STDERR_REDIRECT] 
2026-05-28 16:57:45,115 [ERROR] LogOutputStream:75 - [STDERR_REDIRECT] [Fatal Error] :1:1: Premature end of file.
2026-05-28 16:57:45,115 [ERROR] LogOutputStream:75 - [STDERR_REDIRECT] 
2026-05-28 16:57:46,115 [ERROR] LogOutputStream:75 - [STDERR_REDIRECT] [Fatal Error] :1:1: Premature end of file.
2026-05-28 16:57:46,115 [ERROR] LogOutputStream:75 - [STDERR_REDIRECT] 
2026-05-28 16:57:47,127 [ERROR] LogOutputStream:75 - [STDERR_REDIRECT] [Fatal Error] :1:1: Premature end of file.
2026-05-28 16:57:47,127 [ERROR] LogOutputStream:75 - [STDERR_REDIRECT] 
2026-05-28 16:57:48,115 [ERROR] LogOutputStream:75 - [STDERR_REDIRECT] [Fatal Error] :1:1: Premature end of file.
2026-05-28 16:57:48,115 [ERROR] LogOutputStream:75 - [STDERR_REDIRECT] 
2026-05-28 16:57:49,126 [ERROR] LogOutputStream:75 - [STDERR_REDIRECT] [Fatal Error] :1:1: Premature end of file.
2026-05-28 16:57:49,126 [ERROR] LogOutputStream:75 - [STDERR_REDIRECT] 
2026-05-28 16:57:50,122 [ERROR] LogOutputStream:75 - [STDERR_REDIRECT] [Fatal Error] :1:1: Premature end of file.
2026-05-28 16:57:50,122 [ERROR] LogOutputStream:75 - [STDERR_REDIRECT] 
2026-05-28 16:57:51,120 [ERROR] LogOutputStream:75 - [STDERR_REDIRECT] [Fatal Error] :1:1: Premature end of file.
2026-05-28 16:57:51,120 [ERROR] LogOutputStream:75 - [STDERR_REDIRECT] 
2026-05-28 16:57:52,145 [ERROR] LogOutputStream:75 - [STDERR_REDIRECT] [Fatal Error] :1:1: Premature end of file.
2026-05-28 16:57:52,145 [ERROR] LogOutputStream:75 - [STDERR_REDIRECT] 
2026-05-28 16:57:53,126 [ERROR] LogOutputStream:75 - [STDERR_REDIRECT] [Fatal Error] :1:1: Premature end of file.
2026-05-28 16:57:53,126 [ERROR] LogOutputStream:75 - [STDERR_REDIRECT] 
2026-05-28 16:57:54,115 [ERROR] LogOutputStream:75 - [STDERR_REDIRECT] [Fatal Error] :1:1: Premature end of file.
2026-05-28 16:57:54,115 [ERROR] LogOutputStream:75 - [STDERR_REDIRECT] 
2026-05-28 16:57:55,120 [ERROR] LogOutputStream:75 - [STDERR_REDIRECT] [Fatal Error] :1:1: Premature end of file.
2026-05-28 16:57:55,120 [ERROR] LogOutputStream:75 - [STDERR_REDIRECT] 
2026-05-28 16:57:56,116 [ERROR] LogOutputStream:75 - [STDERR_REDIRECT] [Fatal Error] :1:1: Premature end of file.
2026-05-28 16:57:56,117 [ERROR] LogOutputStream:75 - [STDERR_REDIRECT] 
2026-05-28 16:57:57,126 [ERROR] LogOutputStream:75 - [STDERR_REDIRECT] [Fatal Error] :1:1: Premature end of file.
2026-05-28 16:57:57,126 [ERROR] LogOutputStream:75 - [STDERR_REDIRECT] 
2026-05-28 16:57:58,124 [ERROR] LogOutputStream:75 - [STDERR_REDIRECT] [Fatal Error] :1:1: Premature end of file.
2026-05-28 16:57:58,124 [ERROR] LogOutputStream:75 - [STDERR_REDIRECT] 
2026-05-28 16:57:59,120 [ERROR] LogOutputStream:75 - [STDERR_REDIRECT] [Fatal Error] :1:1: Premature end of file.
2026-05-28 16:57:59,121 [ERROR] LogOutputStream:75 - [STDERR_REDIRECT] 
2026-05-28 16:58:00,118 [ERROR] LogOutputStream:75 - [STDERR_REDIRECT] [Fatal Error] :1:1: Premature end of file.
2026-05-28 16:58:00,118 [ERROR] LogOutputStream:75 - [STDERR_REDIRECT] 
2026-05-28 16:58:01,115 [ERROR] LogOutputStream:75 - [STDERR_REDIRECT] [Fatal Error] :1:1: Premature end of file.
2026-05-28 16:58:01,115 [ERROR] LogOutputStream:75 - [STDERR_REDIRECT] 
2026-05-28 16:58:02,121 [ERROR] LogOutputStream:75 - [STDERR_REDIRECT] [Fatal Error] :1:1: Premature end of file.
2026-05-28 16:58:02,121 [ERROR] LogOutputStream:75 - [STDERR_REDIRECT] 
2026-05-28 16:58:03,113 [ERROR] LogOutputStream:75 - [STDERR_REDIRECT] [Fatal Error] :1:1: Premature end of file.
2026-05-28 16:58:03,114 [ERROR] LogOutputStream:75 - [STDERR_REDIRECT] 
2026-05-28 16:58:04,115 [ERROR] LogOutputStream:75 - [STDERR_REDIRECT] [Fatal Error] :1:1: Premature end of file.
2026-05-28 16:58:04,116 [ERROR] LogOutputStream:75 - [STDERR_REDIRECT] 
2026-05-28 16:58:05,113 [ERROR] LogOutputStream:75 - [STDERR_REDIRECT] [Fatal Error] :1:1: Premature end of file.
2026-05-28 16:58:05,113 [ERROR] LogOutputStream:75 - [STDERR_REDIRECT] 
2026-05-28 16:58:06,113 [ERROR] LogOutputStream:75 - [STDERR_REDIRECT] [Fatal Error] :1:1: Premature end of file.
2026-05-28 16:58:06,113 [ERROR] LogOutputStream:75 - [STDERR_REDIRECT] 
2026-05-28 16:58:07,116 [ERROR] LogOutputStream:75 - [STDERR_REDIRECT] [Fatal Error] :1:1: Premature end of file.
2026-05-28 16:58:07,116 [ERROR] LogOutputStream:75 - [STDERR_REDIRECT] 
2026-05-28 16:58:08,118 [ERROR] LogOutputStream:75 - [STDERR_REDIRECT] [Fatal Error] :1:1: Premature end of file.
2026-05-28 16:58:08,118 [ERROR] LogOutputStream:75 - [STDERR_REDIRECT] 
2026-05-28 16:58:09,111 [ERROR] LogOutputStream:75 - [STDERR_REDIRECT] [Fatal Error] :1:1: Premature end of file.
2026-05-28 16:58:09,111 [ERROR] LogOutputStream:75 - [STDERR_REDIRECT] 
2026-05-28 16:58:10,126 [ERROR] LogOutputStream:75 - [STDERR_REDIRECT] [Fatal Error] :1:1: Premature end of file.
2026-05-28 16:58:10,127 [ERROR] LogOutputStream:75 - [STDERR_REDIRECT] 
2026-05-28 16:58:11,119 [ERROR] LogOutputStream:75 - [STDERR_REDIRECT] [Fatal Error] :1:1: Premature end of file.
2026-05-28 16:58:11,120 [ERROR] LogOutputStream:75 - [STDERR_REDIRECT] 
2026-05-28 16:58:12,117 [ERROR] LogOutputStream:75 - [STDERR_REDIRECT] [Fatal Error] :1:1: Premature end of file.
2026-05-28 16:58:12,117 [ERROR] LogOutputStream:75 - [STDERR_REDIRECT] 
2026-05-28 16:58:13,126 [ERROR] LogOutputStream:75 - [STDERR_REDIRECT] [Fatal Error] :1:1: Premature end of file.
2026-05-28 16:58:13,126 [ERROR] LogOutputStream:75 - [STDERR_REDIRECT] 
2026-05-28 16:58:14,121 [ERROR] LogOutputStream:75 - [STDERR_REDIRECT] [Fatal Error] :1:1: Premature end of file.
2026-05-28 16:58:14,121 [ERROR] LogOutputStream:75 - [STDERR_REDIRECT] 
2026-05-28 16:58:15,125 [ERROR] LogOutputStream:75 - [STDERR_REDIRECT] [Fatal Error] :1:1: Premature end of file.
2026-05-28 16:58:15,125 [ERROR] LogOutputStream:75 - [STDERR_REDIRECT] 
2026-05-28 16:58:16,127 [ERROR] LogOutputStream:75 - [STDERR_REDIRECT] [Fatal Error] :1:1: Premature end of file.
2026-05-28 16:58:16,127 [ERROR] LogOutputStream:75 - [STDERR_REDIRECT] 
2026-05-28 16:58:17,115 [ERROR] LogOutputStream:75 - [STDERR_REDIRECT] [Fatal Error] :1:1: Premature end of file.
2026-05-28 16:58:17,116 [ERROR] LogOutputStream:75 - [STDERR_REDIRECT] 
2026-05-28 16:58:18,122 [ERROR] LogOutputStream:75 - [STDERR_REDIRECT] [Fatal Error] :1:1: Premature end of file.
2026-05-28 16:58:18,122 [ERROR] LogOutputStream:75 - [STDERR_REDIRECT] 
2026-05-28 16:58:19,115 [ERROR] LogOutputStream:75 - [STDERR_REDIRECT] [Fatal Error] :1:1: Premature end of file.
2026-05-28 16:58:19,115 [ERROR] LogOutputStream:75 - [STDERR_REDIRECT] 
2026-05-28 16:58:20,119 [ERROR] LogOutputStream:75 - [STDERR_REDIRECT] [Fatal Error] :1:1: Premature end of file.
2026-05-28 16:58:20,120 [ERROR] LogOutputStream:75 - [STDERR_REDIRECT] 
2026-05-28 16:58:21,112 [ERROR] LogOutputStream:75 - [STDERR_REDIRECT] [Fatal Error] :1:1: Premature end of file.
2026-05-28 16:58:21,112 [ERROR] LogOutputStream:75 - [STDERR_REDIRECT] 
2026-05-28 16:58:22,115 [ERROR] LogOutputStream:75 - [STDERR_REDIRECT] [Fatal Error] :1:1: Premature end of file.
2026-05-28 16:58:22,115 [ERROR] LogOutputStream:75 - [STDERR_REDIRECT] 
2026-05-28 16:58:23,127 [ERROR] LogOutputStream:75 - [STDERR_REDIRECT] [Fatal Error] :1:1: Premature end of file.
2026-05-28 16:58:23,127 [ERROR] LogOutputStream:75 - [STDERR_REDIRECT] 
2026-05-28 16:58:24,194 [ERROR] LogOutputStream:75 - [STDERR_REDIRECT] [Fatal Error] :1:1: Premature end of file.
2026-05-28 16:58:24,194 [ERROR] LogOutputStream:75 - [STDERR_REDIRECT] 
2026-05-28 16:58:25,148 [ERROR] LogOutputStream:75 - [STDERR_REDIRECT] [Fatal Error] :1:1: Premature end of file.
2026-05-28 16:58:25,148 [ERROR] LogOutputStream:75 - [STDERR_REDIRECT] 
2026-05-28 16:58:26,120 [ERROR] LogOutputStream:75 - [STDERR_REDIRECT] [Fatal Error] :1:1: Premature end of file.
2026-05-28 16:58:26,120 [ERROR] LogOutputStream:75 - [STDERR_REDIRECT] 
2026-05-28 16:58:27,120 [ERROR] LogOutputStream:75 - [STDERR_REDIRECT] [Fatal Error] :1:1: Premature end of file.
2026-05-28 16:58:27,120 [ERROR] LogOutputStream:75 - [STDERR_REDIRECT] 
2026-05-28 16:58:28,122 [ERROR] LogOutputStream:75 - [STDERR_REDIRECT] [Fatal Error] :1:1: Premature end of file.
2026-05-28 16:58:28,122 [ERROR] LogOutputStream:75 - [STDERR_REDIRECT] 
2026-05-28 16:58:29,115 [ERROR] LogOutputStream:75 - [STDERR_REDIRECT] [Fatal Error] :1:1: Premature end of file.
2026-05-28 16:58:29,116 [ERROR] LogOutputStream:75 - [STDERR_REDIRECT] 
2026-05-28 16:58:30,127 [ERROR] LogOutputStream:75 - [STDERR_REDIRECT] [Fatal Error] :1:1: Premature end of file.
2026-05-28 16:58:30,127 [ERROR] LogOutputStream:75 - [STDERR_REDIRECT] 
2026-05-28 16:58:31,116 [ERROR] LogOutputStream:75 - [STDERR_REDIRECT] [Fatal Error] :1:1: Premature end of file.
2026-05-28 16:58:31,117 [ERROR] LogOutputStream:75 - [STDERR_REDIRECT] 
2026-05-28 16:58:32,103 [ERROR] LogOutputStream:75 - [STDERR_REDIRECT] [Fatal Error] :1:1: Premature end of file.
2026-05-28 16:58:32,103 [ERROR] LogOutputStream:75 - [STDERR_REDIRECT] 
2026-05-28 16:58:33,105 [ERROR] LogOutputStream:75 - [STDERR_REDIRECT] [Fatal Error] :1:1: Premature end of file.
2026-05-28 16:58:33,105 [ERROR] LogOutputStream:75 - [STDERR_REDIRECT] 
2026-05-28 16:58:34,135 [ERROR] LogOutputStream:75 - [STDERR_REDIRECT] [Fatal Error] :1:1: Premature end of file.
2026-05-28 16:58:34,135 [ERROR] LogOutputStream:75 - [STDERR_REDIRECT] 
2026-05-28 16:58:35,115 [ERROR] LogOutputStream:75 - [STDERR_REDIRECT] [Fatal Error] :1:1: Premature end of file.
2026-05-28 16:58:35,115 [ERROR] LogOutputStream:75 - [STDERR_REDIRECT] 
2026-05-28 16:58:36,112 [ERROR] LogOutputStream:75 - [STDERR_REDIRECT] [Fatal Error] :1:1: Premature end of file.
2026-05-28 16:58:36,112 [ERROR] LogOutputStream:75 - [STDERR_REDIRECT] 
2026-05-28 16:58:37,157 [ERROR] LogOutputStream:75 - [STDERR_REDIRECT] [Fatal Error] :1:1: Premature end of file.
2026-05-28 16:58:37,157 [ERROR] LogOutputStream:75 - [STDERR_REDIRECT] 
2026-05-28 16:58:38,106 [ERROR] LogOutputStream:75 - [STDERR_REDIRECT] [Fatal Error] :1:1: Premature end of file.
2026-05-28 16:58:38,106 [ERROR] LogOutputStream:75 - [STDERR_REDIRECT] 
2026-05-28 16:58:39,110 [ERROR] LogOutputStream:75 - [STDERR_REDIRECT] [Fatal Error] :1:1: Premature end of file.
2026-05-28 16:58:39,110 [ERROR] LogOutputStream:75 - [STDERR_REDIRECT] 
2026-05-28 16:58:40,111 [ERROR] LogOutputStream:75 - [STDERR_REDIRECT] [Fatal Error] :1:1: Premature end of file.
2026-05-28 16:58:40,111 [ERROR] LogOutputStream:75 - [STDERR_REDIRECT] 
2026-05-28 16:58:41,110 [ERROR] LogOutputStream:75 - [STDERR_REDIRECT] [Fatal Error] :1:1: Premature end of file.
2026-05-28 16:58:41,110 [ERROR] LogOutputStream:75 - [STDERR_REDIRECT] 
2026-05-28 16:58:42,137 [ERROR] LogOutputStream:75 - [STDERR_REDIRECT] [Fatal Error] :1:1: Premature end of file.
2026-05-28 16:58:42,137 [ERROR] LogOutputStream:75 - [STDERR_REDIRECT] 
2026-05-28 16:58:43,102 [ERROR] LogOutputStream:75 - [STDERR_REDIRECT] [Fatal Error] :1:1: Premature end of file.
2026-05-28 16:58:43,102 [ERROR] LogOutputStream:75 - [STDERR_REDIRECT] 
2026-05-28 16:58:44,113 [ERROR] LogOutputStream:75 - [STDERR_REDIRECT] [Fatal Error] :1:1: Premature end of file.
2026-05-28 16:58:44,113 [ERROR] LogOutputStream:75 - [STDERR_REDIRECT] 
2026-05-28 16:58:45,113 [ERROR] LogOutputStream:75 - [STDERR_REDIRECT] [Fatal Error] :1:1: Premature end of file.
2026-05-28 16:58:45,113 [ERROR] LogOutputStream:75 - [STDERR_REDIRECT] 
2026-05-28 16:58:46,122 [ERROR] LogOutputStream:75 - [STDERR_REDIRECT] [Fatal Error] :1:1: Premature end of file.
2026-05-28 16:58:46,122 [ERROR] LogOutputStream:75 - [STDERR_REDIRECT] 
2026-05-28 16:58:47,114 [ERROR] LogOutputStream:75 - [STDERR_REDIRECT] [Fatal Error] :1:1: Premature end of file.
2026-05-28 16:58:47,114 [ERROR] LogOutputStream:75 - [STDERR_REDIRECT] 
2026-05-28 16:58:48,209 [ERROR] LogOutputStream:75 - [STDERR_REDIRECT] [Fatal Error] :1:1: Premature end of file.
2026-05-28 16:58:48,209 [ERROR] LogOutputStream:75 - [STDERR_REDIRECT] 
2026-05-28 16:58:49,114 [ERROR] LogOutputStream:75 - [STDERR_REDIRECT] [Fatal Error] :1:1: Premature end of file.
2026-05-28 16:58:49,114 [ERROR] LogOutputStream:75 - [STDERR_REDIRECT] 
2026-05-28 16:58:50,110 [ERROR] LogOutputStream:75 - [STDERR_REDIRECT] [Fatal Error] :1:1: Premature end of file.
2026-05-28 16:58:50,110 [ERROR] LogOutputStream:75 - [STDERR_REDIRECT] 
2026-05-28 16:58:51,110 [ERROR] LogOutputStream:75 - [STDERR_REDIRECT] [Fatal Error] :1:1: Premature end of file.
2026-05-28 16:58:51,110 [ERROR] LogOutputStream:75 - [STDERR_REDIRECT] 
2026-05-28 16:58:52,116 [ERROR] LogOutputStream:75 - [STDERR_REDIRECT] [Fatal Error] :1:1: Premature end of file.
2026-05-28 16:58:52,117 [ERROR] LogOutputStream:75 - [STDERR_REDIRECT] 
2026-05-28 16:58:53,111 [ERROR] LogOutputStream:75 - [STDERR_REDIRECT] [Fatal Error] :1:1: Premature end of file.
2026-05-28 16:58:53,111 [ERROR] LogOutputStream:75 - [STDERR_REDIRECT] 
2026-05-28 16:58:54,110 [ERROR] LogOutputStream:75 - [STDERR_REDIRECT] [Fatal Error] :1:1: Premature end of file.
2026-05-28 16:58:54,110 [ERROR] LogOutputStream:75 - [STDERR_REDIRECT] 
2026-05-28 16:58:55,109 [ERROR] LogOutputStream:75 - [STDERR_REDIRECT] [Fatal Error] :1:1: Premature end of file.
2026-05-28 16:58:55,109 [ERROR] LogOutputStream:75 - [STDERR_REDIRECT] 
2026-05-28 16:58:56,114 [ERROR] LogOutputStream:75 - [STDERR_REDIRECT] [Fatal Error] :1:1: Premature end of file.
2026-05-28 16:58:56,114 [ERROR] LogOutputStream:75 - [STDERR_REDIRECT] 
2026-05-28 16:58:57,108 [ERROR] LogOutputStream:75 - [STDERR_REDIRECT] [Fatal Error] :1:1: Premature end of file.
2026-05-28 16:58:57,108 [ERROR] LogOutputStream:75 - [STDERR_REDIRECT] 
2026-05-28 16:58:58,142 [ERROR] LogOutputStream:75 - [STDERR_REDIRECT] [Fatal Error] :1:1: Premature end of file.
2026-05-28 16:58:58,142 [ERROR] LogOutputStream:75 - [STDERR_REDIRECT] 
2026-05-28 16:58:59,095 [ERROR] LogOutputStream:75 - [STDERR_REDIRECT] [Fatal Error] :1:1: Premature end of file.
2026-05-28 16:58:59,095 [ERROR] LogOutputStream:75 - [STDERR_REDIRECT] 
2026-05-28 16:59:00,093 [ERROR] LogOutputStream:75 - [STDERR_REDIRECT] [Fatal Error] :1:1: Premature end of file.
2026-05-28 16:59:00,095 [ERROR] LogOutputStream:75 - [STDERR_REDIRECT] 
2026-05-28 16:59:01,112 [ERROR] LogOutputStream:75 - [STDERR_REDIRECT] [Fatal Error] :1:1: Premature end of file.
2026-05-28 16:59:01,112 [ERROR] LogOutputStream:75 - [STDERR_REDIRECT] 
2026-05-28 16:59:02,114 [ERROR] LogOutputStream:75 - [STDERR_REDIRECT] [Fatal Error] :1:1: Premature end of file.
2026-05-28 16:59:02,114 [ERROR] LogOutputStream:75 - [STDERR_REDIRECT] 
2026-05-28 16:59:03,122 [ERROR] LogOutputStream:75 - [STDERR_REDIRECT] [Fatal Error] :1:1: Premature end of file.
2026-05-28 16:59:03,122 [ERROR] LogOutputStream:75 - [STDERR_REDIRECT] 
2026-05-28 16:59:04,103 [ERROR] LogOutputStream:75 - [STDERR_REDIRECT] [Fatal Error] :1:1: Premature end of file.
2026-05-28 16:59:04,103 [ERROR] LogOutputStream:75 - [STDERR_REDIRECT] 
2026-05-28 16:59:05,102 [ERROR] LogOutputStream:75 - [STDERR_REDIRECT] [Fatal Error] :1:1: Premature end of file.
2026-05-28 16:59:05,102 [ERROR] LogOutputStream:75 - [STDERR_REDIRECT] 
2026-05-28 16:59:06,102 [ERROR] LogOutputStream:75 - [STDERR_REDIRECT] [Fatal Error] :1:1: Premature end of file.
2026-05-28 16:59:06,103 [ERROR] LogOutputStream:75 - [STDERR_REDIRECT] 
2026-05-28 16:59:07,097 [ERROR] LogOutputStream:75 - [STDERR_REDIRECT] [Fatal Error] :1:1: Premature end of file.
2026-05-28 16:59:07,097 [ERROR] LogOutputStream:75 - [STDERR_REDIRECT] 
2026-05-28 16:59:08,112 [ERROR] LogOutputStream:75 - [STDERR_REDIRECT] [Fatal Error] :1:1: Premature end of file.
2026-05-28 16:59:08,114 [ERROR] LogOutputStream:75 - [STDERR_REDIRECT] 
2026-05-28 16:59:09,105 [ERROR] LogOutputStream:75 - [STDERR_REDIRECT] [Fatal Error] :1:1: Premature end of file.
2026-05-28 16:59:09,105 [ERROR] LogOutputStream:75 - [STDERR_REDIRECT] 
2026-05-28 16:59:10,114 [ERROR] LogOutputStream:75 - [STDERR_REDIRECT] [Fatal Error] :1:1: Premature end of file.
2026-05-28 16:59:10,114 [ERROR] LogOutputStream:75 - [STDERR_REDIRECT] 
2026-05-28 16:59:11,113 [ERROR] LogOutputStream:75 - [STDERR_REDIRECT] [Fatal Error] :1:1: Premature end of file.
2026-05-28 16:59:11,113 [ERROR] LogOutputStream:75 - [STDERR_REDIRECT] 
2026-05-28 16:59:12,115 [ERROR] LogOutputStream:75 - [STDERR_REDIRECT] [Fatal Error] :1:1: Premature end of file.
2026-05-28 16:59:12,116 [ERROR] LogOutputStream:75 - [STDERR_REDIRECT] 
2026-05-28 16:59:13,113 [ERROR] LogOutputStream:75 - [STDERR_REDIRECT] [Fatal Error] :1:1: Premature end of file.
2026-05-28 16:59:13,113 [ERROR] LogOutputStream:75 - [STDERR_REDIRECT] 
2026-05-28 16:59:14,117 [ERROR] LogOutputStream:75 - [STDERR_REDIRECT] [Fatal Error] :1:1: Premature end of file.
2026-05-28 16:59:14,117 [ERROR] LogOutputStream:75 - [STDERR_REDIRECT] 
2026-05-28 16:59:15,118 [ERROR] LogOutputStream:75 - [STDERR_REDIRECT] [Fatal Error] :1:1: Premature end of file.
2026-05-28 16:59:15,118 [ERROR] LogOutputStream:75 - [STDERR_REDIRECT] 
2026-05-28 16:59:16,119 [ERROR] LogOutputStream:75 - [STDERR_REDIRECT] [Fatal Error] :1:1: Premature end of file.
2026-05-28 16:59:16,119 [ERROR] LogOutputStream:75 - [STDERR_REDIRECT] 
2026-05-28 16:59:17,113 [ERROR] LogOutputStream:75 - [STDERR_REDIRECT] [Fatal Error] :1:1: Premature end of file.
2026-05-28 16:59:17,113 [ERROR] LogOutputStream:75 - [STDERR_REDIRECT] 
2026-05-28 16:59:18,117 [ERROR] LogOutputStream:75 - [STDERR_REDIRECT] [Fatal Error] :1:1: Premature end of file.
2026-05-28 16:59:18,117 [ERROR] LogOutputStream:75 - [STDERR_REDIRECT] 
2026-05-28 16:59:19,117 [ERROR] LogOutputStream:75 - [STDERR_REDIRECT] [Fatal Error] :1:1: Premature end of file.
2026-05-28 16:59:19,117 [ERROR] LogOutputStream:75 - [STDERR_REDIRECT] 
2026-05-28 16:59:20,131 [ERROR] LogOutputStream:75 - [STDERR_REDIRECT] [Fatal Error] :1:1: Premature end of file.
2026-05-28 16:59:20,131 [ERROR] LogOutputStream:75 - [STDERR_REDIRECT] 
2026-05-28 16:59:21,104 [ERROR] LogOutputStream:75 - [STDERR_REDIRECT] [Fatal Error] :1:1: Premature end of file.
2026-05-28 16:59:21,105 [ERROR] LogOutputStream:75 - [STDERR_REDIRECT] 
2026-05-28 16:59:22,105 [ERROR] LogOutputStream:75 - [STDERR_REDIRECT] [Fatal Error] :1:1: Premature end of file.
2026-05-28 16:59:22,105 [ERROR] LogOutputStream:75 - [STDERR_REDIRECT] 
2026-05-28 16:59:23,116 [ERROR] LogOutputStream:75 - [STDERR_REDIRECT] [Fatal Error] :1:1: Premature end of file.
2026-05-28 16:59:23,117 [ERROR] LogOutputStream:75 - [STDERR_REDIRECT] 
2026-05-28 16:59:24,115 [ERROR] LogOutputStream:75 - [STDERR_REDIRECT] [Fatal Error] :1:1: Premature end of file.
2026-05-28 16:59:24,115 [ERROR] LogOutputStream:75 - [STDERR_REDIRECT] 
2026-05-28 16:59:25,119 [ERROR] LogOutputStream:75 - [STDERR_REDIRECT] [Fatal Error] :1:1: Premature end of file.
2026-05-28 16:59:25,119 [ERROR] LogOutputStream:75 - [STDERR_REDIRECT] 
2026-05-28 16:59:26,114 [ERROR] LogOutputStream:75 - [STDERR_REDIRECT] [Fatal Error] :1:1: Premature end of file.
2026-05-28 16:59:26,114 [ERROR] LogOutputStream:75 - [STDERR_REDIRECT] 
2026-05-28 16:59:27,118 [ERROR] LogOutputStream:75 - [STDERR_REDIRECT] [Fatal Error] :1:1: Premature end of file.
2026-05-28 16:59:27,118 [ERROR] LogOutputStream:75 - [STDERR_REDIRECT] 
2026-05-28 16:59:28,119 [ERROR] LogOutputStream:75 - [STDERR_REDIRECT] [Fatal Error] :1:1: Premature end of file.
2026-05-28 16:59:28,119 [ERROR] LogOutputStream:75 - [STDERR_REDIRECT] 
2026-05-28 16:59:29,121 [ERROR] LogOutputStream:75 - [STDERR_REDIRECT] [Fatal Error] :1:1: Premature end of file.
2026-05-28 16:59:29,121 [ERROR] LogOutputStream:75 - [STDERR_REDIRECT] 
2026-05-28 16:59:30,122 [ERROR] LogOutputStream:75 - [STDERR_REDIRECT] [Fatal Error] :1:1: Premature end of file.
2026-05-28 16:59:30,123 [ERROR] LogOutputStream:75 - [STDERR_REDIRECT] 
2026-05-28 16:59:31,118 [ERROR] LogOutputStream:75 - [STDERR_REDIRECT] [Fatal Error] :1:1: Premature end of file.
2026-05-28 16:59:31,118 [ERROR] LogOutputStream:75 - [STDERR_REDIRECT] 
2026-05-28 16:59:32,122 [ERROR] LogOutputStream:75 - [STDERR_REDIRECT] [Fatal Error] :1:1: Premature end of file.
2026-05-28 16:59:32,123 [ERROR] LogOutputStream:75 - [STDERR_REDIRECT] 
2026-05-28 16:59:33,123 [ERROR] LogOutputStream:75 - [STDERR_REDIRECT] [Fatal Error] :1:1: Premature end of file.
2026-05-28 16:59:33,123 [ERROR] LogOutputStream:75 - [STDERR_REDIRECT] 
2026-05-28 16:59:34,137 [ERROR] LogOutputStream:75 - [STDERR_REDIRECT] [Fatal Error] :1:1: Premature end of file.
2026-05-28 16:59:34,137 [ERROR] LogOutputStream:75 - [STDERR_REDIRECT] 
2026-05-28 16:59:35,117 [ERROR] LogOutputStream:75 - [STDERR_REDIRECT] [Fatal Error] :1:1: Premature end of file.
2026-05-28 16:59:35,117 [ERROR] LogOutputStream:75 - [STDERR_REDIRECT] 
2026-05-28 16:59:36,124 [ERROR] LogOutputStream:75 - [STDERR_REDIRECT] [Fatal Error] :1:1: Premature end of file.
2026-05-28 16:59:36,124 [ERROR] LogOutputStream:75 - [STDERR_REDIRECT] 
2026-05-28 16:59:37,117 [ERROR] LogOutputStream:75 - [STDERR_REDIRECT] [Fatal Error] :1:1: Premature end of file.
2026-05-28 16:59:37,117 [ERROR] LogOutputStream:75 - [STDERR_REDIRECT] 
2026-05-28 16:59:38,124 [ERROR] LogOutputStream:75 - [STDERR_REDIRECT] [Fatal Error] :1:1: Premature end of file.
2026-05-28 16:59:38,124 [ERROR] LogOutputStream:75 - [STDERR_REDIRECT] 
2026-05-28 16:59:39,114 [ERROR] LogOutputStream:75 - [STDERR_REDIRECT] [Fatal Error] :1:1: Premature end of file.
2026-05-28 16:59:39,114 [ERROR] LogOutputStream:75 - [STDERR_REDIRECT] 
2026-05-28 16:59:40,121 [ERROR] LogOutputStream:75 - [STDERR_REDIRECT] [Fatal Error] :1:1: Premature end of file.
2026-05-28 16:59:40,121 [ERROR] LogOutputStream:75 - [STDERR_REDIRECT] 
2026-05-28 16:59:41,107 [ERROR] LogOutputStream:75 - [STDERR_REDIRECT] [Fatal Error] :1:1: Premature end of file.
2026-05-28 16:59:41,107 [ERROR] LogOutputStream:75 - [STDERR_REDIRECT] 
2026-05-28 16:59:42,165 [ERROR] LogOutputStream:75 - [STDERR_REDIRECT] [Fatal Error] :1:1: Premature end of file.
2026-05-28 16:59:42,165 [ERROR] LogOutputStream:75 - [STDERR_REDIRECT] 
2026-05-28 16:59:43,106 [ERROR] LogOutputStream:75 - [STDERR_REDIRECT] [Fatal Error] :1:1: Premature end of file.
2026-05-28 16:59:43,107 [ERROR] LogOutputStream:75 - [STDERR_REDIRECT] 
2026-05-28 16:59:44,118 [ERROR] LogOutputStream:75 - [STDERR_REDIRECT] [Fatal Error] :1:1: Premature end of file.
2026-05-28 16:59:44,118 [ERROR] LogOutputStream:75 - [STDERR_REDIRECT] 
2026-05-28 16:59:45,119 [ERROR] LogOutputStream:75 - [STDERR_REDIRECT] [Fatal Error] :1:1: Premature end of file.
2026-05-28 16:59:45,119 [ERROR] LogOutputStream:75 - [STDERR_REDIRECT] 
2026-05-28 16:59:46,116 [ERROR] LogOutputStream:75 - [STDERR_REDIRECT] [Fatal Error] :1:1: Premature end of file.
2026-05-28 16:59:46,116 [ERROR] LogOutputStream:75 - [STDERR_REDIRECT] 
2026-05-28 16:59:47,135 [ERROR] LogOutputStream:75 - [STDERR_REDIRECT] [Fatal Error] :1:1: Premature end of file.
2026-05-28 16:59:47,135 [ERROR] LogOutputStream:75 - [STDERR_REDIRECT] 
2026-05-28 16:59:48,120 [ERROR] LogOutputStream:75 - [STDERR_REDIRECT] [Fatal Error] :1:1: Premature end of file.
2026-05-28 16:59:48,120 [ERROR] LogOutputStream:75 - [STDERR_REDIRECT] 
2026-05-28 16:59:49,116 [ERROR] LogOutputStream:75 - [STDERR_REDIRECT] [Fatal Error] :1:1: Premature end of file.
2026-05-28 16:59:49,116 [ERROR] LogOutputStream:75 - [STDERR_REDIRECT] 
2026-05-28 16:59:50,121 [ERROR] LogOutputStream:75 - [STDERR_REDIRECT] [Fatal Error] :1:1: Premature end of file.
2026-05-28 16:59:50,121 [ERROR] LogOutputStream:75 - [STDERR_REDIRECT] 
2026-05-28 16:59:51,131 [ERROR] LogOutputStream:75 - [STDERR_REDIRECT] [Fatal Error] :1:1: Premature end of file.
2026-05-28 16:59:51,132 [ERROR] LogOutputStream:75 - [STDERR_REDIRECT] 
2026-05-28 16:59:52,109 [ERROR] LogOutputStream:75 - [STDERR_REDIRECT] [Fatal Error] :1:1: Premature end of file.
2026-05-28 16:59:52,109 [ERROR] LogOutputStream:75 - [STDERR_REDIRECT] 
2026-05-28 16:59:53,117 [ERROR] LogOutputStream:75 - [STDERR_REDIRECT] [Fatal Error] :1:1: Premature end of file.
2026-05-28 16:59:53,117 [ERROR] LogOutputStream:75 - [STDERR_REDIRECT] 
2026-05-28 16:59:54,147 [ERROR] LogOutputStream:75 - [STDERR_REDIRECT] [Fatal Error] :1:1: Premature end of file.
2026-05-28 16:59:54,148 [ERROR] LogOutputStream:75 - [STDERR_REDIRECT] 
2026-05-28 16:59:55,120 [ERROR] LogOutputStream:75 - [STDERR_REDIRECT] [Fatal Error] :1:1: Premature end of file.
2026-05-28 16:59:55,120 [ERROR] LogOutputStream:75 - [STDERR_REDIRECT] 
2026-05-28 16:59:56,220 [ERROR] LogOutputStream:75 - [STDERR_REDIRECT] [Fatal Error] :1:1: Premature end of file.
2026-05-28 16:59:56,220 [ERROR] LogOutputStream:75 - [STDERR_REDIRECT] 
2026-05-28 16:59:57,108 [ERROR] LogOutputStream:75 - [STDERR_REDIRECT] [Fatal Error] :1:1: Premature end of file.
2026-05-28 16:59:57,108 [ERROR] LogOutputStream:75 - [STDERR_REDIRECT] 
2026-05-28 16:59:58,117 [ERROR] LogOutputStream:75 - [STDERR_REDIRECT] [Fatal Error] :1:1: Premature end of file.
2026-05-28 16:59:58,117 [ERROR] LogOutputStream:75 - [STDERR_REDIRECT] 
2026-05-28 16:59:59,129 [ERROR] LogOutputStream:75 - [STDERR_REDIRECT] [Fatal Error] :1:1: Premature end of file.
2026-05-28 16:59:59,129 [ERROR] LogOutputStream:75 - [STDERR_REDIRECT] 
2026-05-28 17:00:00,116 [ERROR] LogOutputStream:75 - [STDERR_REDIRECT] [Fatal Error] :1:1: Premature end of file.
2026-05-28 17:00:00,116 [ERROR] LogOutputStream:75 - [STDERR_REDIRECT] 
2026-05-28 17:00:01,119 [ERROR] LogOutputStream:75 - [STDERR_REDIRECT] [Fatal Error] :1:1: Premature end of file.
2026-05-28 17:00:01,119 [ERROR] LogOutputStream:75 - [STDERR_REDIRECT] 
2026-05-28 17:00:02,129 [ERROR] LogOutputStream:75 - [STDERR_REDIRECT] [Fatal Error] :1:1: Premature end of file.
2026-05-28 17:00:02,129 [ERROR] LogOutputStream:75 - [STDERR_REDIRECT] 
2026-05-28 17:00:03,108 [ERROR] LogOutputStream:75 - [STDERR_REDIRECT] [Fatal Error] :1:1: Premature end of file.
2026-05-28 17:00:03,109 [ERROR] LogOutputStream:75 - [STDERR_REDIRECT] 
2026-05-28 17:00:04,135 [ERROR] LogOutputStream:75 - [STDERR_REDIRECT] [Fatal Error] :1:1: Premature end of file.
2026-05-28 17:00:04,135 [ERROR] LogOutputStream:75 - [STDERR_REDIRECT] 
2026-05-28 17:00:05,107 [ERROR] LogOutputStream:75 - [STDERR_REDIRECT] [Fatal Error] :1:1: Premature end of file.
2026-05-28 17:00:05,107 [ERROR] LogOutputStream:75 - [STDERR_REDIRECT] 
2026-05-28 17:00:06,117 [ERROR] LogOutputStream:75 - [STDERR_REDIRECT] [Fatal Error] :1:1: Premature end of file.
2026-05-28 17:00:06,118 [ERROR] LogOutputStream:75 - [STDERR_REDIRECT] 
2026-05-28 17:00:07,122 [ERROR] LogOutputStream:75 - [STDERR_REDIRECT] [Fatal Error] :1:1: Premature end of file.
2026-05-28 17:00:07,122 [ERROR] LogOutputStream:75 - [STDERR_REDIRECT] 
2026-05-28 17:00:08,123 [ERROR] LogOutputStream:75 - [STDERR_REDIRECT] [Fatal Error] :1:1: Premature end of file.
2026-05-28 17:00:08,123 [ERROR] LogOutputStream:75 - [STDERR_REDIRECT] 
2026-05-28 17:00:09,112 [ERROR] LogOutputStream:75 - [STDERR_REDIRECT] [Fatal Error] :1:1: Premature end of file.
2026-05-28 17:00:09,112 [ERROR] LogOutputStream:75 - [STDERR_REDIRECT] 
2026-05-28 17:00:10,129 [ERROR] LogOutputStream:75 - [STDERR_REDIRECT] [Fatal Error] :1:1: Premature end of file.
2026-05-28 17:00:10,129 [ERROR] LogOutputStream:75 - [STDERR_REDIRECT] 
2026-05-28 17:00:11,117 [ERROR] LogOutputStream:75 - [STDERR_REDIRECT] [Fatal Error] :1:1: Premature end of file.
2026-05-28 17:00:11,117 [ERROR] LogOutputStream:75 - [STDERR_REDIRECT] 
2026-05-28 17:00:12,119 [ERROR] LogOutputStream:75 - [STDERR_REDIRECT] [Fatal Error] :1:1: Premature end of file.
2026-05-28 17:00:12,119 [ERROR] LogOutputStream:75 - [STDERR_REDIRECT] 
2026-05-28 17:00:13,118 [ERROR] LogOutputStream:75 - [STDERR_REDIRECT] [Fatal Error] :1:1: Premature end of file.
2026-05-28 17:00:13,118 [ERROR] LogOutputStream:75 - [STDERR_REDIRECT] 
2026-05-28 17:00:14,120 [ERROR] LogOutputStream:75 - [STDERR_REDIRECT] [Fatal Error] :1:1: Premature end of file.
2026-05-28 17:00:14,121 [ERROR] LogOutputStream:75 - [STDERR_REDIRECT] 
2026-05-28 17:00:15,118 [ERROR] LogOutputStream:75 - [STDERR_REDIRECT] [Fatal Error] :1:1: Premature end of file.
2026-05-28 17:00:15,118 [ERROR] LogOutputStream:75 - [STDERR_REDIRECT] 
2026-05-28 17:00:16,119 [ERROR] LogOutputStream:75 - [STDERR_REDIRECT] [Fatal Error] :1:1: Premature end of file.
2026-05-28 17:00:16,119 [ERROR] LogOutputStream:75 - [STDERR_REDIRECT] 
2026-05-28 17:00:17,118 [ERROR] LogOutputStream:75 - [STDERR_REDIRECT] [Fatal Error] :1:1: Premature end of file.
2026-05-28 17:00:17,118 [ERROR] LogOutputStream:75 - [STDERR_REDIRECT] 
2026-05-28 17:00:18,114 [ERROR] LogOutputStream:75 - [STDERR_REDIRECT] [Fatal Error] :1:1: Premature end of file.
2026-05-28 17:00:18,114 [ERROR] LogOutputStream:75 - [STDERR_REDIRECT] 
2026-05-28 17:00:19,112 [ERROR] LogOutputStream:75 - [STDERR_REDIRECT] [Fatal Error] :1:1: Premature end of file.
2026-05-28 17:00:19,112 [ERROR] LogOutputStream:75 - [STDERR_REDIRECT] 
2026-05-28 17:00:20,125 [ERROR] LogOutputStream:75 - [STDERR_REDIRECT] [Fatal Error] :1:1: Premature end of file.
2026-05-28 17:00:20,125 [ERROR] LogOutputStream:75 - [STDERR_REDIRECT] 
2026-05-28 17:00:21,118 [ERROR] LogOutputStream:75 - [STDERR_REDIRECT] [Fatal Error] :1:1: Premature end of file.
2026-05-28 17:00:21,119 [ERROR] LogOutputStream:75 - [STDERR_REDIRECT] 
2026-05-28 17:00:22,120 [ERROR] LogOutputStream:75 - [STDERR_REDIRECT] [Fatal Error] :1:1: Premature end of file.
2026-05-28 17:00:22,120 [ERROR] LogOutputStream:75 - [STDERR_REDIRECT] 
2026-05-28 17:00:23,133 [ERROR] LogOutputStream:75 - [STDERR_REDIRECT] [Fatal Error] :1:1: Premature end of file.
2026-05-28 17:00:23,133 [ERROR] LogOutputStream:75 - [STDERR_REDIRECT] 
2026-05-28 17:00:24,118 [ERROR] LogOutputStream:75 - [STDERR_REDIRECT] [Fatal Error] :1:1: Premature end of file.
2026-05-28 17:00:24,118 [ERROR] LogOutputStream:75 - [STDERR_REDIRECT] 
2026-05-28 17:00:25,140 [ERROR] LogOutputStream:75 - [STDERR_REDIRECT] [Fatal Error] :1:1: Premature end of file.
2026-05-28 17:00:25,140 [ERROR] LogOutputStream:75 - [STDERR_REDIRECT] 
2026-05-28 17:00:26,117 [ERROR] LogOutputStream:75 - [STDERR_REDIRECT] [Fatal Error] :1:1: Premature end of file.
2026-05-28 17:00:26,117 [ERROR] LogOutputStream:75 - [STDERR_REDIRECT] 
2026-05-28 17:00:27,123 [ERROR] LogOutputStream:75 - [STDERR_REDIRECT] [Fatal Error] :1:1: Premature end of file.
2026-05-28 17:00:27,124 [ERROR] LogOutputStream:75 - [STDERR_REDIRECT] 
2026-05-28 17:00:28,132 [ERROR] LogOutputStream:75 - [STDERR_REDIRECT] [Fatal Error] :1:1: Premature end of file.
2026-05-28 17:00:28,132 [ERROR] LogOutputStream:75 - [STDERR_REDIRECT] 
2026-05-28 17:00:29,136 [ERROR] LogOutputStream:75 - [STDERR_REDIRECT] [Fatal Error] :1:1: Premature end of file.
2026-05-28 17:00:29,136 [ERROR] LogOutputStream:75 - [STDERR_REDIRECT] 
2026-05-28 17:00:30,129 [ERROR] LogOutputStream:75 - [STDERR_REDIRECT] [Fatal Error] :1:1: Premature end of file.
2026-05-28 17:00:30,129 [ERROR] LogOutputStream:75 - [STDERR_REDIRECT] 
2026-05-28 17:00:31,125 [ERROR] LogOutputStream:75 - [STDERR_REDIRECT] [Fatal Error] :1:1: Premature end of file.
2026-05-28 17:00:31,125 [ERROR] LogOutputStream:75 - [STDERR_REDIRECT] 
2026-05-28 17:00:32,113 [ERROR] LogOutputStream:75 - [STDERR_REDIRECT] [Fatal Error] :1:1: Premature end of file.
2026-05-28 17:00:32,113 [ERROR] LogOutputStream:75 - [STDERR_REDIRECT] 
2026-05-28 17:00:33,129 [ERROR] LogOutputStream:75 - [STDERR_REDIRECT] [Fatal Error] :1:1: Premature end of file.
2026-05-28 17:00:33,129 [ERROR] LogOutputStream:75 - [STDERR_REDIRECT] 
2026-05-28 17:00:34,125 [ERROR] LogOutputStream:75 - [STDERR_REDIRECT] [Fatal Error] :1:1: Premature end of file.
2026-05-28 17:00:34,125 [ERROR] LogOutputStream:75 - [STDERR_REDIRECT] 
2026-05-28 17:00:35,135 [ERROR] LogOutputStream:75 - [STDERR_REDIRECT] [Fatal Error] :1:1: Premature end of file.
2026-05-28 17:00:35,136 [ERROR] LogOutputStream:75 - [STDERR_REDIRECT] 
2026-05-28 17:00:36,133 [ERROR] LogOutputStream:75 - [STDERR_REDIRECT] [Fatal Error] :1:1: Premature end of file.
2026-05-28 17:00:36,133 [ERROR] LogOutputStream:75 - [STDERR_REDIRECT] 
2026-05-28 17:00:37,111 [ERROR] LogOutputStream:75 - [STDERR_REDIRECT] [Fatal Error] :1:1: Premature end of file.
2026-05-28 17:00:37,111 [ERROR] LogOutputStream:75 - [STDERR_REDIRECT] 
2026-05-28 17:00:38,128 [ERROR] LogOutputStream:75 - [STDERR_REDIRECT] [Fatal Error] :1:1: Premature end of file.
2026-05-28 17:00:38,128 [ERROR] LogOutputStream:75 - [STDERR_REDIRECT] 
2026-05-28 17:00:39,119 [ERROR] LogOutputStream:75 - [STDERR_REDIRECT] [Fatal Error] :1:1: Premature end of file.
2026-05-28 17:00:39,119 [ERROR] LogOutputStream:75 - [STDERR_REDIRECT] 
2026-05-28 17:00:40,129 [ERROR] LogOutputStream:75 - [STDERR_REDIRECT] [Fatal Error] :1:1: Premature end of file.
2026-05-28 17:00:40,129 [ERROR] LogOutputStream:75 - [STDERR_REDIRECT] 
2026-05-28 17:00:41,125 [ERROR] LogOutputStream:75 - [STDERR_REDIRECT] [Fatal Error] :1:1: Premature end of file.
2026-05-28 17:00:41,126 [ERROR] LogOutputStream:75 - [STDERR_REDIRECT] 
2026-05-28 17:00:42,111 [ERROR] LogOutputStream:75 - [STDERR_REDIRECT] [Fatal Error] :1:1: Premature end of file.
2026-05-28 17:00:42,111 [ERROR] LogOutputStream:75 - [STDERR_REDIRECT] 
2026-05-28 17:00:43,144 [ERROR] LogOutputStream:75 - [STDERR_REDIRECT] [Fatal Error] :1:1: Premature end of file.
2026-05-28 17:00:43,144 [ERROR] LogOutputStream:75 - [STDERR_REDIRECT] 
2026-05-28 17:00:44,113 [ERROR] LogOutputStream:75 - [STDERR_REDIRECT] [Fatal Error] :1:1: Premature end of file.
2026-05-28 17:00:44,113 [ERROR] LogOutputStream:75 - [STDERR_REDIRECT] 
2026-05-28 17:00:45,143 [ERROR] LogOutputStream:75 - [STDERR_REDIRECT] [Fatal Error] :1:1: Premature end of file.
2026-05-28 17:00:45,143 [ERROR] LogOutputStream:75 - [STDERR_REDIRECT] 
2026-05-28 17:00:46,136 [ERROR] LogOutputStream:75 - [STDERR_REDIRECT] [Fatal Error] :1:1: Premature end of file.
2026-05-28 17:00:46,136 [ERROR] LogOutputStream:75 - [STDERR_REDIRECT] 
2026-05-28 17:00:47,126 [ERROR] LogOutputStream:75 - [STDERR_REDIRECT] [Fatal Error] :1:1: Premature end of file.
2026-05-28 17:00:47,126 [ERROR] LogOutputStream:75 - [STDERR_REDIRECT] 
2026-05-28 17:00:48,115 [ERROR] LogOutputStream:75 - [STDERR_REDIRECT] [Fatal Error] :1:1: Premature end of file.
2026-05-28 17:00:48,115 [ERROR] LogOutputStream:75 - [STDERR_REDIRECT] 
2026-05-28 17:00:49,125 [ERROR] LogOutputStream:75 - [STDERR_REDIRECT] [Fatal Error] :1:1: Premature end of file.
2026-05-28 17:00:49,126 [ERROR] LogOutputStream:75 - [STDERR_REDIRECT] 
2026-05-28 17:00:50,141 [ERROR] LogOutputStream:75 - [STDERR_REDIRECT] [Fatal Error] :1:1: Premature end of file.
2026-05-28 17:00:50,141 [ERROR] LogOutputStream:75 - [STDERR_REDIRECT] 
2026-05-28 17:00:51,127 [ERROR] LogOutputStream:75 - [STDERR_REDIRECT] [Fatal Error] :1:1: Premature end of file.
2026-05-28 17:00:51,127 [ERROR] LogOutputStream:75 - [STDERR_REDIRECT] 
2026-05-28 17:00:52,159 [ERROR] LogOutputStream:75 - [STDERR_REDIRECT] [Fatal Error] :1:1: Premature end of file.
2026-05-28 17:00:52,159 [ERROR] LogOutputStream:75 - [STDERR_REDIRECT] 
2026-05-28 17:00:53,124 [ERROR] LogOutputStream:75 - [STDERR_REDIRECT] [Fatal Error] :1:1: Premature end of file.
2026-05-28 17:00:53,125 [ERROR] LogOutputStream:75 - [STDERR_REDIRECT] 
2026-05-28 17:00:54,116 [ERROR] LogOutputStream:75 - [STDERR_REDIRECT] [Fatal Error] :1:1: Premature end of file.
2026-05-28 17:00:54,116 [ERROR] LogOutputStream:75 - [STDERR_REDIRECT] 
2026-05-28 17:00:55,124 [ERROR] LogOutputStream:75 - [STDERR_REDIRECT] [Fatal Error] :1:1: Premature end of file.
2026-05-28 17:00:55,124 [ERROR] LogOutputStream:75 - [STDERR_REDIRECT] 
2026-05-28 17:00:56,148 [ERROR] LogOutputStream:75 - [STDERR_REDIRECT] [Fatal Error] :1:1: Premature end of file.
2026-05-28 17:00:56,148 [ERROR] LogOutputStream:75 - [STDERR_REDIRECT] 
2026-05-28 17:00:57,127 [ERROR] LogOutputStream:75 - [STDERR_REDIRECT] [Fatal Error] :1:1: Premature end of file.
2026-05-28 17:00:57,127 [ERROR] LogOutputStream:75 - [STDERR_REDIRECT] 
2026-05-28 17:00:58,155 [ERROR] LogOutputStream:75 - [STDERR_REDIRECT] [Fatal Error] :1:1: Premature end of file.
2026-05-28 17:00:58,155 [ERROR] LogOutputStream:75 - [STDERR_REDIRECT] 
2026-05-28 17:00:59,253 [ERROR] LogOutputStream:75 - [STDERR_REDIRECT] [Fatal Error] :1:1: Premature end of file.
2026-05-28 17:00:59,253 [ERROR] LogOutputStream:75 - [STDERR_REDIRECT] 
2026-05-28 17:01:00,122 [ERROR] LogOutputStream:75 - [STDERR_REDIRECT] [Fatal Error] :1:1: Premature end of file.
2026-05-28 17:01:00,123 [ERROR] LogOutputStream:75 - [STDERR_REDIRECT] 
2026-05-28 17:01:01,107 [ERROR] LogOutputStream:75 - [STDERR_REDIRECT] [Fatal Error] :1:1: Premature end of file.
2026-05-28 17:01:01,107 [ERROR] LogOutputStream:75 - [STDERR_REDIRECT] 
2026-05-28 17:01:02,108 [ERROR] LogOutputStream:75 - [STDERR_REDIRECT] [Fatal Error] :1:1: Premature end of file.
2026-05-28 17:01:02,108 [ERROR] LogOutputStream:75 - [STDERR_REDIRECT] 
2026-05-28 17:01:03,106 [ERROR] LogOutputStream:75 - [STDERR_REDIRECT] [Fatal Error] :1:1: Premature end of file.
2026-05-28 17:01:03,106 [ERROR] LogOutputStream:75 - [STDERR_REDIRECT] 
2026-05-28 17:01:04,109 [ERROR] LogOutputStream:75 - [STDERR_REDIRECT] [Fatal Error] :1:1: Premature end of file.
2026-05-28 17:01:04,109 [ERROR] LogOutputStream:75 - [STDERR_REDIRECT] 
2026-05-28 17:01:05,105 [ERROR] LogOutputStream:75 - [STDERR_REDIRECT] [Fatal Error] :1:1: Premature end of file.
2026-05-28 17:01:05,105 [ERROR] LogOutputStream:75 - [STDERR_REDIRECT] 
2026-05-28 17:01:06,118 [ERROR] LogOutputStream:75 - [STDERR_REDIRECT] [Fatal Error] :1:1: Premature end of file.
2026-05-28 17:01:06,118 [ERROR] LogOutputStream:75 - [STDERR_REDIRECT] 
2026-05-28 17:01:07,111 [ERROR] LogOutputStream:75 - [STDERR_REDIRECT] [Fatal Error] :1:1: Premature end of file.
2026-05-28 17:01:07,111 [ERROR] LogOutputStream:75 - [STDERR_REDIRECT] 
2026-05-28 17:01:08,111 [ERROR] LogOutputStream:75 - [STDERR_REDIRECT] [Fatal Error] :1:1: Premature end of file.
2026-05-28 17:01:08,111 [ERROR] LogOutputStream:75 - [STDERR_REDIRECT] 
2026-05-28 17:01:09,129 [ERROR] LogOutputStream:75 - [STDERR_REDIRECT] [Fatal Error] :1:1: Premature end of file.
2026-05-28 17:01:09,129 [ERROR] LogOutputStream:75 - [STDERR_REDIRECT] 
2026-05-28 17:01:10,115 [ERROR] LogOutputStream:75 - [STDERR_REDIRECT] [Fatal Error] :1:1: Premature end of file.
2026-05-28 17:01:10,115 [ERROR] LogOutputStream:75 - [STDERR_REDIRECT] 
2026-05-28 17:01:11,107 [ERROR] LogOutputStream:75 - [STDERR_REDIRECT] [Fatal Error] :1:1: Premature end of file.
2026-05-28 17:01:11,107 [ERROR] LogOutputStream:75 - [STDERR_REDIRECT] 
2026-05-28 17:01:12,113 [ERROR] LogOutputStream:75 - [STDERR_REDIRECT] [Fatal Error] :1:1: Premature end of file.
2026-05-28 17:01:12,113 [ERROR] LogOutputStream:75 - [STDERR_REDIRECT] 
2026-05-28 17:01:13,114 [ERROR] LogOutputStream:75 - [STDERR_REDIRECT] [Fatal Error] :1:1: Premature end of file.
2026-05-28 17:01:13,116 [ERROR] LogOutputStream:75 - [STDERR_REDIRECT] 
2026-05-28 17:01:14,116 [ERROR] LogOutputStream:75 - [STDERR_REDIRECT] [Fatal Error] :1:1: Premature end of file.
2026-05-28 17:01:14,116 [ERROR] LogOutputStream:75 - [STDERR_REDIRECT] 
2026-05-28 17:01:15,114 [ERROR] LogOutputStream:75 - [STDERR_REDIRECT] [Fatal Error] :1:1: Premature end of file.
2026-05-28 17:01:15,114 [ERROR] LogOutputStream:75 - [STDERR_REDIRECT] 
2026-05-28 17:01:16,120 [ERROR] LogOutputStream:75 - [STDERR_REDIRECT] [Fatal Error] :1:1: Premature end of file.
2026-05-28 17:01:16,120 [ERROR] LogOutputStream:75 - [STDERR_REDIRECT] 
2026-05-28 17:01:17,194 [ERROR] LogOutputStream:75 - [STDERR_REDIRECT] [Fatal Error] :1:1: Premature end of file.
2026-05-28 17:01:17,194 [ERROR] LogOutputStream:75 - [STDERR_REDIRECT] 
2026-05-28 17:01:18,123 [ERROR] LogOutputStream:75 - [STDERR_REDIRECT] [Fatal Error] :1:1: Premature end of file.
2026-05-28 17:01:18,123 [ERROR] LogOutputStream:75 - [STDERR_REDIRECT] 
2026-05-28 17:01:19,110 [ERROR] LogOutputStream:75 - [STDERR_REDIRECT] [Fatal Error] :1:1: Premature end of file.
2026-05-28 17:01:19,110 [ERROR] LogOutputStream:75 - [STDERR_REDIRECT] 
2026-05-28 17:01:20,108 [ERROR] LogOutputStream:75 - [STDERR_REDIRECT] [Fatal Error] :1:1: Premature end of file.
2026-05-28 17:01:20,108 [ERROR] LogOutputStream:75 - [STDERR_REDIRECT] 
2026-05-28 17:01:21,115 [ERROR] LogOutputStream:75 - [STDERR_REDIRECT] [Fatal Error] :1:1: Premature end of file.
2026-05-28 17:01:21,115 [ERROR] LogOutputStream:75 - [STDERR_REDIRECT] 
2026-05-28 17:01:22,108 [ERROR] LogOutputStream:75 - [STDERR_REDIRECT] [Fatal Error] :1:1: Premature end of file.
2026-05-28 17:01:22,108 [ERROR] LogOutputStream:75 - [STDERR_REDIRECT] 
2026-05-28 17:01:23,105 [ERROR] LogOutputStream:75 - [STDERR_REDIRECT] [Fatal Error] :1:1: Premature end of file.
2026-05-28 17:01:23,105 [ERROR] LogOutputStream:75 - [STDERR_REDIRECT] 
2026-05-28 17:01:24,105 [ERROR] LogOutputStream:75 - [STDERR_REDIRECT] [Fatal Error] :1:1: Premature end of file.
2026-05-28 17:01:24,105 [ERROR] LogOutputStream:75 - [STDERR_REDIRECT] 
2026-05-28 17:01:25,124 [ERROR] LogOutputStream:75 - [STDERR_REDIRECT] [Fatal Error] :1:1: Premature end of file.
2026-05-28 17:01:25,124 [ERROR] LogOutputStream:75 - [STDERR_REDIRECT] 
2026-05-28 17:01:26,106 [ERROR] LogOutputStream:75 - [STDERR_REDIRECT] [Fatal Error] :1:1: Premature end of file.
2026-05-28 17:01:26,107 [ERROR] LogOutputStream:75 - [STDERR_REDIRECT] 
2026-05-28 17:01:27,108 [ERROR] LogOutputStream:75 - [STDERR_REDIRECT] [Fatal Error] :1:1: Premature end of file.
2026-05-28 17:01:27,108 [ERROR] LogOutputStream:75 - [STDERR_REDIRECT] 
2026-05-28 17:01:28,117 [ERROR] LogOutputStream:75 - [STDERR_REDIRECT] [Fatal Error] :1:1: Premature end of file.
2026-05-28 17:01:28,117 [ERROR] LogOutputStream:75 - [STDERR_REDIRECT] 
2026-05-28 17:01:29,108 [ERROR] LogOutputStream:75 - [STDERR_REDIRECT] [Fatal Error] :1:1: Premature end of file.
2026-05-28 17:01:29,108 [ERROR] LogOutputStream:75 - [STDERR_REDIRECT] 
2026-05-28 17:01:30,117 [ERROR] LogOutputStream:75 - [STDERR_REDIRECT] [Fatal Error] :1:1: Premature end of file.
2026-05-28 17:01:30,117 [ERROR] LogOutputStream:75 - [STDERR_REDIRECT] 
2026-05-28 17:01:31,123 [ERROR] LogOutputStream:75 - [STDERR_REDIRECT] [Fatal Error] :1:1: Premature end of file.
2026-05-28 17:01:31,124 [ERROR] LogOutputStream:75 - [STDERR_REDIRECT] 
2026-05-28 17:01:32,120 [ERROR] LogOutputStream:75 - [STDERR_REDIRECT] [Fatal Error] :1:1: Premature end of file.
2026-05-28 17:01:32,120 [ERROR] LogOutputStream:75 - [STDERR_REDIRECT] 
2026-05-28 17:01:33,108 [ERROR] LogOutputStream:75 - [STDERR_REDIRECT] [Fatal Error] :1:1: Premature end of file.
2026-05-28 17:01:33,108 [ERROR] LogOutputStream:75 - [STDERR_REDIRECT] 
2026-05-28 17:01:34,108 [ERROR] LogOutputStream:75 - [STDERR_REDIRECT] [Fatal Error] :1:1: Premature end of file.
2026-05-28 17:01:34,108 [ERROR] LogOutputStream:75 - [STDERR_REDIRECT] 
2026-05-28 17:01:35,109 [ERROR] LogOutputStream:75 - [STDERR_REDIRECT] [Fatal Error] :1:1: Premature end of file.
2026-05-28 17:01:35,109 [ERROR] LogOutputStream:75 - [STDERR_REDIRECT] 
2026-05-28 17:01:36,109 [ERROR] LogOutputStream:75 - [STDERR_REDIRECT] [Fatal Error] :1:1: Premature end of file.
2026-05-28 17:01:36,110 [ERROR] LogOutputStream:75 - [STDERR_REDIRECT] 
2026-05-28 17:01:37,109 [ERROR] LogOutputStream:75 - [STDERR_REDIRECT] [Fatal Error] :1:1: Premature end of file.
2026-05-28 17:01:37,109 [ERROR] LogOutputStream:75 - [STDERR_REDIRECT] 
2026-05-28 17:01:38,108 [ERROR] LogOutputStream:75 - [STDERR_REDIRECT] [Fatal Error] :1:1: Premature end of file.
2026-05-28 17:01:38,108 [ERROR] LogOutputStream:75 - [STDERR_REDIRECT] 
2026-05-28 17:01:39,110 [ERROR] LogOutputStream:75 - [STDERR_REDIRECT] [Fatal Error] :1:1: Premature end of file.
2026-05-28 17:01:39,110 [ERROR] LogOutputStream:75 - [STDERR_REDIRECT] 
2026-05-28 17:01:40,105 [ERROR] LogOutputStream:75 - [STDERR_REDIRECT] [Fatal Error] :1:1: Premature end of file.
2026-05-28 17:01:40,106 [ERROR] LogOutputStream:75 - [STDERR_REDIRECT] 
2026-05-28 17:01:41,109 [ERROR] LogOutputStream:75 - [STDERR_REDIRECT] [Fatal Error] :1:1: Premature end of file.
2026-05-28 17:01:41,109 [ERROR] LogOutputStream:75 - [STDERR_REDIRECT] 
2026-05-28 17:01:42,115 [ERROR] LogOutputStream:75 - [STDERR_REDIRECT] [Fatal Error] :1:1: Premature end of file.
2026-05-28 17:01:42,115 [ERROR] LogOutputStream:75 - [STDERR_REDIRECT] 
2026-05-28 17:01:43,105 [ERROR] LogOutputStream:75 - [STDERR_REDIRECT] [Fatal Error] :1:1: Premature end of file.
2026-05-28 17:01:43,105 [ERROR] LogOutputStream:75 - [STDERR_REDIRECT] 
2026-05-28 17:01:44,112 [ERROR] LogOutputStream:75 - [STDERR_REDIRECT] [Fatal Error] :1:1: Premature end of file.
2026-05-28 17:01:44,112 [ERROR] LogOutputStream:75 - [STDERR_REDIRECT] 
2026-05-28 17:01:45,110 [ERROR] LogOutputStream:75 - [STDERR_REDIRECT] [Fatal Error] :1:1: Premature end of file.
2026-05-28 17:01:45,110 [ERROR] LogOutputStream:75 - [STDERR_REDIRECT] 
2026-05-28 17:01:46,105 [ERROR] LogOutputStream:75 - [STDERR_REDIRECT] [Fatal Error] :1:1: Premature end of file.
2026-05-28 17:01:46,105 [ERROR] LogOutputStream:75 - [STDERR_REDIRECT] 
2026-05-28 17:01:47,107 [ERROR] LogOutputStream:75 - [STDERR_REDIRECT] [Fatal Error] :1:1: Premature end of file.
2026-05-28 17:01:47,107 [ERROR] LogOutputStream:75 - [STDERR_REDIRECT] 
2026-05-28 17:01:48,109 [ERROR] LogOutputStream:75 - [STDERR_REDIRECT] [Fatal Error] :1:1: Premature end of file.
2026-05-28 17:01:48,110 [ERROR] LogOutputStream:75 - [STDERR_REDIRECT] 
2026-05-28 17:01:49,109 [ERROR] LogOutputStream:75 - [STDERR_REDIRECT] [Fatal Error] :1:1: Premature end of file.
2026-05-28 17:01:49,109 [ERROR] LogOutputStream:75 - [STDERR_REDIRECT] 
2026-05-28 17:01:50,111 [ERROR] LogOutputStream:75 - [STDERR_REDIRECT] [Fatal Error] :1:1: Premature end of file.
2026-05-28 17:01:50,111 [ERROR] LogOutputStream:75 - [STDERR_REDIRECT] 
2026-05-28 17:01:51,110 [ERROR] LogOutputStream:75 - [STDERR_REDIRECT] [Fatal Error] :1:1: Premature end of file.
2026-05-28 17:01:51,110 [ERROR] LogOutputStream:75 - [STDERR_REDIRECT] 
2026-05-28 17:01:52,110 [ERROR] LogOutputStream:75 - [STDERR_REDIRECT] [Fatal Error] :1:1: Premature end of file.
2026-05-28 17:01:52,110 [ERROR] LogOutputStream:75 - [STDERR_REDIRECT] 
2026-05-28 17:01:53,120 [ERROR] LogOutputStream:75 - [STDERR_REDIRECT] [Fatal Error] :1:1: Premature end of file.
2026-05-28 17:01:53,120 [ERROR] LogOutputStream:75 - [STDERR_REDIRECT] 
2026-05-28 17:01:54,127 [ERROR] LogOutputStream:75 - [STDERR_REDIRECT] [Fatal Error] :1:1: Premature end of file.
2026-05-28 17:01:54,127 [ERROR] LogOutputStream:75 - [STDERR_REDIRECT] 
2026-05-28 17:01:55,113 [ERROR] LogOutputStream:75 - [STDERR_REDIRECT] [Fatal Error] :1:1: Premature end of file.
2026-05-28 17:01:55,113 [ERROR] LogOutputStream:75 - [STDERR_REDIRECT] 
2026-05-28 17:01:56,115 [ERROR] LogOutputStream:75 - [STDERR_REDIRECT] [Fatal Error] :1:1: Premature end of file.
2026-05-28 17:01:56,116 [ERROR] LogOutputStream:75 - [STDERR_REDIRECT] 
2026-05-28 17:01:57,121 [ERROR] LogOutputStream:75 - [STDERR_REDIRECT] [Fatal Error] :1:1: Premature end of file.
2026-05-28 17:01:57,121 [ERROR] LogOutputStream:75 - [STDERR_REDIRECT] 
2026-05-28 17:01:58,120 [ERROR] LogOutputStream:75 - [STDERR_REDIRECT] [Fatal Error] :1:1: Premature end of file.
2026-05-28 17:01:58,120 [ERROR] LogOutputStream:75 - [STDERR_REDIRECT] 
2026-05-28 17:01:59,117 [ERROR] LogOutputStream:75 - [STDERR_REDIRECT] [Fatal Error] :1:1: Premature end of file.
2026-05-28 17:01:59,118 [ERROR] LogOutputStream:75 - [STDERR_REDIRECT] 
2026-05-28 17:02:00,120 [ERROR] LogOutputStream:75 - [STDERR_REDIRECT] [Fatal Error] :1:1: Premature end of file.
2026-05-28 17:02:00,120 [ERROR] LogOutputStream:75 - [STDERR_REDIRECT] 
2026-05-28 17:02:01,107 [ERROR] LogOutputStream:75 - [STDERR_REDIRECT] [Fatal Error] :1:1: Premature end of file.
2026-05-28 17:02:01,107 [ERROR] LogOutputStream:75 - [STDERR_REDIRECT] 
2026-05-28 17:02:02,109 [ERROR] LogOutputStream:75 - [STDERR_REDIRECT] [Fatal Error] :1:1: Premature end of file.
2026-05-28 17:02:02,109 [ERROR] LogOutputStream:75 - [STDERR_REDIRECT] 
2026-05-28 17:02:03,108 [ERROR] LogOutputStream:75 - [STDERR_REDIRECT] [Fatal Error] :1:1: Premature end of file.
2026-05-28 17:02:03,108 [ERROR] LogOutputStream:75 - [STDERR_REDIRECT] 
2026-05-28 17:02:04,119 [ERROR] LogOutputStream:75 - [STDERR_REDIRECT] [Fatal Error] :1:1: Premature end of file.
2026-05-28 17:02:04,119 [ERROR] LogOutputStream:75 - [STDERR_REDIRECT] 
2026-05-28 17:02:05,111 [ERROR] LogOutputStream:75 - [STDERR_REDIRECT] [Fatal Error] :1:1: Premature end of file.
2026-05-28 17:02:05,111 [ERROR] LogOutputStream:75 - [STDERR_REDIRECT] 
2026-05-28 17:02:06,108 [ERROR] LogOutputStream:75 - [STDERR_REDIRECT] [Fatal Error] :1:1: Premature end of file.
2026-05-28 17:02:06,108 [ERROR] LogOutputStream:75 - [STDERR_REDIRECT] 
2026-05-28 17:02:07,118 [ERROR] LogOutputStream:75 - [STDERR_REDIRECT] [Fatal Error] :1:1: Premature end of file.
2026-05-28 17:02:07,118 [ERROR] LogOutputStream:75 - [STDERR_REDIRECT] 
2026-05-28 17:02:08,116 [ERROR] LogOutputStream:75 - [STDERR_REDIRECT] [Fatal Error] :1:1: Premature end of file.
2026-05-28 17:02:08,116 [ERROR] LogOutputStream:75 - [STDERR_REDIRECT] 
2026-05-28 17:02:09,121 [ERROR] LogOutputStream:75 - [STDERR_REDIRECT] [Fatal Error] :1:1: Premature end of file.
2026-05-28 17:02:09,121 [ERROR] LogOutputStream:75 - [STDERR_REDIRECT] 
2026-05-28 17:02:10,112 [ERROR] LogOutputStream:75 - [STDERR_REDIRECT] [Fatal Error] :1:1: Premature end of file.
2026-05-28 17:02:10,113 [ERROR] LogOutputStream:75 - [STDERR_REDIRECT] 
2026-05-28 17:02:11,123 [ERROR] LogOutputStream:75 - [STDERR_REDIRECT] [Fatal Error] :1:1: Premature end of file.
2026-05-28 17:02:11,123 [ERROR] LogOutputStream:75 - [STDERR_REDIRECT] 
2026-05-28 17:02:12,119 [ERROR] LogOutputStream:75 - [STDERR_REDIRECT] [Fatal Error] :1:1: Premature end of file.
2026-05-28 17:02:12,119 [ERROR] LogOutputStream:75 - [STDERR_REDIRECT] 
2026-05-28 17:02:13,119 [ERROR] LogOutputStream:75 - [STDERR_REDIRECT] [Fatal Error] :1:1: Premature end of file.
2026-05-28 17:02:13,119 [ERROR] LogOutputStream:75 - [STDERR_REDIRECT] 
2026-05-28 17:02:14,116 [ERROR] LogOutputStream:75 - [STDERR_REDIRECT] [Fatal Error] :1:1: Premature end of file.
2026-05-28 17:02:14,117 [ERROR] LogOutputStream:75 - [STDERR_REDIRECT] 
2026-05-28 17:02:15,121 [ERROR] LogOutputStream:75 - [STDERR_REDIRECT] [Fatal Error] :1:1: Premature end of file.
2026-05-28 17:02:15,121 [ERROR] LogOutputStream:75 - [STDERR_REDIRECT] 
2026-05-28 17:02:16,117 [ERROR] LogOutputStream:75 - [STDERR_REDIRECT] [Fatal Error] :1:1: Premature end of file.
2026-05-28 17:02:16,117 [ERROR] LogOutputStream:75 - [STDERR_REDIRECT] 
2026-05-28 17:02:17,116 [ERROR] LogOutputStream:75 - [STDERR_REDIRECT] [Fatal Error] :1:1: Premature end of file.
2026-05-28 17:02:17,116 [ERROR] LogOutputStream:75 - [STDERR_REDIRECT] 
2026-05-28 17:02:18,116 [ERROR] LogOutputStream:75 - [STDERR_REDIRECT] [Fatal Error] :1:1: Premature end of file.
2026-05-28 17:02:18,116 [ERROR] LogOutputStream:75 - [STDERR_REDIRECT] 
2026-05-28 17:02:19,122 [ERROR] LogOutputStream:75 - [STDERR_REDIRECT] [Fatal Error] :1:1: Premature end of file.
2026-05-28 17:02:19,122 [ERROR] LogOutputStream:75 - [STDERR_REDIRECT] 
2026-05-28 17:02:20,118 [ERROR] LogOutputStream:75 - [STDERR_REDIRECT] [Fatal Error] :1:1: Premature end of file.
2026-05-28 17:02:20,118 [ERROR] LogOutputStream:75 - [STDERR_REDIRECT] 
2026-05-28 17:02:21,125 [ERROR] LogOutputStream:75 - [STDERR_REDIRECT] [Fatal Error] :1:1: Premature end of file.
2026-05-28 17:02:21,125 [ERROR] LogOutputStream:75 - [STDERR_REDIRECT] 
2026-05-28 17:02:22,122 [ERROR] LogOutputStream:75 - [STDERR_REDIRECT] [Fatal Error] :1:1: Premature end of file.
2026-05-28 17:02:22,122 [ERROR] LogOutputStream:75 - [STDERR_REDIRECT] 
2026-05-28 17:02:23,123 [ERROR] LogOutputStream:75 - [STDERR_REDIRECT] [Fatal Error] :1:1: Premature end of file.
2026-05-28 17:02:23,123 [ERROR] LogOutputStream:75 - [STDERR_REDIRECT] 
2026-05-28 17:02:24,116 [ERROR] LogOutputStream:75 - [STDERR_REDIRECT] [Fatal Error] :1:1: Premature end of file.
2026-05-28 17:02:24,116 [ERROR] LogOutputStream:75 - [STDERR_REDIRECT] 
2026-05-28 17:02:25,118 [ERROR] LogOutputStream:75 - [STDERR_REDIRECT] [Fatal Error] :1:1: Premature end of file.
2026-05-28 17:02:25,119 [ERROR] LogOutputStream:75 - [STDERR_REDIRECT] 
2026-05-28 17:02:26,115 [ERROR] LogOutputStream:75 - [STDERR_REDIRECT] [Fatal Error] :1:1: Premature end of file.
2026-05-28 17:02:26,115 [ERROR] LogOutputStream:75 - [STDERR_REDIRECT] 
2026-05-28 17:02:27,110 [ERROR] LogOutputStream:75 - [STDERR_REDIRECT] [Fatal Error] :1:1: Premature end of file.
2026-05-28 17:02:27,111 [ERROR] LogOutputStream:75 - [STDERR_REDIRECT] 
2026-05-28 17:02:28,122 [ERROR] LogOutputStream:75 - [STDERR_REDIRECT] [Fatal Error] :1:1: Premature end of file.
2026-05-28 17:02:28,123 [ERROR] LogOutputStream:75 - [STDERR_REDIRECT] 
2026-05-28 17:02:29,113 [ERROR] LogOutputStream:75 - [STDERR_REDIRECT] [Fatal Error] :1:1: Premature end of file.
2026-05-28 17:02:29,113 [ERROR] LogOutputStream:75 - [STDERR_REDIRECT] 
2026-05-28 17:02:30,114 [ERROR] LogOutputStream:75 - [STDERR_REDIRECT] [Fatal Error] :1:1: Premature end of file.
2026-05-28 17:02:30,115 [ERROR] LogOutputStream:75 - [STDERR_REDIRECT] 
2026-05-28 17:02:31,107 [ERROR] LogOutputStream:75 - [STDERR_REDIRECT] [Fatal Error] :1:1: Premature end of file.
2026-05-28 17:02:31,107 [ERROR] LogOutputStream:75 - [STDERR_REDIRECT] 
2026-05-28 17:02:32,117 [ERROR] LogOutputStream:75 - [STDERR_REDIRECT] [Fatal Error] :1:1: Premature end of file.
2026-05-28 17:02:32,118 [ERROR] LogOutputStream:75 - [STDERR_REDIRECT] 
2026-05-28 17:02:33,143 [ERROR] LogOutputStream:75 - [STDERR_REDIRECT] [Fatal Error] :1:1: Premature end of file.
2026-05-28 17:02:33,144 [ERROR] LogOutputStream:75 - [STDERR_REDIRECT] 
2026-05-28 17:02:34,124 [ERROR] LogOutputStream:75 - [STDERR_REDIRECT] [Fatal Error] :1:1: Premature end of file.
2026-05-28 17:02:34,124 [ERROR] LogOutputStream:75 - [STDERR_REDIRECT] 
2026-05-28 17:02:35,118 [ERROR] LogOutputStream:75 - [STDERR_REDIRECT] [Fatal Error] :1:1: Premature end of file.
2026-05-28 17:02:35,118 [ERROR] LogOutputStream:75 - [STDERR_REDIRECT] 
2026-05-28 17:02:36,120 [ERROR] LogOutputStream:75 - [STDERR_REDIRECT] [Fatal Error] :1:1: Premature end of file.
2026-05-28 17:02:36,120 [ERROR] LogOutputStream:75 - [STDERR_REDIRECT] 
2026-05-28 17:02:37,122 [ERROR] LogOutputStream:75 - [STDERR_REDIRECT] [Fatal Error] :1:1: Premature end of file.
2026-05-28 17:02:37,123 [ERROR] LogOutputStream:75 - [STDERR_REDIRECT] 
2026-05-28 17:02:38,117 [ERROR] LogOutputStream:75 - [STDERR_REDIRECT] [Fatal Error] :1:1: Premature end of file.
2026-05-28 17:02:38,117 [ERROR] LogOutputStream:75 - [STDERR_REDIRECT] 
2026-05-28 17:02:39,115 [ERROR] LogOutputStream:75 - [STDERR_REDIRECT] [Fatal Error] :1:1: Premature end of file.
2026-05-28 17:02:39,115 [ERROR] LogOutputStream:75 - [STDERR_REDIRECT] 
2026-05-28 17:02:40,119 [ERROR] LogOutputStream:75 - [STDERR_REDIRECT] [Fatal Error] :1:1: Premature end of file.
2026-05-28 17:02:40,119 [ERROR] LogOutputStream:75 - [STDERR_REDIRECT] 
2026-05-28 17:02:41,120 [ERROR] LogOutputStream:75 - [STDERR_REDIRECT] [Fatal Error] :1:1: Premature end of file.
2026-05-28 17:02:41,120 [ERROR] LogOutputStream:75 - [STDERR_REDIRECT] 
2026-05-28 17:02:42,119 [ERROR] LogOutputStream:75 - [STDERR_REDIRECT] [Fatal Error] :1:1: Premature end of file.
2026-05-28 17:02:42,119 [ERROR] LogOutputStream:75 - [STDERR_REDIRECT] 
2026-05-28 17:02:43,118 [ERROR] LogOutputStream:75 - [STDERR_REDIRECT] [Fatal Error] :1:1: Premature end of file.
2026-05-28 17:02:43,118 [ERROR] LogOutputStream:75 - [STDERR_REDIRECT] 
2026-05-28 17:02:44,118 [ERROR] LogOutputStream:75 - [STDERR_REDIRECT] [Fatal Error] :1:1: Premature end of file.
2026-05-28 17:02:44,118 [ERROR] LogOutputStream:75 - [STDERR_REDIRECT] 
2026-05-28 17:02:45,115 [ERROR] LogOutputStream:75 - [STDERR_REDIRECT] [Fatal Error] :1:1: Premature end of file.
2026-05-28 17:02:45,115 [ERROR] LogOutputStream:75 - [STDERR_REDIRECT] 
2026-05-28 17:02:46,116 [ERROR] LogOutputStream:75 - [STDERR_REDIRECT] [Fatal Error] :1:1: Premature end of file.
2026-05-28 17:02:46,116 [ERROR] LogOutputStream:75 - [STDERR_REDIRECT] 
2026-05-28 17:02:47,118 [ERROR] LogOutputStream:75 - [STDERR_REDIRECT] [Fatal Error] :1:1: Premature end of file.
2026-05-28 17:02:47,119 [ERROR] LogOutputStream:75 - [STDERR_REDIRECT] 
2026-05-28 17:02:48,122 [ERROR] LogOutputStream:75 - [STDERR_REDIRECT] [Fatal Error] :1:1: Premature end of file.
2026-05-28 17:02:48,122 [ERROR] LogOutputStream:75 - [STDERR_REDIRECT] 
2026-05-28 17:02:49,119 [ERROR] LogOutputStream:75 - [STDERR_REDIRECT] [Fatal Error] :1:1: Premature end of file.
2026-05-28 17:02:49,119 [ERROR] LogOutputStream:75 - [STDERR_REDIRECT] 
2026-05-28 17:02:50,118 [ERROR] LogOutputStream:75 - [STDERR_REDIRECT] [Fatal Error] :1:1: Premature end of file.
2026-05-28 17:02:50,118 [ERROR] LogOutputStream:75 - [STDERR_REDIRECT] 
2026-05-28 17:02:51,127 [ERROR] LogOutputStream:75 - [STDERR_REDIRECT] [Fatal Error] :1:1: Premature end of file.
2026-05-28 17:02:51,127 [ERROR] LogOutputStream:75 - [STDERR_REDIRECT] 
2026-05-28 17:02:52,108 [ERROR] LogOutputStream:75 - [STDERR_REDIRECT] [Fatal Error] :1:1: Premature end of file.
2026-05-28 17:02:52,110 [ERROR] LogOutputStream:75 - [STDERR_REDIRECT] 
2026-05-28 17:02:53,110 [ERROR] LogOutputStream:75 - [STDERR_REDIRECT] [Fatal Error] :1:1: Premature end of file.
2026-05-28 17:02:53,110 [ERROR] LogOutputStream:75 - [STDERR_REDIRECT] 
2026-05-28 17:02:54,111 [ERROR] LogOutputStream:75 - [STDERR_REDIRECT] [Fatal Error] :1:1: Premature end of file.
2026-05-28 17:02:54,111 [ERROR] LogOutputStream:75 - [STDERR_REDIRECT] 
2026-05-28 17:02:55,109 [ERROR] LogOutputStream:75 - [STDERR_REDIRECT] [Fatal Error] :1:1: Premature end of file.
2026-05-28 17:02:55,109 [ERROR] LogOutputStream:75 - [STDERR_REDIRECT] 
2026-05-28 17:02:56,107 [ERROR] LogOutputStream:75 - [STDERR_REDIRECT] [Fatal Error] :1:1: Premature end of file.
2026-05-28 17:02:56,107 [ERROR] LogOutputStream:75 - [STDERR_REDIRECT] 
2026-05-28 17:02:57,107 [ERROR] LogOutputStream:75 - [STDERR_REDIRECT] [Fatal Error] :1:1: Premature end of file.
2026-05-28 17:02:57,107 [ERROR] LogOutputStream:75 - [STDERR_REDIRECT] 
2026-05-28 17:02:58,106 [ERROR] LogOutputStream:75 - [STDERR_REDIRECT] [Fatal Error] :1:1: Premature end of file.
2026-05-28 17:02:58,106 [ERROR] LogOutputStream:75 - [STDERR_REDIRECT] 
2026-05-28 17:02:59,107 [ERROR] LogOutputStream:75 - [STDERR_REDIRECT] [Fatal Error] :1:1: Premature end of file.
2026-05-28 17:02:59,107 [ERROR] LogOutputStream:75 - [STDERR_REDIRECT] 
2026-05-28 17:03:00,109 [ERROR] LogOutputStream:75 - [STDERR_REDIRECT] [Fatal Error] :1:1: Premature end of file.
2026-05-28 17:03:00,109 [ERROR] LogOutputStream:75 - [STDERR_REDIRECT] 
2026-05-28 17:03:01,104 [ERROR] LogOutputStream:75 - [STDERR_REDIRECT] [Fatal Error] :1:1: Premature end of file.
2026-05-28 17:03:01,104 [ERROR] LogOutputStream:75 - [STDERR_REDIRECT] 
2026-05-28 17:03:02,112 [ERROR] LogOutputStream:75 - [STDERR_REDIRECT] [Fatal Error] :1:1: Premature end of file.
2026-05-28 17:03:02,112 [ERROR] LogOutputStream:75 - [STDERR_REDIRECT] 
2026-05-28 17:03:03,148 [ERROR] LogOutputStream:75 - [STDERR_REDIRECT] [Fatal Error] :1:1: Premature end of file.
2026-05-28 17:03:03,148 [ERROR] LogOutputStream:75 - [STDERR_REDIRECT] 
2026-05-28 17:03:04,098 [ERROR] LogOutputStream:75 - [STDERR_REDIRECT] [Fatal Error] :1:1: Premature end of file.
2026-05-28 17:03:04,098 [ERROR] LogOutputStream:75 - [STDERR_REDIRECT] 
2026-05-28 17:03:05,107 [ERROR] LogOutputStream:75 - [STDERR_REDIRECT] [Fatal Error] :1:1: Premature end of file.
2026-05-28 17:03:05,107 [ERROR] LogOutputStream:75 - [STDERR_REDIRECT] 
2026-05-28 17:03:06,104 [ERROR] LogOutputStream:75 - [STDERR_REDIRECT] [Fatal Error] :1:1: Premature end of file.
2026-05-28 17:03:06,104 [ERROR] LogOutputStream:75 - [STDERR_REDIRECT] 
2026-05-28 17:03:07,113 [ERROR] LogOutputStream:75 - [STDERR_REDIRECT] [Fatal Error] :1:1: Premature end of file.
2026-05-28 17:03:07,113 [ERROR] LogOutputStream:75 - [STDERR_REDIRECT] 
2026-05-28 17:03:08,103 [ERROR] LogOutputStream:75 - [STDERR_REDIRECT] [Fatal Error] :1:1: Premature end of file.
2026-05-28 17:03:08,103 [ERROR] LogOutputStream:75 - [STDERR_REDIRECT] 
2026-05-28 17:03:09,103 [ERROR] LogOutputStream:75 - [STDERR_REDIRECT] [Fatal Error] :1:1: Premature end of file.
2026-05-28 17:03:09,103 [ERROR] LogOutputStream:75 - [STDERR_REDIRECT] 
2026-05-28 17:03:10,107 [ERROR] LogOutputStream:75 - [STDERR_REDIRECT] [Fatal Error] :1:1: Premature end of file.
2026-05-28 17:03:10,107 [ERROR] LogOutputStream:75 - [STDERR_REDIRECT] 
2026-05-28 17:03:11,103 [ERROR] LogOutputStream:75 - [STDERR_REDIRECT] [Fatal Error] :1:1: Premature end of file.
2026-05-28 17:03:11,103 [ERROR] LogOutputStream:75 - [STDERR_REDIRECT] 
2026-05-28 17:03:12,109 [ERROR] LogOutputStream:75 - [STDERR_REDIRECT] [Fatal Error] :1:1: Premature end of file.
2026-05-28 17:03:12,109 [ERROR] LogOutputStream:75 - [STDERR_REDIRECT] 
2026-05-28 17:03:13,102 [ERROR] LogOutputStream:75 - [STDERR_REDIRECT] [Fatal Error] :1:1: Premature end of file.
2026-05-28 17:03:13,102 [ERROR] LogOutputStream:75 - [STDERR_REDIRECT] 
2026-05-28 17:03:14,103 [ERROR] LogOutputStream:75 - [STDERR_REDIRECT] [Fatal Error] :1:1: Premature end of file.
2026-05-28 17:03:14,103 [ERROR] LogOutputStream:75 - [STDERR_REDIRECT] 
2026-05-28 17:03:15,106 [ERROR] LogOutputStream:75 - [STDERR_REDIRECT] [Fatal Error] :1:1: Premature end of file.
2026-05-28 17:03:15,106 [ERROR] LogOutputStream:75 - [STDERR_REDIRECT] 
2026-05-28 17:03:16,102 [ERROR] LogOutputStream:75 - [STDERR_REDIRECT] [Fatal Error] :1:1: Premature end of file.
2026-05-28 17:03:16,103 [ERROR] LogOutputStream:75 - [STDERR_REDIRECT] 
2026-05-28 17:03:17,109 [ERROR] LogOutputStream:75 - [STDERR_REDIRECT] [Fatal Error] :1:1: Premature end of file.
2026-05-28 17:03:17,109 [ERROR] LogOutputStream:75 - [STDERR_REDIRECT] 
2026-05-28 17:03:18,105 [ERROR] LogOutputStream:75 - [STDERR_REDIRECT] [Fatal Error] :1:1: Premature end of file.
2026-05-28 17:03:18,106 [ERROR] LogOutputStream:75 - [STDERR_REDIRECT] 
2026-05-28 17:03:19,105 [ERROR] LogOutputStream:75 - [STDERR_REDIRECT] [Fatal Error] :1:1: Premature end of file.
2026-05-28 17:03:19,105 [ERROR] LogOutputStream:75 - [STDERR_REDIRECT] 
2026-05-28 17:03:20,125 [ERROR] LogOutputStream:75 - [STDERR_REDIRECT] [Fatal Error] :1:1: Premature end of file.
2026-05-28 17:03:20,126 [ERROR] LogOutputStream:75 - [STDERR_REDIRECT] 
2026-05-28 17:03:21,106 [ERROR] LogOutputStream:75 - [STDERR_REDIRECT] [Fatal Error] :1:1: Premature end of file.
2026-05-28 17:03:21,106 [ERROR] LogOutputStream:75 - [STDERR_REDIRECT] 
2026-05-28 17:03:22,117 [ERROR] LogOutputStream:75 - [STDERR_REDIRECT] [Fatal Error] :1:1: Premature end of file.
2026-05-28 17:03:22,117 [ERROR] LogOutputStream:75 - [STDERR_REDIRECT] 
2026-05-28 17:03:23,117 [ERROR] LogOutputStream:75 - [STDERR_REDIRECT] [Fatal Error] :1:1: Premature end of file.
2026-05-28 17:03:23,117 [ERROR] LogOutputStream:75 - [STDERR_REDIRECT] 
2026-05-28 17:03:24,109 [ERROR] LogOutputStream:75 - [STDERR_REDIRECT] [Fatal Error] :1:1: Premature end of file.
2026-05-28 17:03:24,109 [ERROR] LogOutputStream:75 - [STDERR_REDIRECT] 
2026-05-28 17:03:25,112 [ERROR] LogOutputStream:75 - [STDERR_REDIRECT] [Fatal Error] :1:1: Premature end of file.
2026-05-28 17:03:25,112 [ERROR] LogOutputStream:75 - [STDERR_REDIRECT] 
2026-05-28 17:03:26,119 [ERROR] LogOutputStream:75 - [STDERR_REDIRECT] [Fatal Error] :1:1: Premature end of file.
2026-05-28 17:03:26,119 [ERROR] LogOutputStream:75 - [STDERR_REDIRECT] 
2026-05-28 17:03:27,115 [ERROR] LogOutputStream:75 - [STDERR_REDIRECT] [Fatal Error] :1:1: Premature end of file.
2026-05-28 17:03:27,115 [ERROR] LogOutputStream:75 - [STDERR_REDIRECT] 
2026-05-28 17:03:28,116 [ERROR] LogOutputStream:75 - [STDERR_REDIRECT] [Fatal Error] :1:1: Premature end of file.
2026-05-28 17:03:28,116 [ERROR] LogOutputStream:75 - [STDERR_REDIRECT] 
2026-05-28 17:03:29,122 [ERROR] LogOutputStream:75 - [STDERR_REDIRECT] [Fatal Error] :1:1: Premature end of file.
2026-05-28 17:03:29,122 [ERROR] LogOutputStream:75 - [STDERR_REDIRECT] 
2026-05-28 17:03:30,118 [ERROR] LogOutputStream:75 - [STDERR_REDIRECT] [Fatal Error] :1:1: Premature end of file.
2026-05-28 17:03:30,118 [ERROR] LogOutputStream:75 - [STDERR_REDIRECT] 
2026-05-28 17:03:31,119 [ERROR] LogOutputStream:75 - [STDERR_REDIRECT] [Fatal Error] :1:1: Premature end of file.
2026-05-28 17:03:31,119 [ERROR] LogOutputStream:75 - [STDERR_REDIRECT] 
2026-05-28 17:03:32,115 [ERROR] LogOutputStream:75 - [STDERR_REDIRECT] [Fatal Error] :1:1: Premature end of file.
2026-05-28 17:03:32,115 [ERROR] LogOutputStream:75 - [STDERR_REDIRECT] 
2026-05-28 17:03:33,119 [ERROR] LogOutputStream:75 - [STDERR_REDIRECT] [Fatal Error] :1:1: Premature end of file.
2026-05-28 17:03:33,119 [ERROR] LogOutputStream:75 - [STDERR_REDIRECT] 
2026-05-28 17:03:34,119 [ERROR] LogOutputStream:75 - [STDERR_REDIRECT] [Fatal Error] :1:1: Premature end of file.
2026-05-28 17:03:34,119 [ERROR] LogOutputStream:75 - [STDERR_REDIRECT] 
2026-05-28 17:03:35,120 [ERROR] LogOutputStream:75 - [STDERR_REDIRECT] [Fatal Error] :1:1: Premature end of file.
2026-05-28 17:03:35,120 [ERROR] LogOutputStream:75 - [STDERR_REDIRECT] 
2026-05-28 17:03:36,120 [ERROR] LogOutputStream:75 - [STDERR_REDIRECT] [Fatal Error] :1:1: Premature end of file.
2026-05-28 17:03:36,120 [ERROR] LogOutputStream:75 - [STDERR_REDIRECT] 
2026-05-28 17:03:37,116 [ERROR] LogOutputStream:75 - [STDERR_REDIRECT] [Fatal Error] :1:1: Premature end of file.
2026-05-28 17:03:37,117 [ERROR] LogOutputStream:75 - [STDERR_REDIRECT] 
2026-05-28 17:03:38,118 [ERROR] LogOutputStream:75 - [STDERR_REDIRECT] [Fatal Error] :1:1: Premature end of file.
2026-05-28 17:03:38,118 [ERROR] LogOutputStream:75 - [STDERR_REDIRECT] 
2026-05-28 17:03:39,119 [ERROR] LogOutputStream:75 - [STDERR_REDIRECT] [Fatal Error] :1:1: Premature end of file.
2026-05-28 17:03:39,119 [ERROR] LogOutputStream:75 - [STDERR_REDIRECT] 
2026-05-28 17:03:40,116 [ERROR] LogOutputStream:75 - [STDERR_REDIRECT] [Fatal Error] :1:1: Premature end of file.
2026-05-28 17:03:40,116 [ERROR] LogOutputStream:75 - [STDERR_REDIRECT] 
2026-05-28 17:03:41,121 [ERROR] LogOutputStream:75 - [STDERR_REDIRECT] [Fatal Error] :1:1: Premature end of file.
2026-05-28 17:03:41,122 [ERROR] LogOutputStream:75 - [STDERR_REDIRECT] 
2026-05-28 17:03:42,116 [ERROR] LogOutputStream:75 - [STDERR_REDIRECT] [Fatal Error] :1:1: Premature end of file.
2026-05-28 17:03:42,116 [ERROR] LogOutputStream:75 - [STDERR_REDIRECT] 
2026-05-28 17:03:43,119 [ERROR] LogOutputStream:75 - [STDERR_REDIRECT] [Fatal Error] :1:1: Premature end of file.
2026-05-28 17:03:43,119 [ERROR] LogOutputStream:75 - [STDERR_REDIRECT] 
2026-05-28 17:03:44,140 [ERROR] LogOutputStream:75 - [STDERR_REDIRECT] [Fatal Error] :1:1: Premature end of file.
2026-05-28 17:03:44,140 [ERROR] LogOutputStream:75 - [STDERR_REDIRECT] 
2026-05-28 17:03:45,118 [ERROR] LogOutputStream:75 - [STDERR_REDIRECT] [Fatal Error] :1:1: Premature end of file.
2026-05-28 17:03:45,118 [ERROR] LogOutputStream:75 - [STDERR_REDIRECT] 
2026-05-28 17:03:46,122 [ERROR] LogOutputStream:75 - [STDERR_REDIRECT] [Fatal Error] :1:1: Premature end of file.
2026-05-28 17:03:46,123 [ERROR] LogOutputStream:75 - [STDERR_REDIRECT] 
2026-05-28 17:03:47,138 [ERROR] LogOutputStream:75 - [STDERR_REDIRECT] [Fatal Error] :1:1: Premature end of file.
2026-05-28 17:03:47,139 [ERROR] LogOutputStream:75 - [STDERR_REDIRECT] 
2026-05-28 17:03:48,114 [ERROR] LogOutputStream:75 - [STDERR_REDIRECT] [Fatal Error] :1:1: Premature end of file.
2026-05-28 17:03:48,114 [ERROR] LogOutputStream:75 - [STDERR_REDIRECT] 
2026-05-28 17:03:49,123 [ERROR] LogOutputStream:75 - [STDERR_REDIRECT] [Fatal Error] :1:1: Premature end of file.
2026-05-28 17:03:49,124 [ERROR] LogOutputStream:75 - [STDERR_REDIRECT] 
2026-05-28 17:03:50,119 [ERROR] LogOutputStream:75 - [STDERR_REDIRECT] [Fatal Error] :1:1: Premature end of file.
2026-05-28 17:03:50,119 [ERROR] LogOutputStream:75 - [STDERR_REDIRECT] 
2026-05-28 17:03:51,114 [ERROR] LogOutputStream:75 - [STDERR_REDIRECT] [Fatal Error] :1:1: Premature end of file.
2026-05-28 17:03:51,114 [ERROR] LogOutputStream:75 - [STDERR_REDIRECT] 
2026-05-28 17:03:52,124 [ERROR] LogOutputStream:75 - [STDERR_REDIRECT] [Fatal Error] :1:1: Premature end of file.
2026-05-28 17:03:52,124 [ERROR] LogOutputStream:75 - [STDERR_REDIRECT] 
2026-05-28 17:03:53,118 [ERROR] LogOutputStream:75 - [STDERR_REDIRECT] [Fatal Error] :1:1: Premature end of file.
2026-05-28 17:03:53,118 [ERROR] LogOutputStream:75 - [STDERR_REDIRECT] 
2026-05-28 17:03:54,114 [ERROR] LogOutputStream:75 - [STDERR_REDIRECT] [Fatal Error] :1:1: Premature end of file.
2026-05-28 17:03:54,114 [ERROR] LogOutputStream:75 - [STDERR_REDIRECT] 
2026-05-28 17:03:55,117 [ERROR] LogOutputStream:75 - [STDERR_REDIRECT] [Fatal Error] :1:1: Premature end of file.
2026-05-28 17:03:55,117 [ERROR] LogOutputStream:75 - [STDERR_REDIRECT] 
2026-05-28 17:03:56,112 [ERROR] LogOutputStream:75 - [STDERR_REDIRECT] [Fatal Error] :1:1: Premature end of file.
2026-05-28 17:03:56,112 [ERROR] LogOutputStream:75 - [STDERR_REDIRECT] 
2026-05-28 17:03:57,117 [ERROR] LogOutputStream:75 - [STDERR_REDIRECT] [Fatal Error] :1:1: Premature end of file.
2026-05-28 17:03:57,117 [ERROR] LogOutputStream:75 - [STDERR_REDIRECT] 
2026-05-28 17:03:58,115 [ERROR] LogOutputStream:75 - [STDERR_REDIRECT] [Fatal Error] :1:1: Premature end of file.
2026-05-28 17:03:58,115 [ERROR] LogOutputStream:75 - [STDERR_REDIRECT] 
2026-05-28 17:03:59,118 [ERROR] LogOutputStream:75 - [STDERR_REDIRECT] [Fatal Error] :1:1: Premature end of file.
2026-05-28 17:03:59,118 [ERROR] LogOutputStream:75 - [STDERR_REDIRECT] 
2026-05-28 17:04:00,118 [ERROR] LogOutputStream:75 - [STDERR_REDIRECT] [Fatal Error] :1:1: Premature end of file.
2026-05-28 17:04:00,118 [ERROR] LogOutputStream:75 - [STDERR_REDIRECT] 
2026-05-28 17:04:01,118 [ERROR] LogOutputStream:75 - [STDERR_REDIRECT] [Fatal Error] :1:1: Premature end of file.
2026-05-28 17:04:01,118 [ERROR] LogOutputStream:75 - [STDERR_REDIRECT] 
2026-05-28 17:04:02,119 [ERROR] LogOutputStream:75 - [STDERR_REDIRECT] [Fatal Error] :1:1: Premature end of file.
2026-05-28 17:04:02,119 [ERROR] LogOutputStream:75 - [STDERR_REDIRECT] 
2026-05-28 17:04:03,124 [ERROR] LogOutputStream:75 - [STDERR_REDIRECT] [Fatal Error] :1:1: Premature end of file.
2026-05-28 17:04:03,124 [ERROR] LogOutputStream:75 - [STDERR_REDIRECT] 
2026-05-28 17:04:04,117 [ERROR] LogOutputStream:75 - [STDERR_REDIRECT] [Fatal Error] :1:1: Premature end of file.
2026-05-28 17:04:04,117 [ERROR] LogOutputStream:75 - [STDERR_REDIRECT] 
2026-05-28 17:04:05,114 [ERROR] LogOutputStream:75 - [STDERR_REDIRECT] [Fatal Error] :1:1: Premature end of file.
2026-05-28 17:04:05,114 [ERROR] LogOutputStream:75 - [STDERR_REDIRECT] 
2026-05-28 17:04:06,116 [ERROR] LogOutputStream:75 - [STDERR_REDIRECT] [Fatal Error] :1:1: Premature end of file.
2026-05-28 17:04:06,116 [ERROR] LogOutputStream:75 - [STDERR_REDIRECT] 
2026-05-28 17:04:07,116 [ERROR] LogOutputStream:75 - [STDERR_REDIRECT] [Fatal Error] :1:1: Premature end of file.
2026-05-28 17:04:07,116 [ERROR] LogOutputStream:75 - [STDERR_REDIRECT] 
2026-05-28 17:04:08,116 [ERROR] LogOutputStream:75 - [STDERR_REDIRECT] [Fatal Error] :1:1: Premature end of file.
2026-05-28 17:04:08,116 [ERROR] LogOutputStream:75 - [STDERR_REDIRECT] 
2026-05-28 17:04:09,119 [ERROR] LogOutputStream:75 - [STDERR_REDIRECT] [Fatal Error] :1:1: Premature end of file.
2026-05-28 17:04:09,119 [ERROR] LogOutputStream:75 - [STDERR_REDIRECT] 
2026-05-28 17:04:10,121 [ERROR] LogOutputStream:75 - [STDERR_REDIRECT] [Fatal Error] :1:1: Premature end of file.
2026-05-28 17:04:10,121 [ERROR] LogOutputStream:75 - [STDERR_REDIRECT] 
2026-05-28 17:04:11,117 [ERROR] LogOutputStream:75 - [STDERR_REDIRECT] [Fatal Error] :1:1: Premature end of file.
2026-05-28 17:04:11,118 [ERROR] LogOutputStream:75 - [STDERR_REDIRECT] 
2026-05-28 17:04:12,115 [ERROR] LogOutputStream:75 - [STDERR_REDIRECT] [Fatal Error] :1:1: Premature end of file.
2026-05-28 17:04:12,115 [ERROR] LogOutputStream:75 - [STDERR_REDIRECT] 
2026-05-28 17:04:13,116 [ERROR] LogOutputStream:75 - [STDERR_REDIRECT] [Fatal Error] :1:1: Premature end of file.
2026-05-28 17:04:13,116 [ERROR] LogOutputStream:75 - [STDERR_REDIRECT] 
2026-05-28 17:04:14,142 [ERROR] LogOutputStream:75 - [STDERR_REDIRECT] [Fatal Error] :1:1: Premature end of file.
2026-05-28 17:04:14,142 [ERROR] LogOutputStream:75 - [STDERR_REDIRECT] 
2026-05-28 17:04:15,126 [ERROR] LogOutputStream:75 - [STDERR_REDIRECT] [Fatal Error] :1:1: Premature end of file.
2026-05-28 17:04:15,126 [ERROR] LogOutputStream:75 - [STDERR_REDIRECT] 
2026-05-28 17:04:16,108 [ERROR] LogOutputStream:75 - [STDERR_REDIRECT] [Fatal Error] :1:1: Premature end of file.
2026-05-28 17:04:16,109 [ERROR] LogOutputStream:75 - [STDERR_REDIRECT] 
2026-05-28 17:04:17,107 [ERROR] LogOutputStream:75 - [STDERR_REDIRECT] [Fatal Error] :1:1: Premature end of file.
2026-05-28 17:04:17,107 [ERROR] LogOutputStream:75 - [STDERR_REDIRECT] 
2026-05-28 17:04:18,106 [ERROR] LogOutputStream:75 - [STDERR_REDIRECT] [Fatal Error] :1:1: Premature end of file.
2026-05-28 17:04:18,107 [ERROR] LogOutputStream:75 - [STDERR_REDIRECT] 
2026-05-28 17:04:19,115 [ERROR] LogOutputStream:75 - [STDERR_REDIRECT] [Fatal Error] :1:1: Premature end of file.
2026-05-28 17:04:19,115 [ERROR] LogOutputStream:75 - [STDERR_REDIRECT] 
2026-05-28 17:04:20,116 [ERROR] LogOutputStream:75 - [STDERR_REDIRECT] [Fatal Error] :1:1: Premature end of file.
2026-05-28 17:04:20,116 [ERROR] LogOutputStream:75 - [STDERR_REDIRECT] 
2026-05-28 17:04:21,117 [ERROR] LogOutputStream:75 - [STDERR_REDIRECT] [Fatal Error] :1:1: Premature end of file.
2026-05-28 17:04:21,117 [ERROR] LogOutputStream:75 - [STDERR_REDIRECT] 
2026-05-28 17:04:22,115 [ERROR] LogOutputStream:75 - [STDERR_REDIRECT] [Fatal Error] :1:1: Premature end of file.
2026-05-28 17:04:22,115 [ERROR] LogOutputStream:75 - [STDERR_REDIRECT] 
2026-05-28 17:04:23,372 [ERROR] LogOutputStream:75 - [STDERR_REDIRECT] [Fatal Error] :1:1: Premature end of file.
2026-05-28 17:04:23,372 [ERROR] LogOutputStream:75 - [STDERR_REDIRECT] 
2026-05-28 17:04:24,107 [ERROR] LogOutputStream:75 - [STDERR_REDIRECT] [Fatal Error] :1:1: Premature end of file.
2026-05-28 17:04:24,107 [ERROR] LogOutputStream:75 - [STDERR_REDIRECT] 
2026-05-28 17:04:25,106 [ERROR] LogOutputStream:75 - [STDERR_REDIRECT] [Fatal Error] :1:1: Premature end of file.
2026-05-28 17:04:25,106 [ERROR] LogOutputStream:75 - [STDERR_REDIRECT] 
2026-05-28 17:04:26,225 [ERROR] LogOutputStream:75 - [STDERR_REDIRECT] [Fatal Error] :1:1: Premature end of file.
2026-05-28 17:04:26,227 [ERROR] LogOutputStream:75 - [STDERR_REDIRECT] 
2026-05-28 17:04:27,109 [ERROR] LogOutputStream:75 - [STDERR_REDIRECT] [Fatal Error] :1:1: Premature end of file.
2026-05-28 17:04:27,110 [ERROR] LogOutputStream:75 - [STDERR_REDIRECT] 
2026-05-28 17:04:28,109 [ERROR] LogOutputStream:75 - [STDERR_REDIRECT] [Fatal Error] :1:1: Premature end of file.
2026-05-28 17:04:28,109 [ERROR] LogOutputStream:75 - [STDERR_REDIRECT] 
2026-05-28 17:04:29,115 [ERROR] LogOutputStream:75 - [STDERR_REDIRECT] [Fatal Error] :1:1: Premature end of file.
2026-05-28 17:04:29,117 [ERROR] LogOutputStream:75 - [STDERR_REDIRECT] 
2026-05-28 17:04:30,119 [ERROR] LogOutputStream:75 - [STDERR_REDIRECT] [Fatal Error] :1:1: Premature end of file.
2026-05-28 17:04:30,119 [ERROR] LogOutputStream:75 - [STDERR_REDIRECT] 
2026-05-28 17:04:31,119 [ERROR] LogOutputStream:75 - [STDERR_REDIRECT] [Fatal Error] :1:1: Premature end of file.
2026-05-28 17:04:31,119 [ERROR] LogOutputStream:75 - [STDERR_REDIRECT] 
2026-05-28 17:04:32,367 [ERROR] LogOutputStream:75 - [STDERR_REDIRECT] [Fatal Error] :1:1: Premature end of file.
2026-05-28 17:04:32,367 [ERROR] LogOutputStream:75 - [STDERR_REDIRECT] 
2026-05-28 17:04:33,112 [ERROR] LogOutputStream:75 - [STDERR_REDIRECT] [Fatal Error] :1:1: Premature end of file.
2026-05-28 17:04:33,112 [ERROR] LogOutputStream:75 - [STDERR_REDIRECT] 
2026-05-28 17:04:34,109 [ERROR] LogOutputStream:75 - [STDERR_REDIRECT] [Fatal Error] :1:1: Premature end of file.
2026-05-28 17:04:34,109 [ERROR] LogOutputStream:75 - [STDERR_REDIRECT] 
2026-05-28 17:04:35,115 [ERROR] LogOutputStream:75 - [STDERR_REDIRECT] [Fatal Error] :1:1: Premature end of file.
2026-05-28 17:04:35,115 [ERROR] LogOutputStream:75 - [STDERR_REDIRECT] 
2026-05-28 17:04:36,113 [ERROR] LogOutputStream:75 - [STDERR_REDIRECT] [Fatal Error] :1:1: Premature end of file.
2026-05-28 17:04:36,113 [ERROR] LogOutputStream:75 - [STDERR_REDIRECT] 
2026-05-28 17:04:37,111 [ERROR] LogOutputStream:75 - [STDERR_REDIRECT] [Fatal Error] :1:1: Premature end of file.
2026-05-28 17:04:37,111 [ERROR] LogOutputStream:75 - [STDERR_REDIRECT] 
2026-05-28 17:04:38,106 [ERROR] LogOutputStream:75 - [STDERR_REDIRECT] [Fatal Error] :1:1: Premature end of file.
2026-05-28 17:04:38,106 [ERROR] LogOutputStream:75 - [STDERR_REDIRECT] 
2026-05-28 17:04:39,123 [ERROR] LogOutputStream:75 - [STDERR_REDIRECT] [Fatal Error] :1:1: Premature end of file.
2026-05-28 17:04:39,123 [ERROR] LogOutputStream:75 - [STDERR_REDIRECT] 
2026-05-28 17:04:40,115 [ERROR] LogOutputStream:75 - [STDERR_REDIRECT] [Fatal Error] :1:1: Premature end of file.
2026-05-28 17:04:40,115 [ERROR] LogOutputStream:75 - [STDERR_REDIRECT] 
2026-05-28 17:04:41,120 [ERROR] LogOutputStream:75 - [STDERR_REDIRECT] [Fatal Error] :1:1: Premature end of file.
2026-05-28 17:04:41,120 [ERROR] LogOutputStream:75 - [STDERR_REDIRECT] 
2026-05-28 17:04:42,112 [ERROR] LogOutputStream:75 - [STDERR_REDIRECT] [Fatal Error] :1:1: Premature end of file.
2026-05-28 17:04:42,112 [ERROR] LogOutputStream:75 - [STDERR_REDIRECT] 
2026-05-28 17:04:43,120 [ERROR] LogOutputStream:75 - [STDERR_REDIRECT] [Fatal Error] :1:1: Premature end of file.
2026-05-28 17:04:43,120 [ERROR] LogOutputStream:75 - [STDERR_REDIRECT] 
2026-05-28 17:04:44,117 [ERROR] LogOutputStream:75 - [STDERR_REDIRECT] [Fatal Error] :1:1: Premature end of file.
2026-05-28 17:04:44,117 [ERROR] LogOutputStream:75 - [STDERR_REDIRECT] 
2026-05-28 17:04:45,107 [ERROR] LogOutputStream:75 - [STDERR_REDIRECT] [Fatal Error] :1:1: Premature end of file.
2026-05-28 17:04:45,107 [ERROR] LogOutputStream:75 - [STDERR_REDIRECT] 
2026-05-28 17:04:46,106 [ERROR] LogOutputStream:75 - [STDERR_REDIRECT] [Fatal Error] :1:1: Premature end of file.
2026-05-28 17:04:46,106 [ERROR] LogOutputStream:75 - [STDERR_REDIRECT] 
2026-05-28 17:04:47,115 [ERROR] LogOutputStream:75 - [STDERR_REDIRECT] [Fatal Error] :1:1: Premature end of file.
2026-05-28 17:04:47,115 [ERROR] LogOutputStream:75 - [STDERR_REDIRECT] 
2026-05-28 17:04:48,109 [ERROR] LogOutputStream:75 - [STDERR_REDIRECT] [Fatal Error] :1:1: Premature end of file.
2026-05-28 17:04:48,109 [ERROR] LogOutputStream:75 - [STDERR_REDIRECT] 
2026-05-28 17:04:49,125 [ERROR] LogOutputStream:75 - [STDERR_REDIRECT] [Fatal Error] :1:1: Premature end of file.
2026-05-28 17:04:49,125 [ERROR] LogOutputStream:75 - [STDERR_REDIRECT] 
2026-05-28 17:04:50,114 [ERROR] LogOutputStream:75 - [STDERR_REDIRECT] [Fatal Error] :1:1: Premature end of file.
2026-05-28 17:04:50,114 [ERROR] LogOutputStream:75 - [STDERR_REDIRECT] 
2026-05-28 17:04:51,110 [ERROR] LogOutputStream:75 - [STDERR_REDIRECT] [Fatal Error] :1:1: Premature end of file.
2026-05-28 17:04:51,110 [ERROR] LogOutputStream:75 - [STDERR_REDIRECT] 
2026-05-28 17:04:52,122 [ERROR] LogOutputStream:75 - [STDERR_REDIRECT] [Fatal Error] :1:1: Premature end of file.
2026-05-28 17:04:52,123 [ERROR] LogOutputStream:75 - [STDERR_REDIRECT] 
2026-05-28 17:04:53,124 [ERROR] LogOutputStream:75 - [STDERR_REDIRECT] [Fatal Error] :1:1: Premature end of file.
2026-05-28 17:04:53,124 [ERROR] LogOutputStream:75 - [STDERR_REDIRECT] 
2026-05-28 17:04:54,126 [ERROR] LogOutputStream:75 - [STDERR_REDIRECT] [Fatal Error] :1:1: Premature end of file.
2026-05-28 17:04:54,126 [ERROR] LogOutputStream:75 - [STDERR_REDIRECT] 
2026-05-28 17:04:55,126 [ERROR] LogOutputStream:75 - [STDERR_REDIRECT] [Fatal Error] :1:1: Premature end of file.
2026-05-28 17:04:55,126 [ERROR] LogOutputStream:75 - [STDERR_REDIRECT] 
2026-05-28 17:04:56,122 [ERROR] LogOutputStream:75 - [STDERR_REDIRECT] [Fatal Error] :1:1: Premature end of file.
2026-05-28 17:04:56,122 [ERROR] LogOutputStream:75 - [STDERR_REDIRECT] 
2026-05-28 17:04:57,126 [ERROR] LogOutputStream:75 - [STDERR_REDIRECT] [Fatal Error] :1:1: Premature end of file.
2026-05-28 17:04:57,126 [ERROR] LogOutputStream:75 - [STDERR_REDIRECT] 
2026-05-28 17:04:58,122 [ERROR] LogOutputStream:75 - [STDERR_REDIRECT] [Fatal Error] :1:1: Premature end of file.
2026-05-28 17:04:58,122 [ERROR] LogOutputStream:75 - [STDERR_REDIRECT] 
2026-05-28 17:04:59,128 [ERROR] LogOutputStream:75 - [STDERR_REDIRECT] [Fatal Error] :1:1: Premature end of file.
2026-05-28 17:04:59,128 [ERROR] LogOutputStream:75 - [STDERR_REDIRECT] 
2026-05-28 17:05:00,111 [ERROR] LogOutputStream:75 - [STDERR_REDIRECT] [Fatal Error] :1:1: Premature end of file.
2026-05-28 17:05:00,111 [ERROR] LogOutputStream:75 - [STDERR_REDIRECT] 
2026-05-28 17:05:01,109 [ERROR] LogOutputStream:75 - [STDERR_REDIRECT] [Fatal Error] :1:1: Premature end of file.
2026-05-28 17:05:01,109 [ERROR] LogOutputStream:75 - [STDERR_REDIRECT] 
2026-05-28 17:05:02,129 [ERROR] LogOutputStream:75 - [STDERR_REDIRECT] [Fatal Error] :1:1: Premature end of file.
2026-05-28 17:05:02,129 [ERROR] LogOutputStream:75 - [STDERR_REDIRECT] 
2026-05-28 17:05:03,128 [ERROR] LogOutputStream:75 - [STDERR_REDIRECT] [Fatal Error] :1:1: Premature end of file.
2026-05-28 17:05:03,128 [ERROR] LogOutputStream:75 - [STDERR_REDIRECT] 
2026-05-28 17:05:04,120 [ERROR] LogOutputStream:75 - [STDERR_REDIRECT] [Fatal Error] :1:1: Premature end of file.
2026-05-28 17:05:04,120 [ERROR] LogOutputStream:75 - [STDERR_REDIRECT] 
2026-05-28 17:05:05,123 [ERROR] LogOutputStream:75 - [STDERR_REDIRECT] [Fatal Error] :1:1: Premature end of file.
2026-05-28 17:05:05,123 [ERROR] LogOutputStream:75 - [STDERR_REDIRECT] 
2026-05-28 17:05:06,121 [ERROR] LogOutputStream:75 - [STDERR_REDIRECT] [Fatal Error] :1:1: Premature end of file.
2026-05-28 17:05:06,121 [ERROR] LogOutputStream:75 - [STDERR_REDIRECT] 
2026-05-28 17:05:07,126 [ERROR] LogOutputStream:75 - [STDERR_REDIRECT] [Fatal Error] :1:1: Premature end of file.
2026-05-28 17:05:07,126 [ERROR] LogOutputStream:75 - [STDERR_REDIRECT] 
2026-05-28 17:05:08,125 [ERROR] LogOutputStream:75 - [STDERR_REDIRECT] [Fatal Error] :1:1: Premature end of file.
2026-05-28 17:05:08,125 [ERROR] LogOutputStream:75 - [STDERR_REDIRECT] 
2026-05-28 17:05:09,127 [ERROR] LogOutputStream:75 - [STDERR_REDIRECT] [Fatal Error] :1:1: Premature end of file.
2026-05-28 17:05:09,127 [ERROR] LogOutputStream:75 - [STDERR_REDIRECT] 
2026-05-28 17:05:10,125 [ERROR] LogOutputStream:75 - [STDERR_REDIRECT] [Fatal Error] :1:1: Premature end of file.
2026-05-28 17:05:10,126 [ERROR] LogOutputStream:75 - [STDERR_REDIRECT] 
2026-05-28 17:05:11,120 [ERROR] LogOutputStream:75 - [STDERR_REDIRECT] [Fatal Error] :1:1: Premature end of file.
2026-05-28 17:05:11,121 [ERROR] LogOutputStream:75 - [STDERR_REDIRECT] 
2026-05-28 17:05:12,124 [ERROR] LogOutputStream:75 - [STDERR_REDIRECT] [Fatal Error] :1:1: Premature end of file.
2026-05-28 17:05:12,124 [ERROR] LogOutputStream:75 - [STDERR_REDIRECT] 
2026-05-28 17:05:13,122 [ERROR] LogOutputStream:75 - [STDERR_REDIRECT] [Fatal Error] :1:1: Premature end of file.
2026-05-28 17:05:13,122 [ERROR] LogOutputStream:75 - [STDERR_REDIRECT] 
2026-05-28 17:05:14,122 [ERROR] LogOutputStream:75 - [STDERR_REDIRECT] [Fatal Error] :1:1: Premature end of file.
2026-05-28 17:05:14,123 [ERROR] LogOutputStream:75 - [STDERR_REDIRECT] 
2026-05-28 17:05:15,127 [ERROR] LogOutputStream:75 - [STDERR_REDIRECT] [Fatal Error] :1:1: Premature end of file.
2026-05-28 17:05:15,127 [ERROR] LogOutputStream:75 - [STDERR_REDIRECT] 
2026-05-28 17:05:16,124 [ERROR] LogOutputStream:75 - [STDERR_REDIRECT] [Fatal Error] :1:1: Premature end of file.
2026-05-28 17:05:16,125 [ERROR] LogOutputStream:75 - [STDERR_REDIRECT] 
2026-05-28 17:05:17,121 [ERROR] LogOutputStream:75 - [STDERR_REDIRECT] [Fatal Error] :1:1: Premature end of file.
2026-05-28 17:05:17,121 [ERROR] LogOutputStream:75 - [STDERR_REDIRECT] 
2026-05-28 17:05:18,125 [ERROR] LogOutputStream:75 - [STDERR_REDIRECT] [Fatal Error] :1:1: Premature end of file.
2026-05-28 17:05:18,125 [ERROR] LogOutputStream:75 - [STDERR_REDIRECT] 
2026-05-28 17:05:19,114 [ERROR] LogOutputStream:75 - [STDERR_REDIRECT] [Fatal Error] :1:1: Premature end of file.
2026-05-28 17:05:19,114 [ERROR] LogOutputStream:75 - [STDERR_REDIRECT] 
2026-05-28 17:05:20,114 [ERROR] LogOutputStream:75 - [STDERR_REDIRECT] [Fatal Error] :1:1: Premature end of file.
2026-05-28 17:05:20,114 [ERROR] LogOutputStream:75 - [STDERR_REDIRECT] 
2026-05-28 17:05:21,123 [ERROR] LogOutputStream:75 - [STDERR_REDIRECT] [Fatal Error] :1:1: Premature end of file.
2026-05-28 17:05:21,123 [ERROR] LogOutputStream:75 - [STDERR_REDIRECT] 
2026-05-28 17:05:22,121 [ERROR] LogOutputStream:75 - [STDERR_REDIRECT] [Fatal Error] :1:1: Premature end of file.
2026-05-28 17:05:22,121 [ERROR] LogOutputStream:75 - [STDERR_REDIRECT] 
2026-05-28 17:05:23,120 [ERROR] LogOutputStream:75 - [STDERR_REDIRECT] [Fatal Error] :1:1: Premature end of file.
2026-05-28 17:05:23,120 [ERROR] LogOutputStream:75 - [STDERR_REDIRECT] 
2026-05-28 17:05:24,122 [ERROR] LogOutputStream:75 - [STDERR_REDIRECT] [Fatal Error] :1:1: Premature end of file.
2026-05-28 17:05:24,122 [ERROR] LogOutputStream:75 - [STDERR_REDIRECT] 
2026-05-28 17:05:25,124 [ERROR] LogOutputStream:75 - [STDERR_REDIRECT] [Fatal Error] :1:1: Premature end of file.
2026-05-28 17:05:25,124 [ERROR] LogOutputStream:75 - [STDERR_REDIRECT] 
2026-05-28 17:05:26,126 [ERROR] LogOutputStream:75 - [STDERR_REDIRECT] [Fatal Error] :1:1: Premature end of file.
2026-05-28 17:05:26,126 [ERROR] LogOutputStream:75 - [STDERR_REDIRECT] 
2026-05-28 17:05:27,119 [ERROR] LogOutputStream:75 - [STDERR_REDIRECT] [Fatal Error] :1:1: Premature end of file.
2026-05-28 17:05:27,120 [ERROR] LogOutputStream:75 - [STDERR_REDIRECT] 
2026-05-28 17:05:28,121 [ERROR] LogOutputStream:75 - [STDERR_REDIRECT] [Fatal Error] :1:1: Premature end of file.
2026-05-28 17:05:28,122 [ERROR] LogOutputStream:75 - [STDERR_REDIRECT] 
2026-05-28 17:05:29,121 [ERROR] LogOutputStream:75 - [STDERR_REDIRECT] [Fatal Error] :1:1: Premature end of file.
2026-05-28 17:05:29,122 [ERROR] LogOutputStream:75 - [STDERR_REDIRECT] 
2026-05-28 17:05:30,122 [ERROR] LogOutputStream:75 - [STDERR_REDIRECT] [Fatal Error] :1:1: Premature end of file.
2026-05-28 17:05:30,123 [ERROR] LogOutputStream:75 - [STDERR_REDIRECT] 
2026-05-28 17:05:31,121 [ERROR] LogOutputStream:75 - [STDERR_REDIRECT] [Fatal Error] :1:1: Premature end of file.
2026-05-28 17:05:31,122 [ERROR] LogOutputStream:75 - [STDERR_REDIRECT] 
2026-05-28 17:05:32,131 [ERROR] LogOutputStream:75 - [STDERR_REDIRECT] [Fatal Error] :1:1: Premature end of file.
2026-05-28 17:05:32,131 [ERROR] LogOutputStream:75 - [STDERR_REDIRECT] 
2026-05-28 17:05:33,126 [ERROR] LogOutputStream:75 - [STDERR_REDIRECT] [Fatal Error] :1:1: Premature end of file.
2026-05-28 17:05:33,127 [ERROR] LogOutputStream:75 - [STDERR_REDIRECT] 
2026-05-28 17:05:34,124 [ERROR] LogOutputStream:75 - [STDERR_REDIRECT] [Fatal Error] :1:1: Premature end of file.
2026-05-28 17:05:34,124 [ERROR] LogOutputStream:75 - [STDERR_REDIRECT] 
2026-05-28 17:05:35,131 [ERROR] LogOutputStream:75 - [STDERR_REDIRECT] [Fatal Error] :1:1: Premature end of file.
2026-05-28 17:05:35,131 [ERROR] LogOutputStream:75 - [STDERR_REDIRECT] 
2026-05-28 17:05:36,126 [ERROR] LogOutputStream:75 - [STDERR_REDIRECT] [Fatal Error] :1:1: Premature end of file.
2026-05-28 17:05:36,126 [ERROR] LogOutputStream:75 - [STDERR_REDIRECT] 
2026-05-28 17:05:37,123 [ERROR] LogOutputStream:75 - [STDERR_REDIRECT] [Fatal Error] :1:1: Premature end of file.
2026-05-28 17:05:37,123 [ERROR] LogOutputStream:75 - [STDERR_REDIRECT] 
2026-05-28 17:05:38,122 [ERROR] LogOutputStream:75 - [STDERR_REDIRECT] [Fatal Error] :1:1: Premature end of file.
2026-05-28 17:05:38,123 [ERROR] LogOutputStream:75 - [STDERR_REDIRECT] 
2026-05-28 17:05:39,134 [ERROR] LogOutputStream:75 - [STDERR_REDIRECT] [Fatal Error] :1:1: Premature end of file.
2026-05-28 17:05:39,135 [ERROR] LogOutputStream:75 - [STDERR_REDIRECT] 
2026-05-28 17:05:40,123 [ERROR] LogOutputStream:75 - [STDERR_REDIRECT] [Fatal Error] :1:1: Premature end of file.
2026-05-28 17:05:40,123 [ERROR] LogOutputStream:75 - [STDERR_REDIRECT] 
2026-05-28 17:05:41,123 [ERROR] LogOutputStream:75 - [STDERR_REDIRECT] [Fatal Error] :1:1: Premature end of file.
2026-05-28 17:05:41,123 [ERROR] LogOutputStream:75 - [STDERR_REDIRECT] 
2026-05-28 17:05:42,125 [ERROR] LogOutputStream:75 - [STDERR_REDIRECT] [Fatal Error] :1:1: Premature end of file.
2026-05-28 17:05:42,125 [ERROR] LogOutputStream:75 - [STDERR_REDIRECT] 
2026-05-28 17:05:43,125 [ERROR] LogOutputStream:75 - [STDERR_REDIRECT] [Fatal Error] :1:1: Premature end of file.
2026-05-28 17:05:43,125 [ERROR] LogOutputStream:75 - [STDERR_REDIRECT] 
2026-05-28 17:05:44,122 [ERROR] LogOutputStream:75 - [STDERR_REDIRECT] [Fatal Error] :1:1: Premature end of file.
2026-05-28 17:05:44,122 [ERROR] LogOutputStream:75 - [STDERR_REDIRECT] 
2026-05-28 17:05:45,121 [ERROR] LogOutputStream:75 - [STDERR_REDIRECT] [Fatal Error] :1:1: Premature end of file.
2026-05-28 17:05:45,121 [ERROR] LogOutputStream:75 - [STDERR_REDIRECT] 
2026-05-28 17:05:46,125 [ERROR] LogOutputStream:75 - [STDERR_REDIRECT] [Fatal Error] :1:1: Premature end of file.
2026-05-28 17:05:46,125 [ERROR] LogOutputStream:75 - [STDERR_REDIRECT] 
2026-05-28 17:05:47,126 [ERROR] LogOutputStream:75 - [STDERR_REDIRECT] [Fatal Error] :1:1: Premature end of file.
2026-05-28 17:05:47,126 [ERROR] LogOutputStream:75 - [STDERR_REDIRECT] 
2026-05-28 17:05:48,122 [ERROR] LogOutputStream:75 - [STDERR_REDIRECT] [Fatal Error] :1:1: Premature end of file.
2026-05-28 17:05:48,122 [ERROR] LogOutputStream:75 - [STDERR_REDIRECT] 
2026-05-28 17:05:49,123 [ERROR] LogOutputStream:75 - [STDERR_REDIRECT] [Fatal Error] :1:1: Premature end of file.
2026-05-28 17:05:49,124 [ERROR] LogOutputStream:75 - [STDERR_REDIRECT] 
2026-05-28 17:05:50,125 [ERROR] LogOutputStream:75 - [STDERR_REDIRECT] [Fatal Error] :1:1: Premature end of file.
2026-05-28 17:05:50,125 [ERROR] LogOutputStream:75 - [STDERR_REDIRECT] 
2026-05-28 17:05:51,120 [ERROR] LogOutputStream:75 - [STDERR_REDIRECT] [Fatal Error] :1:1: Premature end of file.
2026-05-28 17:05:51,120 [ERROR] LogOutputStream:75 - [STDERR_REDIRECT] 
2026-05-28 17:05:52,125 [ERROR] LogOutputStream:75 - [STDERR_REDIRECT] [Fatal Error] :1:1: Premature end of file.
2026-05-28 17:05:52,125 [ERROR] LogOutputStream:75 - [STDERR_REDIRECT] 
2026-05-28 17:05:53,122 [ERROR] LogOutputStream:75 - [STDERR_REDIRECT] [Fatal Error] :1:1: Premature end of file.
2026-05-28 17:05:53,122 [ERROR] LogOutputStream:75 - [STDERR_REDIRECT] 
2026-05-28 17:05:54,137 [ERROR] LogOutputStream:75 - [STDERR_REDIRECT] [Fatal Error] :1:1: Premature end of file.
2026-05-28 17:05:54,138 [ERROR] LogOutputStream:75 - [STDERR_REDIRECT] 
2026-05-28 17:05:55,124 [ERROR] LogOutputStream:75 - [STDERR_REDIRECT] [Fatal Error] :1:1: Premature end of file.
2026-05-28 17:05:55,125 [ERROR] LogOutputStream:75 - [STDERR_REDIRECT] 
2026-05-28 17:05:56,124 [ERROR] LogOutputStream:75 - [STDERR_REDIRECT] [Fatal Error] :1:1: Premature end of file.
2026-05-28 17:05:56,124 [ERROR] LogOutputStream:75 - [STDERR_REDIRECT] 
2026-05-28 17:05:57,123 [ERROR] LogOutputStream:75 - [STDERR_REDIRECT] [Fatal Error] :1:1: Premature end of file.
2026-05-28 17:05:57,123 [ERROR] LogOutputStream:75 - [STDERR_REDIRECT] 
2026-05-28 17:05:58,124 [ERROR] LogOutputStream:75 - [STDERR_REDIRECT] [Fatal Error] :1:1: Premature end of file.
2026-05-28 17:05:58,124 [ERROR] LogOutputStream:75 - [STDERR_REDIRECT] 
2026-05-28 17:05:59,126 [ERROR] LogOutputStream:75 - [STDERR_REDIRECT] [Fatal Error] :1:1: Premature end of file.
2026-05-28 17:05:59,126 [ERROR] LogOutputStream:75 - [STDERR_REDIRECT] 
2026-05-28 17:06:00,124 [ERROR] LogOutputStream:75 - [STDERR_REDIRECT] [Fatal Error] :1:1: Premature end of file.
2026-05-28 17:06:00,124 [ERROR] LogOutputStream:75 - [STDERR_REDIRECT] 
2026-05-28 17:06:01,123 [ERROR] LogOutputStream:75 - [STDERR_REDIRECT] [Fatal Error] :1:1: Premature end of file.
2026-05-28 17:06:01,123 [ERROR] LogOutputStream:75 - [STDERR_REDIRECT] 
2026-05-28 17:06:02,127 [ERROR] LogOutputStream:75 - [STDERR_REDIRECT] [Fatal Error] :1:1: Premature end of file.
2026-05-28 17:06:02,127 [ERROR] LogOutputStream:75 - [STDERR_REDIRECT] 
2026-05-28 17:06:03,114 [ERROR] LogOutputStream:75 - [STDERR_REDIRECT] [Fatal Error] :1:1: Premature end of file.
2026-05-28 17:06:03,114 [ERROR] LogOutputStream:75 - [STDERR_REDIRECT] 
2026-05-28 17:06:04,125 [ERROR] LogOutputStream:75 - [STDERR_REDIRECT] [Fatal Error] :1:1: Premature end of file.
2026-05-28 17:06:04,125 [ERROR] LogOutputStream:75 - [STDERR_REDIRECT] 
2026-05-28 17:06:05,124 [ERROR] LogOutputStream:75 - [STDERR_REDIRECT] [Fatal Error] :1:1: Premature end of file.
2026-05-28 17:06:05,124 [ERROR] LogOutputStream:75 - [STDERR_REDIRECT] 
2026-05-28 17:06:06,118 [ERROR] LogOutputStream:75 - [STDERR_REDIRECT] [Fatal Error] :1:1: Premature end of file.
2026-05-28 17:06:06,118 [ERROR] LogOutputStream:75 - [STDERR_REDIRECT] 
2026-05-28 17:06:07,114 [ERROR] LogOutputStream:75 - [STDERR_REDIRECT] [Fatal Error] :1:1: Premature end of file.
2026-05-28 17:06:07,114 [ERROR] LogOutputStream:75 - [STDERR_REDIRECT] 
2026-05-28 17:06:08,148 [ERROR] LogOutputStream:75 - [STDERR_REDIRECT] [Fatal Error] :1:1: Premature end of file.
2026-05-28 17:06:08,148 [ERROR] LogOutputStream:75 - [STDERR_REDIRECT] 
2026-05-28 17:06:09,138 [ERROR] LogOutputStream:75 - [STDERR_REDIRECT] [Fatal Error] :1:1: Premature end of file.
2026-05-28 17:06:09,138 [ERROR] LogOutputStream:75 - [STDERR_REDIRECT] 
2026-05-28 17:06:10,113 [ERROR] LogOutputStream:75 - [STDERR_REDIRECT] [Fatal Error] :1:1: Premature end of file.
2026-05-28 17:06:10,113 [ERROR] LogOutputStream:75 - [STDERR_REDIRECT] 
2026-05-28 17:06:11,122 [ERROR] LogOutputStream:75 - [STDERR_REDIRECT] [Fatal Error] :1:1: Premature end of file.
2026-05-28 17:06:11,122 [ERROR] LogOutputStream:75 - [STDERR_REDIRECT] 
2026-05-28 17:06:12,121 [ERROR] LogOutputStream:75 - [STDERR_REDIRECT] [Fatal Error] :1:1: Premature end of file.
2026-05-28 17:06:12,121 [ERROR] LogOutputStream:75 - [STDERR_REDIRECT] 
2026-05-28 17:06:13,123 [ERROR] LogOutputStream:75 - [STDERR_REDIRECT] [Fatal Error] :1:1: Premature end of file.
2026-05-28 17:06:13,123 [ERROR] LogOutputStream:75 - [STDERR_REDIRECT] 
2026-05-28 17:06:14,122 [ERROR] LogOutputStream:75 - [STDERR_REDIRECT] [Fatal Error] :1:1: Premature end of file.
2026-05-28 17:06:14,122 [ERROR] LogOutputStream:75 - [STDERR_REDIRECT] 
2026-05-28 17:06:15,126 [ERROR] LogOutputStream:75 - [STDERR_REDIRECT] [Fatal Error] :1:1: Premature end of file.
2026-05-28 17:06:15,126 [ERROR] LogOutputStream:75 - [STDERR_REDIRECT] 
2026-05-28 17:06:16,123 [ERROR] LogOutputStream:75 - [STDERR_REDIRECT] [Fatal Error] :1:1: Premature end of file.
2026-05-28 17:06:16,123 [ERROR] LogOutputStream:75 - [STDERR_REDIRECT] 
2026-05-28 17:06:17,120 [ERROR] LogOutputStream:75 - [STDERR_REDIRECT] [Fatal Error] :1:1: Premature end of file.
2026-05-28 17:06:17,120 [ERROR] LogOutputStream:75 - [STDERR_REDIRECT] 
2026-05-28 17:06:18,125 [ERROR] LogOutputStream:75 - [STDERR_REDIRECT] [Fatal Error] :1:1: Premature end of file.
2026-05-28 17:06:18,125 [ERROR] LogOutputStream:75 - [STDERR_REDIRECT] 
2026-05-28 17:06:19,121 [ERROR] LogOutputStream:75 - [STDERR_REDIRECT] [Fatal Error] :1:1: Premature end of file.
2026-05-28 17:06:19,121 [ERROR] LogOutputStream:75 - [STDERR_REDIRECT] 
2026-05-28 17:06:20,121 [ERROR] LogOutputStream:75 - [STDERR_REDIRECT] [Fatal Error] :1:1: Premature end of file.
2026-05-28 17:06:20,121 [ERROR] LogOutputStream:75 - [STDERR_REDIRECT] 
2026-05-28 17:06:21,121 [ERROR] LogOutputStream:75 - [STDERR_REDIRECT] [Fatal Error] :1:1: Premature end of file.
2026-05-28 17:06:21,121 [ERROR] LogOutputStream:75 - [STDERR_REDIRECT] 
2026-05-28 17:06:22,127 [ERROR] LogOutputStream:75 - [STDERR_REDIRECT] [Fatal Error] :1:1: Premature end of file.
2026-05-28 17:06:22,128 [ERROR] LogOutputStream:75 - [STDERR_REDIRECT] 
2026-05-28 17:06:23,122 [ERROR] LogOutputStream:75 - [STDERR_REDIRECT] [Fatal Error] :1:1: Premature end of file.
2026-05-28 17:06:23,122 [ERROR] LogOutputStream:75 - [STDERR_REDIRECT] 
2026-05-28 17:06:24,122 [ERROR] LogOutputStream:75 - [STDERR_REDIRECT] [Fatal Error] :1:1: Premature end of file.
2026-05-28 17:06:24,122 [ERROR] LogOutputStream:75 - [STDERR_REDIRECT] 
2026-05-28 17:06:25,121 [ERROR] LogOutputStream:75 - [STDERR_REDIRECT] [Fatal Error] :1:1: Premature end of file.
2026-05-28 17:06:25,121 [ERROR] LogOutputStream:75 - [STDERR_REDIRECT] 
2026-05-28 17:06:26,127 [ERROR] LogOutputStream:75 - [STDERR_REDIRECT] [Fatal Error] :1:1: Premature end of file.
2026-05-28 17:06:26,127 [ERROR] LogOutputStream:75 - [STDERR_REDIRECT] 
2026-05-28 17:06:27,123 [ERROR] LogOutputStream:75 - [STDERR_REDIRECT] [Fatal Error] :1:1: Premature end of file.
2026-05-28 17:06:27,124 [ERROR] LogOutputStream:75 - [STDERR_REDIRECT] 
2026-05-28 17:06:28,126 [ERROR] LogOutputStream:75 - [STDERR_REDIRECT] [Fatal Error] :1:1: Premature end of file.
2026-05-28 17:06:28,126 [ERROR] LogOutputStream:75 - [STDERR_REDIRECT] 
2026-05-28 17:06:29,126 [ERROR] LogOutputStream:75 - [STDERR_REDIRECT] [Fatal Error] :1:1: Premature end of file.
2026-05-28 17:06:29,126 [ERROR] LogOutputStream:75 - [STDERR_REDIRECT] 
2026-05-28 17:06:30,123 [ERROR] LogOutputStream:75 - [STDERR_REDIRECT] [Fatal Error] :1:1: Premature end of file.
2026-05-28 17:06:30,123 [ERROR] LogOutputStream:75 - [STDERR_REDIRECT] 
2026-05-28 17:06:31,122 [ERROR] LogOutputStream:75 - [STDERR_REDIRECT] [Fatal Error] :1:1: Premature end of file.
2026-05-28 17:06:31,123 [ERROR] LogOutputStream:75 - [STDERR_REDIRECT] 
2026-05-28 17:06:32,125 [ERROR] LogOutputStream:75 - [STDERR_REDIRECT] [Fatal Error] :1:1: Premature end of file.
2026-05-28 17:06:32,125 [ERROR] LogOutputStream:75 - [STDERR_REDIRECT] 
2026-05-28 17:06:33,122 [ERROR] LogOutputStream:75 - [STDERR_REDIRECT] [Fatal Error] :1:1: Premature end of file.
2026-05-28 17:06:33,122 [ERROR] LogOutputStream:75 - [STDERR_REDIRECT] 
2026-05-28 17:06:34,126 [ERROR] LogOutputStream:75 - [STDERR_REDIRECT] [Fatal Error] :1:1: Premature end of file.
2026-05-28 17:06:34,126 [ERROR] LogOutputStream:75 - [STDERR_REDIRECT] 
2026-05-28 17:06:35,122 [ERROR] LogOutputStream:75 - [STDERR_REDIRECT] [Fatal Error] :1:1: Premature end of file.
2026-05-28 17:06:35,122 [ERROR] LogOutputStream:75 - [STDERR_REDIRECT] 
2026-05-28 17:06:36,127 [ERROR] LogOutputStream:75 - [STDERR_REDIRECT] [Fatal Error] :1:1: Premature end of file.
2026-05-28 17:06:36,127 [ERROR] LogOutputStream:75 - [STDERR_REDIRECT] 
2026-05-28 17:06:37,121 [ERROR] LogOutputStream:75 - [STDERR_REDIRECT] [Fatal Error] :1:1: Premature end of file.
2026-05-28 17:06:37,121 [ERROR] LogOutputStream:75 - [STDERR_REDIRECT] 
2026-05-28 17:06:38,114 [ERROR] LogOutputStream:75 - [STDERR_REDIRECT] [Fatal Error] :1:1: Premature end of file.
2026-05-28 17:06:38,114 [ERROR] LogOutputStream:75 - [STDERR_REDIRECT] 
2026-05-28 17:06:39,116 [ERROR] LogOutputStream:75 - [STDERR_REDIRECT] [Fatal Error] :1:1: Premature end of file.
2026-05-28 17:06:39,116 [ERROR] LogOutputStream:75 - [STDERR_REDIRECT] 
2026-05-28 17:06:40,119 [ERROR] LogOutputStream:75 - [STDERR_REDIRECT] [Fatal Error] :1:1: Premature end of file.
2026-05-28 17:06:40,119 [ERROR] LogOutputStream:75 - [STDERR_REDIRECT] 
2026-05-28 17:06:41,117 [ERROR] LogOutputStream:75 - [STDERR_REDIRECT] [Fatal Error] :1:1: Premature end of file.
2026-05-28 17:06:41,117 [ERROR] LogOutputStream:75 - [STDERR_REDIRECT] 
2026-05-28 17:06:42,118 [ERROR] LogOutputStream:75 - [STDERR_REDIRECT] [Fatal Error] :1:1: Premature end of file.
2026-05-28 17:06:42,119 [ERROR] LogOutputStream:75 - [STDERR_REDIRECT] 
2026-05-28 17:06:43,116 [ERROR] LogOutputStream:75 - [STDERR_REDIRECT] [Fatal Error] :1:1: Premature end of file.
2026-05-28 17:06:43,116 [ERROR] LogOutputStream:75 - [STDERR_REDIRECT] 
2026-05-28 17:06:44,117 [ERROR] LogOutputStream:75 - [STDERR_REDIRECT] [Fatal Error] :1:1: Premature end of file.
2026-05-28 17:06:44,119 [ERROR] LogOutputStream:75 - [STDERR_REDIRECT] 
2026-05-28 17:06:45,116 [ERROR] LogOutputStream:75 - [STDERR_REDIRECT] [Fatal Error] :1:1: Premature end of file.
2026-05-28 17:06:45,116 [ERROR] LogOutputStream:75 - [STDERR_REDIRECT] 
2026-05-28 17:06:46,123 [ERROR] LogOutputStream:75 - [STDERR_REDIRECT] [Fatal Error] :1:1: Premature end of file.
2026-05-28 17:06:46,123 [ERROR] LogOutputStream:75 - [STDERR_REDIRECT] 
2026-05-28 17:06:47,115 [ERROR] LogOutputStream:75 - [STDERR_REDIRECT] [Fatal Error] :1:1: Premature end of file.
2026-05-28 17:06:47,115 [ERROR] LogOutputStream:75 - [STDERR_REDIRECT] 
2026-05-28 17:06:48,120 [ERROR] LogOutputStream:75 - [STDERR_REDIRECT] [Fatal Error] :1:1: Premature end of file.
2026-05-28 17:06:48,121 [ERROR] LogOutputStream:75 - [STDERR_REDIRECT] 
2026-05-28 17:06:49,125 [ERROR] LogOutputStream:75 - [STDERR_REDIRECT] [Fatal Error] :1:1: Premature end of file.
2026-05-28 17:06:49,126 [ERROR] LogOutputStream:75 - [STDERR_REDIRECT] 
2026-05-28 17:06:50,120 [ERROR] LogOutputStream:75 - [STDERR_REDIRECT] [Fatal Error] :1:1: Premature end of file.
2026-05-28 17:06:50,120 [ERROR] LogOutputStream:75 - [STDERR_REDIRECT] 
2026-05-28 17:06:51,119 [ERROR] LogOutputStream:75 - [STDERR_REDIRECT] [Fatal Error] :1:1: Premature end of file.
2026-05-28 17:06:51,119 [ERROR] LogOutputStream:75 - [STDERR_REDIRECT] 
2026-05-28 17:06:52,117 [ERROR] LogOutputStream:75 - [STDERR_REDIRECT] [Fatal Error] :1:1: Premature end of file.
2026-05-28 17:06:52,117 [ERROR] LogOutputStream:75 - [STDERR_REDIRECT] 
2026-05-28 17:06:53,121 [ERROR] LogOutputStream:75 - [STDERR_REDIRECT] [Fatal Error] :1:1: Premature end of file.
2026-05-28 17:06:53,121 [ERROR] LogOutputStream:75 - [STDERR_REDIRECT] 
2026-05-28 17:06:54,127 [ERROR] LogOutputStream:75 - [STDERR_REDIRECT] [Fatal Error] :1:1: Premature end of file.
2026-05-28 17:06:54,127 [ERROR] LogOutputStream:75 - [STDERR_REDIRECT] 
2026-05-28 17:06:55,120 [ERROR] LogOutputStream:75 - [STDERR_REDIRECT] [Fatal Error] :1:1: Premature end of file.
2026-05-28 17:06:55,120 [ERROR] LogOutputStream:75 - [STDERR_REDIRECT] 
2026-05-28 17:06:56,118 [ERROR] LogOutputStream:75 - [STDERR_REDIRECT] [Fatal Error] :1:1: Premature end of file.
2026-05-28 17:06:56,118 [ERROR] LogOutputStream:75 - [STDERR_REDIRECT] 
2026-05-28 17:06:57,130 [ERROR] LogOutputStream:75 - [STDERR_REDIRECT] [Fatal Error] :1:1: Premature end of file.
2026-05-28 17:06:57,130 [ERROR] LogOutputStream:75 - [STDERR_REDIRECT] 
2026-05-28 17:06:58,129 [ERROR] LogOutputStream:75 - [STDERR_REDIRECT] [Fatal Error] :1:1: Premature end of file.
2026-05-28 17:06:58,129 [ERROR] LogOutputStream:75 - [STDERR_REDIRECT] 
2026-05-28 17:06:59,136 [ERROR] LogOutputStream:75 - [STDERR_REDIRECT] [Fatal Error] :1:1: Premature end of file.
2026-05-28 17:06:59,136 [ERROR] LogOutputStream:75 - [STDERR_REDIRECT] 
2026-05-28 17:07:00,106 [ERROR] LogOutputStream:75 - [STDERR_REDIRECT] [Fatal Error] :1:1: Premature end of file.
2026-05-28 17:07:00,107 [ERROR] LogOutputStream:75 - [STDERR_REDIRECT] 
2026-05-28 17:07:01,109 [ERROR] LogOutputStream:75 - [STDERR_REDIRECT] [Fatal Error] :1:1: Premature end of file.
2026-05-28 17:07:01,109 [ERROR] LogOutputStream:75 - [STDERR_REDIRECT] 
2026-05-28 17:07:02,109 [ERROR] LogOutputStream:75 - [STDERR_REDIRECT] [Fatal Error] :1:1: Premature end of file.
2026-05-28 17:07:02,109 [ERROR] LogOutputStream:75 - [STDERR_REDIRECT] 
2026-05-28 17:07:03,109 [ERROR] LogOutputStream:75 - [STDERR_REDIRECT] [Fatal Error] :1:1: Premature end of file.
2026-05-28 17:07:03,109 [ERROR] LogOutputStream:75 - [STDERR_REDIRECT] 
2026-05-28 17:07:04,109 [ERROR] LogOutputStream:75 - [STDERR_REDIRECT] [Fatal Error] :1:1: Premature end of file.
2026-05-28 17:07:04,111 [ERROR] LogOutputStream:75 - [STDERR_REDIRECT] 
2026-05-28 17:07:05,116 [ERROR] LogOutputStream:75 - [STDERR_REDIRECT] [Fatal Error] :1:1: Premature end of file.
2026-05-28 17:07:05,116 [ERROR] LogOutputStream:75 - [STDERR_REDIRECT] 
2026-05-28 17:07:06,120 [ERROR] LogOutputStream:75 - [STDERR_REDIRECT] [Fatal Error] :1:1: Premature end of file.
2026-05-28 17:07:06,121 [ERROR] LogOutputStream:75 - [STDERR_REDIRECT] 
2026-05-28 17:07:07,103 [ERROR] LogOutputStream:75 - [STDERR_REDIRECT] [Fatal Error] :1:1: Premature end of file.
2026-05-28 17:07:07,104 [ERROR] LogOutputStream:75 - [STDERR_REDIRECT] 
2026-05-28 17:07:08,115 [ERROR] LogOutputStream:75 - [STDERR_REDIRECT] [Fatal Error] :1:1: Premature end of file.
2026-05-28 17:07:08,115 [ERROR] LogOutputStream:75 - [STDERR_REDIRECT] 
2026-05-28 17:07:09,112 [ERROR] LogOutputStream:75 - [STDERR_REDIRECT] [Fatal Error] :1:1: Premature end of file.
2026-05-28 17:07:09,138 [ERROR] LogOutputStream:75 - [STDERR_REDIRECT] 
2026-05-28 17:07:10,116 [ERROR] LogOutputStream:75 - [STDERR_REDIRECT] [Fatal Error] :1:1: Premature end of file.
2026-05-28 17:07:10,116 [ERROR] LogOutputStream:75 - [STDERR_REDIRECT] 
2026-05-28 17:07:11,114 [ERROR] LogOutputStream:75 - [STDERR_REDIRECT] [Fatal Error] :1:1: Premature end of file.
2026-05-28 17:07:11,115 [ERROR] LogOutputStream:75 - [STDERR_REDIRECT] 
2026-05-28 17:07:12,115 [ERROR] LogOutputStream:75 - [STDERR_REDIRECT] [Fatal Error] :1:1: Premature end of file.
2026-05-28 17:07:12,115 [ERROR] LogOutputStream:75 - [STDERR_REDIRECT] 
2026-05-28 17:07:13,116 [ERROR] LogOutputStream:75 - [STDERR_REDIRECT] [Fatal Error] :1:1: Premature end of file.
2026-05-28 17:07:13,117 [ERROR] LogOutputStream:75 - [STDERR_REDIRECT] 
2026-05-28 17:07:14,119 [ERROR] LogOutputStream:75 - [STDERR_REDIRECT] [Fatal Error] :1:1: Premature end of file.
2026-05-28 17:07:14,119 [ERROR] LogOutputStream:75 - [STDERR_REDIRECT] 
2026-05-28 17:07:15,114 [ERROR] LogOutputStream:75 - [STDERR_REDIRECT] [Fatal Error] :1:1: Premature end of file.
2026-05-28 17:07:15,114 [ERROR] LogOutputStream:75 - [STDERR_REDIRECT] 
2026-05-28 17:07:16,116 [ERROR] LogOutputStream:75 - [STDERR_REDIRECT] [Fatal Error] :1:1: Premature end of file.
2026-05-28 17:07:16,116 [ERROR] LogOutputStream:75 - [STDERR_REDIRECT] 
2026-05-28 17:07:17,115 [ERROR] LogOutputStream:75 - [STDERR_REDIRECT] [Fatal Error] :1:1: Premature end of file.
2026-05-28 17:07:17,115 [ERROR] LogOutputStream:75 - [STDERR_REDIRECT] 
2026-05-28 17:07:18,114 [ERROR] LogOutputStream:75 - [STDERR_REDIRECT] [Fatal Error] :1:1: Premature end of file.
2026-05-28 17:07:18,114 [ERROR] LogOutputStream:75 - [STDERR_REDIRECT] 
2026-05-28 17:07:19,105 [ERROR] LogOutputStream:75 - [STDERR_REDIRECT] [Fatal Error] :1:1: Premature end of file.
2026-05-28 17:07:19,106 [ERROR] LogOutputStream:75 - [STDERR_REDIRECT] 
2026-05-28 17:07:20,103 [ERROR] LogOutputStream:75 - [STDERR_REDIRECT] [Fatal Error] :1:1: Premature end of file.
2026-05-28 17:07:20,104 [ERROR] LogOutputStream:75 - [STDERR_REDIRECT] 
2026-05-28 17:07:21,115 [ERROR] LogOutputStream:75 - [STDERR_REDIRECT] [Fatal Error] :1:1: Premature end of file.
2026-05-28 17:07:21,115 [ERROR] LogOutputStream:75 - [STDERR_REDIRECT] 
2026-05-28 17:07:22,118 [ERROR] LogOutputStream:75 - [STDERR_REDIRECT] [Fatal Error] :1:1: Premature end of file.
2026-05-28 17:07:22,118 [ERROR] LogOutputStream:75 - [STDERR_REDIRECT] 
2026-05-28 17:07:23,120 [ERROR] LogOutputStream:75 - [STDERR_REDIRECT] [Fatal Error] :1:1: Premature end of file.
2026-05-28 17:07:23,120 [ERROR] LogOutputStream:75 - [STDERR_REDIRECT] 
2026-05-28 17:07:24,125 [ERROR] LogOutputStream:75 - [STDERR_REDIRECT] [Fatal Error] :1:1: Premature end of file.
2026-05-28 17:07:24,125 [ERROR] LogOutputStream:75 - [STDERR_REDIRECT] 
2026-05-28 17:07:25,138 [ERROR] LogOutputStream:75 - [STDERR_REDIRECT] [Fatal Error] :1:1: Premature end of file.
2026-05-28 17:07:25,138 [ERROR] LogOutputStream:75 - [STDERR_REDIRECT] 
2026-05-28 17:07:26,117 [ERROR] LogOutputStream:75 - [STDERR_REDIRECT] [Fatal Error] :1:1: Premature end of file.
2026-05-28 17:07:26,118 [ERROR] LogOutputStream:75 - [STDERR_REDIRECT] 
2026-05-28 17:07:27,110 [ERROR] LogOutputStream:75 - [STDERR_REDIRECT] [Fatal Error] :1:1: Premature end of file.
2026-05-28 17:07:27,111 [ERROR] LogOutputStream:75 - [STDERR_REDIRECT] 
2026-05-28 17:07:28,107 [ERROR] LogOutputStream:75 - [STDERR_REDIRECT] [Fatal Error] :1:1: Premature end of file.
2026-05-28 17:07:28,107 [ERROR] LogOutputStream:75 - [STDERR_REDIRECT] 
2026-05-28 17:07:29,115 [ERROR] LogOutputStream:75 - [STDERR_REDIRECT] [Fatal Error] :1:1: Premature end of file.
2026-05-28 17:07:29,115 [ERROR] LogOutputStream:75 - [STDERR_REDIRECT] 
2026-05-28 17:07:30,115 [ERROR] LogOutputStream:75 - [STDERR_REDIRECT] [Fatal Error] :1:1: Premature end of file.
2026-05-28 17:07:30,115 [ERROR] LogOutputStream:75 - [STDERR_REDIRECT] 
2026-05-28 17:07:31,115 [ERROR] LogOutputStream:75 - [STDERR_REDIRECT] [Fatal Error] :1:1: Premature end of file.
2026-05-28 17:07:31,115 [ERROR] LogOutputStream:75 - [STDERR_REDIRECT] 
2026-05-28 17:07:32,121 [ERROR] LogOutputStream:75 - [STDERR_REDIRECT] [Fatal Error] :1:1: Premature end of file.
2026-05-28 17:07:32,121 [ERROR] LogOutputStream:75 - [STDERR_REDIRECT] 
2026-05-28 17:07:33,129 [ERROR] LogOutputStream:75 - [STDERR_REDIRECT] [Fatal Error] :1:1: Premature end of file.
2026-05-28 17:07:33,129 [ERROR] LogOutputStream:75 - [STDERR_REDIRECT] 
2026-05-28 17:07:34,108 [ERROR] LogOutputStream:75 - [STDERR_REDIRECT] [Fatal Error] :1:1: Premature end of file.
2026-05-28 17:07:34,109 [ERROR] LogOutputStream:75 - [STDERR_REDIRECT] 
2026-05-28 17:07:35,118 [ERROR] LogOutputStream:75 - [STDERR_REDIRECT] [Fatal Error] :1:1: Premature end of file.
2026-05-28 17:07:35,118 [ERROR] LogOutputStream:75 - [STDERR_REDIRECT] 
2026-05-28 17:07:36,120 [ERROR] LogOutputStream:75 - [STDERR_REDIRECT] [Fatal Error] :1:1: Premature end of file.
2026-05-28 17:07:36,120 [ERROR] LogOutputStream:75 - [STDERR_REDIRECT] 
2026-05-28 17:07:37,115 [ERROR] LogOutputStream:75 - [STDERR_REDIRECT] [Fatal Error] :1:1: Premature end of file.
2026-05-28 17:07:37,115 [ERROR] LogOutputStream:75 - [STDERR_REDIRECT] 
2026-05-28 17:07:38,119 [ERROR] LogOutputStream:75 - [STDERR_REDIRECT] [Fatal Error] :1:1: Premature end of file.
2026-05-28 17:07:38,119 [ERROR] LogOutputStream:75 - [STDERR_REDIRECT] 
2026-05-28 17:07:39,120 [ERROR] LogOutputStream:75 - [STDERR_REDIRECT] [Fatal Error] :1:1: Premature end of file.
2026-05-28 17:07:39,120 [ERROR] LogOutputStream:75 - [STDERR_REDIRECT] 
2026-05-28 17:07:40,114 [ERROR] LogOutputStream:75 - [STDERR_REDIRECT] [Fatal Error] :1:1: Premature end of file.
2026-05-28 17:07:40,114 [ERROR] LogOutputStream:75 - [STDERR_REDIRECT] 
2026-05-28 17:07:41,112 [ERROR] LogOutputStream:75 - [STDERR_REDIRECT] [Fatal Error] :1:1: Premature end of file.
2026-05-28 17:07:41,112 [ERROR] LogOutputStream:75 - [STDERR_REDIRECT] 
2026-05-28 17:07:42,114 [ERROR] LogOutputStream:75 - [STDERR_REDIRECT] [Fatal Error] :1:1: Premature end of file.
2026-05-28 17:07:42,114 [ERROR] LogOutputStream:75 - [STDERR_REDIRECT] 
2026-05-28 17:07:43,133 [ERROR] LogOutputStream:75 - [STDERR_REDIRECT] [Fatal Error] :1:1: Premature end of file.
2026-05-28 17:07:43,133 [ERROR] LogOutputStream:75 - [STDERR_REDIRECT] 
2026-05-28 17:07:44,128 [ERROR] LogOutputStream:75 - [STDERR_REDIRECT] [Fatal Error] :1:1: Premature end of file.
2026-05-28 17:07:44,128 [ERROR] LogOutputStream:75 - [STDERR_REDIRECT] 
2026-05-28 17:07:45,119 [ERROR] LogOutputStream:75 - [STDERR_REDIRECT] [Fatal Error] :1:1: Premature end of file.
2026-05-28 17:07:45,119 [ERROR] LogOutputStream:75 - [STDERR_REDIRECT] 
2026-05-28 17:07:46,120 [ERROR] LogOutputStream:75 - [STDERR_REDIRECT] [Fatal Error] :1:1: Premature end of file.
2026-05-28 17:07:46,120 [ERROR] LogOutputStream:75 - [STDERR_REDIRECT] 
2026-05-28 17:07:47,120 [ERROR] LogOutputStream:75 - [STDERR_REDIRECT] [Fatal Error] :1:1: Premature end of file.
2026-05-28 17:07:47,120 [ERROR] LogOutputStream:75 - [STDERR_REDIRECT] 
2026-05-28 17:07:48,116 [ERROR] LogOutputStream:75 - [STDERR_REDIRECT] [Fatal Error] :1:1: Premature end of file.
2026-05-28 17:07:48,117 [ERROR] LogOutputStream:75 - [STDERR_REDIRECT] 
2026-05-28 17:07:49,122 [ERROR] LogOutputStream:75 - [STDERR_REDIRECT] [Fatal Error] :1:1: Premature end of file.
2026-05-28 17:07:49,122 [ERROR] LogOutputStream:75 - [STDERR_REDIRECT] 
2026-05-28 17:07:50,107 [ERROR] LogOutputStream:75 - [STDERR_REDIRECT] [Fatal Error] :1:1: Premature end of file.
2026-05-28 17:07:50,107 [ERROR] LogOutputStream:75 - [STDERR_REDIRECT] 
2026-05-28 17:07:51,113 [ERROR] LogOutputStream:75 - [STDERR_REDIRECT] [Fatal Error] :1:1: Premature end of file.
2026-05-28 17:07:51,113 [ERROR] LogOutputStream:75 - [STDERR_REDIRECT] 
2026-05-28 17:07:52,123 [ERROR] LogOutputStream:75 - [STDERR_REDIRECT] [Fatal Error] :1:1: Premature end of file.
2026-05-28 17:07:52,124 [ERROR] LogOutputStream:75 - [STDERR_REDIRECT] 
2026-05-28 17:07:53,110 [ERROR] LogOutputStream:75 - [STDERR_REDIRECT] [Fatal Error] :1:1: Premature end of file.
2026-05-28 17:07:53,110 [ERROR] LogOutputStream:75 - [STDERR_REDIRECT] 
2026-05-28 17:07:54,107 [ERROR] LogOutputStream:75 - [STDERR_REDIRECT] [Fatal Error] :1:1: Premature end of file.
2026-05-28 17:07:54,107 [ERROR] LogOutputStream:75 - [STDERR_REDIRECT] 
2026-05-28 17:07:55,128 [ERROR] LogOutputStream:75 - [STDERR_REDIRECT] [Fatal Error] :1:1: Premature end of file.
2026-05-28 17:07:55,128 [ERROR] LogOutputStream:75 - [STDERR_REDIRECT] 
2026-05-28 17:07:56,118 [ERROR] LogOutputStream:75 - [STDERR_REDIRECT] [Fatal Error] :1:1: Premature end of file.
2026-05-28 17:07:56,118 [ERROR] LogOutputStream:75 - [STDERR_REDIRECT] 
2026-05-28 17:07:57,117 [ERROR] LogOutputStream:75 - [STDERR_REDIRECT] [Fatal Error] :1:1: Premature end of file.
2026-05-28 17:07:57,117 [ERROR] LogOutputStream:75 - [STDERR_REDIRECT] 
2026-05-28 17:07:58,118 [ERROR] LogOutputStream:75 - [STDERR_REDIRECT] [Fatal Error] :1:1: Premature end of file.
2026-05-28 17:07:58,118 [ERROR] LogOutputStream:75 - [STDERR_REDIRECT] 
2026-05-28 17:07:59,116 [ERROR] LogOutputStream:75 - [STDERR_REDIRECT] [Fatal Error] :1:1: Premature end of file.
2026-05-28 17:07:59,116 [ERROR] LogOutputStream:75 - [STDERR_REDIRECT] 
2026-05-28 17:08:00,119 [ERROR] LogOutputStream:75 - [STDERR_REDIRECT] [Fatal Error] :1:1: Premature end of file.
2026-05-28 17:08:00,119 [ERROR] LogOutputStream:75 - [STDERR_REDIRECT] 
2026-05-28 17:08:01,155 [ERROR] LogOutputStream:75 - [STDERR_REDIRECT] [Fatal Error] :1:1: Premature end of file.
2026-05-28 17:08:01,155 [ERROR] LogOutputStream:75 - [STDERR_REDIRECT] 
2026-05-28 17:08:02,118 [ERROR] LogOutputStream:75 - [STDERR_REDIRECT] [Fatal Error] :1:1: Premature end of file.
2026-05-28 17:08:02,118 [ERROR] LogOutputStream:75 - [STDERR_REDIRECT] 
2026-05-28 17:08:03,118 [ERROR] LogOutputStream:75 - [STDERR_REDIRECT] [Fatal Error] :1:1: Premature end of file.
2026-05-28 17:08:03,118 [ERROR] LogOutputStream:75 - [STDERR_REDIRECT] 
2026-05-28 17:08:04,116 [ERROR] LogOutputStream:75 - [STDERR_REDIRECT] [Fatal Error] :1:1: Premature end of file.
2026-05-28 17:08:04,116 [ERROR] LogOutputStream:75 - [STDERR_REDIRECT] 
2026-05-28 17:08:05,116 [ERROR] LogOutputStream:75 - [STDERR_REDIRECT] [Fatal Error] :1:1: Premature end of file.
2026-05-28 17:08:05,116 [ERROR] LogOutputStream:75 - [STDERR_REDIRECT] 
2026-05-28 17:08:06,149 [ERROR] LogOutputStream:75 - [STDERR_REDIRECT] [Fatal Error] :1:1: Premature end of file.
2026-05-28 17:08:06,150 [ERROR] LogOutputStream:75 - [STDERR_REDIRECT] 
2026-05-28 17:08:07,118 [ERROR] LogOutputStream:75 - [STDERR_REDIRECT] [Fatal Error] :1:1: Premature end of file.
2026-05-28 17:08:07,118 [ERROR] LogOutputStream:75 - [STDERR_REDIRECT] 
2026-05-28 17:08:08,115 [ERROR] LogOutputStream:75 - [STDERR_REDIRECT] [Fatal Error] :1:1: Premature end of file.
2026-05-28 17:08:08,116 [ERROR] LogOutputStream:75 - [STDERR_REDIRECT] 
2026-05-28 17:08:09,119 [ERROR] LogOutputStream:75 - [STDERR_REDIRECT] [Fatal Error] :1:1: Premature end of file.
2026-05-28 17:08:09,119 [ERROR] LogOutputStream:75 - [STDERR_REDIRECT] 
2026-05-28 17:08:10,122 [ERROR] LogOutputStream:75 - [STDERR_REDIRECT] [Fatal Error] :1:1: Premature end of file.
2026-05-28 17:08:10,123 [ERROR] LogOutputStream:75 - [STDERR_REDIRECT] 
2026-05-28 17:08:11,118 [ERROR] LogOutputStream:75 - [STDERR_REDIRECT] [Fatal Error] :1:1: Premature end of file.
2026-05-28 17:08:11,118 [ERROR] LogOutputStream:75 - [STDERR_REDIRECT] 
2026-05-28 17:08:12,117 [ERROR] LogOutputStream:75 - [STDERR_REDIRECT] [Fatal Error] :1:1: Premature end of file.
2026-05-28 17:08:12,117 [ERROR] LogOutputStream:75 - [STDERR_REDIRECT] 
2026-05-28 17:08:13,295 [ERROR] LogOutputStream:75 - [STDERR_REDIRECT] [Fatal Error] :1:1: Premature end of file.
2026-05-28 17:08:13,295 [ERROR] LogOutputStream:75 - [STDERR_REDIRECT] 
2026-05-28 17:08:14,197 [ERROR] LogOutputStream:75 - [STDERR_REDIRECT] [Fatal Error] :1:1: Premature end of file.
2026-05-28 17:08:14,197 [ERROR] LogOutputStream:75 - [STDERR_REDIRECT] 
2026-05-28 17:08:15,113 [ERROR] LogOutputStream:75 - [STDERR_REDIRECT] [Fatal Error] :1:1: Premature end of file.
2026-05-28 17:08:15,113 [ERROR] LogOutputStream:75 - [STDERR_REDIRECT] 
2026-05-28 17:08:16,108 [ERROR] LogOutputStream:75 - [STDERR_REDIRECT] [Fatal Error] :1:1: Premature end of file.
2026-05-28 17:08:16,108 [ERROR] LogOutputStream:75 - [STDERR_REDIRECT] 
2026-05-28 17:08:17,116 [ERROR] LogOutputStream:75 - [STDERR_REDIRECT] [Fatal Error] :1:1: Premature end of file.
2026-05-28 17:08:17,117 [ERROR] LogOutputStream:75 - [STDERR_REDIRECT] 
2026-05-28 17:08:18,117 [ERROR] LogOutputStream:75 - [STDERR_REDIRECT] [Fatal Error] :1:1: Premature end of file.
2026-05-28 17:08:18,117 [ERROR] LogOutputStream:75 - [STDERR_REDIRECT] 
2026-05-28 17:08:19,104 [ERROR] LogOutputStream:75 - [STDERR_REDIRECT] [Fatal Error] :1:1: Premature end of file.
2026-05-28 17:08:19,104 [ERROR] LogOutputStream:75 - [STDERR_REDIRECT] 
2026-05-28 17:08:20,114 [ERROR] LogOutputStream:75 - [STDERR_REDIRECT] [Fatal Error] :1:1: Premature end of file.
2026-05-28 17:08:20,114 [ERROR] LogOutputStream:75 - [STDERR_REDIRECT] 
2026-05-28 17:08:21,142 [ERROR] LogOutputStream:75 - [STDERR_REDIRECT] [Fatal Error] :1:1: Premature end of file.
2026-05-28 17:08:21,142 [ERROR] LogOutputStream:75 - [STDERR_REDIRECT] 
2026-05-28 17:08:22,121 [ERROR] LogOutputStream:75 - [STDERR_REDIRECT] [Fatal Error] :1:1: Premature end of file.
2026-05-28 17:08:22,123 [ERROR] LogOutputStream:75 - [STDERR_REDIRECT] 
2026-05-28 17:08:23,120 [ERROR] LogOutputStream:75 - [STDERR_REDIRECT] [Fatal Error] :1:1: Premature end of file.
2026-05-28 17:08:23,121 [ERROR] LogOutputStream:75 - [STDERR_REDIRECT] 
2026-05-28 17:08:24,121 [ERROR] LogOutputStream:75 - [STDERR_REDIRECT] [Fatal Error] :1:1: Premature end of file.
2026-05-28 17:08:24,121 [ERROR] LogOutputStream:75 - [STDERR_REDIRECT] 
2026-05-28 17:08:25,110 [ERROR] LogOutputStream:75 - [STDERR_REDIRECT] [Fatal Error] :1:1: Premature end of file.
2026-05-28 17:08:25,111 [ERROR] LogOutputStream:75 - [STDERR_REDIRECT] 
2026-05-28 17:08:26,107 [ERROR] LogOutputStream:75 - [STDERR_REDIRECT] [Fatal Error] :1:1: Premature end of file.
2026-05-28 17:08:26,107 [ERROR] LogOutputStream:75 - [STDERR_REDIRECT] 
2026-05-28 17:08:27,117 [ERROR] LogOutputStream:75 - [STDERR_REDIRECT] [Fatal Error] :1:1: Premature end of file.
2026-05-28 17:08:27,117 [ERROR] LogOutputStream:75 - [STDERR_REDIRECT] 
2026-05-28 17:08:28,116 [ERROR] LogOutputStream:75 - [STDERR_REDIRECT] [Fatal Error] :1:1: Premature end of file.
2026-05-28 17:08:28,116 [ERROR] LogOutputStream:75 - [STDERR_REDIRECT] 
2026-05-28 17:08:29,117 [ERROR] LogOutputStream:75 - [STDERR_REDIRECT] [Fatal Error] :1:1: Premature end of file.
2026-05-28 17:08:29,117 [ERROR] LogOutputStream:75 - [STDERR_REDIRECT] 
2026-05-28 17:08:30,117 [ERROR] LogOutputStream:75 - [STDERR_REDIRECT] [Fatal Error] :1:1: Premature end of file.
2026-05-28 17:08:30,117 [ERROR] LogOutputStream:75 - [STDERR_REDIRECT] 
2026-05-28 17:08:31,117 [ERROR] LogOutputStream:75 - [STDERR_REDIRECT] [Fatal Error] :1:1: Premature end of file.
2026-05-28 17:08:31,118 [ERROR] LogOutputStream:75 - [STDERR_REDIRECT] 
2026-05-28 17:08:32,116 [ERROR] LogOutputStream:75 - [STDERR_REDIRECT] [Fatal Error] :1:1: Premature end of file.
2026-05-28 17:08:32,116 [ERROR] LogOutputStream:75 - [STDERR_REDIRECT] 
2026-05-28 17:08:33,107 [ERROR] LogOutputStream:75 - [STDERR_REDIRECT] [Fatal Error] :1:1: Premature end of file.
2026-05-28 17:08:33,107 [ERROR] LogOutputStream:75 - [STDERR_REDIRECT] 
2026-05-28 17:08:34,108 [ERROR] LogOutputStream:75 - [STDERR_REDIRECT] [Fatal Error] :1:1: Premature end of file.
2026-05-28 17:08:34,108 [ERROR] LogOutputStream:75 - [STDERR_REDIRECT] 
2026-05-28 17:08:35,117 [ERROR] LogOutputStream:75 - [STDERR_REDIRECT] [Fatal Error] :1:1: Premature end of file.
2026-05-28 17:08:35,117 [ERROR] LogOutputStream:75 - [STDERR_REDIRECT] 
2026-05-28 17:08:36,109 [ERROR] LogOutputStream:75 - [STDERR_REDIRECT] [Fatal Error] :1:1: Premature end of file.
2026-05-28 17:08:36,109 [ERROR] LogOutputStream:75 - [STDERR_REDIRECT] 
2026-05-28 17:08:37,122 [ERROR] LogOutputStream:75 - [STDERR_REDIRECT] [Fatal Error] :1:1: Premature end of file.
2026-05-28 17:08:37,122 [ERROR] LogOutputStream:75 - [STDERR_REDIRECT] 
2026-05-28 17:08:38,142 [ERROR] LogOutputStream:75 - [STDERR_REDIRECT] [Fatal Error] :1:1: Premature end of file.
2026-05-28 17:08:38,142 [ERROR] LogOutputStream:75 - [STDERR_REDIRECT] 
2026-05-28 17:08:39,138 [ERROR] LogOutputStream:75 - [STDERR_REDIRECT] [Fatal Error] :1:1: Premature end of file.
2026-05-28 17:08:39,139 [ERROR] LogOutputStream:75 - [STDERR_REDIRECT] 
2026-05-28 17:08:40,115 [ERROR] LogOutputStream:75 - [STDERR_REDIRECT] [Fatal Error] :1:1: Premature end of file.
2026-05-28 17:08:40,115 [ERROR] LogOutputStream:75 - [STDERR_REDIRECT] 
2026-05-28 17:08:41,109 [ERROR] LogOutputStream:75 - [STDERR_REDIRECT] [Fatal Error] :1:1: Premature end of file.
2026-05-28 17:08:41,109 [ERROR] LogOutputStream:75 - [STDERR_REDIRECT] 
2026-05-28 17:08:42,110 [ERROR] LogOutputStream:75 - [STDERR_REDIRECT] [Fatal Error] :1:1: Premature end of file.
2026-05-28 17:08:42,110 [ERROR] LogOutputStream:75 - [STDERR_REDIRECT] 
2026-05-28 17:08:43,122 [ERROR] LogOutputStream:75 - [STDERR_REDIRECT] [Fatal Error] :1:1: Premature end of file.
2026-05-28 17:08:43,122 [ERROR] LogOutputStream:75 - [STDERR_REDIRECT] 
2026-05-28 17:08:44,136 [ERROR] LogOutputStream:75 - [STDERR_REDIRECT] [Fatal Error] :1:1: Premature end of file.
2026-05-28 17:08:44,137 [ERROR] LogOutputStream:75 - [STDERR_REDIRECT] 
2026-05-28 17:08:45,109 [ERROR] LogOutputStream:75 - [STDERR_REDIRECT] [Fatal Error] :1:1: Premature end of file.
2026-05-28 17:08:45,110 [ERROR] LogOutputStream:75 - [STDERR_REDIRECT] 
2026-05-28 17:08:46,109 [ERROR] LogOutputStream:75 - [STDERR_REDIRECT] [Fatal Error] :1:1: Premature end of file.
2026-05-28 17:08:46,109 [ERROR] LogOutputStream:75 - [STDERR_REDIRECT] 
2026-05-28 17:08:47,108 [ERROR] LogOutputStream:75 - [STDERR_REDIRECT] [Fatal Error] :1:1: Premature end of file.
2026-05-28 17:08:47,108 [ERROR] LogOutputStream:75 - [STDERR_REDIRECT] 
2026-05-28 17:08:48,111 [ERROR] LogOutputStream:75 - [STDERR_REDIRECT] [Fatal Error] :1:1: Premature end of file.
2026-05-28 17:08:48,111 [ERROR] LogOutputStream:75 - [STDERR_REDIRECT] 
2026-05-28 17:08:49,106 [ERROR] LogOutputStream:75 - [STDERR_REDIRECT] [Fatal Error] :1:1: Premature end of file.
2026-05-28 17:08:49,106 [ERROR] LogOutputStream:75 - [STDERR_REDIRECT] 
2026-05-28 17:08:50,119 [ERROR] LogOutputStream:75 - [STDERR_REDIRECT] [Fatal Error] :1:1: Premature end of file.
2026-05-28 17:08:50,119 [ERROR] LogOutputStream:75 - [STDERR_REDIRECT] 
2026-05-28 17:08:51,120 [ERROR] LogOutputStream:75 - [STDERR_REDIRECT] [Fatal Error] :1:1: Premature end of file.
2026-05-28 17:08:51,120 [ERROR] LogOutputStream:75 - [STDERR_REDIRECT] 
2026-05-28 17:08:52,116 [ERROR] LogOutputStream:75 - [STDERR_REDIRECT] [Fatal Error] :1:1: Premature end of file.
2026-05-28 17:08:52,116 [ERROR] LogOutputStream:75 - [STDERR_REDIRECT] 
2026-05-28 17:08:53,121 [ERROR] LogOutputStream:75 - [STDERR_REDIRECT] [Fatal Error] :1:1: Premature end of file.
2026-05-28 17:08:53,121 [ERROR] LogOutputStream:75 - [STDERR_REDIRECT] 
2026-05-28 17:08:54,124 [ERROR] LogOutputStream:75 - [STDERR_REDIRECT] [Fatal Error] :1:1: Premature end of file.
2026-05-28 17:08:54,125 [ERROR] LogOutputStream:75 - [STDERR_REDIRECT] 
2026-05-28 17:08:55,120 [ERROR] LogOutputStream:75 - [STDERR_REDIRECT] [Fatal Error] :1:1: Premature end of file.
2026-05-28 17:08:55,120 [ERROR] LogOutputStream:75 - [STDERR_REDIRECT] 
2026-05-28 17:08:56,120 [ERROR] LogOutputStream:75 - [STDERR_REDIRECT] [Fatal Error] :1:1: Premature end of file.
2026-05-28 17:08:56,120 [ERROR] LogOutputStream:75 - [STDERR_REDIRECT] 
2026-05-28 17:08:57,140 [ERROR] LogOutputStream:75 - [STDERR_REDIRECT] [Fatal Error] :1:1: Premature end of file.
2026-05-28 17:08:57,140 [ERROR] LogOutputStream:75 - [STDERR_REDIRECT] 
2026-05-28 17:08:58,119 [ERROR] LogOutputStream:75 - [STDERR_REDIRECT] [Fatal Error] :1:1: Premature end of file.
2026-05-28 17:08:58,119 [ERROR] LogOutputStream:75 - [STDERR_REDIRECT] 
2026-05-28 17:08:59,119 [ERROR] LogOutputStream:75 - [STDERR_REDIRECT] [Fatal Error] :1:1: Premature end of file.
2026-05-28 17:08:59,120 [ERROR] LogOutputStream:75 - [STDERR_REDIRECT] 
2026-05-28 17:09:00,138 [ERROR] LogOutputStream:75 - [STDERR_REDIRECT] [Fatal Error] :1:1: Premature end of file.
2026-05-28 17:09:00,138 [ERROR] LogOutputStream:75 - [STDERR_REDIRECT] 
2026-05-28 17:09:01,145 [ERROR] LogOutputStream:75 - [STDERR_REDIRECT] [Fatal Error] :1:1: Premature end of file.
2026-05-28 17:09:01,145 [ERROR] LogOutputStream:75 - [STDERR_REDIRECT] 
2026-05-28 17:09:02,111 [ERROR] LogOutputStream:75 - [STDERR_REDIRECT] [Fatal Error] :1:1: Premature end of file.
2026-05-28 17:09:02,111 [ERROR] LogOutputStream:75 - [STDERR_REDIRECT] 
2026-05-28 17:09:03,117 [ERROR] LogOutputStream:75 - [STDERR_REDIRECT] [Fatal Error] :1:1: Premature end of file.
2026-05-28 17:09:03,119 [ERROR] LogOutputStream:75 - [STDERR_REDIRECT] 
2026-05-28 17:09:04,107 [ERROR] LogOutputStream:75 - [STDERR_REDIRECT] [Fatal Error] :1:1: Premature end of file.
2026-05-28 17:09:04,107 [ERROR] LogOutputStream:75 - [STDERR_REDIRECT] 
2026-05-28 17:09:05,110 [ERROR] LogOutputStream:75 - [STDERR_REDIRECT] [Fatal Error] :1:1: Premature end of file.
2026-05-28 17:09:05,110 [ERROR] LogOutputStream:75 - [STDERR_REDIRECT] 
2026-05-28 17:09:06,110 [ERROR] LogOutputStream:75 - [STDERR_REDIRECT] [Fatal Error] :1:1: Premature end of file.
2026-05-28 17:09:06,110 [ERROR] LogOutputStream:75 - [STDERR_REDIRECT] 
2026-05-28 17:09:07,109 [ERROR] LogOutputStream:75 - [STDERR_REDIRECT] [Fatal Error] :1:1: Premature end of file.
2026-05-28 17:09:07,109 [ERROR] LogOutputStream:75 - [STDERR_REDIRECT] 
2026-05-28 17:09:08,148 [ERROR] LogOutputStream:75 - [STDERR_REDIRECT] [Fatal Error] :1:1: Premature end of file.
2026-05-28 17:09:08,148 [ERROR] LogOutputStream:75 - [STDERR_REDIRECT] 
2026-05-28 17:09:09,118 [ERROR] LogOutputStream:75 - [STDERR_REDIRECT] [Fatal Error] :1:1: Premature end of file.
2026-05-28 17:09:09,118 [ERROR] LogOutputStream:75 - [STDERR_REDIRECT] 
2026-05-28 17:09:10,125 [ERROR] LogOutputStream:75 - [STDERR_REDIRECT] [Fatal Error] :1:1: Premature end of file.
2026-05-28 17:09:10,125 [ERROR] LogOutputStream:75 - [STDERR_REDIRECT] 
2026-05-28 17:09:11,106 [ERROR] LogOutputStream:75 - [STDERR_REDIRECT] [Fatal Error] :1:1: Premature end of file.
2026-05-28 17:09:11,106 [ERROR] LogOutputStream:75 - [STDERR_REDIRECT] 
2026-05-28 17:09:12,114 [ERROR] LogOutputStream:75 - [STDERR_REDIRECT] [Fatal Error] :1:1: Premature end of file.
2026-05-28 17:09:12,114 [ERROR] LogOutputStream:75 - [STDERR_REDIRECT] 
2026-05-28 17:09:13,120 [ERROR] LogOutputStream:75 - [STDERR_REDIRECT] [Fatal Error] :1:1: Premature end of file.
2026-05-28 17:09:13,121 [ERROR] LogOutputStream:75 - [STDERR_REDIRECT] 
2026-05-28 17:09:14,130 [ERROR] LogOutputStream:75 - [STDERR_REDIRECT] [Fatal Error] :1:1: Premature end of file.
2026-05-28 17:09:14,131 [ERROR] LogOutputStream:75 - [STDERR_REDIRECT] 
2026-05-28 17:09:15,116 [ERROR] LogOutputStream:75 - [STDERR_REDIRECT] [Fatal Error] :1:1: Premature end of file.
2026-05-28 17:09:15,116 [ERROR] LogOutputStream:75 - [STDERR_REDIRECT] 
2026-05-28 17:09:16,117 [ERROR] LogOutputStream:75 - [STDERR_REDIRECT] [Fatal Error] :1:1: Premature end of file.
2026-05-28 17:09:16,117 [ERROR] LogOutputStream:75 - [STDERR_REDIRECT] 
2026-05-28 17:09:17,113 [ERROR] LogOutputStream:75 - [STDERR_REDIRECT] [Fatal Error] :1:1: Premature end of file.
2026-05-28 17:09:17,113 [ERROR] LogOutputStream:75 - [STDERR_REDIRECT] 
2026-05-28 17:09:18,126 [ERROR] LogOutputStream:75 - [STDERR_REDIRECT] [Fatal Error] :1:1: Premature end of file.
2026-05-28 17:09:18,126 [ERROR] LogOutputStream:75 - [STDERR_REDIRECT] 
2026-05-28 17:09:19,148 [ERROR] LogOutputStream:75 - [STDERR_REDIRECT] [Fatal Error] :1:1: Premature end of file.
2026-05-28 17:09:19,148 [ERROR] LogOutputStream:75 - [STDERR_REDIRECT] 
2026-05-28 17:09:20,123 [ERROR] LogOutputStream:75 - [STDERR_REDIRECT] [Fatal Error] :1:1: Premature end of file.
2026-05-28 17:09:20,123 [ERROR] LogOutputStream:75 - [STDERR_REDIRECT] 
2026-05-28 17:09:21,124 [ERROR] LogOutputStream:75 - [STDERR_REDIRECT] [Fatal Error] :1:1: Premature end of file.
2026-05-28 17:09:21,124 [ERROR] LogOutputStream:75 - [STDERR_REDIRECT] 
2026-05-28 17:09:22,121 [ERROR] LogOutputStream:75 - [STDERR_REDIRECT] [Fatal Error] :1:1: Premature end of file.
2026-05-28 17:09:22,122 [ERROR] LogOutputStream:75 - [STDERR_REDIRECT] 
2026-05-28 17:09:23,123 [ERROR] LogOutputStream:75 - [STDERR_REDIRECT] [Fatal Error] :1:1: Premature end of file.
2026-05-28 17:09:23,123 [ERROR] LogOutputStream:75 - [STDERR_REDIRECT] 
2026-05-28 17:09:24,119 [ERROR] LogOutputStream:75 - [STDERR_REDIRECT] [Fatal Error] :1:1: Premature end of file.
2026-05-28 17:09:24,119 [ERROR] LogOutputStream:75 - [STDERR_REDIRECT] 
2026-05-28 17:09:25,123 [ERROR] LogOutputStream:75 - [STDERR_REDIRECT] [Fatal Error] :1:1: Premature end of file.
2026-05-28 17:09:25,123 [ERROR] LogOutputStream:75 - [STDERR_REDIRECT] 
2026-05-28 17:09:26,121 [ERROR] LogOutputStream:75 - [STDERR_REDIRECT] [Fatal Error] :1:1: Premature end of file.
2026-05-28 17:09:26,121 [ERROR] LogOutputStream:75 - [STDERR_REDIRECT] 
2026-05-28 17:09:27,127 [ERROR] LogOutputStream:75 - [STDERR_REDIRECT] [Fatal Error] :1:1: Premature end of file.
2026-05-28 17:09:27,127 [ERROR] LogOutputStream:75 - [STDERR_REDIRECT] 
2026-05-28 17:09:28,126 [ERROR] LogOutputStream:75 - [STDERR_REDIRECT] [Fatal Error] :1:1: Premature end of file.
2026-05-28 17:09:28,127 [ERROR] LogOutputStream:75 - [STDERR_REDIRECT] 
2026-05-28 17:09:29,121 [ERROR] LogOutputStream:75 - [STDERR_REDIRECT] [Fatal Error] :1:1: Premature end of file.
2026-05-28 17:09:29,121 [ERROR] LogOutputStream:75 - [STDERR_REDIRECT] 
2026-05-28 17:09:30,127 [ERROR] LogOutputStream:75 - [STDERR_REDIRECT] [Fatal Error] :1:1: Premature end of file.
2026-05-28 17:09:30,127 [ERROR] LogOutputStream:75 - [STDERR_REDIRECT] 
2026-05-28 17:09:31,124 [ERROR] LogOutputStream:75 - [STDERR_REDIRECT] [Fatal Error] :1:1: Premature end of file.
2026-05-28 17:09:31,125 [ERROR] LogOutputStream:75 - [STDERR_REDIRECT] 
2026-05-28 17:09:32,122 [ERROR] LogOutputStream:75 - [STDERR_REDIRECT] [Fatal Error] :1:1: Premature end of file.
2026-05-28 17:09:32,122 [ERROR] LogOutputStream:75 - [STDERR_REDIRECT] 
2026-05-28 17:09:33,146 [ERROR] LogOutputStream:75 - [STDERR_REDIRECT] [Fatal Error] :1:1: Premature end of file.
2026-05-28 17:09:33,146 [ERROR] LogOutputStream:75 - [STDERR_REDIRECT] 
2026-05-28 17:09:34,125 [ERROR] LogOutputStream:75 - [STDERR_REDIRECT] [Fatal Error] :1:1: Premature end of file.
2026-05-28 17:09:34,125 [ERROR] LogOutputStream:75 - [STDERR_REDIRECT] 
2026-05-28 17:09:35,114 [ERROR] LogOutputStream:75 - [STDERR_REDIRECT] [Fatal Error] :1:1: Premature end of file.
2026-05-28 17:09:35,114 [ERROR] LogOutputStream:75 - [STDERR_REDIRECT] 
2026-05-28 17:09:36,118 [ERROR] LogOutputStream:75 - [STDERR_REDIRECT] [Fatal Error] :1:1: Premature end of file.
2026-05-28 17:09:36,118 [ERROR] LogOutputStream:75 - [STDERR_REDIRECT] 
2026-05-28 17:09:37,117 [ERROR] LogOutputStream:75 - [STDERR_REDIRECT] [Fatal Error] :1:1: Premature end of file.
2026-05-28 17:09:37,118 [ERROR] LogOutputStream:75 - [STDERR_REDIRECT] 
2026-05-28 17:09:38,117 [ERROR] LogOutputStream:75 - [STDERR_REDIRECT] [Fatal Error] :1:1: Premature end of file.
2026-05-28 17:09:38,117 [ERROR] LogOutputStream:75 - [STDERR_REDIRECT] 
2026-05-28 17:09:39,123 [ERROR] LogOutputStream:75 - [STDERR_REDIRECT] [Fatal Error] :1:1: Premature end of file.
2026-05-28 17:09:39,124 [ERROR] LogOutputStream:75 - [STDERR_REDIRECT] 
2026-05-28 17:09:40,122 [ERROR] LogOutputStream:75 - [STDERR_REDIRECT] [Fatal Error] :1:1: Premature end of file.
2026-05-28 17:09:40,122 [ERROR] LogOutputStream:75 - [STDERR_REDIRECT] 
2026-05-28 17:09:41,121 [ERROR] LogOutputStream:75 - [STDERR_REDIRECT] [Fatal Error] :1:1: Premature end of file.
2026-05-28 17:09:41,121 [ERROR] LogOutputStream:75 - [STDERR_REDIRECT] 
2026-05-28 17:09:42,119 [ERROR] LogOutputStream:75 - [STDERR_REDIRECT] [Fatal Error] :1:1: Premature end of file.
2026-05-28 17:09:42,119 [ERROR] LogOutputStream:75 - [STDERR_REDIRECT] 
2026-05-28 17:09:43,114 [ERROR] LogOutputStream:75 - [STDERR_REDIRECT] [Fatal Error] :1:1: Premature end of file.
2026-05-28 17:09:43,114 [ERROR] LogOutputStream:75 - [STDERR_REDIRECT] 
2026-05-28 17:09:44,123 [ERROR] LogOutputStream:75 - [STDERR_REDIRECT] [Fatal Error] :1:1: Premature end of file.
2026-05-28 17:09:44,123 [ERROR] LogOutputStream:75 - [STDERR_REDIRECT] 
2026-05-28 17:09:45,121 [ERROR] LogOutputStream:75 - [STDERR_REDIRECT] [Fatal Error] :1:1: Premature end of file.
2026-05-28 17:09:45,121 [ERROR] LogOutputStream:75 - [STDERR_REDIRECT] 
2026-05-28 17:09:46,123 [ERROR] LogOutputStream:75 - [STDERR_REDIRECT] [Fatal Error] :1:1: Premature end of file.
2026-05-28 17:09:46,123 [ERROR] LogOutputStream:75 - [STDERR_REDIRECT] 
2026-05-28 17:09:47,128 [ERROR] LogOutputStream:75 - [STDERR_REDIRECT] [Fatal Error] :1:1: Premature end of file.
2026-05-28 17:09:47,128 [ERROR] LogOutputStream:75 - [STDERR_REDIRECT] 
2026-05-28 17:09:48,122 [ERROR] LogOutputStream:75 - [STDERR_REDIRECT] [Fatal Error] :1:1: Premature end of file.
2026-05-28 17:09:48,122 [ERROR] LogOutputStream:75 - [STDERR_REDIRECT] 
2026-05-28 17:09:49,118 [ERROR] LogOutputStream:75 - [STDERR_REDIRECT] [Fatal Error] :1:1: Premature end of file.
2026-05-28 17:09:49,119 [ERROR] LogOutputStream:75 - [STDERR_REDIRECT] 
2026-05-28 17:09:50,123 [ERROR] LogOutputStream:75 - [STDERR_REDIRECT] [Fatal Error] :1:1: Premature end of file.
2026-05-28 17:09:50,123 [ERROR] LogOutputStream:75 - [STDERR_REDIRECT] 
2026-05-28 17:09:51,178 [ERROR] LogOutputStream:75 - [STDERR_REDIRECT] [Fatal Error] :1:1: Premature end of file.
2026-05-28 17:09:51,178 [ERROR] LogOutputStream:75 - [STDERR_REDIRECT] 
2026-05-28 17:09:52,139 [ERROR] LogOutputStream:75 - [STDERR_REDIRECT] [Fatal Error] :1:1: Premature end of file.
2026-05-28 17:09:52,139 [ERROR] LogOutputStream:75 - [STDERR_REDIRECT] 
2026-05-28 17:09:53,111 [ERROR] LogOutputStream:75 - [STDERR_REDIRECT] [Fatal Error] :1:1: Premature end of file.
2026-05-28 17:09:53,111 [ERROR] LogOutputStream:75 - [STDERR_REDIRECT] 
2026-05-28 17:09:54,126 [ERROR] LogOutputStream:75 - [STDERR_REDIRECT] [Fatal Error] :1:1: Premature end of file.
2026-05-28 17:09:54,126 [ERROR] LogOutputStream:75 - [STDERR_REDIRECT] 
2026-05-28 17:09:55,124 [ERROR] LogOutputStream:75 - [STDERR_REDIRECT] [Fatal Error] :1:1: Premature end of file.
2026-05-28 17:09:55,124 [ERROR] LogOutputStream:75 - [STDERR_REDIRECT] 
2026-05-28 17:09:56,134 [ERROR] LogOutputStream:75 - [STDERR_REDIRECT] [Fatal Error] :1:1: Premature end of file.
2026-05-28 17:09:56,134 [ERROR] LogOutputStream:75 - [STDERR_REDIRECT] 
2026-05-28 17:09:57,112 [ERROR] LogOutputStream:75 - [STDERR_REDIRECT] [Fatal Error] :1:1: Premature end of file.
2026-05-28 17:09:57,113 [ERROR] LogOutputStream:75 - [STDERR_REDIRECT] 
2026-05-28 17:09:58,122 [ERROR] LogOutputStream:75 - [STDERR_REDIRECT] [Fatal Error] :1:1: Premature end of file.
2026-05-28 17:09:58,122 [ERROR] LogOutputStream:75 - [STDERR_REDIRECT] 
2026-05-28 17:09:59,121 [ERROR] LogOutputStream:75 - [STDERR_REDIRECT] [Fatal Error] :1:1: Premature end of file.
2026-05-28 17:09:59,123 [ERROR] LogOutputStream:75 - [STDERR_REDIRECT] 
2026-05-28 17:10:00,110 [ERROR] LogOutputStream:75 - [STDERR_REDIRECT] [Fatal Error] :1:1: Premature end of file.
2026-05-28 17:10:00,110 [ERROR] LogOutputStream:75 - [STDERR_REDIRECT] 
2026-05-28 17:10:01,118 [ERROR] LogOutputStream:75 - [STDERR_REDIRECT] [Fatal Error] :1:1: Premature end of file.
2026-05-28 17:10:01,118 [ERROR] LogOutputStream:75 - [STDERR_REDIRECT] 
2026-05-28 17:10:02,115 [ERROR] LogOutputStream:75 - [STDERR_REDIRECT] [Fatal Error] :1:1: Premature end of file.
2026-05-28 17:10:02,115 [ERROR] LogOutputStream:75 - [STDERR_REDIRECT] 
2026-05-28 17:10:03,121 [ERROR] LogOutputStream:75 - [STDERR_REDIRECT] [Fatal Error] :1:1: Premature end of file.
2026-05-28 17:10:03,121 [ERROR] LogOutputStream:75 - [STDERR_REDIRECT] 
2026-05-28 17:10:04,131 [ERROR] LogOutputStream:75 - [STDERR_REDIRECT] [Fatal Error] :1:1: Premature end of file.
2026-05-28 17:10:04,131 [ERROR] LogOutputStream:75 - [STDERR_REDIRECT] 
2026-05-28 17:10:05,123 [ERROR] LogOutputStream:75 - [STDERR_REDIRECT] [Fatal Error] :1:1: Premature end of file.
2026-05-28 17:10:05,123 [ERROR] LogOutputStream:75 - [STDERR_REDIRECT] 
2026-05-28 17:10:06,122 [ERROR] LogOutputStream:75 - [STDERR_REDIRECT] [Fatal Error] :1:1: Premature end of file.
2026-05-28 17:10:06,122 [ERROR] LogOutputStream:75 - [STDERR_REDIRECT] 
2026-05-28 17:10:07,111 [ERROR] LogOutputStream:75 - [STDERR_REDIRECT] [Fatal Error] :1:1: Premature end of file.
2026-05-28 17:10:07,111 [ERROR] LogOutputStream:75 - [STDERR_REDIRECT] 
2026-05-28 17:10:08,112 [ERROR] LogOutputStream:75 - [STDERR_REDIRECT] [Fatal Error] :1:1: Premature end of file.
2026-05-28 17:10:08,112 [ERROR] LogOutputStream:75 - [STDERR_REDIRECT] 
2026-05-28 17:10:09,117 [ERROR] LogOutputStream:75 - [STDERR_REDIRECT] [Fatal Error] :1:1: Premature end of file.
2026-05-28 17:10:09,117 [ERROR] LogOutputStream:75 - [STDERR_REDIRECT] 
2026-05-28 17:10:10,113 [ERROR] LogOutputStream:75 - [STDERR_REDIRECT] [Fatal Error] :1:1: Premature end of file.
2026-05-28 17:10:10,113 [ERROR] LogOutputStream:75 - [STDERR_REDIRECT] 
2026-05-28 17:10:11,113 [ERROR] LogOutputStream:75 - [STDERR_REDIRECT] [Fatal Error] :1:1: Premature end of file.
2026-05-28 17:10:11,113 [ERROR] LogOutputStream:75 - [STDERR_REDIRECT] 
2026-05-28 17:10:12,129 [ERROR] LogOutputStream:75 - [STDERR_REDIRECT] [Fatal Error] :1:1: Premature end of file.
2026-05-28 17:10:12,130 [ERROR] LogOutputStream:75 - [STDERR_REDIRECT] 
2026-05-28 17:10:13,163 [ERROR] LogOutputStream:75 - [STDERR_REDIRECT] [Fatal Error] :1:1: Premature end of file.
2026-05-28 17:10:13,163 [ERROR] LogOutputStream:75 - [STDERR_REDIRECT] 
2026-05-28 17:10:14,116 [ERROR] LogOutputStream:75 - [STDERR_REDIRECT] [Fatal Error] :1:1: Premature end of file.
2026-05-28 17:10:14,116 [ERROR] LogOutputStream:75 - [STDERR_REDIRECT] 
2026-05-28 17:10:15,116 [ERROR] LogOutputStream:75 - [STDERR_REDIRECT] [Fatal Error] :1:1: Premature end of file.
2026-05-28 17:10:15,117 [ERROR] LogOutputStream:75 - [STDERR_REDIRECT] 
2026-05-28 17:10:16,115 [ERROR] LogOutputStream:75 - [STDERR_REDIRECT] [Fatal Error] :1:1: Premature end of file.
2026-05-28 17:10:16,116 [ERROR] LogOutputStream:75 - [STDERR_REDIRECT] 
2026-05-28 17:10:17,112 [ERROR] LogOutputStream:75 - [STDERR_REDIRECT] [Fatal Error] :1:1: Premature end of file.
2026-05-28 17:10:17,112 [ERROR] LogOutputStream:75 - [STDERR_REDIRECT] 
2026-05-28 17:10:18,115 [ERROR] LogOutputStream:75 - [STDERR_REDIRECT] [Fatal Error] :1:1: Premature end of file.
2026-05-28 17:10:18,115 [ERROR] LogOutputStream:75 - [STDERR_REDIRECT] 
2026-05-28 17:10:19,112 [ERROR] LogOutputStream:75 - [STDERR_REDIRECT] [Fatal Error] :1:1: Premature end of file.
2026-05-28 17:10:19,112 [ERROR] LogOutputStream:75 - [STDERR_REDIRECT] 
2026-05-28 17:10:20,125 [ERROR] LogOutputStream:75 - [STDERR_REDIRECT] [Fatal Error] :1:1: Premature end of file.
2026-05-28 17:10:20,125 [ERROR] LogOutputStream:75 - [STDERR_REDIRECT] 
2026-05-28 17:10:21,121 [ERROR] LogOutputStream:75 - [STDERR_REDIRECT] [Fatal Error] :1:1: Premature end of file.
2026-05-28 17:10:21,121 [ERROR] LogOutputStream:75 - [STDERR_REDIRECT] 
2026-05-28 17:10:22,123 [ERROR] LogOutputStream:75 - [STDERR_REDIRECT] [Fatal Error] :1:1: Premature end of file.
2026-05-28 17:10:22,123 [ERROR] LogOutputStream:75 - [STDERR_REDIRECT] 
2026-05-28 17:10:23,132 [ERROR] LogOutputStream:75 - [STDERR_REDIRECT] [Fatal Error] :1:1: Premature end of file.
2026-05-28 17:10:23,132 [ERROR] LogOutputStream:75 - [STDERR_REDIRECT] 
2026-05-28 17:10:24,123 [ERROR] LogOutputStream:75 - [STDERR_REDIRECT] [Fatal Error] :1:1: Premature end of file.
2026-05-28 17:10:24,124 [ERROR] LogOutputStream:75 - [STDERR_REDIRECT] 
2026-05-28 17:10:25,125 [ERROR] LogOutputStream:75 - [STDERR_REDIRECT] [Fatal Error] :1:1: Premature end of file.
2026-05-28 17:10:25,125 [ERROR] LogOutputStream:75 - [STDERR_REDIRECT] 
2026-05-28 17:10:26,122 [ERROR] LogOutputStream:75 - [STDERR_REDIRECT] [Fatal Error] :1:1: Premature end of file.
2026-05-28 17:10:26,122 [ERROR] LogOutputStream:75 - [STDERR_REDIRECT] 
2026-05-28 17:10:27,126 [ERROR] LogOutputStream:75 - [STDERR_REDIRECT] [Fatal Error] :1:1: Premature end of file.
2026-05-28 17:10:27,126 [ERROR] LogOutputStream:75 - [STDERR_REDIRECT] 
2026-05-28 17:10:28,124 [ERROR] LogOutputStream:75 - [STDERR_REDIRECT] [Fatal Error] :1:1: Premature end of file.
2026-05-28 17:10:28,124 [ERROR] LogOutputStream:75 - [STDERR_REDIRECT] 
2026-05-28 17:10:29,129 [ERROR] LogOutputStream:75 - [STDERR_REDIRECT] [Fatal Error] :1:1: Premature end of file.
2026-05-28 17:10:29,129 [ERROR] LogOutputStream:75 - [STDERR_REDIRECT] 
2026-05-28 17:10:30,123 [ERROR] LogOutputStream:75 - [STDERR_REDIRECT] [Fatal Error] :1:1: Premature end of file.
2026-05-28 17:10:30,123 [ERROR] LogOutputStream:75 - [STDERR_REDIRECT] 
2026-05-28 17:10:31,121 [ERROR] LogOutputStream:75 - [STDERR_REDIRECT] [Fatal Error] :1:1: Premature end of file.
2026-05-28 17:10:31,121 [ERROR] LogOutputStream:75 - [STDERR_REDIRECT] 
2026-05-28 17:10:32,127 [ERROR] LogOutputStream:75 - [STDERR_REDIRECT] [Fatal Error] :1:1: Premature end of file.
2026-05-28 17:10:32,127 [ERROR] LogOutputStream:75 - [STDERR_REDIRECT] 
2026-05-28 17:10:33,124 [ERROR] LogOutputStream:75 - [STDERR_REDIRECT] [Fatal Error] :1:1: Premature end of file.
2026-05-28 17:10:33,124 [ERROR] LogOutputStream:75 - [STDERR_REDIRECT] 
2026-05-28 17:10:34,120 [ERROR] LogOutputStream:75 - [STDERR_REDIRECT] [Fatal Error] :1:1: Premature end of file.
2026-05-28 17:10:34,120 [ERROR] LogOutputStream:75 - [STDERR_REDIRECT] 
2026-05-28 17:10:35,122 [ERROR] LogOutputStream:75 - [STDERR_REDIRECT] [Fatal Error] :1:1: Premature end of file.
2026-05-28 17:10:35,122 [ERROR] LogOutputStream:75 - [STDERR_REDIRECT] 
2026-05-28 17:10:36,128 [ERROR] LogOutputStream:75 - [STDERR_REDIRECT] [Fatal Error] :1:1: Premature end of file.
2026-05-28 17:10:36,128 [ERROR] LogOutputStream:75 - [STDERR_REDIRECT] 
2026-05-28 17:10:37,123 [ERROR] LogOutputStream:75 - [STDERR_REDIRECT] [Fatal Error] :1:1: Premature end of file.
2026-05-28 17:10:37,123 [ERROR] LogOutputStream:75 - [STDERR_REDIRECT] 
2026-05-28 17:10:38,119 [ERROR] LogOutputStream:75 - [STDERR_REDIRECT] [Fatal Error] :1:1: Premature end of file.
2026-05-28 17:10:38,119 [ERROR] LogOutputStream:75 - [STDERR_REDIRECT] 
2026-05-28 17:10:39,125 [ERROR] LogOutputStream:75 - [STDERR_REDIRECT] [Fatal Error] :1:1: Premature end of file.
2026-05-28 17:10:39,125 [ERROR] LogOutputStream:75 - [STDERR_REDIRECT] 
2026-05-28 17:10:40,123 [ERROR] LogOutputStream:75 - [STDERR_REDIRECT] [Fatal Error] :1:1: Premature end of file.
2026-05-28 17:10:40,123 [ERROR] LogOutputStream:75 - [STDERR_REDIRECT] 
2026-05-28 17:10:41,155 [ERROR] LogOutputStream:75 - [STDERR_REDIRECT] [Fatal Error] :1:1: Premature end of file.
2026-05-28 17:10:41,155 [ERROR] LogOutputStream:75 - [STDERR_REDIRECT] 
2026-05-28 17:10:42,120 [ERROR] LogOutputStream:75 - [STDERR_REDIRECT] [Fatal Error] :1:1: Premature end of file.
2026-05-28 17:10:42,121 [ERROR] LogOutputStream:75 - [STDERR_REDIRECT] 
2026-05-28 17:10:43,129 [ERROR] LogOutputStream:75 - [STDERR_REDIRECT] [Fatal Error] :1:1: Premature end of file.
2026-05-28 17:10:43,129 [ERROR] LogOutputStream:75 - [STDERR_REDIRECT] 
2026-05-28 17:10:44,111 [ERROR] LogOutputStream:75 - [STDERR_REDIRECT] [Fatal Error] :1:1: Premature end of file.
2026-05-28 17:10:44,111 [ERROR] LogOutputStream:75 - [STDERR_REDIRECT] 
2026-05-28 17:10:45,116 [ERROR] LogOutputStream:75 - [STDERR_REDIRECT] [Fatal Error] :1:1: Premature end of file.
2026-05-28 17:10:45,117 [ERROR] LogOutputStream:75 - [STDERR_REDIRECT] 
2026-05-28 17:10:46,124 [ERROR] LogOutputStream:75 - [STDERR_REDIRECT] [Fatal Error] :1:1: Premature end of file.
2026-05-28 17:10:46,124 [ERROR] LogOutputStream:75 - [STDERR_REDIRECT] 
2026-05-28 17:10:47,114 [ERROR] LogOutputStream:75 - [STDERR_REDIRECT] [Fatal Error] :1:1: Premature end of file.
2026-05-28 17:10:47,114 [ERROR] LogOutputStream:75 - [STDERR_REDIRECT] 
2026-05-28 17:10:48,121 [ERROR] LogOutputStream:75 - [STDERR_REDIRECT] [Fatal Error] :1:1: Premature end of file.
2026-05-28 17:10:48,121 [ERROR] LogOutputStream:75 - [STDERR_REDIRECT] 
2026-05-28 17:10:49,125 [ERROR] LogOutputStream:75 - [STDERR_REDIRECT] [Fatal Error] :1:1: Premature end of file.
2026-05-28 17:10:49,126 [ERROR] LogOutputStream:75 - [STDERR_REDIRECT] 
2026-05-28 17:10:50,120 [ERROR] LogOutputStream:75 - [STDERR_REDIRECT] [Fatal Error] :1:1: Premature end of file.
2026-05-28 17:10:50,120 [ERROR] LogOutputStream:75 - [STDERR_REDIRECT] 
2026-05-28 17:10:51,125 [ERROR] LogOutputStream:75 - [STDERR_REDIRECT] [Fatal Error] :1:1: Premature end of file.
2026-05-28 17:10:51,125 [ERROR] LogOutputStream:75 - [STDERR_REDIRECT] 
2026-05-28 17:10:52,121 [ERROR] LogOutputStream:75 - [STDERR_REDIRECT] [Fatal Error] :1:1: Premature end of file.
2026-05-28 17:10:52,121 [ERROR] LogOutputStream:75 - [STDERR_REDIRECT] 
2026-05-28 17:10:53,122 [ERROR] LogOutputStream:75 - [STDERR_REDIRECT] [Fatal Error] :1:1: Premature end of file.
2026-05-28 17:10:53,122 [ERROR] LogOutputStream:75 - [STDERR_REDIRECT] 
2026-05-28 17:10:54,126 [ERROR] LogOutputStream:75 - [STDERR_REDIRECT] [Fatal Error] :1:1: Premature end of file.
2026-05-28 17:10:54,126 [ERROR] LogOutputStream:75 - [STDERR_REDIRECT] 
2026-05-28 17:10:55,123 [ERROR] LogOutputStream:75 - [STDERR_REDIRECT] [Fatal Error] :1:1: Premature end of file.
2026-05-28 17:10:55,123 [ERROR] LogOutputStream:75 - [STDERR_REDIRECT] 
2026-05-28 17:10:56,123 [ERROR] LogOutputStream:75 - [STDERR_REDIRECT] [Fatal Error] :1:1: Premature end of file.
2026-05-28 17:10:56,123 [ERROR] LogOutputStream:75 - [STDERR_REDIRECT] 
2026-05-28 17:10:57,124 [ERROR] LogOutputStream:75 - [STDERR_REDIRECT] [Fatal Error] :1:1: Premature end of file.
2026-05-28 17:10:57,124 [ERROR] LogOutputStream:75 - [STDERR_REDIRECT] 
2026-05-28 17:10:58,126 [ERROR] LogOutputStream:75 - [STDERR_REDIRECT] [Fatal Error] :1:1: Premature end of file.
2026-05-28 17:10:58,126 [ERROR] LogOutputStream:75 - [STDERR_REDIRECT] 
2026-05-28 17:10:59,136 [ERROR] LogOutputStream:75 - [STDERR_REDIRECT] [Fatal Error] :1:1: Premature end of file.
2026-05-28 17:10:59,136 [ERROR] LogOutputStream:75 - [STDERR_REDIRECT] 
2026-05-28 17:11:00,124 [ERROR] LogOutputStream:75 - [STDERR_REDIRECT] [Fatal Error] :1:1: Premature end of file.
2026-05-28 17:11:00,125 [ERROR] LogOutputStream:75 - [STDERR_REDIRECT] 
2026-05-28 17:11:01,129 [ERROR] LogOutputStream:75 - [STDERR_REDIRECT] [Fatal Error] :1:1: Premature end of file.
2026-05-28 17:11:01,130 [ERROR] LogOutputStream:75 - [STDERR_REDIRECT] 
2026-05-28 17:11:02,135 [ERROR] LogOutputStream:75 - [STDERR_REDIRECT] [Fatal Error] :1:1: Premature end of file.
2026-05-28 17:11:02,135 [ERROR] LogOutputStream:75 - [STDERR_REDIRECT] 
2026-05-28 17:11:03,125 [ERROR] LogOutputStream:75 - [STDERR_REDIRECT] [Fatal Error] :1:1: Premature end of file.
2026-05-28 17:11:03,125 [ERROR] LogOutputStream:75 - [STDERR_REDIRECT] 
2026-05-28 17:11:04,122 [ERROR] LogOutputStream:75 - [STDERR_REDIRECT] [Fatal Error] :1:1: Premature end of file.
2026-05-28 17:11:04,122 [ERROR] LogOutputStream:75 - [STDERR_REDIRECT] 
2026-05-28 17:11:05,122 [ERROR] LogOutputStream:75 - [STDERR_REDIRECT] [Fatal Error] :1:1: Premature end of file.
2026-05-28 17:11:05,123 [ERROR] LogOutputStream:75 - [STDERR_REDIRECT] 
2026-05-28 17:11:06,149 [ERROR] LogOutputStream:75 - [STDERR_REDIRECT] [Fatal Error] :1:1: Premature end of file.
2026-05-28 17:11:06,149 [ERROR] LogOutputStream:75 - [STDERR_REDIRECT] 
2026-05-28 17:11:07,128 [ERROR] LogOutputStream:75 - [STDERR_REDIRECT] [Fatal Error] :1:1: Premature end of file.
2026-05-28 17:11:07,130 [ERROR] LogOutputStream:75 - [STDERR_REDIRECT] 
2026-05-28 17:11:08,125 [ERROR] LogOutputStream:75 - [STDERR_REDIRECT] [Fatal Error] :1:1: Premature end of file.
2026-05-28 17:11:08,126 [ERROR] LogOutputStream:75 - [STDERR_REDIRECT] 
2026-05-28 17:11:09,121 [ERROR] LogOutputStream:75 - [STDERR_REDIRECT] [Fatal Error] :1:1: Premature end of file.
2026-05-28 17:11:09,122 [ERROR] LogOutputStream:75 - [STDERR_REDIRECT] 
2026-05-28 17:11:10,114 [ERROR] LogOutputStream:75 - [STDERR_REDIRECT] [Fatal Error] :1:1: Premature end of file.
2026-05-28 17:11:10,115 [ERROR] LogOutputStream:75 - [STDERR_REDIRECT] 
2026-05-28 17:11:11,118 [ERROR] LogOutputStream:75 - [STDERR_REDIRECT] [Fatal Error] :1:1: Premature end of file.
2026-05-28 17:11:11,118 [ERROR] LogOutputStream:75 - [STDERR_REDIRECT] 
2026-05-28 17:11:12,114 [ERROR] LogOutputStream:75 - [STDERR_REDIRECT] [Fatal Error] :1:1: Premature end of file.
2026-05-28 17:11:12,114 [ERROR] LogOutputStream:75 - [STDERR_REDIRECT] 
2026-05-28 17:11:13,113 [ERROR] LogOutputStream:75 - [STDERR_REDIRECT] [Fatal Error] :1:1: Premature end of file.
2026-05-28 17:11:13,113 [ERROR] LogOutputStream:75 - [STDERR_REDIRECT] 
2026-05-28 17:11:14,162 [ERROR] LogOutputStream:75 - [STDERR_REDIRECT] [Fatal Error] :1:1: Premature end of file.
2026-05-28 17:11:14,162 [ERROR] LogOutputStream:75 - [STDERR_REDIRECT] 
2026-05-28 17:11:15,112 [ERROR] LogOutputStream:75 - [STDERR_REDIRECT] [Fatal Error] :1:1: Premature end of file.
2026-05-28 17:11:15,112 [ERROR] LogOutputStream:75 - [STDERR_REDIRECT] 
2026-05-28 17:11:16,127 [ERROR] LogOutputStream:75 - [STDERR_REDIRECT] [Fatal Error] :1:1: Premature end of file.
2026-05-28 17:11:16,127 [ERROR] LogOutputStream:75 - [STDERR_REDIRECT] 
2026-05-28 17:11:17,123 [ERROR] LogOutputStream:75 - [STDERR_REDIRECT] [Fatal Error] :1:1: Premature end of file.
2026-05-28 17:11:17,123 [ERROR] LogOutputStream:75 - [STDERR_REDIRECT] 
2026-05-28 17:11:18,127 [ERROR] LogOutputStream:75 - [STDERR_REDIRECT] [Fatal Error] :1:1: Premature end of file.
2026-05-28 17:11:18,127 [ERROR] LogOutputStream:75 - [STDERR_REDIRECT] 
2026-05-28 17:11:19,126 [ERROR] LogOutputStream:75 - [STDERR_REDIRECT] [Fatal Error] :1:1: Premature end of file.
2026-05-28 17:11:19,127 [ERROR] LogOutputStream:75 - [STDERR_REDIRECT] 
2026-05-28 17:11:20,123 [ERROR] LogOutputStream:75 - [STDERR_REDIRECT] [Fatal Error] :1:1: Premature end of file.
2026-05-28 17:11:20,123 [ERROR] LogOutputStream:75 - [STDERR_REDIRECT] 
2026-05-28 17:11:21,130 [ERROR] LogOutputStream:75 - [STDERR_REDIRECT] [Fatal Error] :1:1: Premature end of file.
2026-05-28 17:11:21,130 [ERROR] LogOutputStream:75 - [STDERR_REDIRECT] 
2026-05-28 17:11:22,116 [ERROR] LogOutputStream:75 - [STDERR_REDIRECT] [Fatal Error] :1:1: Premature end of file.
2026-05-28 17:11:22,116 [ERROR] LogOutputStream:75 - [STDERR_REDIRECT] 
2026-05-28 17:11:23,152 [ERROR] LogOutputStream:75 - [STDERR_REDIRECT] [Fatal Error] :1:1: Premature end of file.
2026-05-28 17:11:23,152 [ERROR] LogOutputStream:75 - [STDERR_REDIRECT] 
2026-05-28 17:11:24,122 [ERROR] LogOutputStream:75 - [STDERR_REDIRECT] [Fatal Error] :1:1: Premature end of file.
2026-05-28 17:11:24,122 [ERROR] LogOutputStream:75 - [STDERR_REDIRECT] 
2026-05-28 17:11:25,123 [ERROR] LogOutputStream:75 - [STDERR_REDIRECT] [Fatal Error] :1:1: Premature end of file.
2026-05-28 17:11:25,123 [ERROR] LogOutputStream:75 - [STDERR_REDIRECT] 
2026-05-28 17:11:26,123 [ERROR] LogOutputStream:75 - [STDERR_REDIRECT] [Fatal Error] :1:1: Premature end of file.
2026-05-28 17:11:26,123 [ERROR] LogOutputStream:75 - [STDERR_REDIRECT] 
2026-05-28 17:11:27,130 [ERROR] LogOutputStream:75 - [STDERR_REDIRECT] [Fatal Error] :1:1: Premature end of file.
2026-05-28 17:11:27,130 [ERROR] LogOutputStream:75 - [STDERR_REDIRECT] 
2026-05-28 17:11:28,112 [ERROR] LogOutputStream:75 - [STDERR_REDIRECT] [Fatal Error] :1:1: Premature end of file.
2026-05-28 17:11:28,112 [ERROR] LogOutputStream:75 - [STDERR_REDIRECT] 
2026-05-28 17:11:29,113 [ERROR] LogOutputStream:75 - [STDERR_REDIRECT] [Fatal Error] :1:1: Premature end of file.
2026-05-28 17:11:29,113 [ERROR] LogOutputStream:75 - [STDERR_REDIRECT] 
2026-05-28 17:11:30,131 [ERROR] LogOutputStream:75 - [STDERR_REDIRECT] [Fatal Error] :1:1: Premature end of file.
2026-05-28 17:11:30,131 [ERROR] LogOutputStream:75 - [STDERR_REDIRECT] 
2026-05-28 17:11:31,132 [ERROR] LogOutputStream:75 - [STDERR_REDIRECT] [Fatal Error] :1:1: Premature end of file.
2026-05-28 17:11:31,132 [ERROR] LogOutputStream:75 - [STDERR_REDIRECT] 
2026-05-28 17:11:32,114 [ERROR] LogOutputStream:75 - [STDERR_REDIRECT] [Fatal Error] :1:1: Premature end of file.
2026-05-28 17:11:32,114 [ERROR] LogOutputStream:75 - [STDERR_REDIRECT] 
2026-05-28 17:11:33,123 [ERROR] LogOutputStream:75 - [STDERR_REDIRECT] [Fatal Error] :1:1: Premature end of file.
2026-05-28 17:11:33,123 [ERROR] LogOutputStream:75 - [STDERR_REDIRECT] 
2026-05-28 17:11:34,128 [ERROR] LogOutputStream:75 - [STDERR_REDIRECT] [Fatal Error] :1:1: Premature end of file.
2026-05-28 17:11:34,129 [ERROR] LogOutputStream:75 - [STDERR_REDIRECT] 
2026-05-28 17:11:35,119 [ERROR] LogOutputStream:75 - [STDERR_REDIRECT] [Fatal Error] :1:1: Premature end of file.
2026-05-28 17:11:35,119 [ERROR] LogOutputStream:75 - [STDERR_REDIRECT] 
2026-05-28 17:11:36,126 [ERROR] LogOutputStream:75 - [STDERR_REDIRECT] [Fatal Error] :1:1: Premature end of file.
2026-05-28 17:11:36,126 [ERROR] LogOutputStream:75 - [STDERR_REDIRECT] 
2026-05-28 17:11:37,124 [ERROR] LogOutputStream:75 - [STDERR_REDIRECT] [Fatal Error] :1:1: Premature end of file.
2026-05-28 17:11:37,124 [ERROR] LogOutputStream:75 - [STDERR_REDIRECT] 
2026-05-28 17:11:38,129 [ERROR] LogOutputStream:75 - [STDERR_REDIRECT] [Fatal Error] :1:1: Premature end of file.
2026-05-28 17:11:38,129 [ERROR] LogOutputStream:75 - [STDERR_REDIRECT] 
2026-05-28 17:11:39,123 [ERROR] LogOutputStream:75 - [STDERR_REDIRECT] [Fatal Error] :1:1: Premature end of file.
2026-05-28 17:11:39,123 [ERROR] LogOutputStream:75 - [STDERR_REDIRECT] 
2026-05-28 17:11:40,120 [ERROR] LogOutputStream:75 - [STDERR_REDIRECT] [Fatal Error] :1:1: Premature end of file.
2026-05-28 17:11:40,120 [ERROR] LogOutputStream:75 - [STDERR_REDIRECT] 
2026-05-28 17:11:41,127 [ERROR] LogOutputStream:75 - [STDERR_REDIRECT] [Fatal Error] :1:1: Premature end of file.
2026-05-28 17:11:41,127 [ERROR] LogOutputStream:75 - [STDERR_REDIRECT] 
2026-05-28 17:11:42,146 [ERROR] LogOutputStream:75 - [STDERR_REDIRECT] [Fatal Error] :1:1: Premature end of file.
2026-05-28 17:11:42,147 [ERROR] LogOutputStream:75 - [STDERR_REDIRECT] 
2026-05-28 17:11:43,120 [ERROR] LogOutputStream:75 - [STDERR_REDIRECT] [Fatal Error] :1:1: Premature end of file.
2026-05-28 17:11:43,120 [ERROR] LogOutputStream:75 - [STDERR_REDIRECT] 
2026-05-28 17:11:44,121 [ERROR] LogOutputStream:75 - [STDERR_REDIRECT] [Fatal Error] :1:1: Premature end of file.
2026-05-28 17:11:44,122 [ERROR] LogOutputStream:75 - [STDERR_REDIRECT] 
2026-05-28 17:11:45,124 [ERROR] LogOutputStream:75 - [STDERR_REDIRECT] [Fatal Error] :1:1: Premature end of file.
2026-05-28 17:11:45,124 [ERROR] LogOutputStream:75 - [STDERR_REDIRECT] 
2026-05-28 17:11:46,140 [ERROR] LogOutputStream:75 - [STDERR_REDIRECT] [Fatal Error] :1:1: Premature end of file.
2026-05-28 17:11:46,141 [ERROR] LogOutputStream:75 - [STDERR_REDIRECT] 
2026-05-28 17:11:47,124 [ERROR] LogOutputStream:75 - [STDERR_REDIRECT] [Fatal Error] :1:1: Premature end of file.
2026-05-28 17:11:47,124 [ERROR] LogOutputStream:75 - [STDERR_REDIRECT] 
2026-05-28 17:11:48,122 [ERROR] LogOutputStream:75 - [STDERR_REDIRECT] [Fatal Error] :1:1: Premature end of file.
2026-05-28 17:11:48,122 [ERROR] LogOutputStream:75 - [STDERR_REDIRECT] 
2026-05-28 17:11:49,124 [ERROR] LogOutputStream:75 - [STDERR_REDIRECT] [Fatal Error] :1:1: Premature end of file.
2026-05-28 17:11:49,124 [ERROR] LogOutputStream:75 - [STDERR_REDIRECT] 
2026-05-28 17:11:50,121 [ERROR] LogOutputStream:75 - [STDERR_REDIRECT] [Fatal Error] :1:1: Premature end of file.
2026-05-28 17:11:50,121 [ERROR] LogOutputStream:75 - [STDERR_REDIRECT] 
2026-05-28 17:11:51,120 [ERROR] LogOutputStream:75 - [STDERR_REDIRECT] [Fatal Error] :1:1: Premature end of file.
2026-05-28 17:11:51,120 [ERROR] LogOutputStream:75 - [STDERR_REDIRECT] 
2026-05-28 17:11:52,126 [ERROR] LogOutputStream:75 - [STDERR_REDIRECT] [Fatal Error] :1:1: Premature end of file.
2026-05-28 17:11:52,126 [ERROR] LogOutputStream:75 - [STDERR_REDIRECT] 
2026-05-28 17:11:53,119 [ERROR] LogOutputStream:75 - [STDERR_REDIRECT] [Fatal Error] :1:1: Premature end of file.
2026-05-28 17:11:53,119 [ERROR] LogOutputStream:75 - [STDERR_REDIRECT] 
2026-05-28 17:11:54,119 [ERROR] LogOutputStream:75 - [STDERR_REDIRECT] [Fatal Error] :1:1: Premature end of file.
2026-05-28 17:11:54,119 [ERROR] LogOutputStream:75 - [STDERR_REDIRECT] 
2026-05-28 17:11:55,131 [ERROR] LogOutputStream:75 - [STDERR_REDIRECT] [Fatal Error] :1:1: Premature end of file.
2026-05-28 17:11:55,131 [ERROR] LogOutputStream:75 - [STDERR_REDIRECT] 
2026-05-28 17:11:56,123 [ERROR] LogOutputStream:75 - [STDERR_REDIRECT] [Fatal Error] :1:1: Premature end of file.
2026-05-28 17:11:56,123 [ERROR] LogOutputStream:75 - [STDERR_REDIRECT] 
2026-05-28 17:11:57,122 [ERROR] LogOutputStream:75 - [STDERR_REDIRECT] [Fatal Error] :1:1: Premature end of file.
2026-05-28 17:11:57,122 [ERROR] LogOutputStream:75 - [STDERR_REDIRECT] 
2026-05-28 17:11:58,145 [ERROR] LogOutputStream:75 - [STDERR_REDIRECT] [Fatal Error] :1:1: Premature end of file.
2026-05-28 17:11:58,145 [ERROR] LogOutputStream:75 - [STDERR_REDIRECT] 
2026-05-28 17:11:59,123 [ERROR] LogOutputStream:75 - [STDERR_REDIRECT] [Fatal Error] :1:1: Premature end of file.
2026-05-28 17:11:59,123 [ERROR] LogOutputStream:75 - [STDERR_REDIRECT] 
2026-05-28 17:12:00,134 [ERROR] LogOutputStream:75 - [STDERR_REDIRECT] [Fatal Error] :1:1: Premature end of file.
2026-05-28 17:12:00,135 [ERROR] LogOutputStream:75 - [STDERR_REDIRECT] 
2026-05-28 17:12:01,120 [ERROR] LogOutputStream:75 - [STDERR_REDIRECT] [Fatal Error] :1:1: Premature end of file.
2026-05-28 17:12:01,120 [ERROR] LogOutputStream:75 - [STDERR_REDIRECT] 
2026-05-28 17:12:02,124 [ERROR] LogOutputStream:75 - [STDERR_REDIRECT] [Fatal Error] :1:1: Premature end of file.
2026-05-28 17:12:02,124 [ERROR] LogOutputStream:75 - [STDERR_REDIRECT] 
2026-05-28 17:12:03,119 [ERROR] LogOutputStream:75 - [STDERR_REDIRECT] [Fatal Error] :1:1: Premature end of file.
2026-05-28 17:12:03,119 [ERROR] LogOutputStream:75 - [STDERR_REDIRECT] 
2026-05-28 17:12:04,121 [ERROR] LogOutputStream:75 - [STDERR_REDIRECT] [Fatal Error] :1:1: Premature end of file.
2026-05-28 17:12:04,121 [ERROR] LogOutputStream:75 - [STDERR_REDIRECT] 
2026-05-28 17:12:05,127 [ERROR] LogOutputStream:75 - [STDERR_REDIRECT] [Fatal Error] :1:1: Premature end of file.
2026-05-28 17:12:05,127 [ERROR] LogOutputStream:75 - [STDERR_REDIRECT] 
2026-05-28 17:12:06,111 [ERROR] LogOutputStream:75 - [STDERR_REDIRECT] [Fatal Error] :1:1: Premature end of file.
2026-05-28 17:12:06,112 [ERROR] LogOutputStream:75 - [STDERR_REDIRECT] 
2026-05-28 17:12:07,116 [ERROR] LogOutputStream:75 - [STDERR_REDIRECT] [Fatal Error] :1:1: Premature end of file.
2026-05-28 17:12:07,116 [ERROR] LogOutputStream:75 - [STDERR_REDIRECT] 
2026-05-28 17:12:08,118 [ERROR] LogOutputStream:75 - [STDERR_REDIRECT] [Fatal Error] :1:1: Premature end of file.
2026-05-28 17:12:08,118 [ERROR] LogOutputStream:75 - [STDERR_REDIRECT] 
2026-05-28 17:12:09,110 [ERROR] LogOutputStream:75 - [STDERR_REDIRECT] [Fatal Error] :1:1: Premature end of file.
2026-05-28 17:12:09,110 [ERROR] LogOutputStream:75 - [STDERR_REDIRECT] 
2026-05-28 17:12:10,113 [ERROR] LogOutputStream:75 - [STDERR_REDIRECT] [Fatal Error] :1:1: Premature end of file.
2026-05-28 17:12:10,113 [ERROR] LogOutputStream:75 - [STDERR_REDIRECT] 
2026-05-28 17:12:11,122 [ERROR] LogOutputStream:75 - [STDERR_REDIRECT] [Fatal Error] :1:1: Premature end of file.
2026-05-28 17:12:11,123 [ERROR] LogOutputStream:75 - [STDERR_REDIRECT] 
2026-05-28 17:12:12,123 [ERROR] LogOutputStream:75 - [STDERR_REDIRECT] [Fatal Error] :1:1: Premature end of file.
2026-05-28 17:12:12,123 [ERROR] LogOutputStream:75 - [STDERR_REDIRECT] 
2026-05-28 17:12:13,123 [ERROR] LogOutputStream:75 - [STDERR_REDIRECT] [Fatal Error] :1:1: Premature end of file.
2026-05-28 17:12:13,123 [ERROR] LogOutputStream:75 - [STDERR_REDIRECT] 
2026-05-28 17:12:14,130 [ERROR] LogOutputStream:75 - [STDERR_REDIRECT] [Fatal Error] :1:1: Premature end of file.
2026-05-28 17:12:14,130 [ERROR] LogOutputStream:75 - [STDERR_REDIRECT] 
2026-05-28 17:12:15,124 [ERROR] LogOutputStream:75 - [STDERR_REDIRECT] [Fatal Error] :1:1: Premature end of file.
2026-05-28 17:12:15,124 [ERROR] LogOutputStream:75 - [STDERR_REDIRECT] 
2026-05-28 17:12:16,128 [ERROR] LogOutputStream:75 - [STDERR_REDIRECT] [Fatal Error] :1:1: Premature end of file.
2026-05-28 17:12:16,128 [ERROR] LogOutputStream:75 - [STDERR_REDIRECT] 
2026-05-28 17:12:17,116 [ERROR] LogOutputStream:75 - [STDERR_REDIRECT] [Fatal Error] :1:1: Premature end of file.
2026-05-28 17:12:17,116 [ERROR] LogOutputStream:75 - [STDERR_REDIRECT] 
2026-05-28 17:12:18,123 [ERROR] LogOutputStream:75 - [STDERR_REDIRECT] [Fatal Error] :1:1: Premature end of file.
2026-05-28 17:12:18,123 [ERROR] LogOutputStream:75 - [STDERR_REDIRECT] 
2026-05-28 17:12:19,127 [ERROR] LogOutputStream:75 - [STDERR_REDIRECT] [Fatal Error] :1:1: Premature end of file.
2026-05-28 17:12:19,127 [ERROR] LogOutputStream:75 - [STDERR_REDIRECT] 
2026-05-28 17:12:20,126 [ERROR] LogOutputStream:75 - [STDERR_REDIRECT] [Fatal Error] :1:1: Premature end of file.
2026-05-28 17:12:20,126 [ERROR] LogOutputStream:75 - [STDERR_REDIRECT] 
2026-05-28 17:12:21,121 [ERROR] LogOutputStream:75 - [STDERR_REDIRECT] [Fatal Error] :1:1: Premature end of file.
2026-05-28 17:12:21,122 [ERROR] LogOutputStream:75 - [STDERR_REDIRECT] 
2026-05-28 17:12:22,142 [ERROR] LogOutputStream:75 - [STDERR_REDIRECT] [Fatal Error] :1:1: Premature end of file.
2026-05-28 17:12:22,142 [ERROR] LogOutputStream:75 - [STDERR_REDIRECT] 
2026-05-28 17:12:23,122 [ERROR] LogOutputStream:75 - [STDERR_REDIRECT] [Fatal Error] :1:1: Premature end of file.
2026-05-28 17:12:23,122 [ERROR] LogOutputStream:75 - [STDERR_REDIRECT] 
2026-05-28 17:12:24,121 [ERROR] LogOutputStream:75 - [STDERR_REDIRECT] [Fatal Error] :1:1: Premature end of file.
2026-05-28 17:12:24,121 [ERROR] LogOutputStream:75 - [STDERR_REDIRECT] 
2026-05-28 17:12:25,113 [ERROR] LogOutputStream:75 - [STDERR_REDIRECT] [Fatal Error] :1:1: Premature end of file.
2026-05-28 17:12:25,113 [ERROR] LogOutputStream:75 - [STDERR_REDIRECT] 
2026-05-28 17:12:26,124 [ERROR] LogOutputStream:75 - [STDERR_REDIRECT] [Fatal Error] :1:1: Premature end of file.
2026-05-28 17:12:26,125 [ERROR] LogOutputStream:75 - [STDERR_REDIRECT] 
2026-05-28 17:12:27,121 [ERROR] LogOutputStream:75 - [STDERR_REDIRECT] [Fatal Error] :1:1: Premature end of file.
2026-05-28 17:12:27,121 [ERROR] LogOutputStream:75 - [STDERR_REDIRECT] 
2026-05-28 17:12:28,123 [ERROR] LogOutputStream:75 - [STDERR_REDIRECT] [Fatal Error] :1:1: Premature end of file.
2026-05-28 17:12:28,124 [ERROR] LogOutputStream:75 - [STDERR_REDIRECT] 
2026-05-28 17:12:29,120 [ERROR] LogOutputStream:75 - [STDERR_REDIRECT] [Fatal Error] :1:1: Premature end of file.
2026-05-28 17:12:29,121 [ERROR] LogOutputStream:75 - [STDERR_REDIRECT] 
2026-05-28 17:12:30,124 [ERROR] LogOutputStream:75 - [STDERR_REDIRECT] [Fatal Error] :1:1: Premature end of file.
2026-05-28 17:12:30,124 [ERROR] LogOutputStream:75 - [STDERR_REDIRECT] 
2026-05-28 17:12:31,110 [ERROR] LogOutputStream:75 - [STDERR_REDIRECT] [Fatal Error] :1:1: Premature end of file.
2026-05-28 17:12:31,110 [ERROR] LogOutputStream:75 - [STDERR_REDIRECT] 
2026-05-28 17:12:32,126 [ERROR] LogOutputStream:75 - [STDERR_REDIRECT] [Fatal Error] :1:1: Premature end of file.
2026-05-28 17:12:32,128 [ERROR] LogOutputStream:75 - [STDERR_REDIRECT] 
2026-05-28 17:12:33,112 [ERROR] LogOutputStream:75 - [STDERR_REDIRECT] [Fatal Error] :1:1: Premature end of file.
2026-05-28 17:12:33,112 [ERROR] LogOutputStream:75 - [STDERR_REDIRECT] 
2026-05-28 17:12:34,122 [ERROR] LogOutputStream:75 - [STDERR_REDIRECT] [Fatal Error] :1:1: Premature end of file.
2026-05-28 17:12:34,122 [ERROR] LogOutputStream:75 - [STDERR_REDIRECT] 
2026-05-28 17:12:35,123 [ERROR] LogOutputStream:75 - [STDERR_REDIRECT] [Fatal Error] :1:1: Premature end of file.
2026-05-28 17:12:35,123 [ERROR] LogOutputStream:75 - [STDERR_REDIRECT] 
2026-05-28 17:12:36,127 [ERROR] LogOutputStream:75 - [STDERR_REDIRECT] [Fatal Error] :1:1: Premature end of file.
2026-05-28 17:12:36,127 [ERROR] LogOutputStream:75 - [STDERR_REDIRECT] 
2026-05-28 17:12:37,113 [ERROR] LogOutputStream:75 - [STDERR_REDIRECT] [Fatal Error] :1:1: Premature end of file.
2026-05-28 17:12:37,113 [ERROR] LogOutputStream:75 - [STDERR_REDIRECT] 
2026-05-28 17:12:38,128 [ERROR] LogOutputStream:75 - [STDERR_REDIRECT] [Fatal Error] :1:1: Premature end of file.
2026-05-28 17:12:38,128 [ERROR] LogOutputStream:75 - [STDERR_REDIRECT] 
2026-05-28 17:12:39,125 [ERROR] LogOutputStream:75 - [STDERR_REDIRECT] [Fatal Error] :1:1: Premature end of file.
2026-05-28 17:12:39,125 [ERROR] LogOutputStream:75 - [STDERR_REDIRECT] 
2026-05-28 17:12:40,128 [ERROR] LogOutputStream:75 - [STDERR_REDIRECT] [Fatal Error] :1:1: Premature end of file.
2026-05-28 17:12:40,128 [ERROR] LogOutputStream:75 - [STDERR_REDIRECT] 
2026-05-28 17:12:41,121 [ERROR] LogOutputStream:75 - [STDERR_REDIRECT] [Fatal Error] :1:1: Premature end of file.
2026-05-28 17:12:41,121 [ERROR] LogOutputStream:75 - [STDERR_REDIRECT] 
2026-05-28 17:12:42,120 [ERROR] LogOutputStream:75 - [STDERR_REDIRECT] [Fatal Error] :1:1: Premature end of file.
2026-05-28 17:12:42,122 [ERROR] LogOutputStream:75 - [STDERR_REDIRECT] 
2026-05-28 17:12:43,119 [ERROR] LogOutputStream:75 - [STDERR_REDIRECT] [Fatal Error] :1:1: Premature end of file.
2026-05-28 17:12:43,120 [ERROR] LogOutputStream:75 - [STDERR_REDIRECT] 
2026-05-28 17:12:44,121 [ERROR] LogOutputStream:75 - [STDERR_REDIRECT] [Fatal Error] :1:1: Premature end of file.
2026-05-28 17:12:44,121 [ERROR] LogOutputStream:75 - [STDERR_REDIRECT] 
2026-05-28 17:12:45,121 [ERROR] LogOutputStream:75 - [STDERR_REDIRECT] [Fatal Error] :1:1: Premature end of file.
2026-05-28 17:12:45,121 [ERROR] LogOutputStream:75 - [STDERR_REDIRECT] 
2026-05-28 17:12:46,146 [ERROR] LogOutputStream:75 - [STDERR_REDIRECT] [Fatal Error] :1:1: Premature end of file.
2026-05-28 17:12:46,146 [ERROR] LogOutputStream:75 - [STDERR_REDIRECT] 
2026-05-28 17:12:47,122 [ERROR] LogOutputStream:75 - [STDERR_REDIRECT] [Fatal Error] :1:1: Premature end of file.
2026-05-28 17:12:47,122 [ERROR] LogOutputStream:75 - [STDERR_REDIRECT] 
2026-05-28 17:12:48,126 [ERROR] LogOutputStream:75 - [STDERR_REDIRECT] [Fatal Error] :1:1: Premature end of file.
2026-05-28 17:12:48,126 [ERROR] LogOutputStream:75 - [STDERR_REDIRECT] 
2026-05-28 17:12:49,125 [ERROR] LogOutputStream:75 - [STDERR_REDIRECT] [Fatal Error] :1:1: Premature end of file.
2026-05-28 17:12:49,125 [ERROR] LogOutputStream:75 - [STDERR_REDIRECT] 
2026-05-28 17:12:50,127 [ERROR] LogOutputStream:75 - [STDERR_REDIRECT] [Fatal Error] :1:1: Premature end of file.
2026-05-28 17:12:50,127 [ERROR] LogOutputStream:75 - [STDERR_REDIRECT] 
2026-05-28 17:12:51,124 [ERROR] LogOutputStream:75 - [STDERR_REDIRECT] [Fatal Error] :1:1: Premature end of file.
2026-05-28 17:12:51,124 [ERROR] LogOutputStream:75 - [STDERR_REDIRECT] 
2026-05-28 17:12:52,121 [ERROR] LogOutputStream:75 - [STDERR_REDIRECT] [Fatal Error] :1:1: Premature end of file.
2026-05-28 17:12:52,122 [ERROR] LogOutputStream:75 - [STDERR_REDIRECT] 
2026-05-28 17:12:53,128 [ERROR] LogOutputStream:75 - [STDERR_REDIRECT] [Fatal Error] :1:1: Premature end of file.
2026-05-28 17:12:53,129 [ERROR] LogOutputStream:75 - [STDERR_REDIRECT] 
2026-05-28 17:12:54,124 [ERROR] LogOutputStream:75 - [STDERR_REDIRECT] [Fatal Error] :1:1: Premature end of file.
2026-05-28 17:12:54,124 [ERROR] LogOutputStream:75 - [STDERR_REDIRECT] 
2026-05-28 17:12:55,121 [ERROR] LogOutputStream:75 - [STDERR_REDIRECT] [Fatal Error] :1:1: Premature end of file.
2026-05-28 17:12:55,121 [ERROR] LogOutputStream:75 - [STDERR_REDIRECT] 
2026-05-28 17:12:56,123 [ERROR] LogOutputStream:75 - [STDERR_REDIRECT] [Fatal Error] :1:1: Premature end of file.
2026-05-28 17:12:56,123 [ERROR] LogOutputStream:75 - [STDERR_REDIRECT] 
2026-05-28 17:12:57,124 [ERROR] LogOutputStream:75 - [STDERR_REDIRECT] [Fatal Error] :1:1: Premature end of file.
2026-05-28 17:12:57,125 [ERROR] LogOutputStream:75 - [STDERR_REDIRECT] 
2026-05-28 17:12:58,126 [ERROR] LogOutputStream:75 - [STDERR_REDIRECT] [Fatal Error] :1:1: Premature end of file.
2026-05-28 17:12:58,127 [ERROR] LogOutputStream:75 - [STDERR_REDIRECT] 
2026-05-28 17:12:59,123 [ERROR] LogOutputStream:75 - [STDERR_REDIRECT] [Fatal Error] :1:1: Premature end of file.
2026-05-28 17:12:59,124 [ERROR] LogOutputStream:75 - [STDERR_REDIRECT] 
2026-05-28 17:13:00,123 [ERROR] LogOutputStream:75 - [STDERR_REDIRECT] [Fatal Error] :1:1: Premature end of file.
2026-05-28 17:13:00,123 [ERROR] LogOutputStream:75 - [STDERR_REDIRECT] 
2026-05-28 17:13:01,129 [ERROR] LogOutputStream:75 - [STDERR_REDIRECT] [Fatal Error] :1:1: Premature end of file.
2026-05-28 17:13:01,129 [ERROR] LogOutputStream:75 - [STDERR_REDIRECT] 
2026-05-28 17:13:02,123 [ERROR] LogOutputStream:75 - [STDERR_REDIRECT] [Fatal Error] :1:1: Premature end of file.
2026-05-28 17:13:02,123 [ERROR] LogOutputStream:75 - [STDERR_REDIRECT] 
2026-05-28 17:13:03,126 [ERROR] LogOutputStream:75 - [STDERR_REDIRECT] [Fatal Error] :1:1: Premature end of file.
2026-05-28 17:13:03,126 [ERROR] LogOutputStream:75 - [STDERR_REDIRECT] 
2026-05-28 17:13:04,128 [ERROR] LogOutputStream:75 - [STDERR_REDIRECT] [Fatal Error] :1:1: Premature end of file.
2026-05-28 17:13:04,128 [ERROR] LogOutputStream:75 - [STDERR_REDIRECT] 
2026-05-28 17:13:05,122 [ERROR] LogOutputStream:75 - [STDERR_REDIRECT] [Fatal Error] :1:1: Premature end of file.
2026-05-28 17:13:05,122 [ERROR] LogOutputStream:75 - [STDERR_REDIRECT] 
2026-05-28 17:13:06,122 [ERROR] LogOutputStream:75 - [STDERR_REDIRECT] [Fatal Error] :1:1: Premature end of file.
2026-05-28 17:13:06,123 [ERROR] LogOutputStream:75 - [STDERR_REDIRECT] 
2026-05-28 17:13:07,124 [ERROR] LogOutputStream:75 - [STDERR_REDIRECT] [Fatal Error] :1:1: Premature end of file.
2026-05-28 17:13:07,124 [ERROR] LogOutputStream:75 - [STDERR_REDIRECT] 
2026-05-28 17:13:08,126 [ERROR] LogOutputStream:75 - [STDERR_REDIRECT] [Fatal Error] :1:1: Premature end of file.
2026-05-28 17:13:08,126 [ERROR] LogOutputStream:75 - [STDERR_REDIRECT] 
2026-05-28 17:13:09,124 [ERROR] LogOutputStream:75 - [STDERR_REDIRECT] [Fatal Error] :1:1: Premature end of file.
2026-05-28 17:13:09,124 [ERROR] LogOutputStream:75 - [STDERR_REDIRECT] 
2026-05-28 17:13:10,122 [ERROR] LogOutputStream:75 - [STDERR_REDIRECT] [Fatal Error] :1:1: Premature end of file.
2026-05-28 17:13:10,123 [ERROR] LogOutputStream:75 - [STDERR_REDIRECT] 
2026-05-28 17:13:11,120 [ERROR] LogOutputStream:75 - [STDERR_REDIRECT] [Fatal Error] :1:1: Premature end of file.
2026-05-28 17:13:11,120 [ERROR] LogOutputStream:75 - [STDERR_REDIRECT] 
2026-05-28 17:13:12,126 [ERROR] LogOutputStream:75 - [STDERR_REDIRECT] [Fatal Error] :1:1: Premature end of file.
2026-05-28 17:13:12,126 [ERROR] LogOutputStream:75 - [STDERR_REDIRECT] 
2026-05-28 17:13:13,121 [ERROR] LogOutputStream:75 - [STDERR_REDIRECT] [Fatal Error] :1:1: Premature end of file.
2026-05-28 17:13:13,121 [ERROR] LogOutputStream:75 - [STDERR_REDIRECT] 
2026-05-28 17:13:14,125 [ERROR] LogOutputStream:75 - [STDERR_REDIRECT] [Fatal Error] :1:1: Premature end of file.
2026-05-28 17:13:14,126 [ERROR] LogOutputStream:75 - [STDERR_REDIRECT] 
2026-05-28 17:13:15,124 [ERROR] LogOutputStream:75 - [STDERR_REDIRECT] [Fatal Error] :1:1: Premature end of file.
2026-05-28 17:13:15,124 [ERROR] LogOutputStream:75 - [STDERR_REDIRECT] 
2026-05-28 17:13:16,115 [ERROR] LogOutputStream:75 - [STDERR_REDIRECT] [Fatal Error] :1:1: Premature end of file.
2026-05-28 17:13:16,115 [ERROR] LogOutputStream:75 - [STDERR_REDIRECT] 
2026-05-28 17:13:17,124 [ERROR] LogOutputStream:75 - [STDERR_REDIRECT] [Fatal Error] :1:1: Premature end of file.
2026-05-28 17:13:17,124 [ERROR] LogOutputStream:75 - [STDERR_REDIRECT] 
2026-05-28 17:13:18,124 [ERROR] LogOutputStream:75 - [STDERR_REDIRECT] [Fatal Error] :1:1: Premature end of file.
2026-05-28 17:13:18,124 [ERROR] LogOutputStream:75 - [STDERR_REDIRECT] 
2026-05-28 17:13:19,123 [ERROR] LogOutputStream:75 - [STDERR_REDIRECT] [Fatal Error] :1:1: Premature end of file.
2026-05-28 17:13:19,123 [ERROR] LogOutputStream:75 - [STDERR_REDIRECT] 
2026-05-28 17:13:20,124 [ERROR] LogOutputStream:75 - [STDERR_REDIRECT] [Fatal Error] :1:1: Premature end of file.
2026-05-28 17:13:20,124 [ERROR] LogOutputStream:75 - [STDERR_REDIRECT] 
2026-05-28 17:13:21,130 [ERROR] LogOutputStream:75 - [STDERR_REDIRECT] [Fatal Error] :1:1: Premature end of file.
2026-05-28 17:13:21,130 [ERROR] LogOutputStream:75 - [STDERR_REDIRECT] 
2026-05-28 17:13:22,110 [ERROR] LogOutputStream:75 - [STDERR_REDIRECT] [Fatal Error] :1:1: Premature end of file.
2026-05-28 17:13:22,111 [ERROR] LogOutputStream:75 - [STDERR_REDIRECT] 
2026-05-28 17:13:23,121 [ERROR] LogOutputStream:75 - [STDERR_REDIRECT] [Fatal Error] :1:1: Premature end of file.
2026-05-28 17:13:23,121 [ERROR] LogOutputStream:75 - [STDERR_REDIRECT] 
2026-05-28 17:13:24,125 [ERROR] LogOutputStream:75 - [STDERR_REDIRECT] [Fatal Error] :1:1: Premature end of file.
2026-05-28 17:13:24,125 [ERROR] LogOutputStream:75 - [STDERR_REDIRECT] 
2026-05-28 17:13:25,124 [ERROR] LogOutputStream:75 - [STDERR_REDIRECT] [Fatal Error] :1:1: Premature end of file.
2026-05-28 17:13:25,124 [ERROR] LogOutputStream:75 - [STDERR_REDIRECT] 
2026-05-28 17:13:26,128 [ERROR] LogOutputStream:75 - [STDERR_REDIRECT] [Fatal Error] :1:1: Premature end of file.
2026-05-28 17:13:26,128 [ERROR] LogOutputStream:75 - [STDERR_REDIRECT] 
2026-05-28 17:13:27,123 [ERROR] LogOutputStream:75 - [STDERR_REDIRECT] [Fatal Error] :1:1: Premature end of file.
2026-05-28 17:13:27,124 [ERROR] LogOutputStream:75 - [STDERR_REDIRECT] 
2026-05-28 17:13:28,124 [ERROR] LogOutputStream:75 - [STDERR_REDIRECT] [Fatal Error] :1:1: Premature end of file.
2026-05-28 17:13:28,124 [ERROR] LogOutputStream:75 - [STDERR_REDIRECT] 
2026-05-28 17:13:29,125 [ERROR] LogOutputStream:75 - [STDERR_REDIRECT] [Fatal Error] :1:1: Premature end of file.
2026-05-28 17:13:29,125 [ERROR] LogOutputStream:75 - [STDERR_REDIRECT] 
2026-05-28 17:13:30,125 [ERROR] LogOutputStream:75 - [STDERR_REDIRECT] [Fatal Error] :1:1: Premature end of file.
2026-05-28 17:13:30,125 [ERROR] LogOutputStream:75 - [STDERR_REDIRECT] 
2026-05-28 17:13:31,126 [ERROR] LogOutputStream:75 - [STDERR_REDIRECT] [Fatal Error] :1:1: Premature end of file.
2026-05-28 17:13:31,128 [ERROR] LogOutputStream:75 - [STDERR_REDIRECT] 
2026-05-28 17:13:32,132 [ERROR] LogOutputStream:75 - [STDERR_REDIRECT] [Fatal Error] :1:1: Premature end of file.
2026-05-28 17:13:32,132 [ERROR] LogOutputStream:75 - [STDERR_REDIRECT] 
2026-05-28 17:13:33,122 [ERROR] LogOutputStream:75 - [STDERR_REDIRECT] [Fatal Error] :1:1: Premature end of file.
2026-05-28 17:13:33,123 [ERROR] LogOutputStream:75 - [STDERR_REDIRECT] 
2026-05-28 17:13:34,120 [ERROR] LogOutputStream:75 - [STDERR_REDIRECT] [Fatal Error] :1:1: Premature end of file.
2026-05-28 17:13:34,120 [ERROR] LogOutputStream:75 - [STDERR_REDIRECT] 
2026-05-28 17:13:35,145 [ERROR] LogOutputStream:75 - [STDERR_REDIRECT] [Fatal Error] :1:1: Premature end of file.
2026-05-28 17:13:35,145 [ERROR] LogOutputStream:75 - [STDERR_REDIRECT] 
2026-05-28 17:13:36,123 [ERROR] LogOutputStream:75 - [STDERR_REDIRECT] [Fatal Error] :1:1: Premature end of file.
2026-05-28 17:13:36,123 [ERROR] LogOutputStream:75 - [STDERR_REDIRECT] 
2026-05-28 17:13:37,117 [ERROR] LogOutputStream:75 - [STDERR_REDIRECT] [Fatal Error] :1:1: Premature end of file.
2026-05-28 17:13:37,117 [ERROR] LogOutputStream:75 - [STDERR_REDIRECT] 
2026-05-28 17:13:38,112 [ERROR] LogOutputStream:75 - [STDERR_REDIRECT] [Fatal Error] :1:1: Premature end of file.
2026-05-28 17:13:38,112 [ERROR] LogOutputStream:75 - [STDERR_REDIRECT] 
2026-05-28 17:13:39,124 [ERROR] LogOutputStream:75 - [STDERR_REDIRECT] [Fatal Error] :1:1: Premature end of file.
2026-05-28 17:13:39,124 [ERROR] LogOutputStream:75 - [STDERR_REDIRECT] 
2026-05-28 17:13:40,126 [ERROR] LogOutputStream:75 - [STDERR_REDIRECT] [Fatal Error] :1:1: Premature end of file.
2026-05-28 17:13:40,127 [ERROR] LogOutputStream:75 - [STDERR_REDIRECT] 
2026-05-28 17:13:41,125 [ERROR] LogOutputStream:75 - [STDERR_REDIRECT] [Fatal Error] :1:1: Premature end of file.
2026-05-28 17:13:41,126 [ERROR] LogOutputStream:75 - [STDERR_REDIRECT] 
2026-05-28 17:13:42,124 [ERROR] LogOutputStream:75 - [STDERR_REDIRECT] [Fatal Error] :1:1: Premature end of file.
2026-05-28 17:13:42,125 [ERROR] LogOutputStream:75 - [STDERR_REDIRECT] 
2026-05-28 17:13:43,123 [ERROR] LogOutputStream:75 - [STDERR_REDIRECT] [Fatal Error] :1:1: Premature end of file.
2026-05-28 17:13:43,123 [ERROR] LogOutputStream:75 - [STDERR_REDIRECT] 
2026-05-28 17:13:44,140 [ERROR] LogOutputStream:75 - [STDERR_REDIRECT] [Fatal Error] :1:1: Premature end of file.
2026-05-28 17:13:44,140 [ERROR] LogOutputStream:75 - [STDERR_REDIRECT] 
2026-05-28 17:13:45,129 [ERROR] LogOutputStream:75 - [STDERR_REDIRECT] [Fatal Error] :1:1: Premature end of file.
2026-05-28 17:13:45,129 [ERROR] LogOutputStream:75 - [STDERR_REDIRECT] 
2026-05-28 17:13:46,116 [ERROR] LogOutputStream:75 - [STDERR_REDIRECT] [Fatal Error] :1:1: Premature end of file.
2026-05-28 17:13:46,116 [ERROR] LogOutputStream:75 - [STDERR_REDIRECT] 
2026-05-28 17:13:47,112 [ERROR] LogOutputStream:75 - [STDERR_REDIRECT] [Fatal Error] :1:1: Premature end of file.
2026-05-28 17:13:47,112 [ERROR] LogOutputStream:75 - [STDERR_REDIRECT] 
2026-05-28 17:13:48,113 [ERROR] LogOutputStream:75 - [STDERR_REDIRECT] [Fatal Error] :1:1: Premature end of file.
2026-05-28 17:13:48,113 [ERROR] LogOutputStream:75 - [STDERR_REDIRECT] 
2026-05-28 17:13:49,127 [ERROR] LogOutputStream:75 - [STDERR_REDIRECT] [Fatal Error] :1:1: Premature end of file.
2026-05-28 17:13:49,128 [ERROR] LogOutputStream:75 - [STDERR_REDIRECT] 
2026-05-28 17:13:50,123 [ERROR] LogOutputStream:75 - [STDERR_REDIRECT] [Fatal Error] :1:1: Premature end of file.
2026-05-28 17:13:50,123 [ERROR] LogOutputStream:75 - [STDERR_REDIRECT] 
2026-05-28 17:13:51,128 [ERROR] LogOutputStream:75 - [STDERR_REDIRECT] [Fatal Error] :1:1: Premature end of file.
2026-05-28 17:13:51,129 [ERROR] LogOutputStream:75 - [STDERR_REDIRECT] 
2026-05-28 17:13:52,115 [ERROR] LogOutputStream:75 - [STDERR_REDIRECT] [Fatal Error] :1:1: Premature end of file.
2026-05-28 17:13:52,115 [ERROR] LogOutputStream:75 - [STDERR_REDIRECT] 
2026-05-28 17:13:53,123 [ERROR] LogOutputStream:75 - [STDERR_REDIRECT] [Fatal Error] :1:1: Premature end of file.
2026-05-28 17:13:53,123 [ERROR] LogOutputStream:75 - [STDERR_REDIRECT] 
2026-05-28 17:13:54,123 [ERROR] LogOutputStream:75 - [STDERR_REDIRECT] [Fatal Error] :1:1: Premature end of file.
2026-05-28 17:13:54,123 [ERROR] LogOutputStream:75 - [STDERR_REDIRECT] 
2026-05-28 17:13:55,124 [ERROR] LogOutputStream:75 - [STDERR_REDIRECT] [Fatal Error] :1:1: Premature end of file.
2026-05-28 17:13:55,124 [ERROR] LogOutputStream:75 - [STDERR_REDIRECT] 
2026-05-28 17:13:56,126 [ERROR] LogOutputStream:75 - [STDERR_REDIRECT] [Fatal Error] :1:1: Premature end of file.
2026-05-28 17:13:56,126 [ERROR] LogOutputStream:75 - [STDERR_REDIRECT] 
2026-05-28 17:13:57,126 [ERROR] LogOutputStream:75 - [STDERR_REDIRECT] [Fatal Error] :1:1: Premature end of file.
2026-05-28 17:13:57,126 [ERROR] LogOutputStream:75 - [STDERR_REDIRECT] 
2026-05-28 17:13:58,131 [ERROR] LogOutputStream:75 - [STDERR_REDIRECT] [Fatal Error] :1:1: Premature end of file.
2026-05-28 17:13:58,133 [ERROR] LogOutputStream:75 - [STDERR_REDIRECT] 
2026-05-28 17:13:59,127 [ERROR] LogOutputStream:75 - [STDERR_REDIRECT] [Fatal Error] :1:1: Premature end of file.
2026-05-28 17:13:59,127 [ERROR] LogOutputStream:75 - [STDERR_REDIRECT] 
2026-05-28 17:14:00,112 [ERROR] LogOutputStream:75 - [STDERR_REDIRECT] [Fatal Error] :1:1: Premature end of file.
2026-05-28 17:14:00,112 [ERROR] LogOutputStream:75 - [STDERR_REDIRECT] 
2026-05-28 17:14:01,128 [ERROR] LogOutputStream:75 - [STDERR_REDIRECT] [Fatal Error] :1:1: Premature end of file.
2026-05-28 17:14:01,129 [ERROR] LogOutputStream:75 - [STDERR_REDIRECT] 
2026-05-28 17:14:02,123 [ERROR] LogOutputStream:75 - [STDERR_REDIRECT] [Fatal Error] :1:1: Premature end of file.
2026-05-28 17:14:02,123 [ERROR] LogOutputStream:75 - [STDERR_REDIRECT] 
2026-05-28 17:14:03,125 [ERROR] LogOutputStream:75 - [STDERR_REDIRECT] [Fatal Error] :1:1: Premature end of file.
2026-05-28 17:14:03,125 [ERROR] LogOutputStream:75 - [STDERR_REDIRECT] 
2026-05-28 17:14:04,123 [ERROR] LogOutputStream:75 - [STDERR_REDIRECT] [Fatal Error] :1:1: Premature end of file.
2026-05-28 17:14:04,123 [ERROR] LogOutputStream:75 - [STDERR_REDIRECT] 
2026-05-28 17:14:05,124 [ERROR] LogOutputStream:75 - [STDERR_REDIRECT] [Fatal Error] :1:1: Premature end of file.
2026-05-28 17:14:05,124 [ERROR] LogOutputStream:75 - [STDERR_REDIRECT] 
2026-05-28 17:14:06,121 [ERROR] LogOutputStream:75 - [STDERR_REDIRECT] [Fatal Error] :1:1: Premature end of file.
2026-05-28 17:14:06,121 [ERROR] LogOutputStream:75 - [STDERR_REDIRECT] 
2026-05-28 17:14:07,125 [ERROR] LogOutputStream:75 - [STDERR_REDIRECT] [Fatal Error] :1:1: Premature end of file.
2026-05-28 17:14:07,125 [ERROR] LogOutputStream:75 - [STDERR_REDIRECT] 
2026-05-28 17:14:08,124 [ERROR] LogOutputStream:75 - [STDERR_REDIRECT] [Fatal Error] :1:1: Premature end of file.
2026-05-28 17:14:08,124 [ERROR] LogOutputStream:75 - [STDERR_REDIRECT] 
2026-05-28 17:14:09,120 [ERROR] LogOutputStream:75 - [STDERR_REDIRECT] [Fatal Error] :1:1: Premature end of file.
2026-05-28 17:14:09,120 [ERROR] LogOutputStream:75 - [STDERR_REDIRECT] 
2026-05-28 17:14:10,154 [ERROR] LogOutputStream:75 - [STDERR_REDIRECT] [Fatal Error] :1:1: Premature end of file.
2026-05-28 17:14:10,155 [ERROR] LogOutputStream:75 - [STDERR_REDIRECT] 
2026-05-28 17:14:11,127 [ERROR] LogOutputStream:75 - [STDERR_REDIRECT] [Fatal Error] :1:1: Premature end of file.
2026-05-28 17:14:11,127 [ERROR] LogOutputStream:75 - [STDERR_REDIRECT] 
2026-05-28 17:14:12,124 [ERROR] LogOutputStream:75 - [STDERR_REDIRECT] [Fatal Error] :1:1: Premature end of file.
2026-05-28 17:14:12,125 [ERROR] LogOutputStream:75 - [STDERR_REDIRECT] 
2026-05-28 17:14:13,122 [ERROR] LogOutputStream:75 - [STDERR_REDIRECT] [Fatal Error] :1:1: Premature end of file.
2026-05-28 17:14:13,122 [ERROR] LogOutputStream:75 - [STDERR_REDIRECT] 
2026-05-28 17:14:14,124 [ERROR] LogOutputStream:75 - [STDERR_REDIRECT] [Fatal Error] :1:1: Premature end of file.
2026-05-28 17:14:14,124 [ERROR] LogOutputStream:75 - [STDERR_REDIRECT] 
2026-05-28 17:14:15,125 [ERROR] LogOutputStream:75 - [STDERR_REDIRECT] [Fatal Error] :1:1: Premature end of file.
2026-05-28 17:14:15,125 [ERROR] LogOutputStream:75 - [STDERR_REDIRECT] 
2026-05-28 17:14:16,124 [ERROR] LogOutputStream:75 - [STDERR_REDIRECT] [Fatal Error] :1:1: Premature end of file.
2026-05-28 17:14:16,124 [ERROR] LogOutputStream:75 - [STDERR_REDIRECT] 
2026-05-28 17:14:17,137 [ERROR] LogOutputStream:75 - [STDERR_REDIRECT] [Fatal Error] :1:1: Premature end of file.
2026-05-28 17:14:17,137 [ERROR] LogOutputStream:75 - [STDERR_REDIRECT] 
2026-05-28 17:14:18,121 [ERROR] LogOutputStream:75 - [STDERR_REDIRECT] [Fatal Error] :1:1: Premature end of file.
2026-05-28 17:14:18,121 [ERROR] LogOutputStream:75 - [STDERR_REDIRECT] 
2026-05-28 17:14:19,123 [ERROR] LogOutputStream:75 - [STDERR_REDIRECT] [Fatal Error] :1:1: Premature end of file.
2026-05-28 17:14:19,124 [ERROR] LogOutputStream:75 - [STDERR_REDIRECT] 
2026-05-28 17:14:20,142 [ERROR] LogOutputStream:75 - [STDERR_REDIRECT] [Fatal Error] :1:1: Premature end of file.
2026-05-28 17:14:20,142 [ERROR] LogOutputStream:75 - [STDERR_REDIRECT] 
2026-05-28 17:14:21,112 [ERROR] LogOutputStream:75 - [STDERR_REDIRECT] [Fatal Error] :1:1: Premature end of file.
2026-05-28 17:14:21,112 [ERROR] LogOutputStream:75 - [STDERR_REDIRECT] 
2026-05-28 17:14:22,119 [ERROR] LogOutputStream:75 - [STDERR_REDIRECT] [Fatal Error] :1:1: Premature end of file.
2026-05-28 17:14:22,119 [ERROR] LogOutputStream:75 - [STDERR_REDIRECT] 
2026-05-28 17:14:23,123 [ERROR] LogOutputStream:75 - [STDERR_REDIRECT] [Fatal Error] :1:1: Premature end of file.
2026-05-28 17:14:23,123 [ERROR] LogOutputStream:75 - [STDERR_REDIRECT] 
2026-05-28 17:14:24,120 [ERROR] LogOutputStream:75 - [STDERR_REDIRECT] [Fatal Error] :1:1: Premature end of file.
2026-05-28 17:14:24,120 [ERROR] LogOutputStream:75 - [STDERR_REDIRECT] 
2026-05-28 17:14:25,130 [ERROR] LogOutputStream:75 - [STDERR_REDIRECT] [Fatal Error] :1:1: Premature end of file.
2026-05-28 17:14:25,131 [ERROR] LogOutputStream:75 - [STDERR_REDIRECT] 
2026-05-28 17:14:26,122 [ERROR] LogOutputStream:75 - [STDERR_REDIRECT] [Fatal Error] :1:1: Premature end of file.
2026-05-28 17:14:26,122 [ERROR] LogOutputStream:75 - [STDERR_REDIRECT] 
2026-05-28 17:14:27,125 [ERROR] LogOutputStream:75 - [STDERR_REDIRECT] [Fatal Error] :1:1: Premature end of file.
2026-05-28 17:14:27,125 [ERROR] LogOutputStream:75 - [STDERR_REDIRECT] 
2026-05-28 17:14:28,123 [ERROR] LogOutputStream:75 - [STDERR_REDIRECT] [Fatal Error] :1:1: Premature end of file.
2026-05-28 17:14:28,123 [ERROR] LogOutputStream:75 - [STDERR_REDIRECT] 
2026-05-28 17:14:29,124 [ERROR] LogOutputStream:75 - [STDERR_REDIRECT] [Fatal Error] :1:1: Premature end of file.
2026-05-28 17:14:29,124 [ERROR] LogOutputStream:75 - [STDERR_REDIRECT] 
2026-05-28 17:14:30,126 [ERROR] LogOutputStream:75 - [STDERR_REDIRECT] [Fatal Error] :1:1: Premature end of file.
2026-05-28 17:14:30,126 [ERROR] LogOutputStream:75 - [STDERR_REDIRECT] 
2026-05-28 17:14:31,120 [ERROR] LogOutputStream:75 - [STDERR_REDIRECT] [Fatal Error] :1:1: Premature end of file.
2026-05-28 17:14:31,122 [ERROR] LogOutputStream:75 - [STDERR_REDIRECT] 
2026-05-28 17:14:32,119 [ERROR] LogOutputStream:75 - [STDERR_REDIRECT] [Fatal Error] :1:1: Premature end of file.
2026-05-28 17:14:32,120 [ERROR] LogOutputStream:75 - [STDERR_REDIRECT] 
2026-05-28 17:14:33,120 [ERROR] LogOutputStream:75 - [STDERR_REDIRECT] [Fatal Error] :1:1: Premature end of file.
2026-05-28 17:14:33,120 [ERROR] LogOutputStream:75 - [STDERR_REDIRECT] 
2026-05-28 17:14:34,124 [ERROR] LogOutputStream:75 - [STDERR_REDIRECT] [Fatal Error] :1:1: Premature end of file.
2026-05-28 17:14:34,124 [ERROR] LogOutputStream:75 - [STDERR_REDIRECT] 
2026-05-28 17:14:35,146 [ERROR] LogOutputStream:75 - [STDERR_REDIRECT] [Fatal Error] :1:1: Premature end of file.
2026-05-28 17:14:35,146 [ERROR] LogOutputStream:75 - [STDERR_REDIRECT] 
2026-05-28 17:14:36,125 [ERROR] LogOutputStream:75 - [STDERR_REDIRECT] [Fatal Error] :1:1: Premature end of file.
2026-05-28 17:14:36,126 [ERROR] LogOutputStream:75 - [STDERR_REDIRECT] 
2026-05-28 17:14:37,126 [ERROR] LogOutputStream:75 - [STDERR_REDIRECT] [Fatal Error] :1:1: Premature end of file.
2026-05-28 17:14:37,126 [ERROR] LogOutputStream:75 - [STDERR_REDIRECT] 
2026-05-28 17:14:38,127 [ERROR] LogOutputStream:75 - [STDERR_REDIRECT] [Fatal Error] :1:1: Premature end of file.
2026-05-28 17:14:38,128 [ERROR] LogOutputStream:75 - [STDERR_REDIRECT] 
2026-05-28 17:14:39,128 [ERROR] LogOutputStream:75 - [STDERR_REDIRECT] [Fatal Error] :1:1: Premature end of file.
2026-05-28 17:14:39,128 [ERROR] LogOutputStream:75 - [STDERR_REDIRECT] 
2026-05-28 17:14:40,128 [ERROR] LogOutputStream:75 - [STDERR_REDIRECT] [Fatal Error] :1:1: Premature end of file.
2026-05-28 17:14:40,128 [ERROR] LogOutputStream:75 - [STDERR_REDIRECT] 
2026-05-28 17:14:41,122 [ERROR] LogOutputStream:75 - [STDERR_REDIRECT] [Fatal Error] :1:1: Premature end of file.
2026-05-28 17:14:41,122 [ERROR] LogOutputStream:75 - [STDERR_REDIRECT] 
2026-05-28 17:14:42,125 [ERROR] LogOutputStream:75 - [STDERR_REDIRECT] [Fatal Error] :1:1: Premature end of file.
2026-05-28 17:14:42,125 [ERROR] LogOutputStream:75 - [STDERR_REDIRECT] 
2026-05-28 17:14:43,126 [ERROR] LogOutputStream:75 - [STDERR_REDIRECT] [Fatal Error] :1:1: Premature end of file.
2026-05-28 17:14:43,126 [ERROR] LogOutputStream:75 - [STDERR_REDIRECT] 
2026-05-28 17:14:44,127 [ERROR] LogOutputStream:75 - [STDERR_REDIRECT] [Fatal Error] :1:1: Premature end of file.
2026-05-28 17:14:44,127 [ERROR] LogOutputStream:75 - [STDERR_REDIRECT] 
2026-05-28 17:14:45,112 [ERROR] LogOutputStream:75 - [STDERR_REDIRECT] [Fatal Error] :1:1: Premature end of file.
2026-05-28 17:14:45,112 [ERROR] LogOutputStream:75 - [STDERR_REDIRECT] 
2026-05-28 17:14:46,130 [ERROR] LogOutputStream:75 - [STDERR_REDIRECT] [Fatal Error] :1:1: Premature end of file.
2026-05-28 17:14:46,130 [ERROR] LogOutputStream:75 - [STDERR_REDIRECT] 
2026-05-28 17:14:47,142 [ERROR] LogOutputStream:75 - [STDERR_REDIRECT] [Fatal Error] :1:1: Premature end of file.
2026-05-28 17:14:47,142 [ERROR] LogOutputStream:75 - [STDERR_REDIRECT] 
2026-05-28 17:14:48,117 [ERROR] LogOutputStream:75 - [STDERR_REDIRECT] [Fatal Error] :1:1: Premature end of file.
2026-05-28 17:14:48,118 [ERROR] LogOutputStream:75 - [STDERR_REDIRECT] 
2026-05-28 17:14:49,126 [ERROR] LogOutputStream:75 - [STDERR_REDIRECT] [Fatal Error] :1:1: Premature end of file.
2026-05-28 17:14:49,126 [ERROR] LogOutputStream:75 - [STDERR_REDIRECT] 
2026-05-28 17:14:50,138 [ERROR] LogOutputStream:75 - [STDERR_REDIRECT] [Fatal Error] :1:1: Premature end of file.
2026-05-28 17:14:50,138 [ERROR] LogOutputStream:75 - [STDERR_REDIRECT] 
2026-05-28 17:14:51,126 [ERROR] LogOutputStream:75 - [STDERR_REDIRECT] [Fatal Error] :1:1: Premature end of file.
2026-05-28 17:14:51,127 [ERROR] LogOutputStream:75 - [STDERR_REDIRECT] 
2026-05-28 17:14:52,130 [ERROR] LogOutputStream:75 - [STDERR_REDIRECT] [Fatal Error] :1:1: Premature end of file.
2026-05-28 17:14:52,130 [ERROR] LogOutputStream:75 - [STDERR_REDIRECT] 
2026-05-28 17:14:53,132 [ERROR] LogOutputStream:75 - [STDERR_REDIRECT] [Fatal Error] :1:1: Premature end of file.
2026-05-28 17:14:53,132 [ERROR] LogOutputStream:75 - [STDERR_REDIRECT] 
2026-05-28 17:14:54,144 [ERROR] LogOutputStream:75 - [STDERR_REDIRECT] [Fatal Error] :1:1: Premature end of file.
2026-05-28 17:14:54,144 [ERROR] LogOutputStream:75 - [STDERR_REDIRECT] 
2026-05-28 17:14:55,131 [ERROR] LogOutputStream:75 - [STDERR_REDIRECT] [Fatal Error] :1:1: Premature end of file.
2026-05-28 17:14:55,131 [ERROR] LogOutputStream:75 - [STDERR_REDIRECT] 
2026-05-28 17:14:56,135 [ERROR] LogOutputStream:75 - [STDERR_REDIRECT] [Fatal Error] :1:1: Premature end of file.
2026-05-28 17:14:56,135 [ERROR] LogOutputStream:75 - [STDERR_REDIRECT] 
2026-05-28 17:14:57,134 [ERROR] LogOutputStream:75 - [STDERR_REDIRECT] [Fatal Error] :1:1: Premature end of file.
2026-05-28 17:14:57,134 [ERROR] LogOutputStream:75 - [STDERR_REDIRECT] 
2026-05-28 17:14:58,122 [ERROR] LogOutputStream:75 - [STDERR_REDIRECT] [Fatal Error] :1:1: Premature end of file.
2026-05-28 17:14:58,122 [ERROR] LogOutputStream:75 - [STDERR_REDIRECT] 
2026-05-28 17:14:59,119 [ERROR] LogOutputStream:75 - [STDERR_REDIRECT] [Fatal Error] :1:1: Premature end of file.
2026-05-28 17:14:59,119 [ERROR] LogOutputStream:75 - [STDERR_REDIRECT] 
2026-05-28 17:15:00,142 [ERROR] LogOutputStream:75 - [STDERR_REDIRECT] [Fatal Error] :1:1: Premature end of file.
2026-05-28 17:15:00,144 [ERROR] LogOutputStream:75 - [STDERR_REDIRECT] 
2026-05-28 17:15:01,120 [ERROR] LogOutputStream:75 - [STDERR_REDIRECT] [Fatal Error] :1:1: Premature end of file.
2026-05-28 17:15:01,120 [ERROR] LogOutputStream:75 - [STDERR_REDIRECT] 
2026-05-28 17:15:02,141 [ERROR] LogOutputStream:75 - [STDERR_REDIRECT] [Fatal Error] :1:1: Premature end of file.
2026-05-28 17:15:02,141 [ERROR] LogOutputStream:75 - [STDERR_REDIRECT] 
2026-05-28 17:15:03,127 [ERROR] LogOutputStream:75 - [STDERR_REDIRECT] [Fatal Error] :1:1: Premature end of file.
2026-05-28 17:15:03,127 [ERROR] LogOutputStream:75 - [STDERR_REDIRECT] 
2026-05-28 17:15:04,138 [ERROR] LogOutputStream:75 - [STDERR_REDIRECT] [Fatal Error] :1:1: Premature end of file.
2026-05-28 17:15:04,139 [ERROR] LogOutputStream:75 - [STDERR_REDIRECT] 
2026-05-28 17:15:05,115 [ERROR] LogOutputStream:75 - [STDERR_REDIRECT] [Fatal Error] :1:1: Premature end of file.
2026-05-28 17:15:05,115 [ERROR] LogOutputStream:75 - [STDERR_REDIRECT] 
2026-05-28 17:15:06,125 [ERROR] LogOutputStream:75 - [STDERR_REDIRECT] [Fatal Error] :1:1: Premature end of file.
2026-05-28 17:15:06,125 [ERROR] LogOutputStream:75 - [STDERR_REDIRECT] 
2026-05-28 17:15:07,137 [ERROR] LogOutputStream:75 - [STDERR_REDIRECT] [Fatal Error] :1:1: Premature end of file.
2026-05-28 17:15:07,137 [ERROR] LogOutputStream:75 - [STDERR_REDIRECT] 
2026-05-28 17:15:08,128 [ERROR] LogOutputStream:75 - [STDERR_REDIRECT] [Fatal Error] :1:1: Premature end of file.
2026-05-28 17:15:08,128 [ERROR] LogOutputStream:75 - [STDERR_REDIRECT] 
2026-05-28 17:15:09,125 [ERROR] LogOutputStream:75 - [STDERR_REDIRECT] [Fatal Error] :1:1: Premature end of file.
2026-05-28 17:15:09,126 [ERROR] LogOutputStream:75 - [STDERR_REDIRECT] 
2026-05-28 17:15:10,133 [ERROR] LogOutputStream:75 - [STDERR_REDIRECT] [Fatal Error] :1:1: Premature end of file.
2026-05-28 17:15:10,133 [ERROR] LogOutputStream:75 - [STDERR_REDIRECT] 
2026-05-28 17:15:11,140 [ERROR] LogOutputStream:75 - [STDERR_REDIRECT] [Fatal Error] :1:1: Premature end of file.
2026-05-28 17:15:11,140 [ERROR] LogOutputStream:75 - [STDERR_REDIRECT] 
2026-05-28 17:15:12,136 [ERROR] LogOutputStream:75 - [STDERR_REDIRECT] [Fatal Error] :1:1: Premature end of file.
2026-05-28 17:15:12,137 [ERROR] LogOutputStream:75 - [STDERR_REDIRECT] 
2026-05-28 17:15:13,127 [ERROR] LogOutputStream:75 - [STDERR_REDIRECT] [Fatal Error] :1:1: Premature end of file.
2026-05-28 17:15:13,127 [ERROR] LogOutputStream:75 - [STDERR_REDIRECT] 
2026-05-28 17:15:14,125 [ERROR] LogOutputStream:75 - [STDERR_REDIRECT] [Fatal Error] :1:1: Premature end of file.
2026-05-28 17:15:14,125 [ERROR] LogOutputStream:75 - [STDERR_REDIRECT] 
2026-05-28 17:15:15,128 [ERROR] LogOutputStream:75 - [STDERR_REDIRECT] [Fatal Error] :1:1: Premature end of file.
2026-05-28 17:15:15,128 [ERROR] LogOutputStream:75 - [STDERR_REDIRECT] 
2026-05-28 17:15:16,145 [ERROR] LogOutputStream:75 - [STDERR_REDIRECT] [Fatal Error] :1:1: Premature end of file.
2026-05-28 17:15:16,145 [ERROR] LogOutputStream:75 - [STDERR_REDIRECT] 
2026-05-28 17:15:17,144 [ERROR] LogOutputStream:75 - [STDERR_REDIRECT] [Fatal Error] :1:1: Premature end of file.
2026-05-28 17:15:17,144 [ERROR] LogOutputStream:75 - [STDERR_REDIRECT] 
2026-05-28 17:15:18,126 [ERROR] LogOutputStream:75 - [STDERR_REDIRECT] [Fatal Error] :1:1: Premature end of file.
2026-05-28 17:15:18,126 [ERROR] LogOutputStream:75 - [STDERR_REDIRECT] 
2026-05-28 17:15:19,134 [ERROR] LogOutputStream:75 - [STDERR_REDIRECT] [Fatal Error] :1:1: Premature end of file.
2026-05-28 17:15:19,134 [ERROR] LogOutputStream:75 - [STDERR_REDIRECT] 
2026-05-28 17:15:20,170 [ERROR] LogOutputStream:75 - [STDERR_REDIRECT] [Fatal Error] :1:1: Premature end of file.
2026-05-28 17:15:20,170 [ERROR] LogOutputStream:75 - [STDERR_REDIRECT] 
2026-05-28 17:15:21,138 [ERROR] LogOutputStream:75 - [STDERR_REDIRECT] [Fatal Error] :1:1: Premature end of file.
2026-05-28 17:15:21,138 [ERROR] LogOutputStream:75 - [STDERR_REDIRECT] 
2026-05-28 17:15:22,118 [ERROR] LogOutputStream:75 - [STDERR_REDIRECT] [Fatal Error] :1:1: Premature end of file.
2026-05-28 17:15:22,118 [ERROR] LogOutputStream:75 - [STDERR_REDIRECT] 
2026-05-28 17:15:23,144 [ERROR] LogOutputStream:75 - [STDERR_REDIRECT] [Fatal Error] :1:1: Premature end of file.
2026-05-28 17:15:23,144 [ERROR] LogOutputStream:75 - [STDERR_REDIRECT] 
2026-05-28 17:15:24,126 [ERROR] LogOutputStream:75 - [STDERR_REDIRECT] [Fatal Error] :1:1: Premature end of file.
2026-05-28 17:15:24,126 [ERROR] LogOutputStream:75 - [STDERR_REDIRECT] 
2026-05-28 17:15:25,116 [ERROR] LogOutputStream:75 - [STDERR_REDIRECT] [Fatal Error] :1:1: Premature end of file.
2026-05-28 17:15:25,117 [ERROR] LogOutputStream:75 - [STDERR_REDIRECT] 
2026-05-28 17:15:26,117 [ERROR] LogOutputStream:75 - [STDERR_REDIRECT] [Fatal Error] :1:1: Premature end of file.
2026-05-28 17:15:26,118 [ERROR] LogOutputStream:75 - [STDERR_REDIRECT] 
2026-05-28 17:15:27,149 [ERROR] LogOutputStream:75 - [STDERR_REDIRECT] [Fatal Error] :1:1: Premature end of file.
2026-05-28 17:15:27,149 [ERROR] LogOutputStream:75 - [STDERR_REDIRECT] 
2026-05-28 17:15:28,125 [ERROR] LogOutputStream:75 - [STDERR_REDIRECT] [Fatal Error] :1:1: Premature end of file.
2026-05-28 17:15:28,125 [ERROR] LogOutputStream:75 - [STDERR_REDIRECT] 
2026-05-28 17:15:29,152 [ERROR] LogOutputStream:75 - [STDERR_REDIRECT] [Fatal Error] :1:1: Premature end of file.
2026-05-28 17:15:29,152 [ERROR] LogOutputStream:75 - [STDERR_REDIRECT] 
2026-05-28 17:15:30,386 [ERROR] LogOutputStream:75 - [STDERR_REDIRECT] [Fatal Error] :1:1: Premature end of file.
2026-05-28 17:15:30,386 [ERROR] LogOutputStream:75 - [STDERR_REDIRECT] 
2026-05-28 17:15:31,109 [ERROR] LogOutputStream:75 - [STDERR_REDIRECT] [Fatal Error] :1:1: Premature end of file.
2026-05-28 17:15:31,109 [ERROR] LogOutputStream:75 - [STDERR_REDIRECT] 
2026-05-28 17:15:32,120 [ERROR] LogOutputStream:75 - [STDERR_REDIRECT] [Fatal Error] :1:1: Premature end of file.
2026-05-28 17:15:32,121 [ERROR] LogOutputStream:75 - [STDERR_REDIRECT] 
2026-05-28 17:15:33,118 [ERROR] LogOutputStream:75 - [STDERR_REDIRECT] [Fatal Error] :1:1: Premature end of file.
2026-05-28 17:15:33,118 [ERROR] LogOutputStream:75 - [STDERR_REDIRECT] 
2026-05-28 17:15:34,113 [ERROR] LogOutputStream:75 - [STDERR_REDIRECT] [Fatal Error] :1:1: Premature end of file.
2026-05-28 17:15:34,114 [ERROR] LogOutputStream:75 - [STDERR_REDIRECT] 
2026-05-28 17:15:35,128 [ERROR] LogOutputStream:75 - [STDERR_REDIRECT] [Fatal Error] :1:1: Premature end of file.
2026-05-28 17:15:35,128 [ERROR] LogOutputStream:75 - [STDERR_REDIRECT] 
2026-05-28 17:15:36,109 [ERROR] LogOutputStream:75 - [STDERR_REDIRECT] [Fatal Error] :1:1: Premature end of file.
2026-05-28 17:15:36,109 [ERROR] LogOutputStream:75 - [STDERR_REDIRECT] 
2026-05-28 17:15:37,113 [ERROR] LogOutputStream:75 - [STDERR_REDIRECT] [Fatal Error] :1:1: Premature end of file.
2026-05-28 17:15:37,113 [ERROR] LogOutputStream:75 - [STDERR_REDIRECT] 
2026-05-28 17:15:38,115 [ERROR] LogOutputStream:75 - [STDERR_REDIRECT] [Fatal Error] :1:1: Premature end of file.
2026-05-28 17:15:38,115 [ERROR] LogOutputStream:75 - [STDERR_REDIRECT] 
2026-05-28 17:15:39,128 [ERROR] LogOutputStream:75 - [STDERR_REDIRECT] [Fatal Error] :1:1: Premature end of file.
2026-05-28 17:15:39,128 [ERROR] LogOutputStream:75 - [STDERR_REDIRECT] 
2026-05-28 17:15:40,118 [ERROR] LogOutputStream:75 - [STDERR_REDIRECT] [Fatal Error] :1:1: Premature end of file.
2026-05-28 17:15:40,119 [ERROR] LogOutputStream:75 - [STDERR_REDIRECT] 
2026-05-28 17:15:41,119 [ERROR] LogOutputStream:75 - [STDERR_REDIRECT] [Fatal Error] :1:1: Premature end of file.
2026-05-28 17:15:41,119 [ERROR] LogOutputStream:75 - [STDERR_REDIRECT] 
2026-05-28 17:15:42,124 [ERROR] LogOutputStream:75 - [STDERR_REDIRECT] [Fatal Error] :1:1: Premature end of file.
2026-05-28 17:15:42,124 [ERROR] LogOutputStream:75 - [STDERR_REDIRECT] 
2026-05-28 17:15:43,125 [ERROR] LogOutputStream:75 - [STDERR_REDIRECT] [Fatal Error] :1:1: Premature end of file.
2026-05-28 17:15:43,125 [ERROR] LogOutputStream:75 - [STDERR_REDIRECT] 
2026-05-28 17:15:44,148 [ERROR] LogOutputStream:75 - [STDERR_REDIRECT] [Fatal Error] :1:1: Premature end of file.
2026-05-28 17:15:44,148 [ERROR] LogOutputStream:75 - [STDERR_REDIRECT] 
2026-05-28 17:15:45,139 [ERROR] LogOutputStream:75 - [STDERR_REDIRECT] [Fatal Error] :1:1: Premature end of file.
2026-05-28 17:15:45,139 [ERROR] LogOutputStream:75 - [STDERR_REDIRECT] 
2026-05-28 17:15:46,120 [ERROR] LogOutputStream:75 - [STDERR_REDIRECT] [Fatal Error] :1:1: Premature end of file.
2026-05-28 17:15:46,122 [ERROR] LogOutputStream:75 - [STDERR_REDIRECT] 
2026-05-28 17:15:47,121 [ERROR] LogOutputStream:75 - [STDERR_REDIRECT] [Fatal Error] :1:1: Premature end of file.
2026-05-28 17:15:47,121 [ERROR] LogOutputStream:75 - [STDERR_REDIRECT] 
2026-05-28 17:15:48,125 [ERROR] LogOutputStream:75 - [STDERR_REDIRECT] [Fatal Error] :1:1: Premature end of file.
2026-05-28 17:15:48,126 [ERROR] LogOutputStream:75 - [STDERR_REDIRECT] 
2026-05-28 17:15:49,120 [ERROR] LogOutputStream:75 - [STDERR_REDIRECT] [Fatal Error] :1:1: Premature end of file.
2026-05-28 17:15:49,121 [ERROR] LogOutputStream:75 - [STDERR_REDIRECT] 
2026-05-28 17:15:50,162 [ERROR] LogOutputStream:75 - [STDERR_REDIRECT] [Fatal Error] :1:1: Premature end of file.
2026-05-28 17:15:50,162 [ERROR] LogOutputStream:75 - [STDERR_REDIRECT] 
2026-05-28 17:15:51,111 [ERROR] LogOutputStream:75 - [STDERR_REDIRECT] [Fatal Error] :1:1: Premature end of file.
2026-05-28 17:15:51,112 [ERROR] LogOutputStream:75 - [STDERR_REDIRECT] 
2026-05-28 17:15:52,138 [ERROR] LogOutputStream:75 - [STDERR_REDIRECT] [Fatal Error] :1:1: Premature end of file.
2026-05-28 17:15:52,139 [ERROR] LogOutputStream:75 - [STDERR_REDIRECT] 
2026-05-28 17:15:53,116 [ERROR] LogOutputStream:75 - [STDERR_REDIRECT] [Fatal Error] :1:1: Premature end of file.
2026-05-28 17:15:53,117 [ERROR] LogOutputStream:75 - [STDERR_REDIRECT] 
2026-05-28 17:15:54,115 [ERROR] LogOutputStream:75 - [STDERR_REDIRECT] [Fatal Error] :1:1: Premature end of file.
2026-05-28 17:15:54,115 [ERROR] LogOutputStream:75 - [STDERR_REDIRECT] 
2026-05-28 17:15:55,123 [ERROR] LogOutputStream:75 - [STDERR_REDIRECT] [Fatal Error] :1:1: Premature end of file.
2026-05-28 17:15:55,123 [ERROR] LogOutputStream:75 - [STDERR_REDIRECT] 
2026-05-28 17:15:56,119 [ERROR] LogOutputStream:75 - [STDERR_REDIRECT] [Fatal Error] :1:1: Premature end of file.
2026-05-28 17:15:56,119 [ERROR] LogOutputStream:75 - [STDERR_REDIRECT] 
2026-05-28 17:15:57,120 [ERROR] LogOutputStream:75 - [STDERR_REDIRECT] [Fatal Error] :1:1: Premature end of file.
2026-05-28 17:15:57,120 [ERROR] LogOutputStream:75 - [STDERR_REDIRECT] 
2026-05-28 17:15:58,122 [ERROR] LogOutputStream:75 - [STDERR_REDIRECT] [Fatal Error] :1:1: Premature end of file.
2026-05-28 17:15:58,122 [ERROR] LogOutputStream:75 - [STDERR_REDIRECT] 
2026-05-28 17:15:59,116 [ERROR] LogOutputStream:75 - [STDERR_REDIRECT] [Fatal Error] :1:1: Premature end of file.
2026-05-28 17:15:59,116 [ERROR] LogOutputStream:75 - [STDERR_REDIRECT] 
2026-05-28 17:16:00,113 [ERROR] LogOutputStream:75 - [STDERR_REDIRECT] [Fatal Error] :1:1: Premature end of file.
2026-05-28 17:16:00,113 [ERROR] LogOutputStream:75 - [STDERR_REDIRECT] 
2026-05-28 17:16:01,109 [ERROR] LogOutputStream:75 - [STDERR_REDIRECT] [Fatal Error] :1:1: Premature end of file.
2026-05-28 17:16:01,109 [ERROR] LogOutputStream:75 - [STDERR_REDIRECT] 
2026-05-28 17:16:02,106 [ERROR] LogOutputStream:75 - [STDERR_REDIRECT] [Fatal Error] :1:1: Premature end of file.
2026-05-28 17:16:02,106 [ERROR] LogOutputStream:75 - [STDERR_REDIRECT] 
2026-05-28 17:16:03,123 [ERROR] LogOutputStream:75 - [STDERR_REDIRECT] [Fatal Error] :1:1: Premature end of file.
2026-05-28 17:16:03,124 [ERROR] LogOutputStream:75 - [STDERR_REDIRECT] 
2026-05-28 17:16:04,121 [ERROR] LogOutputStream:75 - [STDERR_REDIRECT] [Fatal Error] :1:1: Premature end of file.
2026-05-28 17:16:04,121 [ERROR] LogOutputStream:75 - [STDERR_REDIRECT] 
2026-05-28 17:16:05,123 [ERROR] LogOutputStream:75 - [STDERR_REDIRECT] [Fatal Error] :1:1: Premature end of file.
2026-05-28 17:16:05,123 [ERROR] LogOutputStream:75 - [STDERR_REDIRECT] 
2026-05-28 17:16:06,125 [ERROR] LogOutputStream:75 - [STDERR_REDIRECT] [Fatal Error] :1:1: Premature end of file.
2026-05-28 17:16:06,125 [ERROR] LogOutputStream:75 - [STDERR_REDIRECT] 
2026-05-28 17:16:07,122 [ERROR] LogOutputStream:75 - [STDERR_REDIRECT] [Fatal Error] :1:1: Premature end of file.
2026-05-28 17:16:07,122 [ERROR] LogOutputStream:75 - [STDERR_REDIRECT] 
2026-05-28 17:16:08,120 [ERROR] LogOutputStream:75 - [STDERR_REDIRECT] [Fatal Error] :1:1: Premature end of file.
2026-05-28 17:16:08,121 [ERROR] LogOutputStream:75 - [STDERR_REDIRECT] 
2026-05-28 17:16:09,106 [ERROR] LogOutputStream:75 - [STDERR_REDIRECT] [Fatal Error] :1:1: Premature end of file.
2026-05-28 17:16:09,106 [ERROR] LogOutputStream:75 - [STDERR_REDIRECT] 
2026-05-28 17:16:10,114 [ERROR] LogOutputStream:75 - [STDERR_REDIRECT] [Fatal Error] :1:1: Premature end of file.
2026-05-28 17:16:10,114 [ERROR] LogOutputStream:75 - [STDERR_REDIRECT] 
2026-05-28 17:16:11,124 [ERROR] LogOutputStream:75 - [STDERR_REDIRECT] [Fatal Error] :1:1: Premature end of file.
2026-05-28 17:16:11,124 [ERROR] LogOutputStream:75 - [STDERR_REDIRECT] 
2026-05-28 17:16:12,125 [ERROR] LogOutputStream:75 - [STDERR_REDIRECT] [Fatal Error] :1:1: Premature end of file.
2026-05-28 17:16:12,125 [ERROR] LogOutputStream:75 - [STDERR_REDIRECT] 
2026-05-28 17:16:13,111 [ERROR] LogOutputStream:75 - [STDERR_REDIRECT] [Fatal Error] :1:1: Premature end of file.
2026-05-28 17:16:13,111 [ERROR] LogOutputStream:75 - [STDERR_REDIRECT] 
2026-05-28 17:16:14,127 [ERROR] LogOutputStream:75 - [STDERR_REDIRECT] [Fatal Error] :1:1: Premature end of file.
2026-05-28 17:16:14,127 [ERROR] LogOutputStream:75 - [STDERR_REDIRECT] 
2026-05-28 17:16:15,155 [ERROR] LogOutputStream:75 - [STDERR_REDIRECT] [Fatal Error] :1:1: Premature end of file.
2026-05-28 17:16:15,155 [ERROR] LogOutputStream:75 - [STDERR_REDIRECT] 
2026-05-28 17:16:16,120 [ERROR] LogOutputStream:75 - [STDERR_REDIRECT] [Fatal Error] :1:1: Premature end of file.
2026-05-28 17:16:16,120 [ERROR] LogOutputStream:75 - [STDERR_REDIRECT] 
2026-05-28 17:16:17,112 [ERROR] LogOutputStream:75 - [STDERR_REDIRECT] [Fatal Error] :1:1: Premature end of file.
2026-05-28 17:16:17,113 [ERROR] LogOutputStream:75 - [STDERR_REDIRECT] 
2026-05-28 17:16:18,121 [ERROR] LogOutputStream:75 - [STDERR_REDIRECT] [Fatal Error] :1:1: Premature end of file.
2026-05-28 17:16:18,121 [ERROR] LogOutputStream:75 - [STDERR_REDIRECT] 
2026-05-28 17:16:19,146 [ERROR] LogOutputStream:75 - [STDERR_REDIRECT] [Fatal Error] :1:1: Premature end of file.
2026-05-28 17:16:19,146 [ERROR] LogOutputStream:75 - [STDERR_REDIRECT] 
2026-05-28 17:16:20,115 [ERROR] LogOutputStream:75 - [STDERR_REDIRECT] [Fatal Error] :1:1: Premature end of file.
2026-05-28 17:16:20,115 [ERROR] LogOutputStream:75 - [STDERR_REDIRECT] 
2026-05-28 17:16:21,110 [ERROR] LogOutputStream:75 - [STDERR_REDIRECT] [Fatal Error] :1:1: Premature end of file.
2026-05-28 17:16:21,110 [ERROR] LogOutputStream:75 - [STDERR_REDIRECT] 
2026-05-28 17:16:22,114 [ERROR] LogOutputStream:75 - [STDERR_REDIRECT] [Fatal Error] :1:1: Premature end of file.
2026-05-28 17:16:22,114 [ERROR] LogOutputStream:75 - [STDERR_REDIRECT] 
2026-05-28 17:16:23,116 [ERROR] LogOutputStream:75 - [STDERR_REDIRECT] [Fatal Error] :1:1: Premature end of file.
2026-05-28 17:16:23,116 [ERROR] LogOutputStream:75 - [STDERR_REDIRECT] 
2026-05-28 17:16:24,113 [ERROR] LogOutputStream:75 - [STDERR_REDIRECT] [Fatal Error] :1:1: Premature end of file.
2026-05-28 17:16:24,113 [ERROR] LogOutputStream:75 - [STDERR_REDIRECT] 
2026-05-28 17:16:25,113 [ERROR] LogOutputStream:75 - [STDERR_REDIRECT] [Fatal Error] :1:1: Premature end of file.
2026-05-28 17:16:25,114 [ERROR] LogOutputStream:75 - [STDERR_REDIRECT] 
2026-05-28 17:16:26,124 [ERROR] LogOutputStream:75 - [STDERR_REDIRECT] [Fatal Error] :1:1: Premature end of file.
2026-05-28 17:16:26,124 [ERROR] LogOutputStream:75 - [STDERR_REDIRECT] 
2026-05-28 17:16:27,124 [ERROR] LogOutputStream:75 - [STDERR_REDIRECT] [Fatal Error] :1:1: Premature end of file.
2026-05-28 17:16:27,124 [ERROR] LogOutputStream:75 - [STDERR_REDIRECT] 
2026-05-28 17:16:28,124 [ERROR] LogOutputStream:75 - [STDERR_REDIRECT] [Fatal Error] :1:1: Premature end of file.
2026-05-28 17:16:28,124 [ERROR] LogOutputStream:75 - [STDERR_REDIRECT] 
2026-05-28 17:16:29,123 [ERROR] LogOutputStream:75 - [STDERR_REDIRECT] [Fatal Error] :1:1: Premature end of file.
2026-05-28 17:16:29,124 [ERROR] LogOutputStream:75 - [STDERR_REDIRECT] 
2026-05-28 17:16:30,123 [ERROR] LogOutputStream:75 - [STDERR_REDIRECT] [Fatal Error] :1:1: Premature end of file.
2026-05-28 17:16:30,123 [ERROR] LogOutputStream:75 - [STDERR_REDIRECT] 
2026-05-28 17:16:31,120 [ERROR] LogOutputStream:75 - [STDERR_REDIRECT] [Fatal Error] :1:1: Premature end of file.
2026-05-28 17:16:31,120 [ERROR] LogOutputStream:75 - [STDERR_REDIRECT] 
2026-05-28 17:16:32,122 [ERROR] LogOutputStream:75 - [STDERR_REDIRECT] [Fatal Error] :1:1: Premature end of file.
2026-05-28 17:16:32,135 [ERROR] LogOutputStream:75 - [STDERR_REDIRECT] 
2026-05-28 17:16:33,118 [ERROR] LogOutputStream:75 - [STDERR_REDIRECT] [Fatal Error] :1:1: Premature end of file.
2026-05-28 17:16:33,118 [ERROR] LogOutputStream:75 - [STDERR_REDIRECT] 
2026-05-28 17:16:34,130 [ERROR] LogOutputStream:75 - [STDERR_REDIRECT] [Fatal Error] :1:1: Premature end of file.
2026-05-28 17:16:34,130 [ERROR] LogOutputStream:75 - [STDERR_REDIRECT] 
2026-05-28 17:16:35,112 [ERROR] LogOutputStream:75 - [STDERR_REDIRECT] [Fatal Error] :1:1: Premature end of file.
2026-05-28 17:16:35,112 [ERROR] LogOutputStream:75 - [STDERR_REDIRECT] 
2026-05-28 17:16:36,119 [ERROR] LogOutputStream:75 - [STDERR_REDIRECT] [Fatal Error] :1:1: Premature end of file.
2026-05-28 17:16:36,119 [ERROR] LogOutputStream:75 - [STDERR_REDIRECT] 
2026-05-28 17:16:37,118 [ERROR] LogOutputStream:75 - [STDERR_REDIRECT] [Fatal Error] :1:1: Premature end of file.
2026-05-28 17:16:37,119 [ERROR] LogOutputStream:75 - [STDERR_REDIRECT] 
2026-05-28 17:16:38,118 [ERROR] LogOutputStream:75 - [STDERR_REDIRECT] [Fatal Error] :1:1: Premature end of file.
2026-05-28 17:16:38,118 [ERROR] LogOutputStream:75 - [STDERR_REDIRECT] 
2026-05-28 17:16:39,112 [ERROR] LogOutputStream:75 - [STDERR_REDIRECT] [Fatal Error] :1:1: Premature end of file.
2026-05-28 17:16:39,112 [ERROR] LogOutputStream:75 - [STDERR_REDIRECT] 
2026-05-28 17:16:40,122 [ERROR] LogOutputStream:75 - [STDERR_REDIRECT] [Fatal Error] :1:1: Premature end of file.
2026-05-28 17:16:40,122 [ERROR] LogOutputStream:75 - [STDERR_REDIRECT] 
2026-05-28 17:16:41,111 [ERROR] LogOutputStream:75 - [STDERR_REDIRECT] [Fatal Error] :1:1: Premature end of file.
2026-05-28 17:16:41,111 [ERROR] LogOutputStream:75 - [STDERR_REDIRECT] 
2026-05-28 17:16:42,114 [ERROR] LogOutputStream:75 - [STDERR_REDIRECT] [Fatal Error] :1:1: Premature end of file.
2026-05-28 17:16:42,114 [ERROR] LogOutputStream:75 - [STDERR_REDIRECT] 
2026-05-28 17:16:43,115 [ERROR] LogOutputStream:75 - [STDERR_REDIRECT] [Fatal Error] :1:1: Premature end of file.
2026-05-28 17:16:43,115 [ERROR] LogOutputStream:75 - [STDERR_REDIRECT] 
2026-05-28 17:16:44,123 [ERROR] LogOutputStream:75 - [STDERR_REDIRECT] [Fatal Error] :1:1: Premature end of file.
2026-05-28 17:16:44,123 [ERROR] LogOutputStream:75 - [STDERR_REDIRECT] 
2026-05-28 17:16:45,121 [ERROR] LogOutputStream:75 - [STDERR_REDIRECT] [Fatal Error] :1:1: Premature end of file.
2026-05-28 17:16:45,122 [ERROR] LogOutputStream:75 - [STDERR_REDIRECT] 
2026-05-28 17:16:46,119 [ERROR] LogOutputStream:75 - [STDERR_REDIRECT] [Fatal Error] :1:1: Premature end of file.
2026-05-28 17:16:46,119 [ERROR] LogOutputStream:75 - [STDERR_REDIRECT] 
2026-05-28 17:16:47,124 [ERROR] LogOutputStream:75 - [STDERR_REDIRECT] [Fatal Error] :1:1: Premature end of file.
2026-05-28 17:16:47,124 [ERROR] LogOutputStream:75 - [STDERR_REDIRECT] 
2026-05-28 17:16:48,111 [ERROR] LogOutputStream:75 - [STDERR_REDIRECT] [Fatal Error] :1:1: Premature end of file.
2026-05-28 17:16:48,111 [ERROR] LogOutputStream:75 - [STDERR_REDIRECT] 
2026-05-28 17:16:49,126 [ERROR] LogOutputStream:75 - [STDERR_REDIRECT] [Fatal Error] :1:1: Premature end of file.
2026-05-28 17:16:49,127 [ERROR] LogOutputStream:75 - [STDERR_REDIRECT] 
2026-05-28 17:16:50,123 [ERROR] LogOutputStream:75 - [STDERR_REDIRECT] [Fatal Error] :1:1: Premature end of file.
2026-05-28 17:16:50,124 [ERROR] LogOutputStream:75 - [STDERR_REDIRECT] 
2026-05-28 17:16:51,131 [ERROR] LogOutputStream:75 - [STDERR_REDIRECT] [Fatal Error] :1:1: Premature end of file.
2026-05-28 17:16:51,131 [ERROR] LogOutputStream:75 - [STDERR_REDIRECT] 
2026-05-28 17:16:52,129 [ERROR] LogOutputStream:75 - [STDERR_REDIRECT] [Fatal Error] :1:1: Premature end of file.
2026-05-28 17:16:52,129 [ERROR] LogOutputStream:75 - [STDERR_REDIRECT] 
2026-05-28 17:16:53,123 [ERROR] LogOutputStream:75 - [STDERR_REDIRECT] [Fatal Error] :1:1: Premature end of file.
2026-05-28 17:16:53,123 [ERROR] LogOutputStream:75 - [STDERR_REDIRECT] 
2026-05-28 17:16:54,127 [ERROR] LogOutputStream:75 - [STDERR_REDIRECT] [Fatal Error] :1:1: Premature end of file.
2026-05-28 17:16:54,127 [ERROR] LogOutputStream:75 - [STDERR_REDIRECT] 
2026-05-28 17:16:55,115 [ERROR] LogOutputStream:75 - [STDERR_REDIRECT] [Fatal Error] :1:1: Premature end of file.
2026-05-28 17:16:55,115 [ERROR] LogOutputStream:75 - [STDERR_REDIRECT] 
2026-05-28 17:16:56,116 [ERROR] LogOutputStream:75 - [STDERR_REDIRECT] [Fatal Error] :1:1: Premature end of file.
2026-05-28 17:16:56,116 [ERROR] LogOutputStream:75 - [STDERR_REDIRECT] 
2026-05-28 17:16:57,115 [ERROR] LogOutputStream:75 - [STDERR_REDIRECT] [Fatal Error] :1:1: Premature end of file.
2026-05-28 17:16:57,115 [ERROR] LogOutputStream:75 - [STDERR_REDIRECT] 
2026-05-28 17:16:58,111 [ERROR] LogOutputStream:75 - [STDERR_REDIRECT] [Fatal Error] :1:1: Premature end of file.
2026-05-28 17:16:58,111 [ERROR] LogOutputStream:75 - [STDERR_REDIRECT] 
2026-05-28 17:16:59,113 [ERROR] LogOutputStream:75 - [STDERR_REDIRECT] [Fatal Error] :1:1: Premature end of file.
2026-05-28 17:16:59,114 [ERROR] LogOutputStream:75 - [STDERR_REDIRECT] 
2026-05-28 17:17:00,127 [ERROR] LogOutputStream:75 - [STDERR_REDIRECT] [Fatal Error] :1:1: Premature end of file.
2026-05-28 17:17:00,127 [ERROR] LogOutputStream:75 - [STDERR_REDIRECT] 
2026-05-28 17:17:01,131 [ERROR] LogOutputStream:75 - [STDERR_REDIRECT] [Fatal Error] :1:1: Premature end of file.
2026-05-28 17:17:01,131 [ERROR] LogOutputStream:75 - [STDERR_REDIRECT] 
2026-05-28 17:17:02,112 [ERROR] LogOutputStream:75 - [STDERR_REDIRECT] [Fatal Error] :1:1: Premature end of file.
2026-05-28 17:17:02,112 [ERROR] LogOutputStream:75 - [STDERR_REDIRECT] 
2026-05-28 17:17:03,106 [ERROR] LogOutputStream:75 - [STDERR_REDIRECT] [Fatal Error] :1:1: Premature end of file.
2026-05-28 17:17:03,106 [ERROR] LogOutputStream:75 - [STDERR_REDIRECT] 
2026-05-28 17:17:04,110 [ERROR] LogOutputStream:75 - [STDERR_REDIRECT] [Fatal Error] :1:1: Premature end of file.
2026-05-28 17:17:04,110 [ERROR] LogOutputStream:75 - [STDERR_REDIRECT] 
2026-05-28 17:17:05,111 [ERROR] LogOutputStream:75 - [STDERR_REDIRECT] [Fatal Error] :1:1: Premature end of file.
2026-05-28 17:17:05,111 [ERROR] LogOutputStream:75 - [STDERR_REDIRECT] 
2026-05-28 17:17:06,137 [ERROR] LogOutputStream:75 - [STDERR_REDIRECT] [Fatal Error] :1:1: Premature end of file.
2026-05-28 17:17:06,137 [ERROR] LogOutputStream:75 - [STDERR_REDIRECT] 
2026-05-28 17:17:07,108 [ERROR] LogOutputStream:75 - [STDERR_REDIRECT] [Fatal Error] :1:1: Premature end of file.
2026-05-28 17:17:07,108 [ERROR] LogOutputStream:75 - [STDERR_REDIRECT] 
2026-05-28 17:17:08,118 [ERROR] LogOutputStream:75 - [STDERR_REDIRECT] [Fatal Error] :1:1: Premature end of file.
2026-05-28 17:17:08,118 [ERROR] LogOutputStream:75 - [STDERR_REDIRECT] 
2026-05-28 17:17:09,109 [ERROR] LogOutputStream:75 - [STDERR_REDIRECT] [Fatal Error] :1:1: Premature end of file.
2026-05-28 17:17:09,109 [ERROR] LogOutputStream:75 - [STDERR_REDIRECT] 
2026-05-28 17:17:10,121 [ERROR] LogOutputStream:75 - [STDERR_REDIRECT] [Fatal Error] :1:1: Premature end of file.
2026-05-28 17:17:10,122 [ERROR] LogOutputStream:75 - [STDERR_REDIRECT] 
2026-05-28 17:17:11,116 [ERROR] LogOutputStream:75 - [STDERR_REDIRECT] [Fatal Error] :1:1: Premature end of file.
2026-05-28 17:17:11,116 [ERROR] LogOutputStream:75 - [STDERR_REDIRECT] 
2026-05-28 17:17:12,118 [ERROR] LogOutputStream:75 - [STDERR_REDIRECT] [Fatal Error] :1:1: Premature end of file.
2026-05-28 17:17:12,118 [ERROR] LogOutputStream:75 - [STDERR_REDIRECT] 
2026-05-28 17:17:13,119 [ERROR] LogOutputStream:75 - [STDERR_REDIRECT] [Fatal Error] :1:1: Premature end of file.
2026-05-28 17:17:13,120 [ERROR] LogOutputStream:75 - [STDERR_REDIRECT] 
2026-05-28 17:17:14,119 [ERROR] LogOutputStream:75 - [STDERR_REDIRECT] [Fatal Error] :1:1: Premature end of file.
2026-05-28 17:17:14,119 [ERROR] LogOutputStream:75 - [STDERR_REDIRECT] 
2026-05-28 17:17:15,116 [ERROR] LogOutputStream:75 - [STDERR_REDIRECT] [Fatal Error] :1:1: Premature end of file.
2026-05-28 17:17:15,116 [ERROR] LogOutputStream:75 - [STDERR_REDIRECT] 
2026-05-28 17:17:16,115 [ERROR] LogOutputStream:75 - [STDERR_REDIRECT] [Fatal Error] :1:1: Premature end of file.
2026-05-28 17:17:16,115 [ERROR] LogOutputStream:75 - [STDERR_REDIRECT] 
2026-05-28 17:17:17,116 [ERROR] LogOutputStream:75 - [STDERR_REDIRECT] [Fatal Error] :1:1: Premature end of file.
2026-05-28 17:17:17,116 [ERROR] LogOutputStream:75 - [STDERR_REDIRECT] 
2026-05-28 17:17:18,119 [ERROR] LogOutputStream:75 - [STDERR_REDIRECT] [Fatal Error] :1:1: Premature end of file.
2026-05-28 17:17:18,119 [ERROR] LogOutputStream:75 - [STDERR_REDIRECT] 
2026-05-28 17:17:19,108 [ERROR] LogOutputStream:75 - [STDERR_REDIRECT] [Fatal Error] :1:1: Premature end of file.
2026-05-28 17:17:19,108 [ERROR] LogOutputStream:75 - [STDERR_REDIRECT] 
2026-05-28 17:17:20,123 [ERROR] LogOutputStream:75 - [STDERR_REDIRECT] [Fatal Error] :1:1: Premature end of file.
2026-05-28 17:17:20,123 [ERROR] LogOutputStream:75 - [STDERR_REDIRECT] 
2026-05-28 17:17:21,122 [ERROR] LogOutputStream:75 - [STDERR_REDIRECT] [Fatal Error] :1:1: Premature end of file.
2026-05-28 17:17:21,122 [ERROR] LogOutputStream:75 - [STDERR_REDIRECT] 
2026-05-28 17:17:22,118 [ERROR] LogOutputStream:75 - [STDERR_REDIRECT] [Fatal Error] :1:1: Premature end of file.
2026-05-28 17:17:22,118 [ERROR] LogOutputStream:75 - [STDERR_REDIRECT] 
2026-05-28 17:17:23,117 [ERROR] LogOutputStream:75 - [STDERR_REDIRECT] [Fatal Error] :1:1: Premature end of file.
2026-05-28 17:17:23,117 [ERROR] LogOutputStream:75 - [STDERR_REDIRECT] 
2026-05-28 17:17:24,115 [ERROR] LogOutputStream:75 - [STDERR_REDIRECT] [Fatal Error] :1:1: Premature end of file.
2026-05-28 17:17:24,115 [ERROR] LogOutputStream:75 - [STDERR_REDIRECT] 
2026-05-28 17:17:25,116 [ERROR] LogOutputStream:75 - [STDERR_REDIRECT] [Fatal Error] :1:1: Premature end of file.
2026-05-28 17:17:25,116 [ERROR] LogOutputStream:75 - [STDERR_REDIRECT] 
2026-05-28 17:17:26,113 [ERROR] LogOutputStream:75 - [STDERR_REDIRECT] [Fatal Error] :1:1: Premature end of file.
2026-05-28 17:17:26,113 [ERROR] LogOutputStream:75 - [STDERR_REDIRECT] 
2026-05-28 17:17:27,112 [ERROR] LogOutputStream:75 - [STDERR_REDIRECT] [Fatal Error] :1:1: Premature end of file.
2026-05-28 17:17:27,112 [ERROR] LogOutputStream:75 - [STDERR_REDIRECT] 
2026-05-28 17:17:28,115 [ERROR] LogOutputStream:75 - [STDERR_REDIRECT] [Fatal Error] :1:1: Premature end of file.
2026-05-28 17:17:28,115 [ERROR] LogOutputStream:75 - [STDERR_REDIRECT] 
2026-05-28 17:17:29,126 [ERROR] LogOutputStream:75 - [STDERR_REDIRECT] [Fatal Error] :1:1: Premature end of file.
2026-05-28 17:17:29,126 [ERROR] LogOutputStream:75 - [STDERR_REDIRECT] 
2026-05-28 17:17:30,113 [ERROR] LogOutputStream:75 - [STDERR_REDIRECT] [Fatal Error] :1:1: Premature end of file.
2026-05-28 17:17:30,115 [ERROR] LogOutputStream:75 - [STDERR_REDIRECT] 
2026-05-28 17:17:31,117 [ERROR] LogOutputStream:75 - [STDERR_REDIRECT] [Fatal Error] :1:1: Premature end of file.
2026-05-28 17:17:31,117 [ERROR] LogOutputStream:75 - [STDERR_REDIRECT] 
2026-05-28 17:17:32,114 [ERROR] LogOutputStream:75 - [STDERR_REDIRECT] [Fatal Error] :1:1: Premature end of file.
2026-05-28 17:17:32,114 [ERROR] LogOutputStream:75 - [STDERR_REDIRECT] 
2026-05-28 17:17:33,115 [ERROR] LogOutputStream:75 - [STDERR_REDIRECT] [Fatal Error] :1:1: Premature end of file.
2026-05-28 17:17:33,115 [ERROR] LogOutputStream:75 - [STDERR_REDIRECT] 
2026-05-28 17:17:34,116 [ERROR] LogOutputStream:75 - [STDERR_REDIRECT] [Fatal Error] :1:1: Premature end of file.
2026-05-28 17:17:34,116 [ERROR] LogOutputStream:75 - [STDERR_REDIRECT] 
2026-05-28 17:17:35,129 [ERROR] LogOutputStream:75 - [STDERR_REDIRECT] [Fatal Error] :1:1: Premature end of file.
2026-05-28 17:17:35,129 [ERROR] LogOutputStream:75 - [STDERR_REDIRECT] 
2026-05-28 17:17:36,125 [ERROR] LogOutputStream:75 - [STDERR_REDIRECT] [Fatal Error] :1:1: Premature end of file.
2026-05-28 17:17:36,125 [ERROR] LogOutputStream:75 - [STDERR_REDIRECT] 
2026-05-28 17:17:37,117 [ERROR] LogOutputStream:75 - [STDERR_REDIRECT] [Fatal Error] :1:1: Premature end of file.
2026-05-28 17:17:37,118 [ERROR] LogOutputStream:75 - [STDERR_REDIRECT] 
2026-05-28 17:17:38,108 [ERROR] LogOutputStream:75 - [STDERR_REDIRECT] [Fatal Error] :1:1: Premature end of file.
2026-05-28 17:17:38,108 [ERROR] LogOutputStream:75 - [STDERR_REDIRECT] 
2026-05-28 17:17:39,107 [ERROR] LogOutputStream:75 - [STDERR_REDIRECT] [Fatal Error] :1:1: Premature end of file.
2026-05-28 17:17:39,107 [ERROR] LogOutputStream:75 - [STDERR_REDIRECT] 
2026-05-28 17:17:40,114 [ERROR] LogOutputStream:75 - [STDERR_REDIRECT] [Fatal Error] :1:1: Premature end of file.
2026-05-28 17:17:40,115 [ERROR] LogOutputStream:75 - [STDERR_REDIRECT] 
2026-05-28 17:17:41,122 [ERROR] LogOutputStream:75 - [STDERR_REDIRECT] [Fatal Error] :1:1: Premature end of file.
2026-05-28 17:17:41,123 [ERROR] LogOutputStream:75 - [STDERR_REDIRECT] 
2026-05-28 17:17:42,146 [ERROR] LogOutputStream:75 - [STDERR_REDIRECT] [Fatal Error] :1:1: Premature end of file.
2026-05-28 17:17:42,146 [ERROR] LogOutputStream:75 - [STDERR_REDIRECT] 
2026-05-28 17:17:43,120 [ERROR] LogOutputStream:75 - [STDERR_REDIRECT] [Fatal Error] :1:1: Premature end of file.
2026-05-28 17:17:43,121 [ERROR] LogOutputStream:75 - [STDERR_REDIRECT] 
2026-05-28 17:17:44,116 [ERROR] LogOutputStream:75 - [STDERR_REDIRECT] [Fatal Error] :1:1: Premature end of file.
2026-05-28 17:17:44,116 [ERROR] LogOutputStream:75 - [STDERR_REDIRECT] 
2026-05-28 17:17:45,146 [ERROR] LogOutputStream:75 - [STDERR_REDIRECT] [Fatal Error] :1:1: Premature end of file.
2026-05-28 17:17:45,147 [ERROR] LogOutputStream:75 - [STDERR_REDIRECT] 
2026-05-28 17:17:46,110 [ERROR] LogOutputStream:75 - [STDERR_REDIRECT] [Fatal Error] :1:1: Premature end of file.
2026-05-28 17:17:46,110 [ERROR] LogOutputStream:75 - [STDERR_REDIRECT] 
2026-05-28 17:17:47,122 [ERROR] LogOutputStream:75 - [STDERR_REDIRECT] [Fatal Error] :1:1: Premature end of file.
2026-05-28 17:17:47,124 [ERROR] LogOutputStream:75 - [STDERR_REDIRECT] 
2026-05-28 17:17:48,117 [ERROR] LogOutputStream:75 - [STDERR_REDIRECT] [Fatal Error] :1:1: Premature end of file.
2026-05-28 17:17:48,117 [ERROR] LogOutputStream:75 - [STDERR_REDIRECT] 
2026-05-28 17:17:49,113 [ERROR] LogOutputStream:75 - [STDERR_REDIRECT] [Fatal Error] :1:1: Premature end of file.
2026-05-28 17:17:49,114 [ERROR] LogOutputStream:75 - [STDERR_REDIRECT] 
2026-05-28 17:17:50,113 [ERROR] LogOutputStream:75 - [STDERR_REDIRECT] [Fatal Error] :1:1: Premature end of file.
2026-05-28 17:17:50,114 [ERROR] LogOutputStream:75 - [STDERR_REDIRECT] 
2026-05-28 17:17:51,120 [ERROR] LogOutputStream:75 - [STDERR_REDIRECT] [Fatal Error] :1:1: Premature end of file.
2026-05-28 17:17:51,120 [ERROR] LogOutputStream:75 - [STDERR_REDIRECT] 
2026-05-28 17:17:52,123 [ERROR] LogOutputStream:75 - [STDERR_REDIRECT] [Fatal Error] :1:1: Premature end of file.
2026-05-28 17:17:52,123 [ERROR] LogOutputStream:75 - [STDERR_REDIRECT] 
2026-05-28 17:17:53,116 [ERROR] LogOutputStream:75 - [STDERR_REDIRECT] [Fatal Error] :1:1: Premature end of file.
2026-05-28 17:17:53,116 [ERROR] LogOutputStream:75 - [STDERR_REDIRECT] 
2026-05-28 17:17:54,116 [ERROR] LogOutputStream:75 - [STDERR_REDIRECT] [Fatal Error] :1:1: Premature end of file.
2026-05-28 17:17:54,117 [ERROR] LogOutputStream:75 - [STDERR_REDIRECT] 
2026-05-28 17:17:55,158 [ERROR] LogOutputStream:75 - [STDERR_REDIRECT] [Fatal Error] :1:1: Premature end of file.
2026-05-28 17:17:55,158 [ERROR] LogOutputStream:75 - [STDERR_REDIRECT] 
2026-05-28 17:17:56,116 [ERROR] LogOutputStream:75 - [STDERR_REDIRECT] [Fatal Error] :1:1: Premature end of file.
2026-05-28 17:17:56,116 [ERROR] LogOutputStream:75 - [STDERR_REDIRECT] 
2026-05-28 17:17:57,117 [ERROR] LogOutputStream:75 - [STDERR_REDIRECT] [Fatal Error] :1:1: Premature end of file.
2026-05-28 17:17:57,118 [ERROR] LogOutputStream:75 - [STDERR_REDIRECT] 
2026-05-28 17:17:58,121 [ERROR] LogOutputStream:75 - [STDERR_REDIRECT] [Fatal Error] :1:1: Premature end of file.
2026-05-28 17:17:58,121 [ERROR] LogOutputStream:75 - [STDERR_REDIRECT] 
2026-05-28 17:17:59,112 [ERROR] LogOutputStream:75 - [STDERR_REDIRECT] [Fatal Error] :1:1: Premature end of file.
2026-05-28 17:17:59,112 [ERROR] LogOutputStream:75 - [STDERR_REDIRECT] 
2026-05-28 17:18:00,111 [ERROR] LogOutputStream:75 - [STDERR_REDIRECT] [Fatal Error] :1:1: Premature end of file.
2026-05-28 17:18:00,111 [ERROR] LogOutputStream:75 - [STDERR_REDIRECT] 
2026-05-28 17:18:01,120 [ERROR] LogOutputStream:75 - [STDERR_REDIRECT] [Fatal Error] :1:1: Premature end of file.
2026-05-28 17:18:01,120 [ERROR] LogOutputStream:75 - [STDERR_REDIRECT] 
2026-05-28 17:18:02,119 [ERROR] LogOutputStream:75 - [STDERR_REDIRECT] [Fatal Error] :1:1: Premature end of file.
2026-05-28 17:18:02,119 [ERROR] LogOutputStream:75 - [STDERR_REDIRECT] 
2026-05-28 17:18:03,128 [ERROR] LogOutputStream:75 - [STDERR_REDIRECT] [Fatal Error] :1:1: Premature end of file.
2026-05-28 17:18:03,128 [ERROR] LogOutputStream:75 - [STDERR_REDIRECT] 
2026-05-28 17:18:04,110 [ERROR] LogOutputStream:75 - [STDERR_REDIRECT] [Fatal Error] :1:1: Premature end of file.
2026-05-28 17:18:04,110 [ERROR] LogOutputStream:75 - [STDERR_REDIRECT] 
2026-05-28 17:18:05,114 [ERROR] LogOutputStream:75 - [STDERR_REDIRECT] [Fatal Error] :1:1: Premature end of file.
2026-05-28 17:18:05,114 [ERROR] LogOutputStream:75 - [STDERR_REDIRECT] 
2026-05-28 17:18:06,123 [ERROR] LogOutputStream:75 - [STDERR_REDIRECT] [Fatal Error] :1:1: Premature end of file.
2026-05-28 17:18:06,123 [ERROR] LogOutputStream:75 - [STDERR_REDIRECT] 
2026-05-28 17:18:07,127 [ERROR] LogOutputStream:75 - [STDERR_REDIRECT] [Fatal Error] :1:1: Premature end of file.
2026-05-28 17:18:07,127 [ERROR] LogOutputStream:75 - [STDERR_REDIRECT] 
2026-05-28 17:18:08,139 [ERROR] LogOutputStream:75 - [STDERR_REDIRECT] [Fatal Error] :1:1: Premature end of file.
2026-05-28 17:18:08,139 [ERROR] LogOutputStream:75 - [STDERR_REDIRECT] 
2026-05-28 17:18:09,126 [ERROR] LogOutputStream:75 - [STDERR_REDIRECT] [Fatal Error] :1:1: Premature end of file.
2026-05-28 17:18:09,126 [ERROR] LogOutputStream:75 - [STDERR_REDIRECT] 
2026-05-28 17:18:10,143 [ERROR] LogOutputStream:75 - [STDERR_REDIRECT] [Fatal Error] :1:1: Premature end of file.
2026-05-28 17:18:10,143 [ERROR] LogOutputStream:75 - [STDERR_REDIRECT] 
2026-05-28 17:18:11,119 [ERROR] LogOutputStream:75 - [STDERR_REDIRECT] [Fatal Error] :1:1: Premature end of file.
2026-05-28 17:18:11,119 [ERROR] LogOutputStream:75 - [STDERR_REDIRECT] 
2026-05-28 17:18:12,114 [ERROR] LogOutputStream:75 - [STDERR_REDIRECT] [Fatal Error] :1:1: Premature end of file.
2026-05-28 17:18:12,114 [ERROR] LogOutputStream:75 - [STDERR_REDIRECT] 
2026-05-28 17:18:13,117 [ERROR] LogOutputStream:75 - [STDERR_REDIRECT] [Fatal Error] :1:1: Premature end of file.
2026-05-28 17:18:13,117 [ERROR] LogOutputStream:75 - [STDERR_REDIRECT] 
2026-05-28 17:18:14,113 [ERROR] LogOutputStream:75 - [STDERR_REDIRECT] [Fatal Error] :1:1: Premature end of file.
2026-05-28 17:18:14,114 [ERROR] LogOutputStream:75 - [STDERR_REDIRECT] 
2026-05-28 17:18:15,111 [ERROR] LogOutputStream:75 - [STDERR_REDIRECT] [Fatal Error] :1:1: Premature end of file.
2026-05-28 17:18:15,111 [ERROR] LogOutputStream:75 - [STDERR_REDIRECT] 
2026-05-28 17:18:16,117 [ERROR] LogOutputStream:75 - [STDERR_REDIRECT] [Fatal Error] :1:1: Premature end of file.
2026-05-28 17:18:16,118 [ERROR] LogOutputStream:75 - [STDERR_REDIRECT] 
2026-05-28 17:18:17,117 [ERROR] LogOutputStream:75 - [STDERR_REDIRECT] [Fatal Error] :1:1: Premature end of file.
2026-05-28 17:18:17,117 [ERROR] LogOutputStream:75 - [STDERR_REDIRECT] 
2026-05-28 17:18:18,125 [ERROR] LogOutputStream:75 - [STDERR_REDIRECT] [Fatal Error] :1:1: Premature end of file.
2026-05-28 17:18:18,125 [ERROR] LogOutputStream:75 - [STDERR_REDIRECT] 
2026-05-28 17:18:19,127 [ERROR] LogOutputStream:75 - [STDERR_REDIRECT] [Fatal Error] :1:1: Premature end of file.
2026-05-28 17:18:19,127 [ERROR] LogOutputStream:75 - [STDERR_REDIRECT] 
2026-05-28 17:18:20,126 [ERROR] LogOutputStream:75 - [STDERR_REDIRECT] [Fatal Error] :1:1: Premature end of file.
2026-05-28 17:18:20,126 [ERROR] LogOutputStream:75 - [STDERR_REDIRECT] 
2026-05-28 17:18:21,124 [ERROR] LogOutputStream:75 - [STDERR_REDIRECT] [Fatal Error] :1:1: Premature end of file.
2026-05-28 17:18:21,125 [ERROR] LogOutputStream:75 - [STDERR_REDIRECT] 
2026-05-28 17:18:22,125 [ERROR] LogOutputStream:75 - [STDERR_REDIRECT] [Fatal Error] :1:1: Premature end of file.
2026-05-28 17:18:22,125 [ERROR] LogOutputStream:75 - [STDERR_REDIRECT] 
2026-05-28 17:18:23,123 [ERROR] LogOutputStream:75 - [STDERR_REDIRECT] [Fatal Error] :1:1: Premature end of file.
2026-05-28 17:18:23,123 [ERROR] LogOutputStream:75 - [STDERR_REDIRECT] 
2026-05-28 17:18:24,143 [ERROR] LogOutputStream:75 - [STDERR_REDIRECT] [Fatal Error] :1:1: Premature end of file.
2026-05-28 17:18:24,143 [ERROR] LogOutputStream:75 - [STDERR_REDIRECT] 
2026-05-28 17:18:25,121 [ERROR] LogOutputStream:75 - [STDERR_REDIRECT] [Fatal Error] :1:1: Premature end of file.
2026-05-28 17:18:25,121 [ERROR] LogOutputStream:75 - [STDERR_REDIRECT] 
2026-05-28 17:18:26,119 [ERROR] LogOutputStream:75 - [STDERR_REDIRECT] [Fatal Error] :1:1: Premature end of file.
2026-05-28 17:18:26,119 [ERROR] LogOutputStream:75 - [STDERR_REDIRECT] 
2026-05-28 17:18:27,126 [ERROR] LogOutputStream:75 - [STDERR_REDIRECT] [Fatal Error] :1:1: Premature end of file.
2026-05-28 17:18:27,126 [ERROR] LogOutputStream:75 - [STDERR_REDIRECT] 
2026-05-28 17:18:28,127 [ERROR] LogOutputStream:75 - [STDERR_REDIRECT] [Fatal Error] :1:1: Premature end of file.
2026-05-28 17:18:28,127 [ERROR] LogOutputStream:75 - [STDERR_REDIRECT] 
2026-05-28 17:18:29,136 [ERROR] LogOutputStream:75 - [STDERR_REDIRECT] [Fatal Error] :1:1: Premature end of file.
2026-05-28 17:18:29,136 [ERROR] LogOutputStream:75 - [STDERR_REDIRECT] 
2026-05-28 17:18:30,116 [ERROR] LogOutputStream:75 - [STDERR_REDIRECT] [Fatal Error] :1:1: Premature end of file.
2026-05-28 17:18:30,116 [ERROR] LogOutputStream:75 - [STDERR_REDIRECT] 
2026-05-28 17:18:31,127 [ERROR] LogOutputStream:75 - [STDERR_REDIRECT] [Fatal Error] :1:1: Premature end of file.
2026-05-28 17:18:31,127 [ERROR] LogOutputStream:75 - [STDERR_REDIRECT] 
2026-05-28 17:18:32,125 [ERROR] LogOutputStream:75 - [STDERR_REDIRECT] [Fatal Error] :1:1: Premature end of file.
2026-05-28 17:18:32,125 [ERROR] LogOutputStream:75 - [STDERR_REDIRECT] 
2026-05-28 17:18:33,123 [ERROR] LogOutputStream:75 - [STDERR_REDIRECT] [Fatal Error] :1:1: Premature end of file.
2026-05-28 17:18:33,123 [ERROR] LogOutputStream:75 - [STDERR_REDIRECT] 
2026-05-28 17:18:34,123 [ERROR] LogOutputStream:75 - [STDERR_REDIRECT] [Fatal Error] :1:1: Premature end of file.
2026-05-28 17:18:34,124 [ERROR] LogOutputStream:75 - [STDERR_REDIRECT] 
2026-05-28 17:18:35,133 [ERROR] LogOutputStream:75 - [STDERR_REDIRECT] [Fatal Error] :1:1: Premature end of file.
2026-05-28 17:18:35,133 [ERROR] LogOutputStream:75 - [STDERR_REDIRECT] 
2026-05-28 17:18:36,125 [ERROR] LogOutputStream:75 - [STDERR_REDIRECT] [Fatal Error] :1:1: Premature end of file.
2026-05-28 17:18:36,125 [ERROR] LogOutputStream:75 - [STDERR_REDIRECT] 
2026-05-28 17:18:37,114 [ERROR] LogOutputStream:75 - [STDERR_REDIRECT] [Fatal Error] :1:1: Premature end of file.
2026-05-28 17:18:37,114 [ERROR] LogOutputStream:75 - [STDERR_REDIRECT] 
2026-05-28 17:18:38,114 [ERROR] LogOutputStream:75 - [STDERR_REDIRECT] [Fatal Error] :1:1: Premature end of file.
2026-05-28 17:18:38,114 [ERROR] LogOutputStream:75 - [STDERR_REDIRECT] 
2026-05-28 17:18:39,113 [ERROR] LogOutputStream:75 - [STDERR_REDIRECT] [Fatal Error] :1:1: Premature end of file.
2026-05-28 17:18:39,114 [ERROR] LogOutputStream:75 - [STDERR_REDIRECT] 
2026-05-28 17:18:40,136 [ERROR] LogOutputStream:75 - [STDERR_REDIRECT] [Fatal Error] :1:1: Premature end of file.
2026-05-28 17:18:40,136 [ERROR] LogOutputStream:75 - [STDERR_REDIRECT] 
2026-05-28 17:18:41,125 [ERROR] LogOutputStream:75 - [STDERR_REDIRECT] [Fatal Error] :1:1: Premature end of file.
2026-05-28 17:18:41,125 [ERROR] LogOutputStream:75 - [STDERR_REDIRECT] 
2026-05-28 17:18:42,131 [ERROR] LogOutputStream:75 - [STDERR_REDIRECT] [Fatal Error] :1:1: Premature end of file.
2026-05-28 17:18:42,131 [ERROR] LogOutputStream:75 - [STDERR_REDIRECT] 
2026-05-28 17:18:43,141 [ERROR] LogOutputStream:75 - [STDERR_REDIRECT] [Fatal Error] :1:1: Premature end of file.
2026-05-28 17:18:43,141 [ERROR] LogOutputStream:75 - [STDERR_REDIRECT] 
2026-05-28 17:18:44,125 [ERROR] LogOutputStream:75 - [STDERR_REDIRECT] [Fatal Error] :1:1: Premature end of file.
2026-05-28 17:18:44,125 [ERROR] LogOutputStream:75 - [STDERR_REDIRECT] 
2026-05-28 17:18:45,109 [ERROR] LogOutputStream:75 - [STDERR_REDIRECT] [Fatal Error] :1:1: Premature end of file.
2026-05-28 17:18:45,109 [ERROR] LogOutputStream:75 - [STDERR_REDIRECT] 
2026-05-28 17:18:46,119 [ERROR] LogOutputStream:75 - [STDERR_REDIRECT] [Fatal Error] :1:1: Premature end of file.
2026-05-28 17:18:46,121 [ERROR] LogOutputStream:75 - [STDERR_REDIRECT] 
2026-05-28 17:18:47,125 [ERROR] LogOutputStream:75 - [STDERR_REDIRECT] [Fatal Error] :1:1: Premature end of file.
2026-05-28 17:18:47,125 [ERROR] LogOutputStream:75 - [STDERR_REDIRECT] 
2026-05-28 17:18:48,115 [ERROR] LogOutputStream:75 - [STDERR_REDIRECT] [Fatal Error] :1:1: Premature end of file.
2026-05-28 17:18:48,116 [ERROR] LogOutputStream:75 - [STDERR_REDIRECT] 
2026-05-28 17:18:49,121 [ERROR] LogOutputStream:75 - [STDERR_REDIRECT] [Fatal Error] :1:1: Premature end of file.
2026-05-28 17:18:49,121 [ERROR] LogOutputStream:75 - [STDERR_REDIRECT] 
2026-05-28 17:18:50,120 [ERROR] LogOutputStream:75 - [STDERR_REDIRECT] [Fatal Error] :1:1: Premature end of file.
2026-05-28 17:18:50,121 [ERROR] LogOutputStream:75 - [STDERR_REDIRECT] 
2026-05-28 17:18:51,124 [ERROR] LogOutputStream:75 - [STDERR_REDIRECT] [Fatal Error] :1:1: Premature end of file.
2026-05-28 17:18:51,124 [ERROR] LogOutputStream:75 - [STDERR_REDIRECT] 
2026-05-28 17:18:52,115 [ERROR] LogOutputStream:75 - [STDERR_REDIRECT] [Fatal Error] :1:1: Premature end of file.
2026-05-28 17:18:52,115 [ERROR] LogOutputStream:75 - [STDERR_REDIRECT] 
2026-05-28 17:18:53,128 [ERROR] LogOutputStream:75 - [STDERR_REDIRECT] [Fatal Error] :1:1: Premature end of file.
2026-05-28 17:18:53,128 [ERROR] LogOutputStream:75 - [STDERR_REDIRECT] 
2026-05-28 17:18:54,127 [ERROR] LogOutputStream:75 - [STDERR_REDIRECT] [Fatal Error] :1:1: Premature end of file.
2026-05-28 17:18:54,127 [ERROR] LogOutputStream:75 - [STDERR_REDIRECT] 
2026-05-28 17:18:55,124 [ERROR] LogOutputStream:75 - [STDERR_REDIRECT] [Fatal Error] :1:1: Premature end of file.
2026-05-28 17:18:55,124 [ERROR] LogOutputStream:75 - [STDERR_REDIRECT] 
2026-05-28 17:18:56,123 [ERROR] LogOutputStream:75 - [STDERR_REDIRECT] [Fatal Error] :1:1: Premature end of file.
2026-05-28 17:18:56,123 [ERROR] LogOutputStream:75 - [STDERR_REDIRECT] 
2026-05-28 17:18:57,122 [ERROR] LogOutputStream:75 - [STDERR_REDIRECT] [Fatal Error] :1:1: Premature end of file.
2026-05-28 17:18:57,122 [ERROR] LogOutputStream:75 - [STDERR_REDIRECT] 
2026-05-28 17:18:58,123 [ERROR] LogOutputStream:75 - [STDERR_REDIRECT] [Fatal Error] :1:1: Premature end of file.
2026-05-28 17:18:58,123 [ERROR] LogOutputStream:75 - [STDERR_REDIRECT] 
2026-05-28 17:18:59,131 [ERROR] LogOutputStream:75 - [STDERR_REDIRECT] [Fatal Error] :1:1: Premature end of file.
2026-05-28 17:18:59,131 [ERROR] LogOutputStream:75 - [STDERR_REDIRECT] 
2026-05-28 17:19:00,122 [ERROR] LogOutputStream:75 - [STDERR_REDIRECT] [Fatal Error] :1:1: Premature end of file.
2026-05-28 17:19:00,124 [ERROR] LogOutputStream:75 - [STDERR_REDIRECT] 
2026-05-28 17:19:01,121 [ERROR] LogOutputStream:75 - [STDERR_REDIRECT] [Fatal Error] :1:1: Premature end of file.
2026-05-28 17:19:01,121 [ERROR] LogOutputStream:75 - [STDERR_REDIRECT] 
2026-05-28 17:19:02,121 [ERROR] LogOutputStream:75 - [STDERR_REDIRECT] [Fatal Error] :1:1: Premature end of file.
2026-05-28 17:19:02,121 [ERROR] LogOutputStream:75 - [STDERR_REDIRECT] 
2026-05-28 17:19:03,118 [ERROR] LogOutputStream:75 - [STDERR_REDIRECT] [Fatal Error] :1:1: Premature end of file.
2026-05-28 17:19:03,119 [ERROR] LogOutputStream:75 - [STDERR_REDIRECT] 
2026-05-28 17:19:04,122 [ERROR] LogOutputStream:75 - [STDERR_REDIRECT] [Fatal Error] :1:1: Premature end of file.
2026-05-28 17:19:04,122 [ERROR] LogOutputStream:75 - [STDERR_REDIRECT] 
2026-05-28 17:19:05,120 [ERROR] LogOutputStream:75 - [STDERR_REDIRECT] [Fatal Error] :1:1: Premature end of file.
2026-05-28 17:19:05,120 [ERROR] LogOutputStream:75 - [STDERR_REDIRECT] 
2026-05-28 17:19:06,120 [ERROR] LogOutputStream:75 - [STDERR_REDIRECT] [Fatal Error] :1:1: Premature end of file.
2026-05-28 17:19:06,120 [ERROR] LogOutputStream:75 - [STDERR_REDIRECT] 
2026-05-28 17:19:07,122 [ERROR] LogOutputStream:75 - [STDERR_REDIRECT] [Fatal Error] :1:1: Premature end of file.
2026-05-28 17:19:07,122 [ERROR] LogOutputStream:75 - [STDERR_REDIRECT] 
2026-05-28 17:19:08,125 [ERROR] LogOutputStream:75 - [STDERR_REDIRECT] [Fatal Error] :1:1: Premature end of file.
2026-05-28 17:19:08,125 [ERROR] LogOutputStream:75 - [STDERR_REDIRECT] 
2026-05-28 17:19:09,123 [ERROR] LogOutputStream:75 - [STDERR_REDIRECT] [Fatal Error] :1:1: Premature end of file.
2026-05-28 17:19:09,123 [ERROR] LogOutputStream:75 - [STDERR_REDIRECT] 
2026-05-28 17:19:10,118 [ERROR] LogOutputStream:75 - [STDERR_REDIRECT] [Fatal Error] :1:1: Premature end of file.
2026-05-28 17:19:10,118 [ERROR] LogOutputStream:75 - [STDERR_REDIRECT] 
2026-05-28 17:19:11,118 [ERROR] LogOutputStream:75 - [STDERR_REDIRECT] [Fatal Error] :1:1: Premature end of file.
2026-05-28 17:19:11,118 [ERROR] LogOutputStream:75 - [STDERR_REDIRECT] 
2026-05-28 17:19:12,127 [ERROR] LogOutputStream:75 - [STDERR_REDIRECT] [Fatal Error] :1:1: Premature end of file.
2026-05-28 17:19:12,127 [ERROR] LogOutputStream:75 - [STDERR_REDIRECT] 
2026-05-28 17:19:13,118 [ERROR] LogOutputStream:75 - [STDERR_REDIRECT] [Fatal Error] :1:1: Premature end of file.
2026-05-28 17:19:13,118 [ERROR] LogOutputStream:75 - [STDERR_REDIRECT] 
2026-05-28 17:19:14,120 [ERROR] LogOutputStream:75 - [STDERR_REDIRECT] [Fatal Error] :1:1: Premature end of file.
2026-05-28 17:19:14,122 [ERROR] LogOutputStream:75 - [STDERR_REDIRECT] 
2026-05-28 17:19:15,123 [ERROR] LogOutputStream:75 - [STDERR_REDIRECT] [Fatal Error] :1:1: Premature end of file.
2026-05-28 17:19:15,123 [ERROR] LogOutputStream:75 - [STDERR_REDIRECT] 
2026-05-28 17:19:16,117 [ERROR] LogOutputStream:75 - [STDERR_REDIRECT] [Fatal Error] :1:1: Premature end of file.
2026-05-28 17:19:16,117 [ERROR] LogOutputStream:75 - [STDERR_REDIRECT] 
2026-05-28 17:19:17,125 [ERROR] LogOutputStream:75 - [STDERR_REDIRECT] [Fatal Error] :1:1: Premature end of file.
2026-05-28 17:19:17,125 [ERROR] LogOutputStream:75 - [STDERR_REDIRECT] 
2026-05-28 17:19:18,124 [ERROR] LogOutputStream:75 - [STDERR_REDIRECT] [Fatal Error] :1:1: Premature end of file.
2026-05-28 17:19:18,124 [ERROR] LogOutputStream:75 - [STDERR_REDIRECT] 
2026-05-28 17:19:19,121 [ERROR] LogOutputStream:75 - [STDERR_REDIRECT] [Fatal Error] :1:1: Premature end of file.
2026-05-28 17:19:19,121 [ERROR] LogOutputStream:75 - [STDERR_REDIRECT] 
2026-05-28 17:19:20,120 [ERROR] LogOutputStream:75 - [STDERR_REDIRECT] [Fatal Error] :1:1: Premature end of file.
2026-05-28 17:19:20,120 [ERROR] LogOutputStream:75 - [STDERR_REDIRECT] 
2026-05-28 17:19:21,123 [ERROR] LogOutputStream:75 - [STDERR_REDIRECT] [Fatal Error] :1:1: Premature end of file.
2026-05-28 17:19:21,123 [ERROR] LogOutputStream:75 - [STDERR_REDIRECT] 
2026-05-28 17:19:22,125 [ERROR] LogOutputStream:75 - [STDERR_REDIRECT] [Fatal Error] :1:1: Premature end of file.
2026-05-28 17:19:22,125 [ERROR] LogOutputStream:75 - [STDERR_REDIRECT] 
2026-05-28 17:19:23,123 [ERROR] LogOutputStream:75 - [STDERR_REDIRECT] [Fatal Error] :1:1: Premature end of file.
2026-05-28 17:19:23,124 [ERROR] LogOutputStream:75 - [STDERR_REDIRECT] 
2026-05-28 17:19:24,125 [ERROR] LogOutputStream:75 - [STDERR_REDIRECT] [Fatal Error] :1:1: Premature end of file.
2026-05-28 17:19:24,125 [ERROR] LogOutputStream:75 - [STDERR_REDIRECT] 
2026-05-28 17:19:25,125 [ERROR] LogOutputStream:75 - [STDERR_REDIRECT] [Fatal Error] :1:1: Premature end of file.
2026-05-28 17:19:25,125 [ERROR] LogOutputStream:75 - [STDERR_REDIRECT] 
2026-05-28 17:19:26,120 [ERROR] LogOutputStream:75 - [STDERR_REDIRECT] [Fatal Error] :1:1: Premature end of file.
2026-05-28 17:19:26,120 [ERROR] LogOutputStream:75 - [STDERR_REDIRECT] 
2026-05-28 17:19:27,120 [ERROR] LogOutputStream:75 - [STDERR_REDIRECT] [Fatal Error] :1:1: Premature end of file.
2026-05-28 17:19:27,120 [ERROR] LogOutputStream:75 - [STDERR_REDIRECT] 
2026-05-28 17:19:28,119 [ERROR] LogOutputStream:75 - [STDERR_REDIRECT] [Fatal Error] :1:1: Premature end of file.
2026-05-28 17:19:28,119 [ERROR] LogOutputStream:75 - [STDERR_REDIRECT] 
2026-05-28 17:19:29,112 [ERROR] LogOutputStream:75 - [STDERR_REDIRECT] [Fatal Error] :1:1: Premature end of file.
2026-05-28 17:19:29,112 [ERROR] LogOutputStream:75 - [STDERR_REDIRECT] 
2026-05-28 17:19:30,115 [ERROR] LogOutputStream:75 - [STDERR_REDIRECT] [Fatal Error] :1:1: Premature end of file.
2026-05-28 17:19:30,115 [ERROR] LogOutputStream:75 - [STDERR_REDIRECT] 
2026-05-28 17:19:31,122 [ERROR] LogOutputStream:75 - [STDERR_REDIRECT] [Fatal Error] :1:1: Premature end of file.
2026-05-28 17:19:31,122 [ERROR] LogOutputStream:75 - [STDERR_REDIRECT] 
2026-05-28 17:19:32,114 [ERROR] LogOutputStream:75 - [STDERR_REDIRECT] [Fatal Error] :1:1: Premature end of file.
2026-05-28 17:19:32,114 [ERROR] LogOutputStream:75 - [STDERR_REDIRECT] 
2026-05-28 17:19:33,117 [ERROR] LogOutputStream:75 - [STDERR_REDIRECT] [Fatal Error] :1:1: Premature end of file.
2026-05-28 17:19:33,117 [ERROR] LogOutputStream:75 - [STDERR_REDIRECT] 
2026-05-28 17:19:34,124 [ERROR] LogOutputStream:75 - [STDERR_REDIRECT] [Fatal Error] :1:1: Premature end of file.
2026-05-28 17:19:34,124 [ERROR] LogOutputStream:75 - [STDERR_REDIRECT] 
2026-05-28 17:19:35,113 [ERROR] LogOutputStream:75 - [STDERR_REDIRECT] [Fatal Error] :1:1: Premature end of file.
2026-05-28 17:19:35,113 [ERROR] LogOutputStream:75 - [STDERR_REDIRECT] 
2026-05-28 17:19:36,121 [ERROR] LogOutputStream:75 - [STDERR_REDIRECT] [Fatal Error] :1:1: Premature end of file.
2026-05-28 17:19:36,121 [ERROR] LogOutputStream:75 - [STDERR_REDIRECT] 
2026-05-28 17:19:37,122 [ERROR] LogOutputStream:75 - [STDERR_REDIRECT] [Fatal Error] :1:1: Premature end of file.
2026-05-28 17:19:37,122 [ERROR] LogOutputStream:75 - [STDERR_REDIRECT] 
2026-05-28 17:19:38,128 [ERROR] LogOutputStream:75 - [STDERR_REDIRECT] [Fatal Error] :1:1: Premature end of file.
2026-05-28 17:19:38,128 [ERROR] LogOutputStream:75 - [STDERR_REDIRECT] 
2026-05-28 17:19:39,123 [ERROR] LogOutputStream:75 - [STDERR_REDIRECT] [Fatal Error] :1:1: Premature end of file.
2026-05-28 17:19:39,123 [ERROR] LogOutputStream:75 - [STDERR_REDIRECT] 
2026-05-28 17:19:40,125 [ERROR] LogOutputStream:75 - [STDERR_REDIRECT] [Fatal Error] :1:1: Premature end of file.
2026-05-28 17:19:40,125 [ERROR] LogOutputStream:75 - [STDERR_REDIRECT] 
2026-05-28 17:19:41,116 [ERROR] LogOutputStream:75 - [STDERR_REDIRECT] [Fatal Error] :1:1: Premature end of file.
2026-05-28 17:19:41,116 [ERROR] LogOutputStream:75 - [STDERR_REDIRECT] 
2026-05-28 17:19:42,123 [ERROR] LogOutputStream:75 - [STDERR_REDIRECT] [Fatal Error] :1:1: Premature end of file.
2026-05-28 17:19:42,123 [ERROR] LogOutputStream:75 - [STDERR_REDIRECT] 
2026-05-28 17:19:43,129 [ERROR] LogOutputStream:75 - [STDERR_REDIRECT] [Fatal Error] :1:1: Premature end of file.
2026-05-28 17:19:43,129 [ERROR] LogOutputStream:75 - [STDERR_REDIRECT] 
2026-05-28 17:19:44,123 [ERROR] LogOutputStream:75 - [STDERR_REDIRECT] [Fatal Error] :1:1: Premature end of file.
2026-05-28 17:19:44,123 [ERROR] LogOutputStream:75 - [STDERR_REDIRECT] 
2026-05-28 17:19:45,124 [ERROR] LogOutputStream:75 - [STDERR_REDIRECT] [Fatal Error] :1:1: Premature end of file.
2026-05-28 17:19:45,124 [ERROR] LogOutputStream:75 - [STDERR_REDIRECT] 
2026-05-28 17:19:46,118 [ERROR] LogOutputStream:75 - [STDERR_REDIRECT] [Fatal Error] :1:1: Premature end of file.
2026-05-28 17:19:46,118 [ERROR] LogOutputStream:75 - [STDERR_REDIRECT] 
2026-05-28 17:19:47,113 [ERROR] LogOutputStream:75 - [STDERR_REDIRECT] [Fatal Error] :1:1: Premature end of file.
2026-05-28 17:19:47,113 [ERROR] LogOutputStream:75 - [STDERR_REDIRECT] 
2026-05-28 17:19:48,118 [ERROR] LogOutputStream:75 - [STDERR_REDIRECT] [Fatal Error] :1:1: Premature end of file.
2026-05-28 17:19:48,118 [ERROR] LogOutputStream:75 - [STDERR_REDIRECT] 
2026-05-28 17:19:49,114 [ERROR] LogOutputStream:75 - [STDERR_REDIRECT] [Fatal Error] :1:1: Premature end of file.
2026-05-28 17:19:49,114 [ERROR] LogOutputStream:75 - [STDERR_REDIRECT] 
2026-05-28 17:19:50,118 [ERROR] LogOutputStream:75 - [STDERR_REDIRECT] [Fatal Error] :1:1: Premature end of file.
2026-05-28 17:19:50,119 [ERROR] LogOutputStream:75 - [STDERR_REDIRECT] 
2026-05-28 17:19:51,114 [ERROR] LogOutputStream:75 - [STDERR_REDIRECT] [Fatal Error] :1:1: Premature end of file.
2026-05-28 17:19:51,115 [ERROR] LogOutputStream:75 - [STDERR_REDIRECT] 
2026-05-28 17:19:52,124 [ERROR] LogOutputStream:75 - [STDERR_REDIRECT] [Fatal Error] :1:1: Premature end of file.
2026-05-28 17:19:52,124 [ERROR] LogOutputStream:75 - [STDERR_REDIRECT] 
2026-05-28 17:19:53,114 [ERROR] LogOutputStream:75 - [STDERR_REDIRECT] [Fatal Error] :1:1: Premature end of file.
2026-05-28 17:19:53,114 [ERROR] LogOutputStream:75 - [STDERR_REDIRECT] 
2026-05-28 17:19:54,121 [ERROR] LogOutputStream:75 - [STDERR_REDIRECT] [Fatal Error] :1:1: Premature end of file.
2026-05-28 17:19:54,121 [ERROR] LogOutputStream:75 - [STDERR_REDIRECT] 
2026-05-28 17:19:55,114 [ERROR] LogOutputStream:75 - [STDERR_REDIRECT] [Fatal Error] :1:1: Premature end of file.
2026-05-28 17:19:55,114 [ERROR] LogOutputStream:75 - [STDERR_REDIRECT] 
2026-05-28 17:19:56,152 [ERROR] LogOutputStream:75 - [STDERR_REDIRECT] [Fatal Error] :1:1: Premature end of file.
2026-05-28 17:19:56,152 [ERROR] LogOutputStream:75 - [STDERR_REDIRECT] 
2026-05-28 17:19:57,120 [ERROR] LogOutputStream:75 - [STDERR_REDIRECT] [Fatal Error] :1:1: Premature end of file.
2026-05-28 17:19:57,120 [ERROR] LogOutputStream:75 - [STDERR_REDIRECT] 
2026-05-28 17:19:58,119 [ERROR] LogOutputStream:75 - [STDERR_REDIRECT] [Fatal Error] :1:1: Premature end of file.
2026-05-28 17:19:58,119 [ERROR] LogOutputStream:75 - [STDERR_REDIRECT] 
2026-05-28 17:19:59,126 [ERROR] LogOutputStream:75 - [STDERR_REDIRECT] [Fatal Error] :1:1: Premature end of file.
2026-05-28 17:19:59,126 [ERROR] LogOutputStream:75 - [STDERR_REDIRECT] 
2026-05-28 17:20:00,126 [ERROR] LogOutputStream:75 - [STDERR_REDIRECT] [Fatal Error] :1:1: Premature end of file.
2026-05-28 17:20:00,126 [ERROR] LogOutputStream:75 - [STDERR_REDIRECT] 
2026-05-28 17:20:01,118 [ERROR] LogOutputStream:75 - [STDERR_REDIRECT] [Fatal Error] :1:1: Premature end of file.
2026-05-28 17:20:01,118 [ERROR] LogOutputStream:75 - [STDERR_REDIRECT] 
2026-05-28 17:20:02,176 [ERROR] LogOutputStream:75 - [STDERR_REDIRECT] [Fatal Error] :1:1: Premature end of file.
2026-05-28 17:20:02,176 [ERROR] LogOutputStream:75 - [STDERR_REDIRECT] 
2026-05-28 17:20:03,113 [ERROR] LogOutputStream:75 - [STDERR_REDIRECT] [Fatal Error] :1:1: Premature end of file.
2026-05-28 17:20:03,113 [ERROR] LogOutputStream:75 - [STDERR_REDIRECT] 
2026-05-28 17:20:04,117 [ERROR] LogOutputStream:75 - [STDERR_REDIRECT] [Fatal Error] :1:1: Premature end of file.
2026-05-28 17:20:04,118 [ERROR] LogOutputStream:75 - [STDERR_REDIRECT] 
2026-05-28 17:20:05,120 [ERROR] LogOutputStream:75 - [STDERR_REDIRECT] [Fatal Error] :1:1: Premature end of file.
2026-05-28 17:20:05,120 [ERROR] LogOutputStream:75 - [STDERR_REDIRECT] 
2026-05-28 17:20:06,125 [ERROR] LogOutputStream:75 - [STDERR_REDIRECT] [Fatal Error] :1:1: Premature end of file.
2026-05-28 17:20:06,125 [ERROR] LogOutputStream:75 - [STDERR_REDIRECT] 
2026-05-28 17:20:07,120 [ERROR] LogOutputStream:75 - [STDERR_REDIRECT] [Fatal Error] :1:1: Premature end of file.
2026-05-28 17:20:07,120 [ERROR] LogOutputStream:75 - [STDERR_REDIRECT] 
2026-05-28 17:20:08,114 [ERROR] LogOutputStream:75 - [STDERR_REDIRECT] [Fatal Error] :1:1: Premature end of file.
2026-05-28 17:20:08,115 [ERROR] LogOutputStream:75 - [STDERR_REDIRECT] 
2026-05-28 17:20:09,121 [ERROR] LogOutputStream:75 - [STDERR_REDIRECT] [Fatal Error] :1:1: Premature end of file.
2026-05-28 17:20:09,121 [ERROR] LogOutputStream:75 - [STDERR_REDIRECT] 
2026-05-28 17:20:10,120 [ERROR] LogOutputStream:75 - [STDERR_REDIRECT] [Fatal Error] :1:1: Premature end of file.
2026-05-28 17:20:10,120 [ERROR] LogOutputStream:75 - [STDERR_REDIRECT] 
2026-05-28 17:20:11,129 [ERROR] LogOutputStream:75 - [STDERR_REDIRECT] [Fatal Error] :1:1: Premature end of file.
2026-05-28 17:20:11,130 [ERROR] LogOutputStream:75 - [STDERR_REDIRECT] 
2026-05-28 17:20:12,123 [ERROR] LogOutputStream:75 - [STDERR_REDIRECT] [Fatal Error] :1:1: Premature end of file.
2026-05-28 17:20:12,123 [ERROR] LogOutputStream:75 - [STDERR_REDIRECT] 
2026-05-28 17:20:13,119 [ERROR] LogOutputStream:75 - [STDERR_REDIRECT] [Fatal Error] :1:1: Premature end of file.
2026-05-28 17:20:13,120 [ERROR] LogOutputStream:75 - [STDERR_REDIRECT] 
2026-05-28 17:20:14,129 [ERROR] LogOutputStream:75 - [STDERR_REDIRECT] [Fatal Error] :1:1: Premature end of file.
2026-05-28 17:20:14,129 [ERROR] LogOutputStream:75 - [STDERR_REDIRECT] 
2026-05-28 17:20:15,117 [ERROR] LogOutputStream:75 - [STDERR_REDIRECT] [Fatal Error] :1:1: Premature end of file.
2026-05-28 17:20:15,117 [ERROR] LogOutputStream:75 - [STDERR_REDIRECT] 
2026-05-28 17:20:16,110 [ERROR] LogOutputStream:75 - [STDERR_REDIRECT] [Fatal Error] :1:1: Premature end of file.
2026-05-28 17:20:16,110 [ERROR] LogOutputStream:75 - [STDERR_REDIRECT] 
2026-05-28 17:20:17,138 [ERROR] LogOutputStream:75 - [STDERR_REDIRECT] [Fatal Error] :1:1: Premature end of file.
2026-05-28 17:20:17,138 [ERROR] LogOutputStream:75 - [STDERR_REDIRECT] 
2026-05-28 17:20:18,122 [ERROR] LogOutputStream:75 - [STDERR_REDIRECT] [Fatal Error] :1:1: Premature end of file.
2026-05-28 17:20:18,123 [ERROR] LogOutputStream:75 - [STDERR_REDIRECT] 
2026-05-28 17:20:19,112 [ERROR] LogOutputStream:75 - [STDERR_REDIRECT] [Fatal Error] :1:1: Premature end of file.
2026-05-28 17:20:19,112 [ERROR] LogOutputStream:75 - [STDERR_REDIRECT] 
2026-05-28 17:20:20,124 [ERROR] LogOutputStream:75 - [STDERR_REDIRECT] [Fatal Error] :1:1: Premature end of file.
2026-05-28 17:20:20,125 [ERROR] LogOutputStream:75 - [STDERR_REDIRECT] 
2026-05-28 17:20:21,125 [ERROR] LogOutputStream:75 - [STDERR_REDIRECT] [Fatal Error] :1:1: Premature end of file.
2026-05-28 17:20:21,125 [ERROR] LogOutputStream:75 - [STDERR_REDIRECT] 
2026-05-28 17:20:22,128 [ERROR] LogOutputStream:75 - [STDERR_REDIRECT] [Fatal Error] :1:1: Premature end of file.
2026-05-28 17:20:22,128 [ERROR] LogOutputStream:75 - [STDERR_REDIRECT] 
2026-05-28 17:20:23,135 [ERROR] LogOutputStream:75 - [STDERR_REDIRECT] [Fatal Error] :1:1: Premature end of file.
2026-05-28 17:20:23,135 [ERROR] LogOutputStream:75 - [STDERR_REDIRECT] 
2026-05-28 17:20:24,123 [ERROR] LogOutputStream:75 - [STDERR_REDIRECT] [Fatal Error] :1:1: Premature end of file.
2026-05-28 17:20:24,123 [ERROR] LogOutputStream:75 - [STDERR_REDIRECT] 
2026-05-28 17:20:25,126 [ERROR] LogOutputStream:75 - [STDERR_REDIRECT] [Fatal Error] :1:1: Premature end of file.
2026-05-28 17:20:25,126 [ERROR] LogOutputStream:75 - [STDERR_REDIRECT] 
2026-05-28 17:20:26,118 [ERROR] LogOutputStream:75 - [STDERR_REDIRECT] [Fatal Error] :1:1: Premature end of file.
2026-05-28 17:20:26,118 [ERROR] LogOutputStream:75 - [STDERR_REDIRECT] 
2026-05-28 17:20:27,124 [ERROR] LogOutputStream:75 - [STDERR_REDIRECT] [Fatal Error] :1:1: Premature end of file.
2026-05-28 17:20:27,124 [ERROR] LogOutputStream:75 - [STDERR_REDIRECT] 
2026-05-28 17:20:28,122 [ERROR] LogOutputStream:75 - [STDERR_REDIRECT] [Fatal Error] :1:1: Premature end of file.
2026-05-28 17:20:28,123 [ERROR] LogOutputStream:75 - [STDERR_REDIRECT] 
2026-05-28 17:20:29,124 [ERROR] LogOutputStream:75 - [STDERR_REDIRECT] [Fatal Error] :1:1: Premature end of file.
2026-05-28 17:20:29,124 [ERROR] LogOutputStream:75 - [STDERR_REDIRECT] 
2026-05-28 17:20:30,121 [ERROR] LogOutputStream:75 - [STDERR_REDIRECT] [Fatal Error] :1:1: Premature end of file.
2026-05-28 17:20:30,121 [ERROR] LogOutputStream:75 - [STDERR_REDIRECT] 
2026-05-28 17:20:31,119 [ERROR] LogOutputStream:75 - [STDERR_REDIRECT] [Fatal Error] :1:1: Premature end of file.
2026-05-28 17:20:31,119 [ERROR] LogOutputStream:75 - [STDERR_REDIRECT] 
2026-05-28 17:20:32,139 [ERROR] LogOutputStream:75 - [STDERR_REDIRECT] [Fatal Error] :1:1: Premature end of file.
2026-05-28 17:20:32,139 [ERROR] LogOutputStream:75 - [STDERR_REDIRECT] 
2026-05-28 17:20:33,121 [ERROR] LogOutputStream:75 - [STDERR_REDIRECT] [Fatal Error] :1:1: Premature end of file.
2026-05-28 17:20:33,121 [ERROR] LogOutputStream:75 - [STDERR_REDIRECT] 
2026-05-28 17:20:34,125 [ERROR] LogOutputStream:75 - [STDERR_REDIRECT] [Fatal Error] :1:1: Premature end of file.
2026-05-28 17:20:34,125 [ERROR] LogOutputStream:75 - [STDERR_REDIRECT] 
2026-05-28 17:20:35,118 [ERROR] LogOutputStream:75 - [STDERR_REDIRECT] [Fatal Error] :1:1: Premature end of file.
2026-05-28 17:20:35,119 [ERROR] LogOutputStream:75 - [STDERR_REDIRECT] 
2026-05-28 17:20:36,118 [ERROR] LogOutputStream:75 - [STDERR_REDIRECT] [Fatal Error] :1:1: Premature end of file.
2026-05-28 17:20:36,119 [ERROR] LogOutputStream:75 - [STDERR_REDIRECT] 
2026-05-28 17:20:37,139 [ERROR] LogOutputStream:75 - [STDERR_REDIRECT] [Fatal Error] :1:1: Premature end of file.
2026-05-28 17:20:37,139 [ERROR] LogOutputStream:75 - [STDERR_REDIRECT] 
2026-05-28 17:20:38,119 [ERROR] LogOutputStream:75 - [STDERR_REDIRECT] [Fatal Error] :1:1: Premature end of file.
2026-05-28 17:20:38,120 [ERROR] LogOutputStream:75 - [STDERR_REDIRECT] 
2026-05-28 17:20:39,127 [ERROR] LogOutputStream:75 - [STDERR_REDIRECT] [Fatal Error] :1:1: Premature end of file.
2026-05-28 17:20:39,127 [ERROR] LogOutputStream:75 - [STDERR_REDIRECT] 
2026-05-28 17:20:40,111 [ERROR] LogOutputStream:75 - [STDERR_REDIRECT] [Fatal Error] :1:1: Premature end of file.
2026-05-28 17:20:40,111 [ERROR] LogOutputStream:75 - [STDERR_REDIRECT] 
2026-05-28 17:20:41,114 [ERROR] LogOutputStream:75 - [STDERR_REDIRECT] [Fatal Error] :1:1: Premature end of file.
2026-05-28 17:20:41,114 [ERROR] LogOutputStream:75 - [STDERR_REDIRECT] 
2026-05-28 17:20:42,124 [ERROR] LogOutputStream:75 - [STDERR_REDIRECT] [Fatal Error] :1:1: Premature end of file.
2026-05-28 17:20:42,124 [ERROR] LogOutputStream:75 - [STDERR_REDIRECT] 
2026-05-28 17:20:43,122 [ERROR] LogOutputStream:75 - [STDERR_REDIRECT] [Fatal Error] :1:1: Premature end of file.
2026-05-28 17:20:43,122 [ERROR] LogOutputStream:75 - [STDERR_REDIRECT] 
2026-05-28 17:20:44,119 [ERROR] LogOutputStream:75 - [STDERR_REDIRECT] [Fatal Error] :1:1: Premature end of file.
2026-05-28 17:20:44,119 [ERROR] LogOutputStream:75 - [STDERR_REDIRECT] 
2026-05-28 17:20:45,118 [ERROR] LogOutputStream:75 - [STDERR_REDIRECT] [Fatal Error] :1:1: Premature end of file.
2026-05-28 17:20:45,118 [ERROR] LogOutputStream:75 - [STDERR_REDIRECT] 
2026-05-28 17:20:46,118 [ERROR] LogOutputStream:75 - [STDERR_REDIRECT] [Fatal Error] :1:1: Premature end of file.
2026-05-28 17:20:46,118 [ERROR] LogOutputStream:75 - [STDERR_REDIRECT] 
2026-05-28 17:20:47,116 [ERROR] LogOutputStream:75 - [STDERR_REDIRECT] [Fatal Error] :1:1: Premature end of file.
2026-05-28 17:20:47,116 [ERROR] LogOutputStream:75 - [STDERR_REDIRECT] 
2026-05-28 17:20:48,111 [ERROR] LogOutputStream:75 - [STDERR_REDIRECT] [Fatal Error] :1:1: Premature end of file.
2026-05-28 17:20:48,111 [ERROR] LogOutputStream:75 - [STDERR_REDIRECT] 
2026-05-28 17:20:49,112 [ERROR] LogOutputStream:75 - [STDERR_REDIRECT] [Fatal Error] :1:1: Premature end of file.
2026-05-28 17:20:49,112 [ERROR] LogOutputStream:75 - [STDERR_REDIRECT] 
2026-05-28 17:20:50,112 [ERROR] LogOutputStream:75 - [STDERR_REDIRECT] [Fatal Error] :1:1: Premature end of file.
2026-05-28 17:20:50,112 [ERROR] LogOutputStream:75 - [STDERR_REDIRECT] 
2026-05-28 17:20:51,111 [ERROR] LogOutputStream:75 - [STDERR_REDIRECT] [Fatal Error] :1:1: Premature end of file.
2026-05-28 17:20:51,111 [ERROR] LogOutputStream:75 - [STDERR_REDIRECT] 
2026-05-28 17:20:52,123 [ERROR] LogOutputStream:75 - [STDERR_REDIRECT] [Fatal Error] :1:1: Premature end of file.
2026-05-28 17:20:52,123 [ERROR] LogOutputStream:75 - [STDERR_REDIRECT] 
2026-05-28 17:20:53,119 [ERROR] LogOutputStream:75 - [STDERR_REDIRECT] [Fatal Error] :1:1: Premature end of file.
2026-05-28 17:20:53,119 [ERROR] LogOutputStream:75 - [STDERR_REDIRECT] 
2026-05-28 17:20:54,121 [ERROR] LogOutputStream:75 - [STDERR_REDIRECT] [Fatal Error] :1:1: Premature end of file.
2026-05-28 17:20:54,121 [ERROR] LogOutputStream:75 - [STDERR_REDIRECT] 
2026-05-28 17:20:55,128 [ERROR] LogOutputStream:75 - [STDERR_REDIRECT] [Fatal Error] :1:1: Premature end of file.
2026-05-28 17:20:55,128 [ERROR] LogOutputStream:75 - [STDERR_REDIRECT] 
2026-05-28 17:20:56,150 [ERROR] LogOutputStream:75 - [STDERR_REDIRECT] [Fatal Error] :1:1: Premature end of file.
2026-05-28 17:20:56,150 [ERROR] LogOutputStream:75 - [STDERR_REDIRECT] 
2026-05-28 17:20:57,120 [ERROR] LogOutputStream:75 - [STDERR_REDIRECT] [Fatal Error] :1:1: Premature end of file.
2026-05-28 17:20:57,120 [ERROR] LogOutputStream:75 - [STDERR_REDIRECT] 
2026-05-28 17:20:58,117 [ERROR] LogOutputStream:75 - [STDERR_REDIRECT] [Fatal Error] :1:1: Premature end of file.
2026-05-28 17:20:58,117 [ERROR] LogOutputStream:75 - [STDERR_REDIRECT] 
2026-05-28 17:20:59,120 [ERROR] LogOutputStream:75 - [STDERR_REDIRECT] [Fatal Error] :1:1: Premature end of file.
2026-05-28 17:20:59,121 [ERROR] LogOutputStream:75 - [STDERR_REDIRECT] 
2026-05-28 17:21:00,120 [ERROR] LogOutputStream:75 - [STDERR_REDIRECT] [Fatal Error] :1:1: Premature end of file.
2026-05-28 17:21:00,122 [ERROR] LogOutputStream:75 - [STDERR_REDIRECT] 
2026-05-28 17:21:01,122 [ERROR] LogOutputStream:75 - [STDERR_REDIRECT] [Fatal Error] :1:1: Premature end of file.
2026-05-28 17:21:01,122 [ERROR] LogOutputStream:75 - [STDERR_REDIRECT] 
2026-05-28 17:21:02,121 [ERROR] LogOutputStream:75 - [STDERR_REDIRECT] [Fatal Error] :1:1: Premature end of file.
2026-05-28 17:21:02,121 [ERROR] LogOutputStream:75 - [STDERR_REDIRECT] 
2026-05-28 17:21:03,118 [ERROR] LogOutputStream:75 - [STDERR_REDIRECT] [Fatal Error] :1:1: Premature end of file.
2026-05-28 17:21:03,118 [ERROR] LogOutputStream:75 - [STDERR_REDIRECT] 
2026-05-28 17:21:04,121 [ERROR] LogOutputStream:75 - [STDERR_REDIRECT] [Fatal Error] :1:1: Premature end of file.
2026-05-28 17:21:04,122 [ERROR] LogOutputStream:75 - [STDERR_REDIRECT] 
2026-05-28 17:21:05,124 [ERROR] LogOutputStream:75 - [STDERR_REDIRECT] [Fatal Error] :1:1: Premature end of file.
2026-05-28 17:21:05,125 [ERROR] LogOutputStream:75 - [STDERR_REDIRECT] 
2026-05-28 17:21:06,118 [ERROR] LogOutputStream:75 - [STDERR_REDIRECT] [Fatal Error] :1:1: Premature end of file.
2026-05-28 17:21:06,118 [ERROR] LogOutputStream:75 - [STDERR_REDIRECT] 
2026-05-28 17:21:07,119 [ERROR] LogOutputStream:75 - [STDERR_REDIRECT] [Fatal Error] :1:1: Premature end of file.
2026-05-28 17:21:07,119 [ERROR] LogOutputStream:75 - [STDERR_REDIRECT] 
2026-05-28 17:21:08,111 [ERROR] LogOutputStream:75 - [STDERR_REDIRECT] [Fatal Error] :1:1: Premature end of file.
2026-05-28 17:21:08,111 [ERROR] LogOutputStream:75 - [STDERR_REDIRECT] 
2026-05-28 17:21:09,112 [ERROR] LogOutputStream:75 - [STDERR_REDIRECT] [Fatal Error] :1:1: Premature end of file.
2026-05-28 17:21:09,113 [ERROR] LogOutputStream:75 - [STDERR_REDIRECT] 
2026-05-28 17:21:10,112 [ERROR] LogOutputStream:75 - [STDERR_REDIRECT] [Fatal Error] :1:1: Premature end of file.
2026-05-28 17:21:10,112 [ERROR] LogOutputStream:75 - [STDERR_REDIRECT] 
2026-05-28 17:21:11,112 [ERROR] LogOutputStream:75 - [STDERR_REDIRECT] [Fatal Error] :1:1: Premature end of file.
2026-05-28 17:21:11,113 [ERROR] LogOutputStream:75 - [STDERR_REDIRECT] 
2026-05-28 17:21:12,113 [ERROR] LogOutputStream:75 - [STDERR_REDIRECT] [Fatal Error] :1:1: Premature end of file.
2026-05-28 17:21:12,113 [ERROR] LogOutputStream:75 - [STDERR_REDIRECT] 
2026-05-28 17:21:13,118 [ERROR] LogOutputStream:75 - [STDERR_REDIRECT] [Fatal Error] :1:1: Premature end of file.
2026-05-28 17:21:13,118 [ERROR] LogOutputStream:75 - [STDERR_REDIRECT] 
2026-05-28 17:21:14,131 [ERROR] LogOutputStream:75 - [STDERR_REDIRECT] [Fatal Error] :1:1: Premature end of file.
2026-05-28 17:21:14,131 [ERROR] LogOutputStream:75 - [STDERR_REDIRECT] 
2026-05-28 17:21:15,131 [ERROR] LogOutputStream:75 - [STDERR_REDIRECT] [Fatal Error] :1:1: Premature end of file.
2026-05-28 17:21:15,131 [ERROR] LogOutputStream:75 - [STDERR_REDIRECT] 
2026-05-28 17:21:16,122 [ERROR] LogOutputStream:75 - [STDERR_REDIRECT] [Fatal Error] :1:1: Premature end of file.
2026-05-28 17:21:16,122 [ERROR] LogOutputStream:75 - [STDERR_REDIRECT] 
2026-05-28 17:21:17,124 [ERROR] LogOutputStream:75 - [STDERR_REDIRECT] [Fatal Error] :1:1: Premature end of file.
2026-05-28 17:21:17,124 [ERROR] LogOutputStream:75 - [STDERR_REDIRECT] 
2026-05-28 17:21:18,123 [ERROR] LogOutputStream:75 - [STDERR_REDIRECT] [Fatal Error] :1:1: Premature end of file.
2026-05-28 17:21:18,123 [ERROR] LogOutputStream:75 - [STDERR_REDIRECT] 
2026-05-28 17:21:19,124 [ERROR] LogOutputStream:75 - [STDERR_REDIRECT] [Fatal Error] :1:1: Premature end of file.
2026-05-28 17:21:19,124 [ERROR] LogOutputStream:75 - [STDERR_REDIRECT] 
2026-05-28 17:21:20,121 [ERROR] LogOutputStream:75 - [STDERR_REDIRECT] [Fatal Error] :1:1: Premature end of file.
2026-05-28 17:21:20,122 [ERROR] LogOutputStream:75 - [STDERR_REDIRECT] 
2026-05-28 17:21:21,113 [ERROR] LogOutputStream:75 - [STDERR_REDIRECT] [Fatal Error] :1:1: Premature end of file.
2026-05-28 17:21:21,113 [ERROR] LogOutputStream:75 - [STDERR_REDIRECT] 
2026-05-28 17:21:22,115 [ERROR] LogOutputStream:75 - [STDERR_REDIRECT] [Fatal Error] :1:1: Premature end of file.
2026-05-28 17:21:22,117 [ERROR] LogOutputStream:75 - [STDERR_REDIRECT] 
2026-05-28 17:21:23,110 [ERROR] LogOutputStream:75 - [STDERR_REDIRECT] [Fatal Error] :1:1: Premature end of file.
2026-05-28 17:21:23,110 [ERROR] LogOutputStream:75 - [STDERR_REDIRECT] 
2026-05-28 17:21:24,120 [ERROR] LogOutputStream:75 - [STDERR_REDIRECT] [Fatal Error] :1:1: Premature end of file.
2026-05-28 17:21:24,120 [ERROR] LogOutputStream:75 - [STDERR_REDIRECT] 
2026-05-28 17:21:25,129 [ERROR] LogOutputStream:75 - [STDERR_REDIRECT] [Fatal Error] :1:1: Premature end of file.
2026-05-28 17:21:25,129 [ERROR] LogOutputStream:75 - [STDERR_REDIRECT] 
2026-05-28 17:21:26,118 [ERROR] LogOutputStream:75 - [STDERR_REDIRECT] [Fatal Error] :1:1: Premature end of file.
2026-05-28 17:21:26,118 [ERROR] LogOutputStream:75 - [STDERR_REDIRECT] 
2026-05-28 17:21:27,109 [ERROR] LogOutputStream:75 - [STDERR_REDIRECT] [Fatal Error] :1:1: Premature end of file.
2026-05-28 17:21:27,109 [ERROR] LogOutputStream:75 - [STDERR_REDIRECT] 
2026-05-28 17:21:28,156 [ERROR] LogOutputStream:75 - [STDERR_REDIRECT] [Fatal Error] :1:1: Premature end of file.
2026-05-28 17:21:28,156 [ERROR] LogOutputStream:75 - [STDERR_REDIRECT] 
2026-05-28 17:21:29,115 [ERROR] LogOutputStream:75 - [STDERR_REDIRECT] [Fatal Error] :1:1: Premature end of file.
2026-05-28 17:21:29,116 [ERROR] LogOutputStream:75 - [STDERR_REDIRECT] 
2026-05-28 17:21:30,125 [ERROR] LogOutputStream:75 - [STDERR_REDIRECT] [Fatal Error] :1:1: Premature end of file.
2026-05-28 17:21:30,125 [ERROR] LogOutputStream:75 - [STDERR_REDIRECT] 
2026-05-28 17:21:31,121 [ERROR] LogOutputStream:75 - [STDERR_REDIRECT] [Fatal Error] :1:1: Premature end of file.
2026-05-28 17:21:31,121 [ERROR] LogOutputStream:75 - [STDERR_REDIRECT] 
2026-05-28 17:21:32,119 [ERROR] LogOutputStream:75 - [STDERR_REDIRECT] [Fatal Error] :1:1: Premature end of file.
2026-05-28 17:21:32,119 [ERROR] LogOutputStream:75 - [STDERR_REDIRECT] 
2026-05-28 17:21:33,123 [ERROR] LogOutputStream:75 - [STDERR_REDIRECT] [Fatal Error] :1:1: Premature end of file.
2026-05-28 17:21:33,123 [ERROR] LogOutputStream:75 - [STDERR_REDIRECT] 
2026-05-28 17:21:34,134 [ERROR] LogOutputStream:75 - [STDERR_REDIRECT] [Fatal Error] :1:1: Premature end of file.
2026-05-28 17:21:34,134 [ERROR] LogOutputStream:75 - [STDERR_REDIRECT] 
2026-05-28 17:21:35,125 [ERROR] LogOutputStream:75 - [STDERR_REDIRECT] [Fatal Error] :1:1: Premature end of file.
2026-05-28 17:21:35,126 [ERROR] LogOutputStream:75 - [STDERR_REDIRECT] 
2026-05-28 17:21:36,126 [ERROR] LogOutputStream:75 - [STDERR_REDIRECT] [Fatal Error] :1:1: Premature end of file.
2026-05-28 17:21:36,126 [ERROR] LogOutputStream:75 - [STDERR_REDIRECT] 
2026-05-28 17:21:37,123 [ERROR] LogOutputStream:75 - [STDERR_REDIRECT] [Fatal Error] :1:1: Premature end of file.
2026-05-28 17:21:37,123 [ERROR] LogOutputStream:75 - [STDERR_REDIRECT] 
2026-05-28 17:21:38,112 [ERROR] LogOutputStream:75 - [STDERR_REDIRECT] [Fatal Error] :1:1: Premature end of file.
2026-05-28 17:21:38,112 [ERROR] LogOutputStream:75 - [STDERR_REDIRECT] 
2026-05-28 17:21:39,120 [ERROR] LogOutputStream:75 - [STDERR_REDIRECT] [Fatal Error] :1:1: Premature end of file.
2026-05-28 17:21:39,120 [ERROR] LogOutputStream:75 - [STDERR_REDIRECT] 
2026-05-28 17:21:40,125 [ERROR] LogOutputStream:75 - [STDERR_REDIRECT] [Fatal Error] :1:1: Premature end of file.
2026-05-28 17:21:40,125 [ERROR] LogOutputStream:75 - [STDERR_REDIRECT] 
2026-05-28 17:21:41,118 [ERROR] LogOutputStream:75 - [STDERR_REDIRECT] [Fatal Error] :1:1: Premature end of file.
2026-05-28 17:21:41,118 [ERROR] LogOutputStream:75 - [STDERR_REDIRECT] 
2026-05-28 17:21:42,131 [ERROR] LogOutputStream:75 - [STDERR_REDIRECT] [Fatal Error] :1:1: Premature end of file.
2026-05-28 17:21:42,131 [ERROR] LogOutputStream:75 - [STDERR_REDIRECT] 
2026-05-28 17:21:43,110 [ERROR] LogOutputStream:75 - [STDERR_REDIRECT] [Fatal Error] :1:1: Premature end of file.
2026-05-28 17:21:43,110 [ERROR] LogOutputStream:75 - [STDERR_REDIRECT] 
2026-05-28 17:21:44,112 [ERROR] LogOutputStream:75 - [STDERR_REDIRECT] [Fatal Error] :1:1: Premature end of file.
2026-05-28 17:21:44,112 [ERROR] LogOutputStream:75 - [STDERR_REDIRECT] 
2026-05-28 17:21:45,120 [ERROR] LogOutputStream:75 - [STDERR_REDIRECT] [Fatal Error] :1:1: Premature end of file.
2026-05-28 17:21:45,120 [ERROR] LogOutputStream:75 - [STDERR_REDIRECT] 
2026-05-28 17:21:46,122 [ERROR] LogOutputStream:75 - [STDERR_REDIRECT] [Fatal Error] :1:1: Premature end of file.
2026-05-28 17:21:46,122 [ERROR] LogOutputStream:75 - [STDERR_REDIRECT] 
2026-05-28 17:21:47,126 [ERROR] LogOutputStream:75 - [STDERR_REDIRECT] [Fatal Error] :1:1: Premature end of file.
2026-05-28 17:21:47,127 [ERROR] LogOutputStream:75 - [STDERR_REDIRECT] 
2026-05-28 17:21:48,150 [ERROR] LogOutputStream:75 - [STDERR_REDIRECT] [Fatal Error] :1:1: Premature end of file.
2026-05-28 17:21:48,150 [ERROR] LogOutputStream:75 - [STDERR_REDIRECT] 
2026-05-28 17:21:49,108 [ERROR] LogOutputStream:75 - [STDERR_REDIRECT] [Fatal Error] :1:1: Premature end of file.
2026-05-28 17:21:49,109 [ERROR] LogOutputStream:75 - [STDERR_REDIRECT] 
2026-05-28 17:21:50,113 [ERROR] LogOutputStream:75 - [STDERR_REDIRECT] [Fatal Error] :1:1: Premature end of file.
2026-05-28 17:21:50,113 [ERROR] LogOutputStream:75 - [STDERR_REDIRECT] 
2026-05-28 17:21:51,113 [ERROR] LogOutputStream:75 - [STDERR_REDIRECT] [Fatal Error] :1:1: Premature end of file.
2026-05-28 17:21:51,114 [ERROR] LogOutputStream:75 - [STDERR_REDIRECT] 
2026-05-28 17:21:52,110 [ERROR] LogOutputStream:75 - [STDERR_REDIRECT] [Fatal Error] :1:1: Premature end of file.
2026-05-28 17:21:52,110 [ERROR] LogOutputStream:75 - [STDERR_REDIRECT] 
2026-05-28 17:21:53,113 [ERROR] LogOutputStream:75 - [STDERR_REDIRECT] [Fatal Error] :1:1: Premature end of file.
2026-05-28 17:21:53,113 [ERROR] LogOutputStream:75 - [STDERR_REDIRECT] 
2026-05-28 17:21:54,111 [ERROR] LogOutputStream:75 - [STDERR_REDIRECT] [Fatal Error] :1:1: Premature end of file.
2026-05-28 17:21:54,111 [ERROR] LogOutputStream:75 - [STDERR_REDIRECT] 
2026-05-28 17:21:55,123 [ERROR] LogOutputStream:75 - [STDERR_REDIRECT] [Fatal Error] :1:1: Premature end of file.
2026-05-28 17:21:55,123 [ERROR] LogOutputStream:75 - [STDERR_REDIRECT] 
2026-05-28 17:21:56,118 [ERROR] LogOutputStream:75 - [STDERR_REDIRECT] [Fatal Error] :1:1: Premature end of file.
2026-05-28 17:21:56,118 [ERROR] LogOutputStream:75 - [STDERR_REDIRECT] 
2026-05-28 17:21:57,117 [ERROR] LogOutputStream:75 - [STDERR_REDIRECT] [Fatal Error] :1:1: Premature end of file.
2026-05-28 17:21:57,117 [ERROR] LogOutputStream:75 - [STDERR_REDIRECT] 
2026-05-28 17:21:58,120 [ERROR] LogOutputStream:75 - [STDERR_REDIRECT] [Fatal Error] :1:1: Premature end of file.
2026-05-28 17:21:58,120 [ERROR] LogOutputStream:75 - [STDERR_REDIRECT] 
2026-05-28 17:21:59,122 [ERROR] LogOutputStream:75 - [STDERR_REDIRECT] [Fatal Error] :1:1: Premature end of file.
2026-05-28 17:21:59,122 [ERROR] LogOutputStream:75 - [STDERR_REDIRECT] 
2026-05-28 17:22:00,122 [ERROR] LogOutputStream:75 - [STDERR_REDIRECT] [Fatal Error] :1:1: Premature end of file.
2026-05-28 17:22:00,122 [ERROR] LogOutputStream:75 - [STDERR_REDIRECT] 
2026-05-28 17:22:01,127 [ERROR] LogOutputStream:75 - [STDERR_REDIRECT] [Fatal Error] :1:1: Premature end of file.
2026-05-28 17:22:01,127 [ERROR] LogOutputStream:75 - [STDERR_REDIRECT] 
2026-05-28 17:22:02,117 [ERROR] LogOutputStream:75 - [STDERR_REDIRECT] [Fatal Error] :1:1: Premature end of file.
2026-05-28 17:22:02,118 [ERROR] LogOutputStream:75 - [STDERR_REDIRECT] 
2026-05-28 17:22:03,129 [ERROR] LogOutputStream:75 - [STDERR_REDIRECT] [Fatal Error] :1:1: Premature end of file.
2026-05-28 17:22:03,129 [ERROR] LogOutputStream:75 - [STDERR_REDIRECT] 
2026-05-28 17:22:04,118 [ERROR] LogOutputStream:75 - [STDERR_REDIRECT] [Fatal Error] :1:1: Premature end of file.
2026-05-28 17:22:04,119 [ERROR] LogOutputStream:75 - [STDERR_REDIRECT] 
2026-05-28 17:22:05,120 [ERROR] LogOutputStream:75 - [STDERR_REDIRECT] [Fatal Error] :1:1: Premature end of file.
2026-05-28 17:22:05,120 [ERROR] LogOutputStream:75 - [STDERR_REDIRECT] 
2026-05-28 17:22:06,157 [ERROR] LogOutputStream:75 - [STDERR_REDIRECT] [Fatal Error] :1:1: Premature end of file.
2026-05-28 17:22:06,157 [ERROR] LogOutputStream:75 - [STDERR_REDIRECT] 
2026-05-28 17:22:07,204 [ERROR] LogOutputStream:75 - [STDERR_REDIRECT] [Fatal Error] :1:1: Premature end of file.
2026-05-28 17:22:07,205 [ERROR] LogOutputStream:75 - [STDERR_REDIRECT] 
2026-05-28 17:22:08,125 [ERROR] LogOutputStream:75 - [STDERR_REDIRECT] [Fatal Error] :1:1: Premature end of file.
2026-05-28 17:22:08,125 [ERROR] LogOutputStream:75 - [STDERR_REDIRECT] 
2026-05-28 17:22:09,185 [ERROR] LogOutputStream:75 - [STDERR_REDIRECT] [Fatal Error] :1:1: Premature end of file.
2026-05-28 17:22:09,185 [ERROR] LogOutputStream:75 - [STDERR_REDIRECT] 
2026-05-28 17:22:10,111 [ERROR] LogOutputStream:75 - [STDERR_REDIRECT] [Fatal Error] :1:1: Premature end of file.
2026-05-28 17:22:10,111 [ERROR] LogOutputStream:75 - [STDERR_REDIRECT] 
2026-05-28 17:22:11,124 [ERROR] LogOutputStream:75 - [STDERR_REDIRECT] [Fatal Error] :1:1: Premature end of file.
2026-05-28 17:22:11,124 [ERROR] LogOutputStream:75 - [STDERR_REDIRECT] 
2026-05-28 17:22:12,127 [ERROR] LogOutputStream:75 - [STDERR_REDIRECT] [Fatal Error] :1:1: Premature end of file.
2026-05-28 17:22:12,127 [ERROR] LogOutputStream:75 - [STDERR_REDIRECT] 
2026-05-28 17:22:13,116 [ERROR] LogOutputStream:75 - [STDERR_REDIRECT] [Fatal Error] :1:1: Premature end of file.
2026-05-28 17:22:13,116 [ERROR] LogOutputStream:75 - [STDERR_REDIRECT] 
2026-05-28 17:22:14,116 [ERROR] LogOutputStream:75 - [STDERR_REDIRECT] [Fatal Error] :1:1: Premature end of file.
2026-05-28 17:22:14,116 [ERROR] LogOutputStream:75 - [STDERR_REDIRECT] 
2026-05-28 17:22:15,134 [ERROR] LogOutputStream:75 - [STDERR_REDIRECT] [Fatal Error] :1:1: Premature end of file.
2026-05-28 17:22:15,134 [ERROR] LogOutputStream:75 - [STDERR_REDIRECT] 
2026-05-28 17:22:16,128 [ERROR] LogOutputStream:75 - [STDERR_REDIRECT] [Fatal Error] :1:1: Premature end of file.
2026-05-28 17:22:16,128 [ERROR] LogOutputStream:75 - [STDERR_REDIRECT] 
2026-05-28 17:22:17,109 [ERROR] LogOutputStream:75 - [STDERR_REDIRECT] [Fatal Error] :1:1: Premature end of file.
2026-05-28 17:22:17,110 [ERROR] LogOutputStream:75 - [STDERR_REDIRECT] 
2026-05-28 17:22:18,133 [ERROR] LogOutputStream:75 - [STDERR_REDIRECT] [Fatal Error] :1:1: Premature end of file.
2026-05-28 17:22:18,133 [ERROR] LogOutputStream:75 - [STDERR_REDIRECT] 
2026-05-28 17:22:19,126 [ERROR] LogOutputStream:75 - [STDERR_REDIRECT] [Fatal Error] :1:1: Premature end of file.
2026-05-28 17:22:19,126 [ERROR] LogOutputStream:75 - [STDERR_REDIRECT] 
2026-05-28 17:22:20,226 [ERROR] LogOutputStream:75 - [STDERR_REDIRECT] [Fatal Error] :1:1: Premature end of file.
2026-05-28 17:22:20,226 [ERROR] LogOutputStream:75 - [STDERR_REDIRECT] 
2026-05-28 17:22:21,118 [ERROR] LogOutputStream:75 - [STDERR_REDIRECT] [Fatal Error] :1:1: Premature end of file.
2026-05-28 17:22:21,119 [ERROR] LogOutputStream:75 - [STDERR_REDIRECT] 
2026-05-28 17:22:22,223 [ERROR] LogOutputStream:75 - [STDERR_REDIRECT] [Fatal Error] :1:1: Premature end of file.
2026-05-28 17:22:22,223 [ERROR] LogOutputStream:75 - [STDERR_REDIRECT] 
2026-05-28 17:22:23,112 [ERROR] LogOutputStream:75 - [STDERR_REDIRECT] [Fatal Error] :1:1: Premature end of file.
2026-05-28 17:22:23,112 [ERROR] LogOutputStream:75 - [STDERR_REDIRECT] 
2026-05-28 17:22:24,114 [ERROR] LogOutputStream:75 - [STDERR_REDIRECT] [Fatal Error] :1:1: Premature end of file.
2026-05-28 17:22:24,114 [ERROR] LogOutputStream:75 - [STDERR_REDIRECT] 
2026-05-28 17:22:25,120 [ERROR] LogOutputStream:75 - [STDERR_REDIRECT] [Fatal Error] :1:1: Premature end of file.
2026-05-28 17:22:25,120 [ERROR] LogOutputStream:75 - [STDERR_REDIRECT] 
2026-05-28 17:22:26,126 [ERROR] LogOutputStream:75 - [STDERR_REDIRECT] [Fatal Error] :1:1: Premature end of file.
2026-05-28 17:22:26,126 [ERROR] LogOutputStream:75 - [STDERR_REDIRECT] 
2026-05-28 17:22:27,119 [ERROR] LogOutputStream:75 - [STDERR_REDIRECT] [Fatal Error] :1:1: Premature end of file.
2026-05-28 17:22:27,119 [ERROR] LogOutputStream:75 - [STDERR_REDIRECT] 
2026-05-28 17:22:28,122 [ERROR] LogOutputStream:75 - [STDERR_REDIRECT] [Fatal Error] :1:1: Premature end of file.
2026-05-28 17:22:28,122 [ERROR] LogOutputStream:75 - [STDERR_REDIRECT] 
2026-05-28 17:22:29,122 [ERROR] LogOutputStream:75 - [STDERR_REDIRECT] [Fatal Error] :1:1: Premature end of file.
2026-05-28 17:22:29,122 [ERROR] LogOutputStream:75 - [STDERR_REDIRECT] 
2026-05-28 17:22:30,117 [ERROR] LogOutputStream:75 - [STDERR_REDIRECT] [Fatal Error] :1:1: Premature end of file.
2026-05-28 17:22:30,117 [ERROR] LogOutputStream:75 - [STDERR_REDIRECT] 
2026-05-28 17:22:31,127 [ERROR] LogOutputStream:75 - [STDERR_REDIRECT] [Fatal Error] :1:1: Premature end of file.
2026-05-28 17:22:31,127 [ERROR] LogOutputStream:75 - [STDERR_REDIRECT] 
2026-05-28 17:22:32,117 [ERROR] LogOutputStream:75 - [STDERR_REDIRECT] [Fatal Error] :1:1: Premature end of file.
2026-05-28 17:22:32,118 [ERROR] LogOutputStream:75 - [STDERR_REDIRECT] 
2026-05-28 17:22:33,125 [ERROR] LogOutputStream:75 - [STDERR_REDIRECT] [Fatal Error] :1:1: Premature end of file.
2026-05-28 17:22:33,125 [ERROR] LogOutputStream:75 - [STDERR_REDIRECT] 
2026-05-28 17:22:34,138 [ERROR] LogOutputStream:75 - [STDERR_REDIRECT] [Fatal Error] :1:1: Premature end of file.
2026-05-28 17:22:34,138 [ERROR] LogOutputStream:75 - [STDERR_REDIRECT] 
2026-05-28 17:22:35,127 [ERROR] LogOutputStream:75 - [STDERR_REDIRECT] [Fatal Error] :1:1: Premature end of file.
2026-05-28 17:22:35,127 [ERROR] LogOutputStream:75 - [STDERR_REDIRECT] 
2026-05-28 17:22:36,132 [ERROR] LogOutputStream:75 - [STDERR_REDIRECT] [Fatal Error] :1:1: Premature end of file.
2026-05-28 17:22:36,133 [ERROR] LogOutputStream:75 - [STDERR_REDIRECT] 
2026-05-28 17:22:37,117 [ERROR] LogOutputStream:75 - [STDERR_REDIRECT] [Fatal Error] :1:1: Premature end of file.
2026-05-28 17:22:37,117 [ERROR] LogOutputStream:75 - [STDERR_REDIRECT] 
2026-05-28 17:22:38,111 [ERROR] LogOutputStream:75 - [STDERR_REDIRECT] [Fatal Error] :1:1: Premature end of file.
2026-05-28 17:22:38,111 [ERROR] LogOutputStream:75 - [STDERR_REDIRECT] 
2026-05-28 17:22:39,131 [ERROR] LogOutputStream:75 - [STDERR_REDIRECT] [Fatal Error] :1:1: Premature end of file.
2026-05-28 17:22:39,131 [ERROR] LogOutputStream:75 - [STDERR_REDIRECT] 
2026-05-28 17:22:40,124 [ERROR] LogOutputStream:75 - [STDERR_REDIRECT] [Fatal Error] :1:1: Premature end of file.
2026-05-28 17:22:40,124 [ERROR] LogOutputStream:75 - [STDERR_REDIRECT] 
2026-05-28 17:22:41,112 [ERROR] LogOutputStream:75 - [STDERR_REDIRECT] [Fatal Error] :1:1: Premature end of file.
2026-05-28 17:22:41,112 [ERROR] LogOutputStream:75 - [STDERR_REDIRECT] 
2026-05-28 17:22:42,117 [ERROR] LogOutputStream:75 - [STDERR_REDIRECT] [Fatal Error] :1:1: Premature end of file.
2026-05-28 17:22:42,117 [ERROR] LogOutputStream:75 - [STDERR_REDIRECT] 
2026-05-28 17:22:43,112 [ERROR] LogOutputStream:75 - [STDERR_REDIRECT] [Fatal Error] :1:1: Premature end of file.
2026-05-28 17:22:43,113 [ERROR] LogOutputStream:75 - [STDERR_REDIRECT] 
2026-05-28 17:22:44,123 [ERROR] LogOutputStream:75 - [STDERR_REDIRECT] [Fatal Error] :1:1: Premature end of file.
2026-05-28 17:22:44,123 [ERROR] LogOutputStream:75 - [STDERR_REDIRECT] 
2026-05-28 17:22:45,115 [ERROR] LogOutputStream:75 - [STDERR_REDIRECT] [Fatal Error] :1:1: Premature end of file.
2026-05-28 17:22:45,115 [ERROR] LogOutputStream:75 - [STDERR_REDIRECT] 
2026-05-28 17:22:46,111 [ERROR] LogOutputStream:75 - [STDERR_REDIRECT] [Fatal Error] :1:1: Premature end of file.
2026-05-28 17:22:46,112 [ERROR] LogOutputStream:75 - [STDERR_REDIRECT] 
2026-05-28 17:22:47,123 [ERROR] LogOutputStream:75 - [STDERR_REDIRECT] [Fatal Error] :1:1: Premature end of file.
2026-05-28 17:22:47,124 [ERROR] LogOutputStream:75 - [STDERR_REDIRECT] 
2026-05-28 17:22:48,124 [ERROR] LogOutputStream:75 - [STDERR_REDIRECT] [Fatal Error] :1:1: Premature end of file.
2026-05-28 17:22:48,124 [ERROR] LogOutputStream:75 - [STDERR_REDIRECT] 
2026-05-28 17:22:49,132 [ERROR] LogOutputStream:75 - [STDERR_REDIRECT] [Fatal Error] :1:1: Premature end of file.
2026-05-28 17:22:49,132 [ERROR] LogOutputStream:75 - [STDERR_REDIRECT] 
2026-05-28 17:22:50,128 [ERROR] LogOutputStream:75 - [STDERR_REDIRECT] [Fatal Error] :1:1: Premature end of file.
2026-05-28 17:22:50,128 [ERROR] LogOutputStream:75 - [STDERR_REDIRECT] 
2026-05-28 17:22:51,121 [ERROR] LogOutputStream:75 - [STDERR_REDIRECT] [Fatal Error] :1:1: Premature end of file.
2026-05-28 17:22:51,121 [ERROR] LogOutputStream:75 - [STDERR_REDIRECT] 
2026-05-28 17:22:52,116 [ERROR] LogOutputStream:75 - [STDERR_REDIRECT] [Fatal Error] :1:1: Premature end of file.
2026-05-28 17:22:52,116 [ERROR] LogOutputStream:75 - [STDERR_REDIRECT] 
2026-05-28 17:22:53,110 [ERROR] LogOutputStream:75 - [STDERR_REDIRECT] [Fatal Error] :1:1: Premature end of file.
2026-05-28 17:22:53,110 [ERROR] LogOutputStream:75 - [STDERR_REDIRECT] 
2026-05-28 17:22:54,123 [ERROR] LogOutputStream:75 - [STDERR_REDIRECT] [Fatal Error] :1:1: Premature end of file.
2026-05-28 17:22:54,123 [ERROR] LogOutputStream:75 - [STDERR_REDIRECT] 
2026-05-28 17:22:55,111 [ERROR] LogOutputStream:75 - [STDERR_REDIRECT] [Fatal Error] :1:1: Premature end of file.
2026-05-28 17:22:55,111 [ERROR] LogOutputStream:75 - [STDERR_REDIRECT] 
2026-05-28 17:22:56,116 [ERROR] LogOutputStream:75 - [STDERR_REDIRECT] [Fatal Error] :1:1: Premature end of file.
2026-05-28 17:22:56,116 [ERROR] LogOutputStream:75 - [STDERR_REDIRECT] 
2026-05-28 17:22:57,123 [ERROR] LogOutputStream:75 - [STDERR_REDIRECT] [Fatal Error] :1:1: Premature end of file.
2026-05-28 17:22:57,123 [ERROR] LogOutputStream:75 - [STDERR_REDIRECT] 
2026-05-28 17:22:58,124 [ERROR] LogOutputStream:75 - [STDERR_REDIRECT] [Fatal Error] :1:1: Premature end of file.
2026-05-28 17:22:58,124 [ERROR] LogOutputStream:75 - [STDERR_REDIRECT] 
2026-05-28 17:22:59,137 [ERROR] LogOutputStream:75 - [STDERR_REDIRECT] [Fatal Error] :1:1: Premature end of file.
2026-05-28 17:22:59,137 [ERROR] LogOutputStream:75 - [STDERR_REDIRECT] 
2026-05-28 17:23:00,125 [ERROR] LogOutputStream:75 - [STDERR_REDIRECT] [Fatal Error] :1:1: Premature end of file.
2026-05-28 17:23:00,125 [ERROR] LogOutputStream:75 - [STDERR_REDIRECT] 
2026-05-28 17:23:01,123 [ERROR] LogOutputStream:75 - [STDERR_REDIRECT] [Fatal Error] :1:1: Premature end of file.
2026-05-28 17:23:01,123 [ERROR] LogOutputStream:75 - [STDERR_REDIRECT] 
2026-05-28 17:23:02,123 [ERROR] LogOutputStream:75 - [STDERR_REDIRECT] [Fatal Error] :1:1: Premature end of file.
2026-05-28 17:23:02,123 [ERROR] LogOutputStream:75 - [STDERR_REDIRECT] 
2026-05-28 17:23:03,127 [ERROR] LogOutputStream:75 - [STDERR_REDIRECT] [Fatal Error] :1:1: Premature end of file.
2026-05-28 17:23:03,127 [ERROR] LogOutputStream:75 - [STDERR_REDIRECT] 
2026-05-28 17:23:04,132 [ERROR] LogOutputStream:75 - [STDERR_REDIRECT] [Fatal Error] :1:1: Premature end of file.
2026-05-28 17:23:04,132 [ERROR] LogOutputStream:75 - [STDERR_REDIRECT] 
2026-05-28 17:23:05,124 [ERROR] LogOutputStream:75 - [STDERR_REDIRECT] [Fatal Error] :1:1: Premature end of file.
2026-05-28 17:23:05,124 [ERROR] LogOutputStream:75 - [STDERR_REDIRECT] 
2026-05-28 17:23:06,125 [ERROR] LogOutputStream:75 - [STDERR_REDIRECT] [Fatal Error] :1:1: Premature end of file.
2026-05-28 17:23:06,125 [ERROR] LogOutputStream:75 - [STDERR_REDIRECT] 
2026-05-28 17:23:07,113 [ERROR] LogOutputStream:75 - [STDERR_REDIRECT] [Fatal Error] :1:1: Premature end of file.
2026-05-28 17:23:07,113 [ERROR] LogOutputStream:75 - [STDERR_REDIRECT] 
2026-05-28 17:23:08,124 [ERROR] LogOutputStream:75 - [STDERR_REDIRECT] [Fatal Error] :1:1: Premature end of file.
2026-05-28 17:23:08,124 [ERROR] LogOutputStream:75 - [STDERR_REDIRECT] 
2026-05-28 17:23:09,124 [ERROR] LogOutputStream:75 - [STDERR_REDIRECT] [Fatal Error] :1:1: Premature end of file.
2026-05-28 17:23:09,124 [ERROR] LogOutputStream:75 - [STDERR_REDIRECT] 
2026-05-28 17:23:10,125 [ERROR] LogOutputStream:75 - [STDERR_REDIRECT] [Fatal Error] :1:1: Premature end of file.
2026-05-28 17:23:10,126 [ERROR] LogOutputStream:75 - [STDERR_REDIRECT] 
2026-05-28 17:23:11,121 [ERROR] LogOutputStream:75 - [STDERR_REDIRECT] [Fatal Error] :1:1: Premature end of file.
2026-05-28 17:23:11,121 [ERROR] LogOutputStream:75 - [STDERR_REDIRECT] 
2026-05-28 17:23:12,130 [ERROR] LogOutputStream:75 - [STDERR_REDIRECT] [Fatal Error] :1:1: Premature end of file.
2026-05-28 17:23:12,130 [ERROR] LogOutputStream:75 - [STDERR_REDIRECT] 
2026-05-28 17:23:13,123 [ERROR] LogOutputStream:75 - [STDERR_REDIRECT] [Fatal Error] :1:1: Premature end of file.
2026-05-28 17:23:13,123 [ERROR] LogOutputStream:75 - [STDERR_REDIRECT] 
2026-05-28 17:23:14,129 [ERROR] LogOutputStream:75 - [STDERR_REDIRECT] [Fatal Error] :1:1: Premature end of file.
2026-05-28 17:23:14,129 [ERROR] LogOutputStream:75 - [STDERR_REDIRECT] 
2026-05-28 17:23:15,115 [ERROR] LogOutputStream:75 - [STDERR_REDIRECT] [Fatal Error] :1:1: Premature end of file.
2026-05-28 17:23:15,115 [ERROR] LogOutputStream:75 - [STDERR_REDIRECT] 
2026-05-28 17:23:16,128 [ERROR] LogOutputStream:75 - [STDERR_REDIRECT] [Fatal Error] :1:1: Premature end of file.
2026-05-28 17:23:16,128 [ERROR] LogOutputStream:75 - [STDERR_REDIRECT] 
2026-05-28 17:23:17,120 [ERROR] LogOutputStream:75 - [STDERR_REDIRECT] [Fatal Error] :1:1: Premature end of file.
2026-05-28 17:23:17,120 [ERROR] LogOutputStream:75 - [STDERR_REDIRECT] 
2026-05-28 17:23:18,129 [ERROR] LogOutputStream:75 - [STDERR_REDIRECT] [Fatal Error] :1:1: Premature end of file.
2026-05-28 17:23:18,129 [ERROR] LogOutputStream:75 - [STDERR_REDIRECT] 
2026-05-28 17:23:19,128 [ERROR] LogOutputStream:75 - [STDERR_REDIRECT] [Fatal Error] :1:1: Premature end of file.
2026-05-28 17:23:19,128 [ERROR] LogOutputStream:75 - [STDERR_REDIRECT] 
2026-05-28 17:23:20,124 [ERROR] LogOutputStream:75 - [STDERR_REDIRECT] [Fatal Error] :1:1: Premature end of file.
2026-05-28 17:23:20,125 [ERROR] LogOutputStream:75 - [STDERR_REDIRECT] 
2026-05-28 17:23:21,123 [ERROR] LogOutputStream:75 - [STDERR_REDIRECT] [Fatal Error] :1:1: Premature end of file.
2026-05-28 17:23:21,123 [ERROR] LogOutputStream:75 - [STDERR_REDIRECT] 
2026-05-28 17:23:22,126 [ERROR] LogOutputStream:75 - [STDERR_REDIRECT] [Fatal Error] :1:1: Premature end of file.
2026-05-28 17:23:22,126 [ERROR] LogOutputStream:75 - [STDERR_REDIRECT] 
2026-05-28 17:23:23,115 [ERROR] LogOutputStream:75 - [STDERR_REDIRECT] [Fatal Error] :1:1: Premature end of file.
2026-05-28 17:23:23,116 [ERROR] LogOutputStream:75 - [STDERR_REDIRECT] 
2026-05-28 17:23:24,121 [ERROR] LogOutputStream:75 - [STDERR_REDIRECT] [Fatal Error] :1:1: Premature end of file.
2026-05-28 17:23:24,121 [ERROR] LogOutputStream:75 - [STDERR_REDIRECT] 
2026-05-28 17:23:24,949 [ERROR] LogOutputStream:75 - [STDERR_REDIRECT] 
