2026-05-28 14:49:17,204 [INFO] Activator:176 - 


2026-05-28 14:49:17,209 [INFO] Activator:177 - !SESSION log4j initialized
2026-05-28 14:49:21,008 [INFO] LogOutputStream:77 - [STDOUT_REDIRECT] 
2026-05-28 14:49:23,287 [INFO] ApplicationProperties:184 - Using Application install path: C:\ST\STM32CubeIDE_1.18.1\STM32CubeIDE\plugins\com.st.stm32cube.common.mx_6.14.1.202504091515
2026-05-28 14:49:23,313 [INFO] DbMcusXml:78 - Set database path to: C:\ST\STM32CubeIDE_1.18.1\STM32CubeIDE\plugins\com.st.stm32cube.common.mx_6.14.1.202504091515\\db\/mcu/
2026-05-28 14:49:23,313 [INFO] ApiDb:274 - Set plugin database path to: C:\ST\STM32CubeIDE_1.18.1\STM32CubeIDE\plugins\com.st.stm32cube.common.mx_6.14.1.202504091515\\db\/plugins/boardmanager/
2026-05-28 14:49:23,314 [WARN] ApiDb:259 - Overriding images path with different value:  => C:\ST\STM32CubeIDE_1.18.1\STM32CubeIDE\plugins\com.st.stm32cube.common.mx_6.14.1.202504091515\\db\/plugins/mcufinder/images/
2026-05-28 14:49:23,329 [INFO] ApiDb:250 - Set database path to: C:\Users\NIVYA\.stmcufinder\plugins\mcufinder//mcu/
2026-05-28 14:49:23,331 [INFO] DbMcusAds:125 - Set database path to: C:\Users\NIVYA\.stmcufinder\plugins\mcufinder//mcu/
2026-05-28 14:49:23,334 [INFO] CrossReferenceDbSqlite:203 - Set database path to: C:\Users\NIVYA\.stmcufinder\plugins\mcufinder//mcu/cs/
2026-05-28 14:49:23,449 [INFO] RulesReader:64 - Compatibility file has been processed (302 Rules)
2026-05-28 14:49:23,557 [INFO] DbMcusXml:78 - Set database path to: C:\ST\STM32CubeIDE_1.18.1\STM32CubeIDE\plugins\com.st.stm32cube.common.mx_6.14.1.202504091515\\db\/mcu/
2026-05-28 14:49:23,557 [INFO] ApiDb:274 - Set plugin database path to: C:\ST\STM32CubeIDE_1.18.1\STM32CubeIDE\plugins\com.st.stm32cube.common.mx_6.14.1.202504091515\\db\/plugins/boardmanager/
2026-05-28 14:49:23,557 [INFO] ApiDb:261 - Set plugin images path to: C:\ST\STM32CubeIDE_1.18.1\STM32CubeIDE\plugins\com.st.stm32cube.common.mx_6.14.1.202504091515\\db\/plugins/mcufinder/images/
2026-05-28 14:49:23,558 [WARN] DbFile:41 - Overriding database path with different value: C:\Users\NIVYA\.stmcufinder\plugins\mcufinder/ => C:\Users\NIVYA\.stmcufinder\plugins\mcufinder
2026-05-28 14:49:23,558 [INFO] ApiDb:250 - Set database path to: C:\Users\NIVYA\.stmcufinder\plugins\mcufinder//mcu/
2026-05-28 14:49:23,558 [WARN] DbFile:41 - Overriding database path with different value: C:\Users\NIVYA\.stmcufinder\plugins\mcufinder/ => C:\Users\NIVYA\.stmcufinder\plugins\mcufinder
2026-05-28 14:49:23,558 [INFO] DbMcusAds:125 - Set database path to: C:\Users\NIVYA\.stmcufinder\plugins\mcufinder//mcu/
2026-05-28 14:49:23,558 [WARN] DbFile:41 - Overriding database path with different value: C:\Users\NIVYA\.stmcufinder\plugins\mcufinder/ => C:\Users\NIVYA\.stmcufinder\plugins\mcufinder
2026-05-28 14:49:23,558 [WARN] DbFile:41 - Overriding database path with different value: C:\Users\NIVYA\.stmcufinder\plugins\mcufinder/ => C:\Users\NIVYA\.stmcufinder\plugins\mcufinder
2026-05-28 14:49:23,558 [INFO] CrossReferenceDbSqlite:203 - Set database path to: C:\Users\NIVYA\.stmcufinder\plugins\mcufinder//mcu/cs/
2026-05-28 14:49:23,649 [INFO] MainPanel:272 - HeapMemory: 268435456
2026-05-28 14:49:23,772 [INFO] DbMcusXml:78 - Set database path to: C:\ST\STM32CubeIDE_1.18.1\STM32CubeIDE\plugins\com.st.stm32cube.common.mx_6.14.1.202504091515\\db\/mcu/
2026-05-28 14:49:23,772 [INFO] ApiDb:274 - Set plugin database path to: C:\ST\STM32CubeIDE_1.18.1\STM32CubeIDE\plugins\com.st.stm32cube.common.mx_6.14.1.202504091515\\db\/plugins/boardmanager/
2026-05-28 14:49:23,772 [INFO] ApiDb:261 - Set plugin images path to: C:\ST\STM32CubeIDE_1.18.1\STM32CubeIDE\plugins\com.st.stm32cube.common.mx_6.14.1.202504091515\\db\/plugins/mcufinder/images/
2026-05-28 14:49:23,773 [WARN] DbFile:41 - Overriding database path with different value: C:\Users\NIVYA\.stmcufinder\plugins\mcufinder/ => C:\Users\NIVYA\.stmcufinder\plugins\mcufinder
2026-05-28 14:49:23,773 [INFO] ApiDb:250 - Set database path to: C:\Users\NIVYA\.stmcufinder\plugins\mcufinder//mcu/
2026-05-28 14:49:23,773 [WARN] DbFile:41 - Overriding database path with different value: C:\Users\NIVYA\.stmcufinder\plugins\mcufinder/ => C:\Users\NIVYA\.stmcufinder\plugins\mcufinder
2026-05-28 14:49:23,773 [INFO] DbMcusAds:125 - Set database path to: C:\Users\NIVYA\.stmcufinder\plugins\mcufinder//mcu/
2026-05-28 14:49:23,773 [WARN] DbFile:41 - Overriding database path with different value: C:\Users\NIVYA\.stmcufinder\plugins\mcufinder/ => C:\Users\NIVYA\.stmcufinder\plugins\mcufinder
2026-05-28 14:49:23,773 [WARN] DbFile:41 - Overriding database path with different value: C:\Users\NIVYA\.stmcufinder\plugins\mcufinder/ => C:\Users\NIVYA\.stmcufinder\plugins\mcufinder
2026-05-28 14:49:23,773 [INFO] CrossReferenceDbSqlite:203 - Set database path to: C:\Users\NIVYA\.stmcufinder\plugins\mcufinder//mcu/cs/
2026-05-28 14:49:23,796 [INFO] ApplicationProperties:184 - Using Application install path: C:\ST\STM32CubeIDE_1.18.1\STM32CubeIDE\plugins\com.st.stm32cube.common.mx_6.14.1.202504091515
2026-05-28 14:49:23,799 [INFO] PluginManage:196 - Search for loadable plugins [exclusion list=, ]
2026-05-28 14:49:23,801 [INFO] PluginManage:310 - Check plugin analytics
2026-05-28 14:49:24,053 [INFO] AnalyticsPlugin:253 - Accepted Software Licenses: STM32CubeMX.6.16.0,STM32CubeMX.6.14.1
2026-05-28 14:49:24,053 [INFO] AnalyticsPlugin:255 - Accepted CMSIS Pack Licenses: 
2026-05-28 14:49:24,054 [INFO] AnalyticsPlugin:257 - Accepted Firmware Licenses: FW.F4.1.28.0
2026-05-28 14:49:24,060 [INFO] PluginManage:359 - Loaded plugin analytics (category:tool,tabindex:-1)
2026-05-28 14:49:24,062 [INFO] PluginManage:310 - Check plugin cadmodel
2026-05-28 14:49:24,072 [INFO] CADModel:105 - Init CAD model plugin
2026-05-28 14:49:24,072 [INFO] PluginManage:359 - Loaded plugin cadmodel (category:power,tabindex:5)
2026-05-28 14:49:24,073 [INFO] PluginManage:310 - Check plugin clock
2026-05-28 14:49:24,113 [INFO] PluginManage:359 - Loaded plugin clock (category:base,tabindex:2)
2026-05-28 14:49:24,113 [INFO] PluginManage:310 - Check plugin ddr
2026-05-28 14:49:24,119 [INFO] PluginManage:359 - Loaded plugin ddr (category:tool,tabindex:6)
2026-05-28 14:49:24,119 [INFO] PluginManage:310 - Check plugin filemanager
2026-05-28 14:49:24,326 [INFO] PluginManage:359 - Loaded plugin filemanager (category:base,tabindex:10)
2026-05-28 14:49:24,326 [INFO] PluginManage:310 - Check plugin ipmanager
2026-05-28 14:49:24,335 [INFO] PluginManage:359 - Loaded plugin ipmanager (category:base,tabindex:5)
2026-05-28 14:49:24,336 [INFO] PluginManage:310 - Check plugin lpbam
2026-05-28 14:49:24,344 [INFO] PluginManage:359 - Loaded plugin lpbam (category:base,tabindex:0)
2026-05-28 14:49:24,345 [INFO] PluginManage:310 - Check plugin memorymap
2026-05-28 14:49:24,362 [INFO] PluginManage:359 - Loaded plugin memorymap (category:base,tabindex:4)
2026-05-28 14:49:24,362 [INFO] PluginManage:310 - Check plugin pinoutandconfiguration
2026-05-28 14:49:24,371 [INFO] PluginManage:359 - Loaded plugin pinoutandconfiguration (category:base,tabindex:1)
2026-05-28 14:49:24,371 [INFO] PluginManage:310 - Check plugin pinoutconfig
2026-05-28 14:49:24,473 [WARN] SupportedApi:132 - Cannot load RTOS API schema: s4s-elt-must-match.1: The content of 'definitions' must match (annotation?, (simpleType | complexType)?, (unique | key | keyref)*)). A problem was found starting at: attribute.
2026-05-28 14:49:24,617 [INFO] PluginManage:359 - Loaded plugin pinoutconfig (category:base,tabindex:0)
2026-05-28 14:49:24,617 [INFO] PluginManage:310 - Check plugin power
2026-05-28 14:49:24,627 [INFO] PluginManage:359 - Loaded plugin power (category:power,tabindex:4)
2026-05-28 14:49:24,627 [INFO] PluginManage:310 - Check plugin projectmanager
2026-05-28 14:49:24,644 [INFO] PluginManage:359 - Loaded plugin projectmanager (category:projectmanager,tabindex:4)
2026-05-28 14:49:24,644 [INFO] PluginManage:310 - Check plugin rif
2026-05-28 14:49:24,656 [INFO] PluginManage:359 - Loaded plugin rif (category:base,tabindex:3)
2026-05-28 14:49:24,656 [INFO] PluginManage:310 - Check plugin thirdparty
2026-05-28 14:49:24,839 [INFO] PluginManage:359 - Loaded plugin thirdparty (category:base,tabindex:-1)
2026-05-28 14:49:24,840 [INFO] PluginManage:310 - Check plugin tools
2026-05-28 14:49:24,839 [WARN] IntegrityCheckThread:84 - waiting for thirdparty lock release [integrity check]
2026-05-28 14:49:24,840 [INFO] IntegrityCheckThread:86 - entering critical section [integrity check]
2026-05-28 14:49:24,841 [INFO] ThirdPartyUpdaterWithRetryManager:70 - Updater plugin not ready yet. [1/15]
2026-05-28 14:49:24,845 [INFO] PluginManage:359 - Loaded plugin tools (category:base,tabindex:7)
2026-05-28 14:49:24,845 [INFO] PluginManage:310 - Check plugin tutovideos
2026-05-28 14:49:25,063 [INFO] PluginManage:359 - Loaded plugin tutovideos (category:base,tabindex:-1)
2026-05-28 14:49:25,063 [INFO] PluginManage:310 - Check plugin updater
2026-05-28 14:49:25,088 [INFO] PluginManage:359 - Loaded plugin updater (category:base,tabindex:12)
2026-05-28 14:49:25,088 [INFO] PluginManage:310 - Check plugin userauth
2026-05-28 14:49:25,093 [INFO] UserAuth:118 - Init User Auth plugin
2026-05-28 14:49:25,094 [INFO] PluginManage:359 - Loaded plugin userauth (category:base,tabindex:14)
2026-05-28 14:49:25,095 [INFO] PluginManage:283 - PluginManage : Loaded plugins [18]
2026-05-28 14:49:25,340 [INFO] PinOutPanel:1589 - setPackage(No Configuration,No Configuration)
2026-05-28 14:49:25,441 [INFO] CADModel:165 - CPN selected for project level
2026-05-28 14:49:25,441 [INFO] CADModel:114 - Register for checkConnection events
2026-05-28 14:49:25,459 [INFO] IPUIPlugin:80 - create IPUIPlugin
2026-05-28 14:49:25,460 [INFO] PluginManager:220 - loadIPPluginJar : add adc
2026-05-28 14:49:25,462 [INFO] IPUIPlugin:80 - create IPUIPlugin
2026-05-28 14:49:25,462 [INFO] PluginManager:220 - loadIPPluginJar : add aes
2026-05-28 14:49:25,466 [INFO] IPUIPlugin:80 - create IPUIPlugin
2026-05-28 14:49:25,466 [INFO] PluginManager:220 - loadIPPluginJar : add can
2026-05-28 14:49:25,468 [INFO] IPUIPlugin:80 - create IPUIPlugin
2026-05-28 14:49:25,468 [INFO] PluginManager:220 - loadIPPluginJar : add comp
2026-05-28 14:49:25,472 [INFO] IPUIPlugin:80 - create IPUIPlugin
2026-05-28 14:49:25,472 [INFO] PluginManager:220 - loadIPPluginJar : add cryp
2026-05-28 14:49:25,476 [INFO] IPUIPlugin:80 - create IPUIPlugin
2026-05-28 14:49:25,476 [INFO] PluginManager:220 - loadIPPluginJar : add ddr_ctrl_phy
2026-05-28 14:49:25,479 [INFO] IPUIPlugin:80 - create IPUIPlugin
2026-05-28 14:49:25,479 [INFO] PluginManager:220 - loadIPPluginJar : add dfsdm
2026-05-28 14:49:25,486 [INFO] IPUIPlugin:80 - create IPUIPlugin
2026-05-28 14:49:25,487 [INFO] PluginManager:220 - loadIPPluginJar : add dma
2026-05-28 14:49:25,490 [INFO] IPUIPlugin:80 - create IPUIPlugin
2026-05-28 14:49:25,490 [INFO] PluginManager:220 - loadIPPluginJar : add dma3
2026-05-28 14:49:25,495 [INFO] IPUIPlugin:80 - create IPUIPlugin
2026-05-28 14:49:25,495 [INFO] PluginManager:220 - loadIPPluginJar : add extmemmanager
2026-05-28 14:49:25,496 [INFO] IPUIPlugin:80 - create IPUIPlugin
2026-05-28 14:49:25,497 [INFO] PluginManager:220 - loadIPPluginJar : add fatfs
2026-05-28 14:49:25,502 [INFO] IPUIPlugin:80 - create IPUIPlugin
2026-05-28 14:49:25,502 [INFO] PluginManager:220 - loadIPPluginJar : add fmc
2026-05-28 14:49:25,512 [INFO] IPUIPlugin:80 - create IPUIPlugin
2026-05-28 14:49:25,512 [INFO] PluginManager:220 - loadIPPluginJar : add freertos
2026-05-28 14:49:25,514 [INFO] IPUIPlugin:80 - create IPUIPlugin
2026-05-28 14:49:25,514 [INFO] PluginManager:220 - loadIPPluginJar : add genericplugin
2026-05-28 14:49:25,516 [INFO] IPUIPlugin:80 - create IPUIPlugin
2026-05-28 14:49:25,516 [INFO] PluginManager:220 - loadIPPluginJar : add gfxmmu
2026-05-28 14:49:25,522 [INFO] IPUIPlugin:80 - create IPUIPlugin
2026-05-28 14:49:25,522 [INFO] PluginManager:220 - loadIPPluginJar : add gic
2026-05-28 14:49:25,527 [INFO] IPUIPlugin:80 - create IPUIPlugin
2026-05-28 14:49:25,528 [INFO] PluginManager:220 - loadIPPluginJar : add gpio
2026-05-28 14:49:25,531 [INFO] IPUIPlugin:80 - create IPUIPlugin
2026-05-28 14:49:25,531 [INFO] PluginManager:220 - loadIPPluginJar : add gtzc
2026-05-28 14:49:25,536 [INFO] IPUIPlugin:80 - create IPUIPlugin
2026-05-28 14:49:25,536 [INFO] PluginManager:220 - loadIPPluginJar : add hash
2026-05-28 14:49:25,541 [INFO] IPUIPlugin:80 - create IPUIPlugin
2026-05-28 14:49:25,541 [INFO] PluginManager:220 - loadIPPluginJar : add i2c
2026-05-28 14:49:25,544 [INFO] IPUIPlugin:80 - create IPUIPlugin
2026-05-28 14:49:25,544 [INFO] PluginManager:220 - loadIPPluginJar : add i2s
2026-05-28 14:49:25,548 [INFO] IPUIPlugin:80 - create IPUIPlugin
2026-05-28 14:49:25,548 [INFO] PluginManager:220 - loadIPPluginJar : add i3c
2026-05-28 14:49:25,555 [INFO] IPUIPlugin:80 - create IPUIPlugin
2026-05-28 14:49:25,555 [INFO] PluginManager:220 - loadIPPluginJar : add ipddr
2026-05-28 14:49:25,564 [INFO] IPUIPlugin:80 - create IPUIPlugin
2026-05-28 14:49:25,564 [INFO] PluginManager:220 - loadIPPluginJar : add linkedlist
2026-05-28 14:49:25,568 [INFO] IPUIPlugin:80 - create IPUIPlugin
2026-05-28 14:49:25,568 [INFO] PluginManager:220 - loadIPPluginJar : add lorawan
2026-05-28 14:49:25,571 [INFO] IPUIPlugin:80 - create IPUIPlugin
2026-05-28 14:49:25,571 [INFO] PluginManager:220 - loadIPPluginJar : add ltdc
2026-05-28 14:49:25,578 [INFO] IPUIPlugin:80 - create IPUIPlugin
2026-05-28 14:49:25,579 [INFO] PluginManager:220 - loadIPPluginJar : add mdma
2026-05-28 14:49:25,584 [INFO] IPUIPlugin:80 - create IPUIPlugin
2026-05-28 14:49:25,584 [INFO] PluginManager:220 - loadIPPluginJar : add nvic
2026-05-28 14:49:25,588 [INFO] IPUIPlugin:80 - create IPUIPlugin
2026-05-28 14:49:25,589 [INFO] PluginManager:220 - loadIPPluginJar : add opamp
2026-05-28 14:49:25,592 [INFO] IPUIPlugin:80 - create IPUIPlugin
2026-05-28 14:49:25,592 [INFO] PluginManager:220 - loadIPPluginJar : add openamp
2026-05-28 14:49:25,597 [INFO] IPUIPlugin:80 - create IPUIPlugin
2026-05-28 14:49:25,597 [INFO] PluginManager:220 - loadIPPluginJar : add pdm2pcm
2026-05-28 14:49:25,603 [INFO] IPUIPlugin:80 - create IPUIPlugin
2026-05-28 14:49:25,606 [INFO] PluginManager:220 - loadIPPluginJar : add plateformsettings
2026-05-28 14:49:25,608 [INFO] IPUIPlugin:80 - create IPUIPlugin
2026-05-28 14:49:25,608 [INFO] PluginManager:220 - loadIPPluginJar : add quadspi
2026-05-28 14:49:25,610 [INFO] IPUIPlugin:80 - create IPUIPlugin
2026-05-28 14:49:25,611 [INFO] PluginManager:220 - loadIPPluginJar : add radio
2026-05-28 14:49:25,616 [INFO] IPUIPlugin:80 - create IPUIPlugin
2026-05-28 14:49:25,618 [INFO] PluginManager:220 - loadIPPluginJar : add resmgrutility
2026-05-28 14:49:25,624 [INFO] IPUIPlugin:80 - create IPUIPlugin
2026-05-28 14:49:25,624 [INFO] PluginManager:220 - loadIPPluginJar : add sai
2026-05-28 14:49:25,627 [INFO] IPUIPlugin:80 - create IPUIPlugin
2026-05-28 14:49:25,628 [INFO] PluginManager:220 - loadIPPluginJar : add spi
2026-05-28 14:49:25,634 [INFO] IPUIPlugin:80 - create IPUIPlugin
2026-05-28 14:49:25,635 [INFO] PluginManager:220 - loadIPPluginJar : add stm32_wpan
2026-05-28 14:49:25,639 [INFO] IPUIPlugin:80 - create IPUIPlugin
2026-05-28 14:49:25,639 [INFO] PluginManager:220 - loadIPPluginJar : add tim
2026-05-28 14:49:25,644 [INFO] IPUIPlugin:80 - create IPUIPlugin
2026-05-28 14:49:25,644 [INFO] PluginManager:220 - loadIPPluginJar : add touchsensing
2026-05-28 14:49:25,647 [INFO] IPUIPlugin:80 - create IPUIPlugin
2026-05-28 14:49:25,647 [INFO] PluginManager:220 - loadIPPluginJar : add tracer_emb
2026-05-28 14:49:25,649 [INFO] IPUIPlugin:80 - create IPUIPlugin
2026-05-28 14:49:25,650 [INFO] PluginManager:220 - loadIPPluginJar : add ts
2026-05-28 14:49:25,652 [INFO] IPUIPlugin:80 - create IPUIPlugin
2026-05-28 14:49:25,653 [INFO] PluginManager:220 - loadIPPluginJar : add tsc
2026-05-28 14:49:25,656 [INFO] IPUIPlugin:80 - create IPUIPlugin
2026-05-28 14:49:25,656 [INFO] PluginManager:220 - loadIPPluginJar : add ucpd
2026-05-28 14:49:25,660 [INFO] IPUIPlugin:80 - create IPUIPlugin
2026-05-28 14:49:25,660 [INFO] PluginManager:220 - loadIPPluginJar : add usart
2026-05-28 14:49:25,664 [INFO] IPUIPlugin:80 - create IPUIPlugin
2026-05-28 14:49:25,664 [INFO] PluginManager:220 - loadIPPluginJar : add usbx
2026-05-28 14:49:25,801 [FATAL] Updater:351 - Updater called before beeing initialized
2026-05-28 14:49:25,828 [INFO] RulesReader:64 - Compatibility file has been processed (302 Rules)
2026-05-28 14:49:25,840 [INFO] RulesReader:64 - Compatibility file has been processed (302 Rules)
2026-05-28 14:49:25,852 [INFO] CADModel:165 - CPN selected for project level
2026-05-28 14:49:25,852 [INFO] CADModel:114 - Register for checkConnection events
2026-05-28 14:49:25,852 [FATAL] Updater:351 - Updater called before beeing initialized
2026-05-28 14:49:25,853 [ERROR] CADModel:125 - Updater not yet initialized, retry later 
2026-05-28 14:49:26,085 [FATAL] Updater:351 - Updater called before beeing initialized
2026-05-28 14:49:26,088 [INFO] CADModel:165 - CPN selected for project level
2026-05-28 14:49:26,088 [INFO] CADModel:114 - Register for checkConnection events
2026-05-28 14:49:26,088 [FATAL] Updater:351 - Updater called before beeing initialized
2026-05-28 14:49:26,088 [ERROR] CADModel:125 - Updater not yet initialized, retry later 
2026-05-28 14:49:26,093 [FATAL] Updater:351 - Updater called before beeing initialized
2026-05-28 14:49:26,215 [FATAL] Updater:351 - Updater called before beeing initialized
2026-05-28 14:49:26,220 [INFO] DbMcusAds:53 - JSON generation date=Mon Apr 27 13:44:29 IST 2026 (1777277669924)
2026-05-28 14:49:26,220 [FATAL] Updater:351 - Updater called before beeing initialized
2026-05-28 14:49:26,269 [WARN] DetailPanel:346 - Failed to get advertising image, set to default
2026-05-28 14:49:26,497 [FATAL] Updater:351 - Updater called before beeing initialized
2026-05-28 14:49:26,499 [FATAL] Updater:351 - Updater called before beeing initialized
2026-05-28 14:49:26,499 [FATAL] Updater:351 - Updater called before beeing initialized
2026-05-28 14:49:26,500 [WARN] DetailPanel:346 - Failed to get advertising image, set to default
2026-05-28 14:49:26,501 [FATAL] Updater:351 - Updater called before beeing initialized
2026-05-28 14:49:26,551 [ERROR] Updater:1198 - MainUpdater not yet initialized. External WinMGr cannot be set.
2026-05-28 14:49:26,553 [INFO] Updater:1134 - Updater Version found : 6.14.1
2026-05-28 14:49:26,572 [INFO] ApplicationProperties:184 - Using Application install path: C:\ST\STM32CubeIDE_1.18.1\STM32CubeIDE\plugins\com.st.stm32cube.common.mx_6.14.1.202504091515
2026-05-28 14:49:27,842 [INFO] ThirdPartyUpdaterWithRetryManager:70 - Updater plugin not ready yet. [2/15]
2026-05-28 14:49:28,185 [ERROR] LogOutputStream:75 - [STDERR_REDIRECT] May 28, 2026 2:49:28 PM java.util.prefs.WindowsPreferences <init>
2026-05-28 14:49:28,186 [ERROR] LogOutputStream:75 - [STDERR_REDIRECT] WARNING: Could not open/create prefs root node Software\JavaSoft\Prefs at root 0xffffffff80000002. Windows RegCreateKeyEx(...) returned error code 5.
2026-05-28 14:49:28,186 [ERROR] LogOutputStream:75 - [STDERR_REDIRECT] 
2026-05-28 14:49:28,825 [INFO] MainUpdater:2872 - connection check result : 10
2026-05-28 14:49:28,826 [INFO] MainUpdater:289 - Updater Check For Update Now.
2026-05-28 14:49:28,827 [INFO] MicroXplorer:498 - Change Database Version : DB.6.0.141
2026-05-28 14:49:28,843 [INFO] McuFinderGlobals:63 - Set McuFinder mode to 2 (CubeIDE integrated)
2026-05-28 14:49:28,844 [INFO] UserAuth:171 - activating auth plugin
2026-05-28 14:49:28,852 [INFO] UserAuth:484 - Internet connection configuration mode: 1
2026-05-28 14:49:28,939 [INFO] JxBrowserEngine:152 - Initiate JxBrowser Engine with user profile folder
2026-05-28 14:49:29,132 [INFO] CheckServerUpdateThread:120 - End of CheckServer Thread
2026-05-28 14:49:30,683 [INFO] WebApp:169 - Instantiating new browser for Auth
2026-05-28 14:49:31,207 [WARN] PackLoader:240 - Cannot read IP mode file for STMicroelectronics.X-CUBE-AZRTOS-H7.3.5.0
2026-05-28 14:49:31,221 [WARN] PackLoader:240 - Cannot read IP mode file for STMicroelectronics.FP-SNS-MOTENVWB1.1.4.0
2026-05-28 14:49:31,229 [WARN] PackLoader:240 - Cannot read IP mode file for STMicroelectronics.FP-ATR-ASTRA1.2.0.2
2026-05-28 14:49:31,248 [WARN] PackLoader:240 - Cannot read IP mode file for STMicroelectronics.X-CUBE-SMBUS.2.1.0
2026-05-28 14:49:31,276 [WARN] PackLoader:240 - Cannot read IP mode file for STMicroelectronics.X-CUBE-AZRTOS-F7.1.1.0
2026-05-28 14:49:31,287 [ERROR] Engine:466 - C:\Users\NIVYA\.stm32cubemx\thirdparties\pdsc\STMicroelectronics.FP-SNS-MOTENV1.5.1.0.pdsc: PDSC version is not supported
2026-05-28 14:49:31,296 [ERROR] Engine:466 - C:\Users\NIVYA\.stm32cubemx\thirdparties\pdsc\WES.I-CUBE-Cesium.1.4.0.pdsc: PDSC version is not supported
2026-05-28 14:49:31,324 [WARN] PackLoader:240 - Cannot read IP mode file for STMicroelectronics.X-CUBE-AZRTOS-H7.3.4.0
2026-05-28 14:49:31,340 [WARN] PackLoader:240 - Cannot read IP mode file for STMicroelectronics.X-CUBE-DISPLAY.3.0.0
2026-05-28 14:49:31,357 [WARN] PackLoader:240 - Cannot read IP mode file for STMicroelectronics.X-CUBE-GNSS1.7.1.1
2026-05-28 14:49:31,363 [ERROR] Engine:466 - C:\Users\NIVYA\.stm32cubemx\thirdparties\pdsc\STMicroelectronics.FP-SNS-MOTENVWB1.1.5.0.pdsc: PDSC version is not supported
2026-05-28 14:49:31,373 [WARN] PackLoader:240 - Cannot read IP mode file for STMicroelectronics.X-CUBE-NFC10.1.0.0
2026-05-28 14:49:31,383 [WARN] PackLoader:240 - Cannot read IP mode file for STMicroelectronics.X-CUBE-ST60.1.1.0
2026-05-28 14:49:31,393 [WARN] PackLoader:240 - Cannot read IP mode file for emotas.I-CUBE-CANOPEN.1.3.0
2026-05-28 14:49:31,399 [WARN] PackLoader:240 - Cannot read IP mode file for STMicroelectronics.X-CUBE-GNSS1.7.1.0
2026-05-28 14:49:31,404 [ERROR] Engine:466 - C:\Users\NIVYA\.stm32cubemx\thirdparties\pdsc\STMicroelectronics.FP-SNS-STBOX1.2.1.0.pdsc: PDSC version is not supported
2026-05-28 14:49:31,410 [WARN] PackLoader:240 - Cannot read IP mode file for STMicroelectronics.FP-SNS-SMARTAG2.1.2.0
2026-05-28 14:49:31,418 [WARN] PackLoader:240 - Cannot read IP mode file for STMicroelectronics.FP-SNS-FLIGHT1.5.1.0
2026-05-28 14:49:31,430 [INFO] LogOutputStream:77 - [STDOUT_REDIRECT] 1 : Invalid condition id : UX_CORESTACK_Condition cause : null
2026-05-28 14:49:31,431 [INFO] LogOutputStream:77 - [STDOUT_REDIRECT] 1 : Invalid condition id : UX_CORESTACK_Condition cause : null
2026-05-28 14:49:31,433 [INFO] LogOutputStream:77 - [STDOUT_REDIRECT] 1 : Invalid condition id : UX_CORESTACK_Condition cause : null
2026-05-28 14:49:31,435 [INFO] LogOutputStream:77 - [STDOUT_REDIRECT] 1 : Invalid condition id : UX_CORESTACK_Condition cause : null
2026-05-28 14:49:31,436 [INFO] LogOutputStream:77 - [STDOUT_REDIRECT] 1 : Invalid condition id : UX_CORESTACK_Condition cause : null
2026-05-28 14:49:31,439 [WARN] PackLoader:240 - Cannot read IP mode file for STMicroelectronics.X-CUBE-AZRTOS-WL.2.0.0
2026-05-28 14:49:31,457 [WARN] PackLoader:240 - Cannot read IP mode file for STMicroelectronics.X-CUBE-AZRTOS-H7RS.1.2.0
2026-05-28 14:49:31,465 [WARN] PackLoader:240 - Cannot read IP mode file for STMicroelectronics.X-CUBE-BLE2.3.3.0
2026-05-28 14:49:31,534 [WARN] PackLoader:240 - Cannot read IP mode file for Infineon.AIROC-Wi-Fi-Bluetooth-STM32.1.8.0
2026-05-28 14:49:31,551 [WARN] PackLoader:240 - Cannot read IP mode file for STMicroelectronics.X-CUBE-NFC9.1.0.0
2026-05-28 14:49:31,563 [WARN] PackLoader:240 - Cannot read IP mode file for wolfSSL.I-CUBE-wolfSSL.5.8.2
2026-05-28 14:49:31,572 [WARN] PackLoader:240 - Cannot read IP mode file for STMicroelectronics.X-CUBE-BLE1.7.1.0
2026-05-28 14:49:31,579 [WARN] PackLoader:240 - Cannot read IP mode file for wolfSSL.I-CUBE-wolfMQTT.1.19.2
2026-05-28 14:49:31,585 [ERROR] Engine:466 - C:\Users\NIVYA\.stm32cubemx\thirdparties\pdsc\STMicroelectronics.X-CUBE-FREERTOS.1.4.0.pdsc: PDSC version is not supported
2026-05-28 14:49:31,596 [WARN] PackLoader:240 - Cannot read IP mode file for STMicroelectronics.X-CUBE-EEPRMA1.5.2.0
2026-05-28 14:49:31,609 [WARN] PackLoader:240 - Cannot read IP mode file for Cesanta.I-CUBE-Mongoose.7.20.0
2026-05-28 14:49:31,615 [ERROR] Engine:466 - C:\Users\NIVYA\.stm32cubemx\thirdparties\pdsc\STMicroelectronics.X-CUBE-ST67W61.1.1.0.pdsc: PDSC version is not supported
2026-05-28 14:49:31,619 [ERROR] Engine:466 - C:\Users\NIVYA\.stm32cubemx\thirdparties\pdsc\STMicroelectronics.FP-SNS-STAIOTCFT.1.1.0.pdsc: PDSC version is not supported
2026-05-28 14:49:31,704 [WARN] PackLoader:240 - Cannot read IP mode file for STMicroelectronics.X-CUBE-MEMS1.12.0.0
2026-05-28 14:49:31,810 [WARN] PackLoader:240 - Cannot read IP mode file for STMicroelectronics.X-CUBE-AZRTOS-G0.1.1.0
2026-05-28 14:49:31,817 [WARN] PackLoader:240 - Cannot read IP mode file for STMicroelectronics.X-CUBE-NFC4.3.0.0
2026-05-28 14:49:31,828 [WARN] PackLoader:240 - Cannot read IP mode file for EmbeddedOffice.I-CUBE-FS-RTOS.1.0.1
2026-05-28 14:49:31,835 [WARN] PackLoader:240 - Cannot read IP mode file for STMicroelectronics.X-CUBE-WB05N.2.0.0
2026-05-28 14:49:31,842 [WARN] PackLoader:240 - Cannot read IP mode file for wolfSSL.I-CUBE-wolfTPM.3.8.0
2026-05-28 14:49:31,848 [WARN] PackLoader:240 - Cannot read IP mode file for STMicroelectronics.X-CUBE-TCPP.4.2.0
2026-05-28 14:49:31,855 [WARN] PackLoader:240 - Cannot read IP mode file for RealThread.X-CUBE-RT-Thread_Nano.4.1.1
2026-05-28 14:49:31,860 [WARN] PackLoader:240 - Cannot read IP mode file for STMicroelectronics.FP-ATR-SIGFOX1.3.2.0
2026-05-28 14:49:31,864 [ERROR] Engine:466 - C:\Users\NIVYA\.stm32cubemx\thirdparties\pdsc\STMicroelectronics.X-CUBE-FREERTOS.1.5.0.pdsc: PDSC version is not supported
2026-05-28 14:49:31,870 [WARN] PackLoader:240 - Cannot read IP mode file for ITTIA_DB.I-CUBE-ITTIADB.8.9.0
2026-05-28 14:49:31,876 [WARN] PackLoader:240 - Cannot read IP mode file for STMicroelectronics.X-CUBE-NFC6.3.2.0
2026-05-28 14:49:31,883 [WARN] PackLoader:240 - Cannot read IP mode file for STMicroelectronics.X-CUBE-AI.10.2.0
2026-05-28 14:49:31,928 [WARN] PackLoader:240 - Cannot read IP mode file for STMicroelectronics.X-CUBE-MEMS1.12.1.0
2026-05-28 14:49:32,091 [WARN] PackLoader:240 - Cannot read IP mode file for SEGGER.I-CUBE-embOS.1.3.1
2026-05-28 14:49:32,141 [WARN] PackLoader:240 - Cannot read IP mode file for STMicroelectronics.X-CUBE-ALGOBUILD.1.4.0
2026-05-28 14:49:32,149 [WARN] PackLoader:240 - Cannot read IP mode file for STMicroelectronics.X-CUBE-PM33A1.1.0.0
2026-05-28 14:49:32,165 [WARN] PackLoader:240 - Cannot read IP mode file for STMicroelectronics.X-CUBE-AZRTOS-F4.1.1.0
2026-05-28 14:49:32,175 [WARN] PackLoader:240 - Cannot read IP mode file for STMicroelectronics.X-CUBE-ISPU.2.1.0
2026-05-28 14:49:32,193 [ERROR] Engine:466 - C:\Users\NIVYA\.stm32cubemx\thirdparties\pdsc\STMicroelectronics.X-CUBE-IPS.3.2.0.pdsc: PDSC version is not supported
2026-05-28 14:49:32,200 [WARN] PackLoader:240 - Cannot read IP mode file for STMicroelectronics.eDS-WB_DPC_TT-BIDIR.2.1.1
2026-05-28 14:49:32,208 [WARN] PackLoader:240 - Cannot read IP mode file for STMicroelectronics.X-CUBE-NFC12.1.0.0
2026-05-28 14:49:32,227 [WARN] PackLoader:240 - Cannot read IP mode file for STMicroelectronics.X-CUBE-AZRTOS-L5.2.0.0
2026-05-28 14:49:32,238 [WARN] PackLoader:240 - Cannot read IP mode file for STMicroelectronics.X-CUBE-NFC6.3.1.0
2026-05-28 14:49:32,248 [WARN] PackLoader:240 - Cannot read IP mode file for STMicroelectronics.X-CUBE-ALGOBUILD.1.5.0
2026-05-28 14:49:32,254 [WARN] PackLoader:240 - Cannot read IP mode file for STMicroelectronics.eDS-WB_DPC_VIENNA.1.2.0
2026-05-28 14:49:32,259 [WARN] PackLoader:240 - Cannot read IP mode file for STMicroelectronics.eDS-WB_DPC_3PH2L-BIDIR.1.1.1
2026-05-28 14:49:32,263 [ERROR] Engine:466 - C:\Users\NIVYA\.stm32cubemx\thirdparties\pdsc\STMicroelectronics.X-CUBE-ST67W61.1.3.0.pdsc: PDSC version is not supported
2026-05-28 14:49:32,274 [WARN] PackLoader:240 - Cannot read IP mode file for STMicroelectronics.X-CUBE-TOUCHGFX.4.26.0
2026-05-28 14:49:32,278 [WARN] PackLoader:240 - Cannot read IP mode file for STMicroelectronics.X-CUBE-TOUCHGFX.4.26.1
2026-05-28 14:49:32,284 [WARN] PackLoader:240 - Cannot read IP mode file for STMicroelectronics.FP-SNS-STAIOTCFT.1.0.0
2026-05-28 14:49:32,291 [WARN] PackLoader:240 - Cannot read IP mode file for STMicroelectronics.X-CUBE-DPower.1.3.0
2026-05-28 14:49:32,304 [WARN] ConditionMgr:438 - getConditionDescription Invalid condition id : LAN8742 Phy interface Condition cause : null
2026-05-28 14:49:32,305 [WARN] PackLoader:240 - Cannot read IP mode file for STMicroelectronics.X-CUBE-AZRTOS-L4.2.0.0
2026-05-28 14:49:32,306 [WARN] ConditionMgr:1044 - genDependencies : Invalid condition id : LAN8742 Phy interface Condition cause : null
2026-05-28 14:49:32,306 [WARN] ConditionMgr:1044 - genDependencies : Invalid condition id : LAN8742 Phy interface Condition cause : null
2026-05-28 14:49:32,306 [WARN] ConditionMgr:1044 - genDependencies : Invalid condition id : LAN8742 Phy interface Condition cause : null
2026-05-28 14:49:32,314 [WARN] PackLoader:240 - Cannot read IP mode file for STMicroelectronics.X-CUBE-SFXS2LP1.4.0.0
2026-05-28 14:49:32,319 [WARN] PackLoader:240 - Cannot read IP mode file for STMicroelectronics.X-CUBE-WB05N.2.1.0
2026-05-28 14:49:32,324 [ERROR] Engine:466 - C:\Users\NIVYA\.stm32cubemx\thirdparties\pdsc\STMicroelectronics.X-CUBE-ST67W61.1.2.0.pdsc: PDSC version is not supported
2026-05-28 14:49:32,332 [WARN] PackLoader:240 - Cannot read IP mode file for STMicroelectronics.X-CUBE-BLEMGR.4.1.0
2026-05-28 14:49:32,344 [WARN] ConditionMgr:438 - getConditionDescription Invalid condition id : UX DEVICE CLASS RTOS Condition cause : null
2026-05-28 14:49:32,345 [WARN] ConditionMgr:438 - getConditionDescription Invalid condition id : UX DEVICE CLASS RTOS Condition cause : null
2026-05-28 14:49:32,346 [WARN] PackLoader:240 - Cannot read IP mode file for STMicroelectronics.X-CUBE-AZRTOS-WB.2.0.0
2026-05-28 14:49:32,346 [WARN] ConditionMgr:1044 - genDependencies : Invalid condition id : UX DEVICE CLASS RTOS Condition cause : null
2026-05-28 14:49:32,346 [WARN] ConditionMgr:1044 - genDependencies : Invalid condition id : UX DEVICE CLASS RTOS Condition cause : null
2026-05-28 14:49:32,348 [WARN] ConditionMgr:1044 - genDependencies : Invalid condition id : UX DEVICE CLASS RTOS Condition cause : null
2026-05-28 14:49:32,348 [WARN] ConditionMgr:1044 - genDependencies : Invalid condition id : UX DEVICE CLASS RTOS Condition cause : null
2026-05-28 14:49:32,348 [WARN] ConditionMgr:1044 - genDependencies : Invalid condition id : UX DEVICE CLASS RTOS Condition cause : null
2026-05-28 14:49:32,353 [WARN] ConditionMgr:438 - getConditionDescription Invalid condition id : Cortex-A Device cause : null
2026-05-28 14:49:32,362 [WARN] ConditionMgr:1044 - genDependencies : Invalid condition id : Cortex-A Device cause : null
2026-05-28 14:49:32,362 [WARN] ConditionMgr:1044 - genDependencies : Invalid condition id : Cortex-A Device cause : null
2026-05-28 14:49:32,362 [WARN] ConditionMgr:1044 - genDependencies : Invalid condition id : Cortex-A Device cause : null
2026-05-28 14:49:32,369 [WARN] PackLoader:240 - Cannot read IP mode file for STMicroelectronics.X-CUBE-STSE01.2.0.0
2026-05-28 14:49:32,378 [WARN] PackLoader:240 - Cannot read IP mode file for STMicroelectronics.X-CUBE-SUBG2.5.0.0
2026-05-28 14:49:32,392 [WARN] PackLoader:240 - Cannot read IP mode file for STMicroelectronics.X-CUBE-AZRTOS-G4.2.0.0
2026-05-28 14:49:32,399 [WARN] PackLoader:240 - Cannot read IP mode file for wolfSSL.I-CUBE-wolfSSH.1.4.20
2026-05-28 14:49:32,403 [WARN] PackLoader:240 - Cannot read IP mode file for STMicroelectronics.X-CUBE-NFC7.2.0.0
2026-05-28 14:49:32,409 [WARN] PackLoader:240 - Cannot read IP mode file for STMicroelectronics.X-CUBE-ALS.1.0.2
2026-05-28 14:49:32,415 [WARN] PackLoader:240 - Cannot read IP mode file for STMicroelectronics.X-CUBE-STSE01.1.0.0
2026-05-28 14:49:32,425 [WARN] PackLoader:240 - Cannot read IP mode file for STMicroelectronics.X-CUBE-TOF1.3.4.3
2026-05-28 14:49:32,434 [INFO] ThirdParty:978 - Integrity check success = true
2026-05-28 14:49:32,434 [INFO] IntegrityCheckThread:100 - exiting critical section [integrity check]
2026-05-28 14:49:32,434 [INFO] IntegrityCheckThread:103 - End integrity checks thread
2026-05-28 14:49:32,995 [INFO] WebApp:463 - Apply proxy settings
2026-05-28 14:49:32,997 [INFO] WebApp:548 - Chromium requires no authentication
2026-05-28 14:49:33,022 [INFO] WebApp:491 - Direct internet connection detected
2026-05-28 14:49:33,063 [INFO] WebApp:894 - Register for checkConnection events
2026-05-28 14:49:33,064 [INFO] WebApp:463 - Apply proxy settings
2026-05-28 14:49:33,064 [INFO] WebApp:548 - Chromium requires no authentication
2026-05-28 14:49:33,065 [INFO] WebApp:491 - Direct internet connection detected
2026-05-28 14:49:33,324 [INFO] WebApp:225 - Starting web application
2026-05-28 14:49:33,325 [INFO] WebApp:593 - Web application path used C:\ST\STM32CubeIDE_1.18.1\STM32CubeIDE\plugins\com.st.stm32cube.common.mx_6.14.1.202504091515\db\plugins\mcufinder\reactClient1\index.html
2026-05-28 14:49:33,482 [INFO] WebApp:191 - Connection restablished
2026-05-28 14:49:33,887 [ERROR] LogOutputStream:75 - [STDERR_REDIRECT] [Fatal Error] :1:1: Premature end of file.
2026-05-28 14:49:33,887 [ERROR] LogOutputStream:75 - [STDERR_REDIRECT] 
2026-05-28 14:49:34,838 [ERROR] LogOutputStream:75 - [STDERR_REDIRECT] [Fatal Error] :1:1: Premature end of file.
2026-05-28 14:49:34,838 [ERROR] LogOutputStream:75 - [STDERR_REDIRECT] 
2026-05-28 14:49:35,798 [ERROR] LogOutputStream:75 - [STDERR_REDIRECT] [Fatal Error] :1:1: Premature end of file.
2026-05-28 14:49:35,798 [ERROR] LogOutputStream:75 - [STDERR_REDIRECT] 
2026-05-28 14:49:36,805 [ERROR] LogOutputStream:75 - [STDERR_REDIRECT] [Fatal Error] :1:1: Premature end of file.
2026-05-28 14:49:36,806 [ERROR] LogOutputStream:75 - [STDERR_REDIRECT] 
2026-05-28 14:49:37,807 [ERROR] LogOutputStream:75 - [STDERR_REDIRECT] [Fatal Error] :1:1: Premature end of file.
2026-05-28 14:49:37,807 [ERROR] LogOutputStream:75 - [STDERR_REDIRECT] 
2026-05-28 14:49:38,802 [ERROR] LogOutputStream:75 - [STDERR_REDIRECT] [Fatal Error] :1:1: Premature end of file.
2026-05-28 14:49:38,802 [ERROR] LogOutputStream:75 - [STDERR_REDIRECT] 
2026-05-28 14:49:39,805 [ERROR] LogOutputStream:75 - [STDERR_REDIRECT] [Fatal Error] :1:1: Premature end of file.
2026-05-28 14:49:39,805 [ERROR] LogOutputStream:75 - [STDERR_REDIRECT] 
2026-05-28 14:49:40,804 [ERROR] LogOutputStream:75 - [STDERR_REDIRECT] [Fatal Error] :1:1: Premature end of file.
2026-05-28 14:49:40,804 [ERROR] LogOutputStream:75 - [STDERR_REDIRECT] 
2026-05-28 14:49:41,836 [ERROR] LogOutputStream:75 - [STDERR_REDIRECT] [Fatal Error] :1:1: Premature end of file.
2026-05-28 14:49:41,836 [ERROR] LogOutputStream:75 - [STDERR_REDIRECT] 
2026-05-28 14:49:42,810 [ERROR] LogOutputStream:75 - [STDERR_REDIRECT] [Fatal Error] :1:1: Premature end of file.
2026-05-28 14:49:42,810 [ERROR] LogOutputStream:75 - [STDERR_REDIRECT] 
2026-05-28 14:49:43,808 [ERROR] LogOutputStream:75 - [STDERR_REDIRECT] [Fatal Error] :1:1: Premature end of file.
2026-05-28 14:49:43,809 [ERROR] LogOutputStream:75 - [STDERR_REDIRECT] 
2026-05-28 14:49:44,810 [ERROR] LogOutputStream:75 - [STDERR_REDIRECT] [Fatal Error] :1:1: Premature end of file.
2026-05-28 14:49:44,810 [ERROR] LogOutputStream:75 - [STDERR_REDIRECT] 
2026-05-28 14:49:45,813 [ERROR] LogOutputStream:75 - [STDERR_REDIRECT] [Fatal Error] :1:1: Premature end of file.
2026-05-28 14:49:45,813 [ERROR] LogOutputStream:75 - [STDERR_REDIRECT] 
2026-05-28 14:49:46,806 [ERROR] LogOutputStream:75 - [STDERR_REDIRECT] [Fatal Error] :1:1: Premature end of file.
2026-05-28 14:49:46,806 [ERROR] LogOutputStream:75 - [STDERR_REDIRECT] 
2026-05-28 14:49:47,823 [ERROR] LogOutputStream:75 - [STDERR_REDIRECT] [Fatal Error] :1:1: Premature end of file.
2026-05-28 14:49:47,824 [ERROR] LogOutputStream:75 - [STDERR_REDIRECT] 
2026-05-28 14:49:48,801 [ERROR] LogOutputStream:75 - [STDERR_REDIRECT] [Fatal Error] :1:1: Premature end of file.
2026-05-28 14:49:48,802 [ERROR] LogOutputStream:75 - [STDERR_REDIRECT] 
2026-05-28 14:49:49,807 [ERROR] LogOutputStream:75 - [STDERR_REDIRECT] [Fatal Error] :1:1: Premature end of file.
2026-05-28 14:49:49,807 [ERROR] LogOutputStream:75 - [STDERR_REDIRECT] 
2026-05-28 14:49:50,808 [ERROR] LogOutputStream:75 - [STDERR_REDIRECT] [Fatal Error] :1:1: Premature end of file.
2026-05-28 14:49:50,808 [ERROR] LogOutputStream:75 - [STDERR_REDIRECT] 
2026-05-28 14:49:51,804 [ERROR] LogOutputStream:75 - [STDERR_REDIRECT] [Fatal Error] :1:1: Premature end of file.
2026-05-28 14:49:51,804 [ERROR] LogOutputStream:75 - [STDERR_REDIRECT] 
2026-05-28 14:49:52,808 [ERROR] LogOutputStream:75 - [STDERR_REDIRECT] [Fatal Error] :1:1: Premature end of file.
2026-05-28 14:49:52,808 [ERROR] LogOutputStream:75 - [STDERR_REDIRECT] 
2026-05-28 14:49:53,801 [ERROR] LogOutputStream:75 - [STDERR_REDIRECT] [Fatal Error] :1:1: Premature end of file.
2026-05-28 14:49:53,801 [ERROR] LogOutputStream:75 - [STDERR_REDIRECT] 
2026-05-28 14:49:54,825 [ERROR] LogOutputStream:75 - [STDERR_REDIRECT] [Fatal Error] :1:1: Premature end of file.
2026-05-28 14:49:54,825 [ERROR] LogOutputStream:75 - [STDERR_REDIRECT] 
2026-05-28 14:49:55,809 [ERROR] LogOutputStream:75 - [STDERR_REDIRECT] [Fatal Error] :1:1: Premature end of file.
2026-05-28 14:49:55,810 [ERROR] LogOutputStream:75 - [STDERR_REDIRECT] 
2026-05-28 14:49:56,815 [ERROR] LogOutputStream:75 - [STDERR_REDIRECT] [Fatal Error] :1:1: Premature end of file.
2026-05-28 14:49:56,815 [ERROR] LogOutputStream:75 - [STDERR_REDIRECT] 
2026-05-28 14:49:57,846 [ERROR] LogOutputStream:75 - [STDERR_REDIRECT] [Fatal Error] :1:1: Premature end of file.
2026-05-28 14:49:57,846 [ERROR] LogOutputStream:75 - [STDERR_REDIRECT] 
2026-05-28 14:49:58,829 [ERROR] LogOutputStream:75 - [STDERR_REDIRECT] [Fatal Error] :1:1: Premature end of file.
2026-05-28 14:49:58,829 [ERROR] LogOutputStream:75 - [STDERR_REDIRECT] 
2026-05-28 14:49:59,828 [ERROR] LogOutputStream:75 - [STDERR_REDIRECT] [Fatal Error] :1:1: Premature end of file.
2026-05-28 14:49:59,828 [ERROR] LogOutputStream:75 - [STDERR_REDIRECT] 
2026-05-28 14:50:00,811 [ERROR] LogOutputStream:75 - [STDERR_REDIRECT] [Fatal Error] :1:1: Premature end of file.
2026-05-28 14:50:00,811 [ERROR] LogOutputStream:75 - [STDERR_REDIRECT] 
2026-05-28 14:50:01,806 [ERROR] LogOutputStream:75 - [STDERR_REDIRECT] [Fatal Error] :1:1: Premature end of file.
2026-05-28 14:50:01,807 [ERROR] LogOutputStream:75 - [STDERR_REDIRECT] 
2026-05-28 14:50:02,189 [INFO] McuFinderGlobals:63 - Set McuFinder mode to 2 (CubeIDE integrated)
2026-05-28 14:50:02,195 [INFO] MainUpdater:2872 - connection check result : 10
2026-05-28 14:50:02,199 [INFO] McuFinderGlobals:76 - Set McuFinderConnectedMode to true
2026-05-28 14:50:02,620 [INFO] ServerAccessManage:473 - Download File mcusAds.json._tmp_
2026-05-28 14:50:02,746 [INFO] LoadUrlFilesThread:156 - End of LoadUrlFiles Thread
2026-05-28 14:50:02,819 [ERROR] LogOutputStream:75 - [STDERR_REDIRECT] [Fatal Error] :1:1: Premature end of file.
2026-05-28 14:50:02,821 [ERROR] LogOutputStream:75 - [STDERR_REDIRECT] 
2026-05-28 14:50:02,937 [INFO] ServerAccessManage:473 - Download File cube-finder-db.zip
2026-05-28 14:50:03,834 [ERROR] LogOutputStream:75 - [STDERR_REDIRECT] [Fatal Error] :1:1: Premature end of file.
2026-05-28 14:50:03,834 [ERROR] LogOutputStream:75 - [STDERR_REDIRECT] 
2026-05-28 14:50:04,835 [ERROR] LogOutputStream:75 - [STDERR_REDIRECT] [Fatal Error] :1:1: Premature end of file.
2026-05-28 14:50:04,835 [ERROR] LogOutputStream:75 - [STDERR_REDIRECT] 
2026-05-28 14:50:05,805 [ERROR] LogOutputStream:75 - [STDERR_REDIRECT] [Fatal Error] :1:1: Premature end of file.
2026-05-28 14:50:05,806 [ERROR] LogOutputStream:75 - [STDERR_REDIRECT] 
2026-05-28 14:50:06,799 [ERROR] LogOutputStream:75 - [STDERR_REDIRECT] [Fatal Error] :1:1: Premature end of file.
2026-05-28 14:50:06,799 [ERROR] LogOutputStream:75 - [STDERR_REDIRECT] 
2026-05-28 14:50:07,819 [ERROR] LogOutputStream:75 - [STDERR_REDIRECT] [Fatal Error] :1:1: Premature end of file.
2026-05-28 14:50:07,819 [ERROR] LogOutputStream:75 - [STDERR_REDIRECT] 
2026-05-28 14:50:08,798 [ERROR] LogOutputStream:75 - [STDERR_REDIRECT] [Fatal Error] :1:1: Premature end of file.
2026-05-28 14:50:08,798 [ERROR] LogOutputStream:75 - [STDERR_REDIRECT] 
2026-05-28 14:50:09,830 [ERROR] LogOutputStream:75 - [STDERR_REDIRECT] [Fatal Error] :1:1: Premature end of file.
2026-05-28 14:50:09,830 [ERROR] LogOutputStream:75 - [STDERR_REDIRECT] 
2026-05-28 14:50:10,817 [ERROR] LogOutputStream:75 - [STDERR_REDIRECT] [Fatal Error] :1:1: Premature end of file.
2026-05-28 14:50:10,818 [ERROR] LogOutputStream:75 - [STDERR_REDIRECT] 
2026-05-28 14:50:11,806 [ERROR] LogOutputStream:75 - [STDERR_REDIRECT] [Fatal Error] :1:1: Premature end of file.
2026-05-28 14:50:11,807 [ERROR] LogOutputStream:75 - [STDERR_REDIRECT] 
2026-05-28 14:50:12,804 [ERROR] LogOutputStream:75 - [STDERR_REDIRECT] [Fatal Error] :1:1: Premature end of file.
2026-05-28 14:50:12,804 [ERROR] LogOutputStream:75 - [STDERR_REDIRECT] 
2026-05-28 14:50:13,801 [ERROR] LogOutputStream:75 - [STDERR_REDIRECT] [Fatal Error] :1:1: Premature end of file.
2026-05-28 14:50:13,803 [ERROR] LogOutputStream:75 - [STDERR_REDIRECT] 
2026-05-28 14:50:14,825 [ERROR] LogOutputStream:75 - [STDERR_REDIRECT] [Fatal Error] :1:1: Premature end of file.
2026-05-28 14:50:14,825 [ERROR] LogOutputStream:75 - [STDERR_REDIRECT] 
2026-05-28 14:50:15,809 [ERROR] LogOutputStream:75 - [STDERR_REDIRECT] [Fatal Error] :1:1: Premature end of file.
2026-05-28 14:50:15,810 [ERROR] LogOutputStream:75 - [STDERR_REDIRECT] 
2026-05-28 14:50:16,804 [ERROR] LogOutputStream:75 - [STDERR_REDIRECT] [Fatal Error] :1:1: Premature end of file.
2026-05-28 14:50:16,804 [ERROR] LogOutputStream:75 - [STDERR_REDIRECT] 
2026-05-28 14:50:17,807 [ERROR] LogOutputStream:75 - [STDERR_REDIRECT] [Fatal Error] :1:1: Premature end of file.
2026-05-28 14:50:17,807 [ERROR] LogOutputStream:75 - [STDERR_REDIRECT] 
2026-05-28 14:50:18,806 [ERROR] LogOutputStream:75 - [STDERR_REDIRECT] [Fatal Error] :1:1: Premature end of file.
2026-05-28 14:50:18,806 [ERROR] LogOutputStream:75 - [STDERR_REDIRECT] 
2026-05-28 14:50:19,448 [INFO] FileExtend:242 - Unzip File : cube-finder-db.zip
2026-05-28 14:50:19,449 [INFO] FileExtend:257 - Standard Zip Deflate
2026-05-28 14:50:19,819 [ERROR] LogOutputStream:75 - [STDERR_REDIRECT] [Fatal Error] :1:1: Premature end of file.
2026-05-28 14:50:19,819 [ERROR] LogOutputStream:75 - [STDERR_REDIRECT] 
2026-05-28 14:50:20,612 [INFO] LoadUrlFilesThread:156 - End of LoadUrlFiles Thread
2026-05-28 14:50:20,808 [ERROR] LogOutputStream:75 - [STDERR_REDIRECT] [Fatal Error] :1:1: Premature end of file.
2026-05-28 14:50:20,808 [ERROR] LogOutputStream:75 - [STDERR_REDIRECT] 
2026-05-28 14:50:21,833 [ERROR] LogOutputStream:75 - [STDERR_REDIRECT] [Fatal Error] :1:1: Premature end of file.
2026-05-28 14:50:21,833 [ERROR] LogOutputStream:75 - [STDERR_REDIRECT] 
2026-05-28 14:50:21,897 [INFO] ServerAccessManage:473 - Download File crdb.zip
2026-05-28 14:50:22,806 [ERROR] LogOutputStream:75 - [STDERR_REDIRECT] [Fatal Error] :1:1: Premature end of file.
2026-05-28 14:50:22,806 [ERROR] LogOutputStream:75 - [STDERR_REDIRECT] 
2026-05-28 14:50:23,233 [INFO] FileExtend:242 - Unzip File : crdb.zip
2026-05-28 14:50:23,235 [INFO] FileExtend:257 - Standard Zip Deflate
2026-05-28 14:50:23,453 [INFO] LoadUrlFilesThread:156 - End of LoadUrlFiles Thread
2026-05-28 14:50:23,630 [INFO] ServerAccessManage:473 - Download File tutoVideoDB.zip
2026-05-28 14:50:23,677 [INFO] FileExtend:242 - Unzip File : tutoVideoDB.zip
2026-05-28 14:50:23,677 [INFO] FileExtend:257 - Standard Zip Deflate
2026-05-28 14:50:23,799 [INFO] LoadUrlFilesThread:156 - End of LoadUrlFiles Thread
2026-05-28 14:50:23,803 [WARN] DbFile:41 - Overriding database path with different value: C:\Users\NIVYA\.stmcufinder\plugins\mcufinder/ => C:\Users\NIVYA\.stmcufinder\plugins\mcufinder
2026-05-28 14:50:23,832 [ERROR] LogOutputStream:75 - [STDERR_REDIRECT] [Fatal Error] :1:1: Premature end of file.
2026-05-28 14:50:23,833 [ERROR] LogOutputStream:75 - [STDERR_REDIRECT] 
2026-05-28 14:50:24,063 [ERROR] ServerAccessManage:1089 - Problem, file not found on Server
2026-05-28 14:50:24,066 [ERROR] ServerAccessManage:651 - Problem, file not found on Server : api_config.json.
2026-05-28 14:50:24,810 [ERROR] LogOutputStream:75 - [STDERR_REDIRECT] [Fatal Error] :1:1: Premature end of file.
2026-05-28 14:50:24,810 [ERROR] LogOutputStream:75 - [STDERR_REDIRECT] 
2026-05-28 14:50:25,807 [ERROR] LogOutputStream:75 - [STDERR_REDIRECT] [Fatal Error] :1:1: Premature end of file.
2026-05-28 14:50:25,807 [ERROR] LogOutputStream:75 - [STDERR_REDIRECT] 
2026-05-28 14:50:26,804 [ERROR] LogOutputStream:75 - [STDERR_REDIRECT] [Fatal Error] :1:1: Premature end of file.
2026-05-28 14:50:26,804 [ERROR] LogOutputStream:75 - [STDERR_REDIRECT] 
2026-05-28 14:50:27,223 [INFO] LoadUrlFilesThread:156 - End of LoadUrlFiles Thread
2026-05-28 14:50:27,805 [ERROR] LogOutputStream:75 - [STDERR_REDIRECT] [Fatal Error] :1:1: Premature end of file.
2026-05-28 14:50:27,806 [ERROR] LogOutputStream:75 - [STDERR_REDIRECT] 
2026-05-28 14:50:28,798 [ERROR] LogOutputStream:75 - [STDERR_REDIRECT] [Fatal Error] :1:1: Premature end of file.
2026-05-28 14:50:28,799 [ERROR] LogOutputStream:75 - [STDERR_REDIRECT] 
2026-05-28 14:50:29,346 [INFO] DbMcusAds:53 - JSON generation date=Mon Apr 27 13:44:29 IST 2026 (1777277669924)
2026-05-28 14:50:29,375 [ERROR] TargetSelectorAdapter:267 - Unable to refresh data
2026-05-28 14:50:29,739 [INFO] ApiDb:581 - Connected to CubeFinder SQLite database (C:\Users\NIVYA\.stmcufinder\plugins\mcufinder\mcu\cube-finder-db.db)
2026-05-28 14:50:29,796 [ERROR] LogOutputStream:75 - [STDERR_REDIRECT] [Fatal Error] :1:1: Premature end of file.
2026-05-28 14:50:29,796 [ERROR] LogOutputStream:75 - [STDERR_REDIRECT] 
2026-05-28 14:50:29,874 [INFO] ApiDb:668 - CubeFinder database Data Model version=2.1
2026-05-28 14:50:29,875 [INFO] ApiDb:669 - CubeFinder database Configuration version=3.0.42
2026-05-28 14:50:29,875 [INFO] ApiDb:670 - CubeFinder database generation date=2026-05-06 (1778060171)
2026-05-28 14:50:29,875 [INFO] ApiDb:671 - CubeFinder database FW Pack versions=[FP-ATR-ASTRA1_V2.0.0, FP-SNS-FLIGHT1_V5.1.0, FP-SNS-MOTENV1_V5.1.0, FP-SNS-MOTENVWB1_V1.5.0, FP-SNS-SMARTAG2_V1.2.0, FP-SNS-STBOX1_V2.1.0, STM32Cube_FW_C0_V1.4.0, STM32Cube_FW_F4_V1.28.3, STM32Cube_FW_F7_V1.17.4, STM32Cube_FW_G0_V1.6.3, STM32Cube_FW_G4_V1.6.2, STM32Cube_FW_H5_V1.6.0, STM32Cube_FW_H7RS_V1.3.0, STM32Cube_FW_H7_V1.13.0, STM32Cube_FW_L0_V1.12.2, STM32Cube_FW_L4_V1.18.2, STM32Cube_FW_L5_V1.6.0, STM32Cube_FW_N6_V1.3.0, STM32Cube_FW_U0_V1.3.0, STM32Cube_FW_U3_V1.3.0, STM32Cube_FW_U5_V1.8.0, STM32Cube_FW_WB0_V1.4.0, STM32Cube_FW_WBA_V1.9.0, STM32Cube_FW_WB_V1.24.0, STM32Cube_FW_WL3_V1.4.0, STM32Cube_FW_WL_V1.5.0, X-CUBE-ALGOBUILD_V1.4.0, X-CUBE-ALS_V1.0.2, X-CUBE-AZRTOS-F4_V1.1.0, X-CUBE-AZRTOS-F7_V1.1.0, X-CUBE-AZRTOS-G0_V1.1.0, X-CUBE-AZRTOS-G4_V2.0.0, X-CUBE-AZRTOS-H7RS_V1.1.0, X-CUBE-AZRTOS-H7_V3.5.0, X-CUBE-AZRTOS-L4_V2.0.0, X-CUBE-AZRTOS-L5_V2.0.0, X-CUBE-AZRTOS-WB_V2.0.0, X-CUBE-AZRTOS-WL_V2.0.0, X-CUBE-BLE1_V7.1.0, X-CUBE-BLE2_V3.3.0, X-CUBE-BLEMGR_V4.1.0, X-CUBE-EEPRMA1_V5.2.0, X-CUBE-FREERTOS_V1.5.0, X-CUBE-GNSS1_V6.0.0, X-CUBE-MEMS1_V12.0.0, X-CUBE-NFC4_V3.0.0, X-CUBE-NFC7_V2.0.0, X-CUBE-SFXS2LP1_V4.0.0, X-CUBE-ST67W61_V1.2.0, X-CUBE-SUBG2_V5.0.0, X-CUBE-TOF1_V3.4.3]
2026-05-28 14:50:29,961 [INFO] DbBoardsSqlite:226 - include board P-NUCLEO-WB55-NUCLEO as a kit item of type 'Nucleo-64'
2026-05-28 14:50:29,961 [INFO] DbBoardsSqlite:226 - include board P-NUCLEO-WB55-USBDONGLE as a kit item of type 'Nucleo USB Dongle'
2026-05-28 14:50:29,961 [INFO] DbBoardsSqlite:226 - include board STEVAL-IDP005V1 as a kit item of type 'Evaluation Board'
2026-05-28 14:50:29,962 [INFO] DbBoardsSqlite:226 - include board STEVAL-IDP005V2 as a kit item of type 'Evaluation Board'
2026-05-28 14:50:30,083 [INFO] ApiDb:240 - Found 895 in-development CPN: [B-G473E-ZEST1S, B-WB1M-WPAN1, B-WBA5M-WPAN, B-WL5M-SUBG1, NUCLEO-C031C6, NUCLEO-C051C8, NUCLEO-C071RB, NUCLEO-C092RC, NUCLEO-H503RB, NUCLEO-H533RE, NUCLEO-H563ZI, NUCLEO-H7S3L8, NUCLEO-N657X0-Q, NUCLEO-U031R8, NUCLEO-U083RC, NUCLEO-U385RG-Q, NUCLEO-U545RE-Q, NUCLEO-U5A5ZJ-Q, NUCLEO-WB05KZ, NUCLEO-WB07CC, NUCLEO-WB09KE, NUCLEO-WBA52CG, NUCLEO-WBA55CG, NUCLEO-WBA65RI, NUCLEO-WL33CC1, NUCLEO-WL33CC2, STEVAL-PROTEUS1, STEVAL-SMARTAG2, STEVAL-STWINBX1, STM320518-EVAL, STM32C0116-DK, STM32C011D6Y3TR, STM32C011D6Y6TR, STM32C011F4P3, STM32C011F4P6, STM32C011F4U3, STM32C011F4U6TR, STM32C011F6P3, STM32C011F6P6, STM32C011F6U3, STM32C011F6U6TR, STM32C011J4M3, STM32C011J4M6, STM32C011J6M3, STM32C011J6M6, STM32C0316-DK, STM32C031C4T3, STM32C031C4T6, STM32C031C4U3, STM32C031C4U6, STM32C031C6T3, STM32C031C6T6, STM32C031C6U3, STM32C031C6U6, STM32C031F4P3, STM32C031F4P6, STM32C031F6P3, STM32C031F6P6, STM32C031G4U3, STM32C031G4U6, STM32C031G6U3, STM32C031G6U6, STM32C031K4T3, STM32C031K4T6, STM32C031K4U3, STM32C031K4U6, STM32C031K6T3, STM32C031K6T6, STM32C031K6U3, STM32C031K6U6, STM32C051C6T6, STM32C051C6U6, STM32C051C8T6, STM32C051C8U6, STM32C051D8Y6TR, STM32C051F6P6, STM32C051F8P6, STM32C051G6U6, STM32C051G8U6, STM32C051K6T6, STM32C051K6U6, STM32C051K8T6, STM32C071C8T6, STM32C071C8T6N, STM32C071C8U6, STM32C071C8U6N, STM32C071CBT6, STM32C071CBT6N, STM32C071CBU6, STM32C071CBU6N, STM32C071F8P6, STM32C071F8P6N, STM32C071FBP6, STM32C071FBP6N, STM32C071FBY6TR, STM32C071G8U6, STM32C071G8U6N, STM32C071GBU6, STM32C071GBU6N, STM32C071K8T6, STM32C071K8T6N, STM32C071K8U6, STM32C071K8U6N, STM32C071KBT6, STM32C071KBT6N, STM32C071KBU6, STM32C071KBU6N, STM32C071R8T6, STM32C071R8T6N, STM32C071RBI6N, STM32C071RBT6, STM32C071RBT6N, STM32C091CBT6, STM32C091CBU6, STM32C091CCT6, STM32C091CCU6, STM32C091ECY6TR, STM32C091FBP6, STM32C091FCP6, STM32C091GBU6, STM32C091GCU6, STM32C091KBT6, STM32C091KBU6, STM32C091KCT6, STM32C091KCU6, STM32C091RBT6, STM32C091RCI6, STM32C091RCT6, STM32C092CBT6, STM32C092CBU6, STM32C092CCT6, STM32C092CCU6, STM32C092ECY6TR, STM32C092FBP6, STM32C092FCP6, STM32C092GBU6, STM32C092GCU6, STM32C092KBT6, STM32C092KBU6, STM32C092KCT6, STM32C092KCU6, STM32C092RBT6, STM32C092RCI6, STM32C092RCT6, STM32G071K8TXN, STM32G071K8UXN, STM32G081GBU6N, STM32G081KBT6N, STM32G081KBUXN, STM32G0B1CCT6N, STM32G0B1KCT6, STM32G0B1NEY6TR, STM32G0B1RCT6N, STM32G0C1CCT6, STM32G0C1CCT6N, STM32G0C1CCU6N, STM32G0C1CET6N, STM32G0C1CEU6N, STM32G0C1KCT6, STM32G0C1NEY6TR, STM32G0C1RCI6N, STM32G0C1RCT6N, STM32G0C1REI6N, STM32G0C1RET6N, STM32G0C1VCI6, STM32G0C1VEI6, STM32G411C6T3, STM32G411C6T6, STM32G411C6U3, STM32G411C6U6, STM32G411C8T3, STM32G411C8T6, STM32G411C8U3, STM32G411C8U6, STM32G411CBT3, STM32G411CBT6, STM32G411CBU3, STM32G411CBU6, STM32G411CCT3, STM32G411CCT6, STM32G411CCU3, STM32G411CCU6, STM32G411K6T3, STM32G411K6T6, STM32G411K6U3, STM32G411K6U6, STM32G411K8T3, STM32G411K8T6, STM32G411K8U3, STM32G411K8U6, STM32G411KBT3, STM32G411KBT6, STM32G411KBU3, STM32G411KBU6, STM32G411M6T3, STM32G411M6T6, STM32G411M8T3, STM32G411M8T6, STM32G411MBT3, STM32G411MBT6, STM32G411MCT3, STM32G411MCT6, STM32G411R6T3, STM32G411R6T6, STM32G411R8T3, STM32G411R8T6, STM32G411RBT3, STM32G411RBT6, STM32G411RCT3, STM32G411RCT6, STM32G414CBT3, STM32G414CBT6, STM32G414CBU3, STM32G414CBU6, STM32G414CCT3, STM32G414CCT6, STM32G414CCU3, STM32G414CCU6, STM32G414MBT3, STM32G414MBT6, STM32G414MCT3, STM32G414MCT6, STM32G414RBT3, STM32G414RBT6, STM32G414RCT3, STM32G414RCT6, STM32G414VBT3, STM32G414VBT6, STM32G414VCT3, STM32G414VCT6, STM32G431CBT3Z, STM32G431RBT3Z, STM32G471CCT6, STM32G471CCU6, STM32G471CET3, STM32G471CET6, STM32G471CEU3, STM32G471CEU6, STM32G471MCT6, STM32G471MET3, STM32G471MET6, STM32G471MEY6TR, STM32G471QCT6, STM32G471QET3, STM32G471RCT6, STM32G471RET3, STM32G471RET6, STM32G471VCH6, STM32G471VCI6, STM32G471VCT6, STM32G471VEH3, STM32G471VEH6, STM32G471VEI3, STM32G471VEI6, STM32G471VET3, STM32G471VET6, STM32G473QET3Z, STM32G473RET3Z, STM32G474CCT6, STM32G491RET3Z, STM32H503CBT6, STM32H503CBU6, STM32H503EBY6TR, STM32H503KBU6, STM32H503RBT6, STM32H523CCT6, STM32H523CCU6, STM32H523CET6, STM32H523CEU6, STM32H523HEY6TR, STM32H523RCT6, STM32H523RET6, STM32H523VCI6, STM32H523VCT6, STM32H523VEI6, STM32H523VET6, STM32H523ZCJ6, STM32H523ZCT6, STM32H523ZEJ6, STM32H523ZET6, STM32H533CET6, STM32H533CEU6, STM32H533HEY6TR, STM32H533RET6, STM32H533VEI6, STM32H533VET6, STM32H533ZEJ6, STM32H533ZET6, STM32H562AGI6, STM32H562AII6, STM32H562IGK6, STM32H562IGT6, STM32H562IIK6, STM32H562IIT6, STM32H562RGT6, STM32H562RGV6, STM32H562RIT6, STM32H562RIV6, STM32H562VGT6, STM32H562VIT6, STM32H562ZGT6, STM32H562ZIT6, STM32H563AGI6, STM32H563AII3Q, STM32H563AII6, STM32H563IGK6, STM32H563IGT6, STM32H563IIK3Q, STM32H563IIK6, STM32H563IIT3Q, STM32H563IIT6, STM32H563MIY3QTR, STM32H563RGT6, STM32H563RGV6, STM32H563RIT6, STM32H563RIV6, STM32H563VGT6, STM32H563VIT3Q, STM32H563VIT6, STM32H563ZGT6, STM32H563ZIT3Q, STM32H563ZIT6, STM32H573AII3Q, STM32H573AII6, STM32H573I-DK, STM32H573IIK3Q, STM32H573IIK6, STM32H573IIT3Q, STM32H573IIT6, STM32H573MIY3QTR, STM32H573RIT6, STM32H573RIV6, STM32H573VIT3Q, STM32H573VIT6, STM32H573ZIT3Q, STM32H573ZIT6, STM32H7R3A8I6, STM32H7R3I8K6, STM32H7R3I8T6, STM32H7R3L8H6, STM32H7R3L8H6H, STM32H7R3R8V6, STM32H7R3V8H6, STM32H7R3V8T6, STM32H7R3V8Y6TR, STM32H7R3Z8J6, STM32H7R3Z8T6, STM32H7R7A8I6, STM32H7R7I8K6, STM32H7R7I8T6, STM32H7R7L8H6, STM32H7R7L8H6H, STM32H7R7Z8J6, STM32H7S3A8I6, STM32H7S3I8K6, STM32H7S3I8T6, STM32H7S3L8H6, STM32H7S3L8H6H, STM32H7S3R8V6, STM32H7S3V8H6, STM32H7S3V8T6, STM32H7S3V8Y6TR, STM32H7S3Z8J6, STM32H7S3Z8T6, STM32H7S78-DK, STM32H7S7A8I6, STM32H7S7I8K6, STM32H7S7I8T6, STM32H7S7L8H6, STM32H7S7L8H6H, STM32H7S7Z8J6, STM32L4R5QGI6STR, STM32MP131AAE3, STM32MP131AAF3, STM32MP131AAG3, STM32MP131CAE3, STM32MP131CAF3, STM32MP131CAG3, STM32MP131DAE7, STM32MP131DAF7, STM32MP131DAG7, STM32MP131FAE7, STM32MP131FAF7, STM32MP131FAG7, STM32MP133AAE3, STM32MP133AAF3, STM32MP133AAG3, STM32MP133CAE3, STM32MP133CAF3, STM32MP133CAG3, STM32MP133DAE7, STM32MP133DAF7, STM32MP133DAG7, STM32MP133FAE7, STM32MP133FAF7, STM32MP133FAG7, STM32MP135AAE3, STM32MP135AAF3, STM32MP135AAG3, STM32MP135CAE3, STM32MP135CAF3, STM32MP135CAG3, STM32MP135DAE7, STM32MP135DAF7, STM32MP135DAG7, STM32MP135F-DK, STM32MP135FAE7, STM32MP135FAF7, STM32MP135FAF7T, STM32MP135FAF7U, STM32MP135FAG7, STM32MP231AAJ3, STM32MP231AAK3, STM32MP231AAL3, STM32MP231CAJ3, STM32MP231CAK3, STM32MP231CAL3, STM32MP231DAJ3, STM32MP231DAK3, STM32MP231DAL3, STM32MP231FAJ3, STM32MP231FAK3, STM32MP231FAL3, STM32MP233AAJ3, STM32MP233AAK3, STM32MP233AAL3, STM32MP233CAJ3, STM32MP233CAK3, STM32MP233CAL3, STM32MP233DAJ3, STM32MP233DAK3, STM32MP233DAL3, STM32MP233FAJ3, STM32MP233FAK3, STM32MP233FAL3, STM32MP235AAJ3, STM32MP235AAK3, STM32MP235AAL3, STM32MP235CAJ3, STM32MP235CAK3, STM32MP235CAL3, STM32MP235DAJ3, STM32MP235DAK3, STM32MP235DAL3, STM32MP235FAJ3, STM32MP235FAK3, STM32MP235FAL3, STM32MP251AAI3, STM32MP251AAJ3, STM32MP251AAK3, STM32MP251AAL3, STM32MP251CAI3, STM32MP251CAJ3, STM32MP251CAK3, STM32MP251CAL3, STM32MP251DAI3, STM32MP251DAJ3, STM32MP251DAK3, STM32MP251DAL3, STM32MP251FAI3, STM32MP251FAJ3, STM32MP251FAK3, STM32MP251FAL3, STM32MP253AAI3, STM32MP253AAJ3, STM32MP253AAK3, STM32MP253AAL3, STM32MP253CAI3, STM32MP253CAJ3, STM32MP253CAK3, STM32MP253CAL3, STM32MP253DAI3, STM32MP253DAJ3, STM32MP253DAK3, STM32MP253DAL3, STM32MP253FAI3, STM32MP253FAJ3, STM32MP253FAK3, STM32MP253FAL3, STM32MP255AAI3, STM32MP255AAJ3, STM32MP255AAK3, STM32MP255AAL3, STM32MP255CAI3, STM32MP255CAJ3, STM32MP255CAK3, STM32MP255CAL3, STM32MP255DAI3, STM32MP255DAJ3, STM32MP255DAK3, STM32MP255DAL3, STM32MP255FAI3, STM32MP255FAJ3, STM32MP255FAK3, STM32MP255FAL3, STM32MP257AAI3, STM32MP257AAJ3, STM32MP257AAK3, STM32MP257AAL3, STM32MP257CAI3, STM32MP257CAJ3, STM32MP257CAK3, STM32MP257CAL3, STM32MP257DAI3, STM32MP257DAJ3, STM32MP257DAK3, STM32MP257DAL3, STM32MP257F-DK, STM32MP257F-EV1, STM32MP257FAI3, STM32MP257FAJ3, STM32MP257FAK3, STM32MP257FAL3, STM32N645A0H3Q, STM32N645B0H3Q, STM32N645I0H3Q, STM32N645L0H3Q, STM32N645X0H3Q, STM32N645Z0H3Q, STM32N647A0H3Q, STM32N647B0H3Q, STM32N647I0H3Q, STM32N647L0H3Q, STM32N647X0H3Q, STM32N647Z0H3Q, STM32N655A0H3Q, STM32N655B0H3Q, STM32N655I0H3Q, STM32N655L0H3Q, STM32N655X0H3Q, STM32N655Z0H3Q, STM32N6570-DK, STM32N657A0H3Q, STM32N657B0H3Q, STM32N657I0H3Q, STM32N657L0H3Q, STM32N657X0H3Q, STM32N657Z0H3Q, STM32U031C6T6, STM32U031C6U6, STM32U031C8T6, STM32U031C8U6, STM32U031F4P6, STM32U031F6P6, STM32U031F8P6, STM32U031G6Y6TR, STM32U031G8Y6TR, STM32U031K4U6, STM32U031K6U6, STM32U031K8U6, STM32U031R6I6, STM32U031R6T6, STM32U031R8I6, STM32U031R8T6, STM32U073C8T6, STM32U073C8U6, STM32U073CBT6, STM32U073CBU6, STM32U073CCT6, STM32U073CCU6, STM32U073H8Y6TR, STM32U073HBY6TR, STM32U073HCY6TR, STM32U073K8U6, STM32U073KBU6, STM32U073KCU6, STM32U073M8I6, STM32U073M8T6, STM32U073MBI6, STM32U073MBT6, STM32U073MCI6, STM32U073MCT6, STM32U073R8I6, STM32U073R8T6, STM32U073RBI6, STM32U073RBT6, STM32U073RCI6, STM32U073RCT6, STM32U083C-DK, STM32U083CCT6, STM32U083CCU6, STM32U083HCY6TR, STM32U083KCU6, STM32U083MCI6, STM32U083MCT6, STM32U083RCI6, STM32U083RCT6, STM32U375CET6, STM32U375CET6Q, STM32U375CEU6, STM32U375CEU6Q, STM32U375CEY6QTR, STM32U375CGT6, STM32U375CGT6Q, STM32U375CGU6, STM32U375CGU6Q, STM32U375CGY6QTR, STM32U375KEU6, STM32U375KGU6, STM32U375REI6, STM32U375REI6Q, STM32U375RET6, STM32U375RET6Q, STM32U375REY6GTR, STM32U375REY6QTR, STM32U375RGI6, STM32U375RGI6Q, STM32U375RGT6, STM32U375RGT6Q, STM32U375RGY6GTR, STM32U375RGY6QTR, STM32U375VEI6, STM32U375VEI6Q, STM32U375VET6, STM32U375VET6Q, STM32U375VGI6, STM32U375VGI6Q, STM32U375VGT6, STM32U375VGT6Q, STM32U385CGT6, STM32U385CGT6Q, STM32U385CGU6, STM32U385CGU6Q, STM32U385CGY6QTR, STM32U385KGU6, STM32U385RGI6, STM32U385RGI6Q, STM32U385RGT6, STM32U385RGT6Q, STM32U385RGY6GTR, STM32U385RGY6QTR, STM32U385VGI6, STM32U385VGI6Q, STM32U385VGT6, STM32U385VGT6Q, STM32U535CBT6, STM32U535CBT6Q, STM32U535CBU6, STM32U535CBU6Q, STM32U535CCT6, STM32U535CCT6Q, STM32U535CCU6, STM32U535CCU6Q, STM32U535CET6, STM32U535CET6Q, STM32U535CEU6, STM32U535CEU6Q, STM32U535JEY6QTR, STM32U535NCY6QTR, STM32U535NEY6QTR, STM32U535RBI6, STM32U535RBI6Q, STM32U535RBT6, STM32U535RBT6Q, STM32U535RCI6, STM32U535RCI6Q, STM32U535RCT6, STM32U535RCT6Q, STM32U535REI6, STM32U535REI6Q, STM32U535RET6, STM32U535RET6Q, STM32U535VCI6, STM32U535VCI6Q, STM32U535VCT6, STM32U535VCT6Q, STM32U535VEI6, STM32U535VEI6Q, STM32U535VET6, STM32U535VET6Q, STM32U545CET6, STM32U545CET6Q, STM32U545CEU6, STM32U545CEU6Q, STM32U545JEY6QTR, STM32U545NEY6QTR, STM32U545REI6, STM32U545REI6Q, STM32U545RET6, STM32U545RET6Q, STM32U545VEI6, STM32U545VEI6Q, STM32U545VET6, STM32U545VET6Q, STM32U595AIH6, STM32U595AIH6Q, STM32U595AJH6, STM32U595AJH6Q, STM32U595QII6, STM32U595QII6Q, STM32U595QJI6, STM32U595QJI6Q, STM32U595RIT6, STM32U595RIT6Q, STM32U595RJT6, STM32U595RJT6Q, STM32U595VIT6, STM32U595VIT6Q, STM32U595VJT6, STM32U595VJT6Q, STM32U595ZIT6, STM32U595ZIT6Q, STM32U595ZIY6QTR, STM32U595ZJT6, STM32U595ZJT6Q, STM32U595ZJY6QTR, STM32U599BJY6QTR, STM32U599NIH6Q, STM32U599NJH6Q, STM32U599VIT6Q, STM32U599VJT6, STM32U599VJT6Q, STM32U599ZIT6Q, STM32U599ZIY6QTR, STM32U599ZJT6Q, STM32U599ZJY6QTR, STM32U5A5AJH6, STM32U5A5AJH6Q, STM32U5A5QII3Q , STM32U5A5QJI6, STM32U5A5QJI6Q, STM32U5A5RJT6, STM32U5A5RJT6Q, STM32U5A5VJT6, STM32U5A5VJT6Q, STM32U5A5ZJT6, STM32U5A5ZJT6Q, STM32U5A5ZJY6QTR, STM32U5A9BJY6QTR, STM32U5A9J-DK, STM32U5A9NJH6Q, STM32U5A9VJT6Q, STM32U5A9ZJT6Q, STM32U5A9ZJY6QTR, STM32U5F7VIT6, STM32U5F7VIT6Q, STM32U5F7VJT6, STM32U5F7VJT6Q, STM32U5F9BJY6QTR, STM32U5F9NJH6Q, STM32U5F9VIT6Q, STM32U5F9VJT6Q, STM32U5F9ZIJ6QTR, STM32U5F9ZIT6Q, STM32U5F9ZJJ6QTR, STM32U5F9ZJT6Q, STM32U5G7VJT6, STM32U5G7VJT6Q, STM32U5G9BJY6QTR, STM32U5G9J-DK1, STM32U5G9J-DK2, STM32U5G9NJH6Q, STM32U5G9VJT6Q, STM32U5G9ZJJ6QTR, STM32U5G9ZJT6Q, STM32WB05KZV6TR, STM32WB05KZV7TR, STM32WB05TZF6TR, STM32WB05TZF7TR, STM32WB06CCF6TR, STM32WB06CCF7TR, STM32WB06CCV6TR, STM32WB06CCV7TR, STM32WB06KCV6TR, STM32WB06KCV7TR, STM32WB07CCF6TR, STM32WB07CCF7TR, STM32WB07CCV6TR, STM32WB07CCV7TR, STM32WB07KCV6TR, STM32WB07KCV7TR, STM32WB09KEV6TR, STM32WB09KEV7TR, STM32WB09TEF6TR, STM32WB09TEF7TR, STM32WB1MMCH6, STM32WBA50KGU6, STM32WBA50KGU6TR, STM32WBA52CEU6, STM32WBA52CEU6TR, STM32WBA52CEU7, STM32WBA52CEU7TR, STM32WBA52CGU6, STM32WBA52CGU6TR, STM32WBA52CGU6U, STM32WBA52CGU7, STM32WBA52CGU7TR, STM32WBA52KEU6, STM32WBA52KEU6TR, STM32WBA52KGU6, STM32WBA52KGU6TR, STM32WBA54CEU6, STM32WBA54CEU6TR, STM32WBA54CEU7, STM32WBA54CEU7TR, STM32WBA54CGU6, STM32WBA54CGU6TR, STM32WBA54CGU7, STM32WBA54CGU7TR, STM32WBA54KEU6, STM32WBA54KEU6TR, STM32WBA54KEU7, STM32WBA54KEU7TR, STM32WBA54KGU6, STM32WBA54KGU6TR, STM32WBA54KGU7, STM32WBA54KGU7TR, STM32WBA55CEU6, STM32WBA55CEU6TR, STM32WBA55CEU7, STM32WBA55CEU7TR, STM32WBA55CGU6, STM32WBA55CGU6TR, STM32WBA55CGU6U, STM32WBA55CGU7, STM32WBA55CGU7TR, STM32WBA55G-DK1, STM32WBA55HEF6, STM32WBA55HEF7, STM32WBA55HGF6, STM32WBA55HGF7, STM32WBA55UEI6, STM32WBA55UEI6TR, STM32WBA55UEI7, STM32WBA55UEI7TR, STM32WBA55UGI6, STM32WBA55UGI6TR, STM32WBA55UGI7, STM32WBA55UGI7TR, STM32WBA5MJGH6TR, STM32WBA62CGU6, STM32WBA62CIU6, STM32WBA62MGF6, STM32WBA62MIF6, STM32WBA62PGI6, STM32WBA62PII6, STM32WBA63CGU6, STM32WBA63CGU7, STM32WBA63CIU6, STM32WBA63CIU7, STM32WBA64CGU6, STM32WBA64CGU7, STM32WBA64CIU6, STM32WBA64CIU7, STM32WBA65CGU6, STM32WBA65CGU7, STM32WBA65CIU6, STM32WBA65CIU7, STM32WBA65I-DK1, STM32WBA65MGF6, STM32WBA65MGF7, STM32WBA65MIF6, STM32WBA65MIF7, STM32WBA65PGI6, STM32WBA65PGI7, STM32WBA65PII6, STM32WBA65PII7, STM32WBA65RGV6, STM32WBA65RGV7, STM32WBA65RIV6, STM32WBA65RIV7, STM32WL30K8V6, STM32WL30KBV6, STM32WL31C8V6, STM32WL31CBV6, STM32WL31K8V6, STM32WL31KBV6, STM32WL33C8V6, STM32WL33C8V6TR, STM32WL33C8V7, STM32WL33C8V7TR, STM32WL33CBV6, STM32WL33CBV6TR, STM32WL33CBV7, STM32WL33CBV7TR, STM32WL33CCV6, STM32WL33CCV6TR, STM32WL33CCV7, STM32WL33CCV7A, STM32WL33CCV7ATR, STM32WL33CCV7TR, STM32WL33K8V6, STM32WL33K8V6TR, STM32WL33K8V7, STM32WL33K8V7TR, STM32WL33KBV6, STM32WL33KBV6TR, STM32WL33KBV7, STM32WL33KBV7TR, STM32WL33KCV6, STM32WL33KCV6TR, STM32WL33KCV7, STM32WL33KCV7TR, STM32WL5MOCH6, STM32WL5MOCH6TR]
2026-05-28 14:50:30,088 [INFO] ApiDb:668 - CubeFinder database Data Model version=2.1
2026-05-28 14:50:30,088 [INFO] ApiDb:669 - CubeFinder database Configuration version=3.0.42
2026-05-28 14:50:30,088 [INFO] ApiDb:670 - CubeFinder database generation date=2026-05-06 (1778060171)
2026-05-28 14:50:30,088 [INFO] ApiDb:671 - CubeFinder database FW Pack versions=[FP-ATR-ASTRA1_V2.0.0, FP-SNS-FLIGHT1_V5.1.0, FP-SNS-MOTENV1_V5.1.0, FP-SNS-MOTENVWB1_V1.5.0, FP-SNS-SMARTAG2_V1.2.0, FP-SNS-STBOX1_V2.1.0, STM32Cube_FW_C0_V1.4.0, STM32Cube_FW_F4_V1.28.3, STM32Cube_FW_F7_V1.17.4, STM32Cube_FW_G0_V1.6.3, STM32Cube_FW_G4_V1.6.2, STM32Cube_FW_H5_V1.6.0, STM32Cube_FW_H7RS_V1.3.0, STM32Cube_FW_H7_V1.13.0, STM32Cube_FW_L0_V1.12.2, STM32Cube_FW_L4_V1.18.2, STM32Cube_FW_L5_V1.6.0, STM32Cube_FW_N6_V1.3.0, STM32Cube_FW_U0_V1.3.0, STM32Cube_FW_U3_V1.3.0, STM32Cube_FW_U5_V1.8.0, STM32Cube_FW_WB0_V1.4.0, STM32Cube_FW_WBA_V1.9.0, STM32Cube_FW_WB_V1.24.0, STM32Cube_FW_WL3_V1.4.0, STM32Cube_FW_WL_V1.5.0, X-CUBE-ALGOBUILD_V1.4.0, X-CUBE-ALS_V1.0.2, X-CUBE-AZRTOS-F4_V1.1.0, X-CUBE-AZRTOS-F7_V1.1.0, X-CUBE-AZRTOS-G0_V1.1.0, X-CUBE-AZRTOS-G4_V2.0.0, X-CUBE-AZRTOS-H7RS_V1.1.0, X-CUBE-AZRTOS-H7_V3.5.0, X-CUBE-AZRTOS-L4_V2.0.0, X-CUBE-AZRTOS-L5_V2.0.0, X-CUBE-AZRTOS-WB_V2.0.0, X-CUBE-AZRTOS-WL_V2.0.0, X-CUBE-BLE1_V7.1.0, X-CUBE-BLE2_V3.3.0, X-CUBE-BLEMGR_V4.1.0, X-CUBE-EEPRMA1_V5.2.0, X-CUBE-FREERTOS_V1.5.0, X-CUBE-GNSS1_V6.0.0, X-CUBE-MEMS1_V12.0.0, X-CUBE-NFC4_V3.0.0, X-CUBE-NFC7_V2.0.0, X-CUBE-SFXS2LP1_V4.0.0, X-CUBE-ST67W61_V1.2.0, X-CUBE-SUBG2_V5.0.0, X-CUBE-TOF1_V3.4.3]
2026-05-28 14:50:30,796 [ERROR] LogOutputStream:75 - [STDERR_REDIRECT] [Fatal Error] :1:1: Premature end of file.
2026-05-28 14:50:30,796 [ERROR] LogOutputStream:75 - [STDERR_REDIRECT] 
2026-05-28 14:50:31,785 [ERROR] LogOutputStream:75 - [STDERR_REDIRECT] [Fatal Error] :1:1: Premature end of file.
2026-05-28 14:50:31,787 [ERROR] LogOutputStream:75 - [STDERR_REDIRECT] 
2026-05-28 14:50:32,836 [ERROR] LogOutputStream:75 - [STDERR_REDIRECT] [Fatal Error] :1:1: Premature end of file.
2026-05-28 14:50:32,837 [ERROR] LogOutputStream:75 - [STDERR_REDIRECT] 
2026-05-28 14:50:33,253 [INFO] ApiDb:240 - Found 895 in-development CPN: [B-G473E-ZEST1S, B-WB1M-WPAN1, B-WBA5M-WPAN, B-WL5M-SUBG1, NUCLEO-C031C6, NUCLEO-C051C8, NUCLEO-C071RB, NUCLEO-C092RC, NUCLEO-H503RB, NUCLEO-H533RE, NUCLEO-H563ZI, NUCLEO-H7S3L8, NUCLEO-N657X0-Q, NUCLEO-U031R8, NUCLEO-U083RC, NUCLEO-U385RG-Q, NUCLEO-U545RE-Q, NUCLEO-U5A5ZJ-Q, NUCLEO-WB05KZ, NUCLEO-WB07CC, NUCLEO-WB09KE, NUCLEO-WBA52CG, NUCLEO-WBA55CG, NUCLEO-WBA65RI, NUCLEO-WL33CC1, NUCLEO-WL33CC2, STEVAL-PROTEUS1, STEVAL-SMARTAG2, STEVAL-STWINBX1, STM320518-EVAL, STM32C0116-DK, STM32C011D6Y3TR, STM32C011D6Y6TR, STM32C011F4P3, STM32C011F4P6, STM32C011F4U3, STM32C011F4U6TR, STM32C011F6P3, STM32C011F6P6, STM32C011F6U3, STM32C011F6U6TR, STM32C011J4M3, STM32C011J4M6, STM32C011J6M3, STM32C011J6M6, STM32C0316-DK, STM32C031C4T3, STM32C031C4T6, STM32C031C4U3, STM32C031C4U6, STM32C031C6T3, STM32C031C6T6, STM32C031C6U3, STM32C031C6U6, STM32C031F4P3, STM32C031F4P6, STM32C031F6P3, STM32C031F6P6, STM32C031G4U3, STM32C031G4U6, STM32C031G6U3, STM32C031G6U6, STM32C031K4T3, STM32C031K4T6, STM32C031K4U3, STM32C031K4U6, STM32C031K6T3, STM32C031K6T6, STM32C031K6U3, STM32C031K6U6, STM32C051C6T6, STM32C051C6U6, STM32C051C8T6, STM32C051C8U6, STM32C051D8Y6TR, STM32C051F6P6, STM32C051F8P6, STM32C051G6U6, STM32C051G8U6, STM32C051K6T6, STM32C051K6U6, STM32C051K8T6, STM32C071C8T6, STM32C071C8T6N, STM32C071C8U6, STM32C071C8U6N, STM32C071CBT6, STM32C071CBT6N, STM32C071CBU6, STM32C071CBU6N, STM32C071F8P6, STM32C071F8P6N, STM32C071FBP6, STM32C071FBP6N, STM32C071FBY6TR, STM32C071G8U6, STM32C071G8U6N, STM32C071GBU6, STM32C071GBU6N, STM32C071K8T6, STM32C071K8T6N, STM32C071K8U6, STM32C071K8U6N, STM32C071KBT6, STM32C071KBT6N, STM32C071KBU6, STM32C071KBU6N, STM32C071R8T6, STM32C071R8T6N, STM32C071RBI6N, STM32C071RBT6, STM32C071RBT6N, STM32C091CBT6, STM32C091CBU6, STM32C091CCT6, STM32C091CCU6, STM32C091ECY6TR, STM32C091FBP6, STM32C091FCP6, STM32C091GBU6, STM32C091GCU6, STM32C091KBT6, STM32C091KBU6, STM32C091KCT6, STM32C091KCU6, STM32C091RBT6, STM32C091RCI6, STM32C091RCT6, STM32C092CBT6, STM32C092CBU6, STM32C092CCT6, STM32C092CCU6, STM32C092ECY6TR, STM32C092FBP6, STM32C092FCP6, STM32C092GBU6, STM32C092GCU6, STM32C092KBT6, STM32C092KBU6, STM32C092KCT6, STM32C092KCU6, STM32C092RBT6, STM32C092RCI6, STM32C092RCT6, STM32G071K8TXN, STM32G071K8UXN, STM32G081GBU6N, STM32G081KBT6N, STM32G081KBUXN, STM32G0B1CCT6N, STM32G0B1KCT6, STM32G0B1NEY6TR, STM32G0B1RCT6N, STM32G0C1CCT6, STM32G0C1CCT6N, STM32G0C1CCU6N, STM32G0C1CET6N, STM32G0C1CEU6N, STM32G0C1KCT6, STM32G0C1NEY6TR, STM32G0C1RCI6N, STM32G0C1RCT6N, STM32G0C1REI6N, STM32G0C1RET6N, STM32G0C1VCI6, STM32G0C1VEI6, STM32G411C6T3, STM32G411C6T6, STM32G411C6U3, STM32G411C6U6, STM32G411C8T3, STM32G411C8T6, STM32G411C8U3, STM32G411C8U6, STM32G411CBT3, STM32G411CBT6, STM32G411CBU3, STM32G411CBU6, STM32G411CCT3, STM32G411CCT6, STM32G411CCU3, STM32G411CCU6, STM32G411K6T3, STM32G411K6T6, STM32G411K6U3, STM32G411K6U6, STM32G411K8T3, STM32G411K8T6, STM32G411K8U3, STM32G411K8U6, STM32G411KBT3, STM32G411KBT6, STM32G411KBU3, STM32G411KBU6, STM32G411M6T3, STM32G411M6T6, STM32G411M8T3, STM32G411M8T6, STM32G411MBT3, STM32G411MBT6, STM32G411MCT3, STM32G411MCT6, STM32G411R6T3, STM32G411R6T6, STM32G411R8T3, STM32G411R8T6, STM32G411RBT3, STM32G411RBT6, STM32G411RCT3, STM32G411RCT6, STM32G414CBT3, STM32G414CBT6, STM32G414CBU3, STM32G414CBU6, STM32G414CCT3, STM32G414CCT6, STM32G414CCU3, STM32G414CCU6, STM32G414MBT3, STM32G414MBT6, STM32G414MCT3, STM32G414MCT6, STM32G414RBT3, STM32G414RBT6, STM32G414RCT3, STM32G414RCT6, STM32G414VBT3, STM32G414VBT6, STM32G414VCT3, STM32G414VCT6, STM32G431CBT3Z, STM32G431RBT3Z, STM32G471CCT6, STM32G471CCU6, STM32G471CET3, STM32G471CET6, STM32G471CEU3, STM32G471CEU6, STM32G471MCT6, STM32G471MET3, STM32G471MET6, STM32G471MEY6TR, STM32G471QCT6, STM32G471QET3, STM32G471RCT6, STM32G471RET3, STM32G471RET6, STM32G471VCH6, STM32G471VCI6, STM32G471VCT6, STM32G471VEH3, STM32G471VEH6, STM32G471VEI3, STM32G471VEI6, STM32G471VET3, STM32G471VET6, STM32G473QET3Z, STM32G473RET3Z, STM32G474CCT6, STM32G491RET3Z, STM32H503CBT6, STM32H503CBU6, STM32H503EBY6TR, STM32H503KBU6, STM32H503RBT6, STM32H523CCT6, STM32H523CCU6, STM32H523CET6, STM32H523CEU6, STM32H523HEY6TR, STM32H523RCT6, STM32H523RET6, STM32H523VCI6, STM32H523VCT6, STM32H523VEI6, STM32H523VET6, STM32H523ZCJ6, STM32H523ZCT6, STM32H523ZEJ6, STM32H523ZET6, STM32H533CET6, STM32H533CEU6, STM32H533HEY6TR, STM32H533RET6, STM32H533VEI6, STM32H533VET6, STM32H533ZEJ6, STM32H533ZET6, STM32H562AGI6, STM32H562AII6, STM32H562IGK6, STM32H562IGT6, STM32H562IIK6, STM32H562IIT6, STM32H562RGT6, STM32H562RGV6, STM32H562RIT6, STM32H562RIV6, STM32H562VGT6, STM32H562VIT6, STM32H562ZGT6, STM32H562ZIT6, STM32H563AGI6, STM32H563AII3Q, STM32H563AII6, STM32H563IGK6, STM32H563IGT6, STM32H563IIK3Q, STM32H563IIK6, STM32H563IIT3Q, STM32H563IIT6, STM32H563MIY3QTR, STM32H563RGT6, STM32H563RGV6, STM32H563RIT6, STM32H563RIV6, STM32H563VGT6, STM32H563VIT3Q, STM32H563VIT6, STM32H563ZGT6, STM32H563ZIT3Q, STM32H563ZIT6, STM32H573AII3Q, STM32H573AII6, STM32H573I-DK, STM32H573IIK3Q, STM32H573IIK6, STM32H573IIT3Q, STM32H573IIT6, STM32H573MIY3QTR, STM32H573RIT6, STM32H573RIV6, STM32H573VIT3Q, STM32H573VIT6, STM32H573ZIT3Q, STM32H573ZIT6, STM32H7R3A8I6, STM32H7R3I8K6, STM32H7R3I8T6, STM32H7R3L8H6, STM32H7R3L8H6H, STM32H7R3R8V6, STM32H7R3V8H6, STM32H7R3V8T6, STM32H7R3V8Y6TR, STM32H7R3Z8J6, STM32H7R3Z8T6, STM32H7R7A8I6, STM32H7R7I8K6, STM32H7R7I8T6, STM32H7R7L8H6, STM32H7R7L8H6H, STM32H7R7Z8J6, STM32H7S3A8I6, STM32H7S3I8K6, STM32H7S3I8T6, STM32H7S3L8H6, STM32H7S3L8H6H, STM32H7S3R8V6, STM32H7S3V8H6, STM32H7S3V8T6, STM32H7S3V8Y6TR, STM32H7S3Z8J6, STM32H7S3Z8T6, STM32H7S78-DK, STM32H7S7A8I6, STM32H7S7I8K6, STM32H7S7I8T6, STM32H7S7L8H6, STM32H7S7L8H6H, STM32H7S7Z8J6, STM32L4R5QGI6STR, STM32MP131AAE3, STM32MP131AAF3, STM32MP131AAG3, STM32MP131CAE3, STM32MP131CAF3, STM32MP131CAG3, STM32MP131DAE7, STM32MP131DAF7, STM32MP131DAG7, STM32MP131FAE7, STM32MP131FAF7, STM32MP131FAG7, STM32MP133AAE3, STM32MP133AAF3, STM32MP133AAG3, STM32MP133CAE3, STM32MP133CAF3, STM32MP133CAG3, STM32MP133DAE7, STM32MP133DAF7, STM32MP133DAG7, STM32MP133FAE7, STM32MP133FAF7, STM32MP133FAG7, STM32MP135AAE3, STM32MP135AAF3, STM32MP135AAG3, STM32MP135CAE3, STM32MP135CAF3, STM32MP135CAG3, STM32MP135DAE7, STM32MP135DAF7, STM32MP135DAG7, STM32MP135F-DK, STM32MP135FAE7, STM32MP135FAF7, STM32MP135FAF7T, STM32MP135FAF7U, STM32MP135FAG7, STM32MP231AAJ3, STM32MP231AAK3, STM32MP231AAL3, STM32MP231CAJ3, STM32MP231CAK3, STM32MP231CAL3, STM32MP231DAJ3, STM32MP231DAK3, STM32MP231DAL3, STM32MP231FAJ3, STM32MP231FAK3, STM32MP231FAL3, STM32MP233AAJ3, STM32MP233AAK3, STM32MP233AAL3, STM32MP233CAJ3, STM32MP233CAK3, STM32MP233CAL3, STM32MP233DAJ3, STM32MP233DAK3, STM32MP233DAL3, STM32MP233FAJ3, STM32MP233FAK3, STM32MP233FAL3, STM32MP235AAJ3, STM32MP235AAK3, STM32MP235AAL3, STM32MP235CAJ3, STM32MP235CAK3, STM32MP235CAL3, STM32MP235DAJ3, STM32MP235DAK3, STM32MP235DAL3, STM32MP235FAJ3, STM32MP235FAK3, STM32MP235FAL3, STM32MP251AAI3, STM32MP251AAJ3, STM32MP251AAK3, STM32MP251AAL3, STM32MP251CAI3, STM32MP251CAJ3, STM32MP251CAK3, STM32MP251CAL3, STM32MP251DAI3, STM32MP251DAJ3, STM32MP251DAK3, STM32MP251DAL3, STM32MP251FAI3, STM32MP251FAJ3, STM32MP251FAK3, STM32MP251FAL3, STM32MP253AAI3, STM32MP253AAJ3, STM32MP253AAK3, STM32MP253AAL3, STM32MP253CAI3, STM32MP253CAJ3, STM32MP253CAK3, STM32MP253CAL3, STM32MP253DAI3, STM32MP253DAJ3, STM32MP253DAK3, STM32MP253DAL3, STM32MP253FAI3, STM32MP253FAJ3, STM32MP253FAK3, STM32MP253FAL3, STM32MP255AAI3, STM32MP255AAJ3, STM32MP255AAK3, STM32MP255AAL3, STM32MP255CAI3, STM32MP255CAJ3, STM32MP255CAK3, STM32MP255CAL3, STM32MP255DAI3, STM32MP255DAJ3, STM32MP255DAK3, STM32MP255DAL3, STM32MP255FAI3, STM32MP255FAJ3, STM32MP255FAK3, STM32MP255FAL3, STM32MP257AAI3, STM32MP257AAJ3, STM32MP257AAK3, STM32MP257AAL3, STM32MP257CAI3, STM32MP257CAJ3, STM32MP257CAK3, STM32MP257CAL3, STM32MP257DAI3, STM32MP257DAJ3, STM32MP257DAK3, STM32MP257DAL3, STM32MP257F-DK, STM32MP257F-EV1, STM32MP257FAI3, STM32MP257FAJ3, STM32MP257FAK3, STM32MP257FAL3, STM32N645A0H3Q, STM32N645B0H3Q, STM32N645I0H3Q, STM32N645L0H3Q, STM32N645X0H3Q, STM32N645Z0H3Q, STM32N647A0H3Q, STM32N647B0H3Q, STM32N647I0H3Q, STM32N647L0H3Q, STM32N647X0H3Q, STM32N647Z0H3Q, STM32N655A0H3Q, STM32N655B0H3Q, STM32N655I0H3Q, STM32N655L0H3Q, STM32N655X0H3Q, STM32N655Z0H3Q, STM32N6570-DK, STM32N657A0H3Q, STM32N657B0H3Q, STM32N657I0H3Q, STM32N657L0H3Q, STM32N657X0H3Q, STM32N657Z0H3Q, STM32U031C6T6, STM32U031C6U6, STM32U031C8T6, STM32U031C8U6, STM32U031F4P6, STM32U031F6P6, STM32U031F8P6, STM32U031G6Y6TR, STM32U031G8Y6TR, STM32U031K4U6, STM32U031K6U6, STM32U031K8U6, STM32U031R6I6, STM32U031R6T6, STM32U031R8I6, STM32U031R8T6, STM32U073C8T6, STM32U073C8U6, STM32U073CBT6, STM32U073CBU6, STM32U073CCT6, STM32U073CCU6, STM32U073H8Y6TR, STM32U073HBY6TR, STM32U073HCY6TR, STM32U073K8U6, STM32U073KBU6, STM32U073KCU6, STM32U073M8I6, STM32U073M8T6, STM32U073MBI6, STM32U073MBT6, STM32U073MCI6, STM32U073MCT6, STM32U073R8I6, STM32U073R8T6, STM32U073RBI6, STM32U073RBT6, STM32U073RCI6, STM32U073RCT6, STM32U083C-DK, STM32U083CCT6, STM32U083CCU6, STM32U083HCY6TR, STM32U083KCU6, STM32U083MCI6, STM32U083MCT6, STM32U083RCI6, STM32U083RCT6, STM32U375CET6, STM32U375CET6Q, STM32U375CEU6, STM32U375CEU6Q, STM32U375CEY6QTR, STM32U375CGT6, STM32U375CGT6Q, STM32U375CGU6, STM32U375CGU6Q, STM32U375CGY6QTR, STM32U375KEU6, STM32U375KGU6, STM32U375REI6, STM32U375REI6Q, STM32U375RET6, STM32U375RET6Q, STM32U375REY6GTR, STM32U375REY6QTR, STM32U375RGI6, STM32U375RGI6Q, STM32U375RGT6, STM32U375RGT6Q, STM32U375RGY6GTR, STM32U375RGY6QTR, STM32U375VEI6, STM32U375VEI6Q, STM32U375VET6, STM32U375VET6Q, STM32U375VGI6, STM32U375VGI6Q, STM32U375VGT6, STM32U375VGT6Q, STM32U385CGT6, STM32U385CGT6Q, STM32U385CGU6, STM32U385CGU6Q, STM32U385CGY6QTR, STM32U385KGU6, STM32U385RGI6, STM32U385RGI6Q, STM32U385RGT6, STM32U385RGT6Q, STM32U385RGY6GTR, STM32U385RGY6QTR, STM32U385VGI6, STM32U385VGI6Q, STM32U385VGT6, STM32U385VGT6Q, STM32U535CBT6, STM32U535CBT6Q, STM32U535CBU6, STM32U535CBU6Q, STM32U535CCT6, STM32U535CCT6Q, STM32U535CCU6, STM32U535CCU6Q, STM32U535CET6, STM32U535CET6Q, STM32U535CEU6, STM32U535CEU6Q, STM32U535JEY6QTR, STM32U535NCY6QTR, STM32U535NEY6QTR, STM32U535RBI6, STM32U535RBI6Q, STM32U535RBT6, STM32U535RBT6Q, STM32U535RCI6, STM32U535RCI6Q, STM32U535RCT6, STM32U535RCT6Q, STM32U535REI6, STM32U535REI6Q, STM32U535RET6, STM32U535RET6Q, STM32U535VCI6, STM32U535VCI6Q, STM32U535VCT6, STM32U535VCT6Q, STM32U535VEI6, STM32U535VEI6Q, STM32U535VET6, STM32U535VET6Q, STM32U545CET6, STM32U545CET6Q, STM32U545CEU6, STM32U545CEU6Q, STM32U545JEY6QTR, STM32U545NEY6QTR, STM32U545REI6, STM32U545REI6Q, STM32U545RET6, STM32U545RET6Q, STM32U545VEI6, STM32U545VEI6Q, STM32U545VET6, STM32U545VET6Q, STM32U595AIH6, STM32U595AIH6Q, STM32U595AJH6, STM32U595AJH6Q, STM32U595QII6, STM32U595QII6Q, STM32U595QJI6, STM32U595QJI6Q, STM32U595RIT6, STM32U595RIT6Q, STM32U595RJT6, STM32U595RJT6Q, STM32U595VIT6, STM32U595VIT6Q, STM32U595VJT6, STM32U595VJT6Q, STM32U595ZIT6, STM32U595ZIT6Q, STM32U595ZIY6QTR, STM32U595ZJT6, STM32U595ZJT6Q, STM32U595ZJY6QTR, STM32U599BJY6QTR, STM32U599NIH6Q, STM32U599NJH6Q, STM32U599VIT6Q, STM32U599VJT6, STM32U599VJT6Q, STM32U599ZIT6Q, STM32U599ZIY6QTR, STM32U599ZJT6Q, STM32U599ZJY6QTR, STM32U5A5AJH6, STM32U5A5AJH6Q, STM32U5A5QII3Q , STM32U5A5QJI6, STM32U5A5QJI6Q, STM32U5A5RJT6, STM32U5A5RJT6Q, STM32U5A5VJT6, STM32U5A5VJT6Q, STM32U5A5ZJT6, STM32U5A5ZJT6Q, STM32U5A5ZJY6QTR, STM32U5A9BJY6QTR, STM32U5A9J-DK, STM32U5A9NJH6Q, STM32U5A9VJT6Q, STM32U5A9ZJT6Q, STM32U5A9ZJY6QTR, STM32U5F7VIT6, STM32U5F7VIT6Q, STM32U5F7VJT6, STM32U5F7VJT6Q, STM32U5F9BJY6QTR, STM32U5F9NJH6Q, STM32U5F9VIT6Q, STM32U5F9VJT6Q, STM32U5F9ZIJ6QTR, STM32U5F9ZIT6Q, STM32U5F9ZJJ6QTR, STM32U5F9ZJT6Q, STM32U5G7VJT6, STM32U5G7VJT6Q, STM32U5G9BJY6QTR, STM32U5G9J-DK1, STM32U5G9J-DK2, STM32U5G9NJH6Q, STM32U5G9VJT6Q, STM32U5G9ZJJ6QTR, STM32U5G9ZJT6Q, STM32WB05KZV6TR, STM32WB05KZV7TR, STM32WB05TZF6TR, STM32WB05TZF7TR, STM32WB06CCF6TR, STM32WB06CCF7TR, STM32WB06CCV6TR, STM32WB06CCV7TR, STM32WB06KCV6TR, STM32WB06KCV7TR, STM32WB07CCF6TR, STM32WB07CCF7TR, STM32WB07CCV6TR, STM32WB07CCV7TR, STM32WB07KCV6TR, STM32WB07KCV7TR, STM32WB09KEV6TR, STM32WB09KEV7TR, STM32WB09TEF6TR, STM32WB09TEF7TR, STM32WB1MMCH6, STM32WBA50KGU6, STM32WBA50KGU6TR, STM32WBA52CEU6, STM32WBA52CEU6TR, STM32WBA52CEU7, STM32WBA52CEU7TR, STM32WBA52CGU6, STM32WBA52CGU6TR, STM32WBA52CGU6U, STM32WBA52CGU7, STM32WBA52CGU7TR, STM32WBA52KEU6, STM32WBA52KEU6TR, STM32WBA52KGU6, STM32WBA52KGU6TR, STM32WBA54CEU6, STM32WBA54CEU6TR, STM32WBA54CEU7, STM32WBA54CEU7TR, STM32WBA54CGU6, STM32WBA54CGU6TR, STM32WBA54CGU7, STM32WBA54CGU7TR, STM32WBA54KEU6, STM32WBA54KEU6TR, STM32WBA54KEU7, STM32WBA54KEU7TR, STM32WBA54KGU6, STM32WBA54KGU6TR, STM32WBA54KGU7, STM32WBA54KGU7TR, STM32WBA55CEU6, STM32WBA55CEU6TR, STM32WBA55CEU7, STM32WBA55CEU7TR, STM32WBA55CGU6, STM32WBA55CGU6TR, STM32WBA55CGU6U, STM32WBA55CGU7, STM32WBA55CGU7TR, STM32WBA55G-DK1, STM32WBA55HEF6, STM32WBA55HEF7, STM32WBA55HGF6, STM32WBA55HGF7, STM32WBA55UEI6, STM32WBA55UEI6TR, STM32WBA55UEI7, STM32WBA55UEI7TR, STM32WBA55UGI6, STM32WBA55UGI6TR, STM32WBA55UGI7, STM32WBA55UGI7TR, STM32WBA5MJGH6TR, STM32WBA62CGU6, STM32WBA62CIU6, STM32WBA62MGF6, STM32WBA62MIF6, STM32WBA62PGI6, STM32WBA62PII6, STM32WBA63CGU6, STM32WBA63CGU7, STM32WBA63CIU6, STM32WBA63CIU7, STM32WBA64CGU6, STM32WBA64CGU7, STM32WBA64CIU6, STM32WBA64CIU7, STM32WBA65CGU6, STM32WBA65CGU7, STM32WBA65CIU6, STM32WBA65CIU7, STM32WBA65I-DK1, STM32WBA65MGF6, STM32WBA65MGF7, STM32WBA65MIF6, STM32WBA65MIF7, STM32WBA65PGI6, STM32WBA65PGI7, STM32WBA65PII6, STM32WBA65PII7, STM32WBA65RGV6, STM32WBA65RGV7, STM32WBA65RIV6, STM32WBA65RIV7, STM32WL30K8V6, STM32WL30KBV6, STM32WL31C8V6, STM32WL31CBV6, STM32WL31K8V6, STM32WL31KBV6, STM32WL33C8V6, STM32WL33C8V6TR, STM32WL33C8V7, STM32WL33C8V7TR, STM32WL33CBV6, STM32WL33CBV6TR, STM32WL33CBV7, STM32WL33CBV7TR, STM32WL33CCV6, STM32WL33CCV6TR, STM32WL33CCV7, STM32WL33CCV7A, STM32WL33CCV7ATR, STM32WL33CCV7TR, STM32WL33K8V6, STM32WL33K8V6TR, STM32WL33K8V7, STM32WL33K8V7TR, STM32WL33KBV6, STM32WL33KBV6TR, STM32WL33KBV7, STM32WL33KBV7TR, STM32WL33KCV6, STM32WL33KCV6TR, STM32WL33KCV7, STM32WL33KCV7TR, STM32WL5MOCH6, STM32WL5MOCH6TR]
2026-05-28 14:50:33,261 [INFO] DbMcus:218 - Found 5082 MCUs, 4964 are supported
2026-05-28 14:50:33,288 [INFO] ApiDb:423 - Load user favorites file C:\Users\NIVYA/.stm32cubeide/favorites.mcus.txt: 0 item(s)
2026-05-28 14:50:33,288 [INFO] ApiDb:427 - User favorites MCUs=[]
2026-05-28 14:50:33,288 [INFO] DbMcus:224 - Set 0 / 0 favorites MCUs
2026-05-28 14:50:33,795 [ERROR] LogOutputStream:75 - [STDERR_REDIRECT] [Fatal Error] :1:1: Premature end of file.
2026-05-28 14:50:33,795 [ERROR] LogOutputStream:75 - [STDERR_REDIRECT] 
2026-05-28 14:50:33,997 [INFO] BoardInfo:889 - No configuration file found for board NUCLEO-H5E5ZJ
2026-05-28 14:50:33,997 [INFO] DbBoards:161 - Board is not supported: NUCLEO-H5E5ZJ
2026-05-28 14:50:34,045 [INFO] BoardInfo:889 - No configuration file found for board NUCLEO-U3C5ZI-Q
2026-05-28 14:50:34,045 [INFO] DbBoards:161 - Board is not supported: NUCLEO-U3C5ZI-Q
2026-05-28 14:50:34,055 [INFO] BoardInfo:889 - No configuration file found for board NUCLEO-WBA25CE1
2026-05-28 14:50:34,055 [INFO] DbBoards:161 - Board is not supported: NUCLEO-WBA25CE1
2026-05-28 14:50:34,061 [INFO] BoardInfo:889 - No configuration file found for board NUCLEO-WL3RKB1
2026-05-28 14:50:34,061 [INFO] DbBoards:161 - Board is not supported: NUCLEO-WL3RKB1
2026-05-28 14:50:34,062 [INFO] BoardInfo:889 - No configuration file found for board NUCLEO-WL3RKB2
2026-05-28 14:50:34,062 [INFO] DbBoards:161 - Board is not supported: NUCLEO-WL3RKB2
2026-05-28 14:50:34,067 [INFO] BoardInfo:889 - No configuration file found for board P-NUCLEO-WB55
2026-05-28 14:50:34,067 [INFO] DbBoards:161 - Kit is not supported: P-NUCLEO-WB55
2026-05-28 14:50:34,072 [INFO] BoardInfo:889 - No configuration file found for board STEVAL-BFA001V1B
2026-05-28 14:50:34,072 [INFO] DbBoards:161 - Kit is not supported: STEVAL-BFA001V1B
2026-05-28 14:50:34,073 [INFO] BoardInfo:889 - No configuration file found for board STEVAL-BFA001V2B
2026-05-28 14:50:34,074 [INFO] DbBoards:161 - Kit is not supported: STEVAL-BFA001V2B
2026-05-28 14:50:34,150 [INFO] BoardInfo:889 - No configuration file found for board STM32H5F5J-DK
2026-05-28 14:50:34,151 [INFO] DbBoards:161 - Board is not supported: STM32H5F5J-DK
2026-05-28 14:50:34,217 [INFO] BoardInfo:889 - No configuration file found for board STM32MP215F-DK
2026-05-28 14:50:34,218 [INFO] DbBoards:161 - Board is not supported: STM32MP215F-DK
2026-05-28 14:50:34,238 [INFO] DbBoards:168 - Found 218 boards, 208 are supported
2026-05-28 14:50:34,238 [INFO] DbBoards:169 - Found 218 boards, 43 of them is supported for  Bsp
2026-05-28 14:50:34,243 [INFO] ApiDb:423 - Load user favorites file C:\Users\NIVYA/.stm32cubeide/favorites.boards.txt: 0 item(s)
2026-05-28 14:50:34,243 [INFO] ApiDb:427 - User favorites Boards=[]
2026-05-28 14:50:34,244 [INFO] DbBoards:198 - Set 0 / 0 favorites Boards
2026-05-28 14:50:34,244 [INFO] McuFinderGlobals:76 - Set McuFinderConnectedMode to true
2026-05-28 14:50:34,283 [INFO] MultiScanPanel:200 - Auto-refresh data requested => check proxy status ongoing
2026-05-28 14:50:34,288 [INFO] FinderPluginLoader:95 - Searching for filters in installed packs
2026-05-28 14:50:34,803 [ERROR] LogOutputStream:75 - [STDERR_REDIRECT] [Fatal Error] :1:1: Premature end of file.
2026-05-28 14:50:34,804 [ERROR] LogOutputStream:75 - [STDERR_REDIRECT] 
2026-05-28 14:50:35,821 [ERROR] LogOutputStream:75 - [STDERR_REDIRECT] [Fatal Error] :1:1: Premature end of file.
2026-05-28 14:50:35,821 [ERROR] LogOutputStream:75 - [STDERR_REDIRECT] 
2026-05-28 14:50:36,484 [INFO] LoadUrlFilesThread:185 - End of LoadServerUrlFiles without Thread
2026-05-28 14:50:36,498 [INFO] DetailPanel:341 - Set advertising image to C:/Users/NIVYA/STM32Cube/Repository/\en.prom-stm32wba2-stm32-nucleo-board-0426.png
2026-05-28 14:50:36,802 [ERROR] LogOutputStream:75 - [STDERR_REDIRECT] [Fatal Error] :1:1: Premature end of file.
2026-05-28 14:50:36,802 [ERROR] LogOutputStream:75 - [STDERR_REDIRECT] 
2026-05-28 14:50:37,848 [ERROR] LogOutputStream:75 - [STDERR_REDIRECT] [Fatal Error] :1:1: Premature end of file.
2026-05-28 14:50:37,850 [ERROR] LogOutputStream:75 - [STDERR_REDIRECT] 
2026-05-28 14:50:38,840 [ERROR] LogOutputStream:75 - [STDERR_REDIRECT] [Fatal Error] :1:1: Premature end of file.
2026-05-28 14:50:38,843 [ERROR] LogOutputStream:75 - [STDERR_REDIRECT] 
2026-05-28 14:50:39,864 [ERROR] LogOutputStream:75 - [STDERR_REDIRECT] [Fatal Error] :1:1: Premature end of file.
2026-05-28 14:50:39,865 [ERROR] LogOutputStream:75 - [STDERR_REDIRECT] 
2026-05-28 14:50:40,810 [ERROR] LogOutputStream:75 - [STDERR_REDIRECT] [Fatal Error] :1:1: Premature end of file.
2026-05-28 14:50:40,811 [ERROR] LogOutputStream:75 - [STDERR_REDIRECT] 
2026-05-28 14:50:41,789 [ERROR] LogOutputStream:75 - [STDERR_REDIRECT] [Fatal Error] :1:1: Premature end of file.
2026-05-28 14:50:41,789 [ERROR] LogOutputStream:75 - [STDERR_REDIRECT] 
2026-05-28 14:50:42,819 [ERROR] LogOutputStream:75 - [STDERR_REDIRECT] [Fatal Error] :1:1: Premature end of file.
2026-05-28 14:50:42,819 [ERROR] LogOutputStream:75 - [STDERR_REDIRECT] 
2026-05-28 14:50:43,814 [ERROR] LogOutputStream:75 - [STDERR_REDIRECT] [Fatal Error] :1:1: Premature end of file.
2026-05-28 14:50:43,814 [ERROR] LogOutputStream:75 - [STDERR_REDIRECT] 
2026-05-28 14:50:44,828 [ERROR] LogOutputStream:75 - [STDERR_REDIRECT] [Fatal Error] :1:1: Premature end of file.
2026-05-28 14:50:44,828 [ERROR] LogOutputStream:75 - [STDERR_REDIRECT] 
2026-05-28 14:50:45,009 [INFO] MultiScanPanel:200 - Auto-refresh data requested => check proxy status ongoing
2026-05-28 14:50:45,253 [INFO] LoadUrlFilesThread:185 - End of LoadServerUrlFiles without Thread
2026-05-28 14:50:45,254 [INFO] DetailPanel:341 - Set advertising image to C:/Users/NIVYA/STM32Cube/Repository/\en.prom-stm32wba2-stm32-nucleo-board-0426.png
2026-05-28 14:50:45,273 [INFO] DbBoards:642 - Loading board mini-images...
2026-05-28 14:50:45,829 [ERROR] LogOutputStream:75 - [STDERR_REDIRECT] [Fatal Error] :1:1: Premature end of file.
2026-05-28 14:50:45,829 [ERROR] LogOutputStream:75 - [STDERR_REDIRECT] 
2026-05-28 14:50:46,791 [ERROR] LogOutputStream:75 - [STDERR_REDIRECT] [Fatal Error] :1:1: Premature end of file.
2026-05-28 14:50:46,791 [ERROR] LogOutputStream:75 - [STDERR_REDIRECT] 
2026-05-28 14:50:47,699 [INFO] DbBoards:665 - Loaded 218 board mini-images
2026-05-28 14:50:47,801 [ERROR] LogOutputStream:75 - [STDERR_REDIRECT] [Fatal Error] :1:1: Premature end of file.
2026-05-28 14:50:47,801 [ERROR] LogOutputStream:75 - [STDERR_REDIRECT] 
2026-05-28 14:50:48,801 [ERROR] LogOutputStream:75 - [STDERR_REDIRECT] [Fatal Error] :1:1: Premature end of file.
2026-05-28 14:50:48,801 [ERROR] LogOutputStream:75 - [STDERR_REDIRECT] 
2026-05-28 14:50:49,806 [ERROR] LogOutputStream:75 - [STDERR_REDIRECT] [Fatal Error] :1:1: Premature end of file.
2026-05-28 14:50:49,807 [ERROR] LogOutputStream:75 - [STDERR_REDIRECT] 
2026-05-28 14:50:50,807 [ERROR] LogOutputStream:75 - [STDERR_REDIRECT] [Fatal Error] :1:1: Premature end of file.
2026-05-28 14:50:50,808 [ERROR] LogOutputStream:75 - [STDERR_REDIRECT] 
2026-05-28 14:50:51,825 [ERROR] LogOutputStream:75 - [STDERR_REDIRECT] [Fatal Error] :1:1: Premature end of file.
2026-05-28 14:50:51,825 [ERROR] LogOutputStream:75 - [STDERR_REDIRECT] 
2026-05-28 14:50:52,803 [ERROR] LogOutputStream:75 - [STDERR_REDIRECT] [Fatal Error] :1:1: Premature end of file.
2026-05-28 14:50:52,803 [ERROR] LogOutputStream:75 - [STDERR_REDIRECT] 
2026-05-28 14:50:53,805 [ERROR] LogOutputStream:75 - [STDERR_REDIRECT] [Fatal Error] :1:1: Premature end of file.
2026-05-28 14:50:53,805 [ERROR] LogOutputStream:75 - [STDERR_REDIRECT] 
2026-05-28 14:50:54,803 [ERROR] LogOutputStream:75 - [STDERR_REDIRECT] [Fatal Error] :1:1: Premature end of file.
2026-05-28 14:50:54,803 [ERROR] LogOutputStream:75 - [STDERR_REDIRECT] 
2026-05-28 14:50:55,810 [ERROR] LogOutputStream:75 - [STDERR_REDIRECT] [Fatal Error] :1:1: Premature end of file.
2026-05-28 14:50:55,810 [ERROR] LogOutputStream:75 - [STDERR_REDIRECT] 
2026-05-28 14:50:56,845 [ERROR] LogOutputStream:75 - [STDERR_REDIRECT] [Fatal Error] :1:1: Premature end of file.
2026-05-28 14:50:56,845 [ERROR] LogOutputStream:75 - [STDERR_REDIRECT] 
2026-05-28 14:50:57,830 [ERROR] LogOutputStream:75 - [STDERR_REDIRECT] [Fatal Error] :1:1: Premature end of file.
2026-05-28 14:50:57,831 [ERROR] LogOutputStream:75 - [STDERR_REDIRECT] 
2026-05-28 14:50:58,814 [ERROR] LogOutputStream:75 - [STDERR_REDIRECT] [Fatal Error] :1:1: Premature end of file.
2026-05-28 14:50:58,815 [ERROR] LogOutputStream:75 - [STDERR_REDIRECT] 
2026-05-28 14:50:59,811 [ERROR] LogOutputStream:75 - [STDERR_REDIRECT] [Fatal Error] :1:1: Premature end of file.
2026-05-28 14:50:59,811 [ERROR] LogOutputStream:75 - [STDERR_REDIRECT] 
2026-05-28 14:51:00,800 [ERROR] LogOutputStream:75 - [STDERR_REDIRECT] [Fatal Error] :1:1: Premature end of file.
2026-05-28 14:51:00,801 [ERROR] LogOutputStream:75 - [STDERR_REDIRECT] 
2026-05-28 14:51:01,794 [ERROR] LogOutputStream:75 - [STDERR_REDIRECT] [Fatal Error] :1:1: Premature end of file.
2026-05-28 14:51:01,795 [ERROR] LogOutputStream:75 - [STDERR_REDIRECT] 
2026-05-28 14:51:02,809 [ERROR] LogOutputStream:75 - [STDERR_REDIRECT] [Fatal Error] :1:1: Premature end of file.
2026-05-28 14:51:02,810 [ERROR] LogOutputStream:75 - [STDERR_REDIRECT] 
2026-05-28 14:51:03,828 [ERROR] LogOutputStream:75 - [STDERR_REDIRECT] [Fatal Error] :1:1: Premature end of file.
2026-05-28 14:51:03,828 [ERROR] LogOutputStream:75 - [STDERR_REDIRECT] 
2026-05-28 14:51:04,811 [ERROR] LogOutputStream:75 - [STDERR_REDIRECT] [Fatal Error] :1:1: Premature end of file.
2026-05-28 14:51:04,811 [ERROR] LogOutputStream:75 - [STDERR_REDIRECT] 
2026-05-28 14:51:05,834 [ERROR] LogOutputStream:75 - [STDERR_REDIRECT] [Fatal Error] :1:1: Premature end of file.
2026-05-28 14:51:05,834 [ERROR] LogOutputStream:75 - [STDERR_REDIRECT] 
2026-05-28 14:51:06,806 [ERROR] LogOutputStream:75 - [STDERR_REDIRECT] [Fatal Error] :1:1: Premature end of file.
2026-05-28 14:51:06,807 [ERROR] LogOutputStream:75 - [STDERR_REDIRECT] 
2026-05-28 14:51:07,828 [ERROR] LogOutputStream:75 - [STDERR_REDIRECT] [Fatal Error] :1:1: Premature end of file.
2026-05-28 14:51:07,828 [ERROR] LogOutputStream:75 - [STDERR_REDIRECT] 
2026-05-28 14:51:08,817 [ERROR] LogOutputStream:75 - [STDERR_REDIRECT] [Fatal Error] :1:1: Premature end of file.
2026-05-28 14:51:08,817 [ERROR] LogOutputStream:75 - [STDERR_REDIRECT] 
2026-05-28 14:51:09,830 [ERROR] LogOutputStream:75 - [STDERR_REDIRECT] [Fatal Error] :1:1: Premature end of file.
2026-05-28 14:51:09,830 [ERROR] LogOutputStream:75 - [STDERR_REDIRECT] 
2026-05-28 14:51:10,820 [ERROR] LogOutputStream:75 - [STDERR_REDIRECT] [Fatal Error] :1:1: Premature end of file.
2026-05-28 14:51:10,820 [ERROR] LogOutputStream:75 - [STDERR_REDIRECT] 
2026-05-28 14:51:11,799 [ERROR] LogOutputStream:75 - [STDERR_REDIRECT] [Fatal Error] :1:1: Premature end of file.
2026-05-28 14:51:11,799 [ERROR] LogOutputStream:75 - [STDERR_REDIRECT] 
2026-05-28 14:51:12,840 [ERROR] LogOutputStream:75 - [STDERR_REDIRECT] [Fatal Error] :1:1: Premature end of file.
2026-05-28 14:51:12,843 [ERROR] LogOutputStream:75 - [STDERR_REDIRECT] 
2026-05-28 14:51:13,803 [ERROR] LogOutputStream:75 - [STDERR_REDIRECT] [Fatal Error] :1:1: Premature end of file.
2026-05-28 14:51:13,803 [ERROR] LogOutputStream:75 - [STDERR_REDIRECT] 
2026-05-28 14:51:14,835 [ERROR] LogOutputStream:75 - [STDERR_REDIRECT] [Fatal Error] :1:1: Premature end of file.
2026-05-28 14:51:14,835 [ERROR] LogOutputStream:75 - [STDERR_REDIRECT] 
2026-05-28 14:51:15,792 [ERROR] LogOutputStream:75 - [STDERR_REDIRECT] [Fatal Error] :1:1: Premature end of file.
2026-05-28 14:51:15,793 [ERROR] LogOutputStream:75 - [STDERR_REDIRECT] 
2026-05-28 14:51:16,821 [ERROR] LogOutputStream:75 - [STDERR_REDIRECT] [Fatal Error] :1:1: Premature end of file.
2026-05-28 14:51:16,821 [ERROR] LogOutputStream:75 - [STDERR_REDIRECT] 
2026-05-28 14:51:17,853 [ERROR] LogOutputStream:75 - [STDERR_REDIRECT] [Fatal Error] :1:1: Premature end of file.
2026-05-28 14:51:17,855 [ERROR] LogOutputStream:75 - [STDERR_REDIRECT] 
2026-05-28 14:51:18,784 [ERROR] LogOutputStream:75 - [STDERR_REDIRECT] [Fatal Error] :1:1: Premature end of file.
2026-05-28 14:51:18,785 [ERROR] LogOutputStream:75 - [STDERR_REDIRECT] 
2026-05-28 14:51:19,802 [ERROR] LogOutputStream:75 - [STDERR_REDIRECT] [Fatal Error] :1:1: Premature end of file.
2026-05-28 14:51:19,803 [ERROR] LogOutputStream:75 - [STDERR_REDIRECT] 
2026-05-28 14:51:20,816 [ERROR] LogOutputStream:75 - [STDERR_REDIRECT] [Fatal Error] :1:1: Premature end of file.
2026-05-28 14:51:20,816 [ERROR] LogOutputStream:75 - [STDERR_REDIRECT] 
2026-05-28 14:51:21,789 [ERROR] LogOutputStream:75 - [STDERR_REDIRECT] [Fatal Error] :1:1: Premature end of file.
2026-05-28 14:51:21,790 [ERROR] LogOutputStream:75 - [STDERR_REDIRECT] 
2026-05-28 14:51:22,835 [ERROR] LogOutputStream:75 - [STDERR_REDIRECT] [Fatal Error] :1:1: Premature end of file.
2026-05-28 14:51:22,838 [ERROR] LogOutputStream:75 - [STDERR_REDIRECT] 
2026-05-28 14:51:23,799 [ERROR] LogOutputStream:75 - [STDERR_REDIRECT] [Fatal Error] :1:1: Premature end of file.
2026-05-28 14:51:23,800 [ERROR] LogOutputStream:75 - [STDERR_REDIRECT] 
2026-05-28 14:51:24,805 [ERROR] LogOutputStream:75 - [STDERR_REDIRECT] [Fatal Error] :1:1: Premature end of file.
2026-05-28 14:51:24,805 [ERROR] LogOutputStream:75 - [STDERR_REDIRECT] 
2026-05-28 14:51:25,841 [ERROR] LogOutputStream:75 - [STDERR_REDIRECT] [Fatal Error] :1:1: Premature end of file.
2026-05-28 14:51:25,841 [ERROR] LogOutputStream:75 - [STDERR_REDIRECT] 
2026-05-28 14:51:26,810 [ERROR] LogOutputStream:75 - [STDERR_REDIRECT] [Fatal Error] :1:1: Premature end of file.
2026-05-28 14:51:26,811 [ERROR] LogOutputStream:75 - [STDERR_REDIRECT] 
2026-05-28 14:51:27,807 [ERROR] LogOutputStream:75 - [STDERR_REDIRECT] [Fatal Error] :1:1: Premature end of file.
2026-05-28 14:51:27,807 [ERROR] LogOutputStream:75 - [STDERR_REDIRECT] 
2026-05-28 14:51:28,838 [ERROR] LogOutputStream:75 - [STDERR_REDIRECT] [Fatal Error] :1:1: Premature end of file.
2026-05-28 14:51:28,838 [ERROR] LogOutputStream:75 - [STDERR_REDIRECT] 
2026-05-28 14:51:29,825 [ERROR] LogOutputStream:75 - [STDERR_REDIRECT] [Fatal Error] :1:1: Premature end of file.
2026-05-28 14:51:29,825 [ERROR] LogOutputStream:75 - [STDERR_REDIRECT] 
2026-05-28 14:51:30,811 [ERROR] LogOutputStream:75 - [STDERR_REDIRECT] [Fatal Error] :1:1: Premature end of file.
2026-05-28 14:51:30,811 [ERROR] LogOutputStream:75 - [STDERR_REDIRECT] 
2026-05-28 14:51:31,836 [ERROR] LogOutputStream:75 - [STDERR_REDIRECT] [Fatal Error] :1:1: Premature end of file.
2026-05-28 14:51:31,836 [ERROR] LogOutputStream:75 - [STDERR_REDIRECT] 
2026-05-28 14:51:32,802 [ERROR] LogOutputStream:75 - [STDERR_REDIRECT] [Fatal Error] :1:1: Premature end of file.
2026-05-28 14:51:32,803 [ERROR] LogOutputStream:75 - [STDERR_REDIRECT] 
2026-05-28 14:51:33,808 [ERROR] LogOutputStream:75 - [STDERR_REDIRECT] [Fatal Error] :1:1: Premature end of file.
2026-05-28 14:51:33,810 [ERROR] LogOutputStream:75 - [STDERR_REDIRECT] 
2026-05-28 14:51:34,808 [ERROR] LogOutputStream:75 - [STDERR_REDIRECT] [Fatal Error] :1:1: Premature end of file.
2026-05-28 14:51:34,809 [ERROR] LogOutputStream:75 - [STDERR_REDIRECT] 
2026-05-28 14:51:35,806 [ERROR] LogOutputStream:75 - [STDERR_REDIRECT] [Fatal Error] :1:1: Premature end of file.
2026-05-28 14:51:35,806 [ERROR] LogOutputStream:75 - [STDERR_REDIRECT] 
2026-05-28 14:51:36,805 [ERROR] LogOutputStream:75 - [STDERR_REDIRECT] [Fatal Error] :1:1: Premature end of file.
2026-05-28 14:51:36,806 [ERROR] LogOutputStream:75 - [STDERR_REDIRECT] 
2026-05-28 14:51:37,804 [ERROR] LogOutputStream:75 - [STDERR_REDIRECT] [Fatal Error] :1:1: Premature end of file.
2026-05-28 14:51:37,805 [ERROR] LogOutputStream:75 - [STDERR_REDIRECT] 
2026-05-28 14:51:38,808 [ERROR] LogOutputStream:75 - [STDERR_REDIRECT] [Fatal Error] :1:1: Premature end of file.
2026-05-28 14:51:38,809 [ERROR] LogOutputStream:75 - [STDERR_REDIRECT] 
2026-05-28 14:51:39,802 [ERROR] LogOutputStream:75 - [STDERR_REDIRECT] [Fatal Error] :1:1: Premature end of file.
2026-05-28 14:51:39,803 [ERROR] LogOutputStream:75 - [STDERR_REDIRECT] 
2026-05-28 14:51:40,811 [ERROR] LogOutputStream:75 - [STDERR_REDIRECT] [Fatal Error] :1:1: Premature end of file.
2026-05-28 14:51:40,812 [ERROR] LogOutputStream:75 - [STDERR_REDIRECT] 
2026-05-28 14:51:41,806 [ERROR] LogOutputStream:75 - [STDERR_REDIRECT] [Fatal Error] :1:1: Premature end of file.
2026-05-28 14:51:41,806 [ERROR] LogOutputStream:75 - [STDERR_REDIRECT] 
2026-05-28 14:51:42,802 [ERROR] LogOutputStream:75 - [STDERR_REDIRECT] [Fatal Error] :1:1: Premature end of file.
2026-05-28 14:51:42,802 [ERROR] LogOutputStream:75 - [STDERR_REDIRECT] 
2026-05-28 14:51:43,805 [ERROR] LogOutputStream:75 - [STDERR_REDIRECT] [Fatal Error] :1:1: Premature end of file.
2026-05-28 14:51:43,805 [ERROR] LogOutputStream:75 - [STDERR_REDIRECT] 
2026-05-28 14:51:44,807 [ERROR] LogOutputStream:75 - [STDERR_REDIRECT] [Fatal Error] :1:1: Premature end of file.
2026-05-28 14:51:44,808 [ERROR] LogOutputStream:75 - [STDERR_REDIRECT] 
2026-05-28 14:51:45,835 [ERROR] LogOutputStream:75 - [STDERR_REDIRECT] [Fatal Error] :1:1: Premature end of file.
2026-05-28 14:51:45,836 [ERROR] LogOutputStream:75 - [STDERR_REDIRECT] 
2026-05-28 14:51:46,799 [ERROR] LogOutputStream:75 - [STDERR_REDIRECT] [Fatal Error] :1:1: Premature end of file.
2026-05-28 14:51:46,799 [ERROR] LogOutputStream:75 - [STDERR_REDIRECT] 
2026-05-28 14:51:47,818 [ERROR] LogOutputStream:75 - [STDERR_REDIRECT] [Fatal Error] :1:1: Premature end of file.
2026-05-28 14:51:47,818 [ERROR] LogOutputStream:75 - [STDERR_REDIRECT] 
2026-05-28 14:51:48,825 [ERROR] LogOutputStream:75 - [STDERR_REDIRECT] [Fatal Error] :1:1: Premature end of file.
2026-05-28 14:51:48,826 [ERROR] LogOutputStream:75 - [STDERR_REDIRECT] 
2026-05-28 14:51:49,800 [ERROR] LogOutputStream:75 - [STDERR_REDIRECT] [Fatal Error] :1:1: Premature end of file.
2026-05-28 14:51:49,800 [ERROR] LogOutputStream:75 - [STDERR_REDIRECT] 
2026-05-28 14:51:50,793 [ERROR] LogOutputStream:75 - [STDERR_REDIRECT] [Fatal Error] :1:1: Premature end of file.
2026-05-28 14:51:50,794 [ERROR] LogOutputStream:75 - [STDERR_REDIRECT] 
2026-05-28 14:51:51,808 [ERROR] LogOutputStream:75 - [STDERR_REDIRECT] [Fatal Error] :1:1: Premature end of file.
2026-05-28 14:51:51,810 [ERROR] LogOutputStream:75 - [STDERR_REDIRECT] 
2026-05-28 14:51:52,859 [ERROR] LogOutputStream:75 - [STDERR_REDIRECT] [Fatal Error] :1:1: Premature end of file.
2026-05-28 14:51:52,862 [ERROR] LogOutputStream:75 - [STDERR_REDIRECT] 
2026-05-28 14:51:53,173 [INFO] McuFinderGlobals:76 - Set McuFinderConnectedMode to true
2026-05-28 14:51:53,178 [INFO] ApiDb:448 - Save user favorites file C:\Users\NIVYA/.stm32cubeide/favorites.mcus.txt: 0 item(s)
2026-05-28 14:51:53,178 [INFO] ApiDb:452 - User favorites MCUs=[]
2026-05-28 14:51:53,181 [INFO] ApiDb:448 - Save user favorites file C:\Users\NIVYA/.stm32cubeide/favorites.boards.txt: 0 item(s)
2026-05-28 14:51:53,181 [INFO] ApiDb:452 - User favorites Boards=[]
2026-05-28 14:51:53,806 [ERROR] LogOutputStream:75 - [STDERR_REDIRECT] [Fatal Error] :1:1: Premature end of file.
2026-05-28 14:51:53,807 [ERROR] LogOutputStream:75 - [STDERR_REDIRECT] 
2026-05-28 14:51:54,819 [ERROR] LogOutputStream:75 - [STDERR_REDIRECT] [Fatal Error] :1:1: Premature end of file.
2026-05-28 14:51:54,821 [ERROR] LogOutputStream:75 - [STDERR_REDIRECT] 
2026-05-28 14:51:55,814 [ERROR] LogOutputStream:75 - [STDERR_REDIRECT] [Fatal Error] :1:1: Premature end of file.
2026-05-28 14:51:55,814 [ERROR] LogOutputStream:75 - [STDERR_REDIRECT] 
2026-05-28 14:51:56,801 [ERROR] LogOutputStream:75 - [STDERR_REDIRECT] [Fatal Error] :1:1: Premature end of file.
2026-05-28 14:51:56,802 [ERROR] LogOutputStream:75 - [STDERR_REDIRECT] 
2026-05-28 14:51:57,802 [ERROR] LogOutputStream:75 - [STDERR_REDIRECT] [Fatal Error] :1:1: Premature end of file.
2026-05-28 14:51:57,802 [ERROR] LogOutputStream:75 - [STDERR_REDIRECT] 
2026-05-28 14:51:58,800 [ERROR] LogOutputStream:75 - [STDERR_REDIRECT] [Fatal Error] :1:1: Premature end of file.
2026-05-28 14:51:58,800 [ERROR] LogOutputStream:75 - [STDERR_REDIRECT] 
2026-05-28 14:51:59,804 [ERROR] LogOutputStream:75 - [STDERR_REDIRECT] [Fatal Error] :1:1: Premature end of file.
2026-05-28 14:51:59,804 [ERROR] LogOutputStream:75 - [STDERR_REDIRECT] 
2026-05-28 14:52:00,804 [ERROR] LogOutputStream:75 - [STDERR_REDIRECT] [Fatal Error] :1:1: Premature end of file.
2026-05-28 14:52:00,805 [ERROR] LogOutputStream:75 - [STDERR_REDIRECT] 
2026-05-28 14:52:01,806 [ERROR] LogOutputStream:75 - [STDERR_REDIRECT] [Fatal Error] :1:1: Premature end of file.
2026-05-28 14:52:01,807 [ERROR] LogOutputStream:75 - [STDERR_REDIRECT] 
2026-05-28 14:52:02,802 [ERROR] LogOutputStream:75 - [STDERR_REDIRECT] [Fatal Error] :1:1: Premature end of file.
2026-05-28 14:52:02,803 [ERROR] LogOutputStream:75 - [STDERR_REDIRECT] 
2026-05-28 14:52:03,801 [ERROR] LogOutputStream:75 - [STDERR_REDIRECT] [Fatal Error] :1:1: Premature end of file.
2026-05-28 14:52:03,802 [ERROR] LogOutputStream:75 - [STDERR_REDIRECT] 
2026-05-28 14:52:04,799 [ERROR] LogOutputStream:75 - [STDERR_REDIRECT] [Fatal Error] :1:1: Premature end of file.
2026-05-28 14:52:04,800 [ERROR] LogOutputStream:75 - [STDERR_REDIRECT] 
2026-05-28 14:52:05,799 [ERROR] LogOutputStream:75 - [STDERR_REDIRECT] [Fatal Error] :1:1: Premature end of file.
2026-05-28 14:52:05,799 [ERROR] LogOutputStream:75 - [STDERR_REDIRECT] 
2026-05-28 14:52:06,799 [ERROR] LogOutputStream:75 - [STDERR_REDIRECT] [Fatal Error] :1:1: Premature end of file.
2026-05-28 14:52:06,799 [ERROR] LogOutputStream:75 - [STDERR_REDIRECT] 
2026-05-28 14:52:07,807 [ERROR] LogOutputStream:75 - [STDERR_REDIRECT] [Fatal Error] :1:1: Premature end of file.
2026-05-28 14:52:07,807 [ERROR] LogOutputStream:75 - [STDERR_REDIRECT] 
2026-05-28 14:52:08,793 [ERROR] LogOutputStream:75 - [STDERR_REDIRECT] [Fatal Error] :1:1: Premature end of file.
2026-05-28 14:52:08,793 [ERROR] LogOutputStream:75 - [STDERR_REDIRECT] 
2026-05-28 14:52:09,812 [ERROR] LogOutputStream:75 - [STDERR_REDIRECT] [Fatal Error] :1:1: Premature end of file.
2026-05-28 14:52:09,812 [ERROR] LogOutputStream:75 - [STDERR_REDIRECT] 
2026-05-28 14:52:10,783 [ERROR] LogOutputStream:75 - [STDERR_REDIRECT] [Fatal Error] :1:1: Premature end of file.
2026-05-28 14:52:10,783 [ERROR] LogOutputStream:75 - [STDERR_REDIRECT] 
2026-05-28 14:52:11,784 [ERROR] LogOutputStream:75 - [STDERR_REDIRECT] [Fatal Error] :1:1: Premature end of file.
2026-05-28 14:52:11,784 [ERROR] LogOutputStream:75 - [STDERR_REDIRECT] 
2026-05-28 14:52:12,784 [ERROR] LogOutputStream:75 - [STDERR_REDIRECT] [Fatal Error] :1:1: Premature end of file.
2026-05-28 14:52:12,784 [ERROR] LogOutputStream:75 - [STDERR_REDIRECT] 
2026-05-28 14:52:13,783 [ERROR] LogOutputStream:75 - [STDERR_REDIRECT] [Fatal Error] :1:1: Premature end of file.
2026-05-28 14:52:13,783 [ERROR] LogOutputStream:75 - [STDERR_REDIRECT] 
2026-05-28 14:52:14,784 [ERROR] LogOutputStream:75 - [STDERR_REDIRECT] [Fatal Error] :1:1: Premature end of file.
2026-05-28 14:52:14,784 [ERROR] LogOutputStream:75 - [STDERR_REDIRECT] 
2026-05-28 14:52:15,785 [ERROR] LogOutputStream:75 - [STDERR_REDIRECT] [Fatal Error] :1:1: Premature end of file.
2026-05-28 14:52:15,785 [ERROR] LogOutputStream:75 - [STDERR_REDIRECT] 
2026-05-28 14:52:16,781 [ERROR] LogOutputStream:75 - [STDERR_REDIRECT] [Fatal Error] :1:1: Premature end of file.
2026-05-28 14:52:16,782 [ERROR] LogOutputStream:75 - [STDERR_REDIRECT] 
2026-05-28 14:52:17,782 [ERROR] LogOutputStream:75 - [STDERR_REDIRECT] [Fatal Error] :1:1: Premature end of file.
2026-05-28 14:52:17,782 [ERROR] LogOutputStream:75 - [STDERR_REDIRECT] 
2026-05-28 14:52:18,782 [ERROR] LogOutputStream:75 - [STDERR_REDIRECT] [Fatal Error] :1:1: Premature end of file.
2026-05-28 14:52:18,782 [ERROR] LogOutputStream:75 - [STDERR_REDIRECT] 
2026-05-28 14:52:19,784 [ERROR] LogOutputStream:75 - [STDERR_REDIRECT] [Fatal Error] :1:1: Premature end of file.
2026-05-28 14:52:19,784 [ERROR] LogOutputStream:75 - [STDERR_REDIRECT] 
2026-05-28 14:52:20,781 [ERROR] LogOutputStream:75 - [STDERR_REDIRECT] [Fatal Error] :1:1: Premature end of file.
2026-05-28 14:52:20,781 [ERROR] LogOutputStream:75 - [STDERR_REDIRECT] 
2026-05-28 14:52:21,786 [ERROR] LogOutputStream:75 - [STDERR_REDIRECT] [Fatal Error] :1:1: Premature end of file.
2026-05-28 14:52:21,786 [ERROR] LogOutputStream:75 - [STDERR_REDIRECT] 
2026-05-28 14:52:22,783 [ERROR] LogOutputStream:75 - [STDERR_REDIRECT] [Fatal Error] :1:1: Premature end of file.
2026-05-28 14:52:22,784 [ERROR] LogOutputStream:75 - [STDERR_REDIRECT] 
2026-05-28 14:52:23,783 [ERROR] LogOutputStream:75 - [STDERR_REDIRECT] [Fatal Error] :1:1: Premature end of file.
2026-05-28 14:52:23,783 [ERROR] LogOutputStream:75 - [STDERR_REDIRECT] 
2026-05-28 14:52:24,821 [ERROR] LogOutputStream:75 - [STDERR_REDIRECT] [Fatal Error] :1:1: Premature end of file.
2026-05-28 14:52:24,822 [ERROR] LogOutputStream:75 - [STDERR_REDIRECT] 
2026-05-28 14:52:25,781 [ERROR] LogOutputStream:75 - [STDERR_REDIRECT] [Fatal Error] :1:1: Premature end of file.
2026-05-28 14:52:25,782 [ERROR] LogOutputStream:75 - [STDERR_REDIRECT] 
2026-05-28 14:52:26,791 [ERROR] LogOutputStream:75 - [STDERR_REDIRECT] [Fatal Error] :1:1: Premature end of file.
2026-05-28 14:52:26,791 [ERROR] LogOutputStream:75 - [STDERR_REDIRECT] 
2026-05-28 14:52:27,828 [ERROR] LogOutputStream:75 - [STDERR_REDIRECT] [Fatal Error] :1:1: Premature end of file.
2026-05-28 14:52:27,829 [ERROR] LogOutputStream:75 - [STDERR_REDIRECT] 
2026-05-28 14:52:28,784 [ERROR] LogOutputStream:75 - [STDERR_REDIRECT] [Fatal Error] :1:1: Premature end of file.
2026-05-28 14:52:28,784 [ERROR] LogOutputStream:75 - [STDERR_REDIRECT] 
2026-05-28 14:52:29,784 [ERROR] LogOutputStream:75 - [STDERR_REDIRECT] [Fatal Error] :1:1: Premature end of file.
2026-05-28 14:52:29,784 [ERROR] LogOutputStream:75 - [STDERR_REDIRECT] 
2026-05-28 14:52:30,786 [ERROR] LogOutputStream:75 - [STDERR_REDIRECT] [Fatal Error] :1:1: Premature end of file.
2026-05-28 14:52:30,786 [ERROR] LogOutputStream:75 - [STDERR_REDIRECT] 
2026-05-28 14:52:31,781 [ERROR] LogOutputStream:75 - [STDERR_REDIRECT] [Fatal Error] :1:1: Premature end of file.
2026-05-28 14:52:31,781 [ERROR] LogOutputStream:75 - [STDERR_REDIRECT] 
2026-05-28 14:52:32,802 [ERROR] LogOutputStream:75 - [STDERR_REDIRECT] [Fatal Error] :1:1: Premature end of file.
2026-05-28 14:52:32,802 [ERROR] LogOutputStream:75 - [STDERR_REDIRECT] 
2026-05-28 14:52:33,787 [ERROR] LogOutputStream:75 - [STDERR_REDIRECT] [Fatal Error] :1:1: Premature end of file.
2026-05-28 14:52:33,787 [ERROR] LogOutputStream:75 - [STDERR_REDIRECT] 
2026-05-28 14:52:34,881 [ERROR] LogOutputStream:75 - [STDERR_REDIRECT] [Fatal Error] :1:1: Premature end of file.
2026-05-28 14:52:34,881 [ERROR] LogOutputStream:75 - [STDERR_REDIRECT] 
2026-05-28 14:52:35,803 [ERROR] LogOutputStream:75 - [STDERR_REDIRECT] [Fatal Error] :1:1: Premature end of file.
2026-05-28 14:52:35,804 [ERROR] LogOutputStream:75 - [STDERR_REDIRECT] 
2026-05-28 14:52:36,798 [ERROR] LogOutputStream:75 - [STDERR_REDIRECT] [Fatal Error] :1:1: Premature end of file.
2026-05-28 14:52:36,798 [ERROR] LogOutputStream:75 - [STDERR_REDIRECT] 
2026-05-28 14:52:37,113 [ERROR] ConfigurationRetriever:142 - IOException on connection: sw-center.st.com
2026-05-28 14:52:37,113 [ERROR] ConfigurationRetriever:142 - IOException on connection: sw-center.st.com
2026-05-28 14:52:37,114 [ERROR] ConfigurationRetriever:142 - IOException on connection: sw-center.st.com
2026-05-28 14:52:37,794 [ERROR] LogOutputStream:75 - [STDERR_REDIRECT] [Fatal Error] :1:1: Premature end of file.
2026-05-28 14:52:37,794 [ERROR] LogOutputStream:75 - [STDERR_REDIRECT] 
2026-05-28 14:52:38,795 [ERROR] LogOutputStream:75 - [STDERR_REDIRECT] [Fatal Error] :1:1: Premature end of file.
2026-05-28 14:52:38,795 [ERROR] LogOutputStream:75 - [STDERR_REDIRECT] 
2026-05-28 14:52:39,791 [ERROR] LogOutputStream:75 - [STDERR_REDIRECT] [Fatal Error] :1:1: Premature end of file.
2026-05-28 14:52:39,791 [ERROR] LogOutputStream:75 - [STDERR_REDIRECT] 
2026-05-28 14:52:40,798 [ERROR] LogOutputStream:75 - [STDERR_REDIRECT] [Fatal Error] :1:1: Premature end of file.
2026-05-28 14:52:40,798 [ERROR] LogOutputStream:75 - [STDERR_REDIRECT] 
2026-05-28 14:52:41,796 [ERROR] LogOutputStream:75 - [STDERR_REDIRECT] [Fatal Error] :1:1: Premature end of file.
2026-05-28 14:52:41,796 [ERROR] LogOutputStream:75 - [STDERR_REDIRECT] 
2026-05-28 14:52:42,798 [ERROR] LogOutputStream:75 - [STDERR_REDIRECT] [Fatal Error] :1:1: Premature end of file.
2026-05-28 14:52:42,798 [ERROR] LogOutputStream:75 - [STDERR_REDIRECT] 
2026-05-28 14:52:43,813 [ERROR] LogOutputStream:75 - [STDERR_REDIRECT] [Fatal Error] :1:1: Premature end of file.
2026-05-28 14:52:43,813 [ERROR] LogOutputStream:75 - [STDERR_REDIRECT] 
2026-05-28 14:52:44,797 [ERROR] LogOutputStream:75 - [STDERR_REDIRECT] [Fatal Error] :1:1: Premature end of file.
2026-05-28 14:52:44,798 [ERROR] LogOutputStream:75 - [STDERR_REDIRECT] 
2026-05-28 14:52:45,802 [ERROR] LogOutputStream:75 - [STDERR_REDIRECT] [Fatal Error] :1:1: Premature end of file.
2026-05-28 14:52:45,802 [ERROR] LogOutputStream:75 - [STDERR_REDIRECT] 
2026-05-28 14:52:46,801 [ERROR] LogOutputStream:75 - [STDERR_REDIRECT] [Fatal Error] :1:1: Premature end of file.
2026-05-28 14:52:46,801 [ERROR] LogOutputStream:75 - [STDERR_REDIRECT] 
2026-05-28 14:52:47,800 [ERROR] LogOutputStream:75 - [STDERR_REDIRECT] [Fatal Error] :1:1: Premature end of file.
2026-05-28 14:52:47,800 [ERROR] LogOutputStream:75 - [STDERR_REDIRECT] 
2026-05-28 14:52:48,799 [ERROR] LogOutputStream:75 - [STDERR_REDIRECT] [Fatal Error] :1:1: Premature end of file.
2026-05-28 14:52:48,800 [ERROR] LogOutputStream:75 - [STDERR_REDIRECT] 
2026-05-28 14:52:49,074 [INFO] WebApp:194 - Connection lost
2026-05-28 14:52:49,799 [ERROR] LogOutputStream:75 - [STDERR_REDIRECT] [Fatal Error] :1:1: Premature end of file.
2026-05-28 14:52:49,799 [ERROR] LogOutputStream:75 - [STDERR_REDIRECT] 
2026-05-28 14:52:50,800 [ERROR] LogOutputStream:75 - [STDERR_REDIRECT] [Fatal Error] :1:1: Premature end of file.
2026-05-28 14:52:50,800 [ERROR] LogOutputStream:75 - [STDERR_REDIRECT] 
2026-05-28 14:52:51,800 [ERROR] LogOutputStream:75 - [STDERR_REDIRECT] [Fatal Error] :1:1: Premature end of file.
2026-05-28 14:52:51,800 [ERROR] LogOutputStream:75 - [STDERR_REDIRECT] 
2026-05-28 14:52:52,800 [ERROR] LogOutputStream:75 - [STDERR_REDIRECT] [Fatal Error] :1:1: Premature end of file.
2026-05-28 14:52:52,800 [ERROR] LogOutputStream:75 - [STDERR_REDIRECT] 
2026-05-28 14:52:53,799 [ERROR] LogOutputStream:75 - [STDERR_REDIRECT] [Fatal Error] :1:1: Premature end of file.
2026-05-28 14:52:53,799 [ERROR] LogOutputStream:75 - [STDERR_REDIRECT] 
2026-05-28 14:52:54,807 [ERROR] LogOutputStream:75 - [STDERR_REDIRECT] [Fatal Error] :1:1: Premature end of file.
2026-05-28 14:52:54,807 [ERROR] LogOutputStream:75 - [STDERR_REDIRECT] 
2026-05-28 14:52:55,802 [ERROR] LogOutputStream:75 - [STDERR_REDIRECT] [Fatal Error] :1:1: Premature end of file.
2026-05-28 14:52:55,802 [ERROR] LogOutputStream:75 - [STDERR_REDIRECT] 
2026-05-28 14:52:56,802 [ERROR] LogOutputStream:75 - [STDERR_REDIRECT] [Fatal Error] :1:1: Premature end of file.
2026-05-28 14:52:56,803 [ERROR] LogOutputStream:75 - [STDERR_REDIRECT] 
2026-05-28 14:52:57,798 [ERROR] LogOutputStream:75 - [STDERR_REDIRECT] [Fatal Error] :1:1: Premature end of file.
2026-05-28 14:52:57,799 [ERROR] LogOutputStream:75 - [STDERR_REDIRECT] 
2026-05-28 14:52:58,797 [ERROR] LogOutputStream:75 - [STDERR_REDIRECT] [Fatal Error] :1:1: Premature end of file.
2026-05-28 14:52:58,797 [ERROR] LogOutputStream:75 - [STDERR_REDIRECT] 
2026-05-28 14:52:59,800 [ERROR] LogOutputStream:75 - [STDERR_REDIRECT] [Fatal Error] :1:1: Premature end of file.
2026-05-28 14:52:59,801 [ERROR] LogOutputStream:75 - [STDERR_REDIRECT] 
2026-05-28 14:53:00,803 [ERROR] LogOutputStream:75 - [STDERR_REDIRECT] [Fatal Error] :1:1: Premature end of file.
2026-05-28 14:53:00,803 [ERROR] LogOutputStream:75 - [STDERR_REDIRECT] 
2026-05-28 14:53:01,808 [ERROR] LogOutputStream:75 - [STDERR_REDIRECT] [Fatal Error] :1:1: Premature end of file.
2026-05-28 14:53:01,808 [ERROR] LogOutputStream:75 - [STDERR_REDIRECT] 
2026-05-28 14:53:02,816 [ERROR] LogOutputStream:75 - [STDERR_REDIRECT] [Fatal Error] :1:1: Premature end of file.
2026-05-28 14:53:02,816 [ERROR] LogOutputStream:75 - [STDERR_REDIRECT] 
2026-05-28 14:53:03,797 [ERROR] LogOutputStream:75 - [STDERR_REDIRECT] [Fatal Error] :1:1: Premature end of file.
2026-05-28 14:53:03,797 [ERROR] LogOutputStream:75 - [STDERR_REDIRECT] 
2026-05-28 14:53:04,798 [ERROR] LogOutputStream:75 - [STDERR_REDIRECT] [Fatal Error] :1:1: Premature end of file.
2026-05-28 14:53:04,798 [ERROR] LogOutputStream:75 - [STDERR_REDIRECT] 
2026-05-28 14:53:05,799 [ERROR] LogOutputStream:75 - [STDERR_REDIRECT] [Fatal Error] :1:1: Premature end of file.
2026-05-28 14:53:05,800 [ERROR] LogOutputStream:75 - [STDERR_REDIRECT] 
2026-05-28 14:53:06,797 [ERROR] LogOutputStream:75 - [STDERR_REDIRECT] [Fatal Error] :1:1: Premature end of file.
2026-05-28 14:53:06,797 [ERROR] LogOutputStream:75 - [STDERR_REDIRECT] 
2026-05-28 14:53:07,798 [ERROR] LogOutputStream:75 - [STDERR_REDIRECT] [Fatal Error] :1:1: Premature end of file.
2026-05-28 14:53:07,798 [ERROR] LogOutputStream:75 - [STDERR_REDIRECT] 
2026-05-28 14:53:08,808 [ERROR] LogOutputStream:75 - [STDERR_REDIRECT] [Fatal Error] :1:1: Premature end of file.
2026-05-28 14:53:08,808 [ERROR] LogOutputStream:75 - [STDERR_REDIRECT] 
2026-05-28 14:53:09,803 [ERROR] LogOutputStream:75 - [STDERR_REDIRECT] [Fatal Error] :1:1: Premature end of file.
2026-05-28 14:53:09,804 [ERROR] LogOutputStream:75 - [STDERR_REDIRECT] 
2026-05-28 14:53:10,798 [ERROR] LogOutputStream:75 - [STDERR_REDIRECT] [Fatal Error] :1:1: Premature end of file.
2026-05-28 14:53:10,798 [ERROR] LogOutputStream:75 - [STDERR_REDIRECT] 
2026-05-28 14:53:11,800 [ERROR] LogOutputStream:75 - [STDERR_REDIRECT] [Fatal Error] :1:1: Premature end of file.
2026-05-28 14:53:11,800 [ERROR] LogOutputStream:75 - [STDERR_REDIRECT] 
2026-05-28 14:53:12,796 [ERROR] LogOutputStream:75 - [STDERR_REDIRECT] [Fatal Error] :1:1: Premature end of file.
2026-05-28 14:53:12,797 [ERROR] LogOutputStream:75 - [STDERR_REDIRECT] 
2026-05-28 14:53:13,797 [ERROR] LogOutputStream:75 - [STDERR_REDIRECT] [Fatal Error] :1:1: Premature end of file.
2026-05-28 14:53:13,797 [ERROR] LogOutputStream:75 - [STDERR_REDIRECT] 
2026-05-28 14:53:14,799 [ERROR] LogOutputStream:75 - [STDERR_REDIRECT] [Fatal Error] :1:1: Premature end of file.
2026-05-28 14:53:14,799 [ERROR] LogOutputStream:75 - [STDERR_REDIRECT] 
2026-05-28 14:53:15,797 [ERROR] LogOutputStream:75 - [STDERR_REDIRECT] [Fatal Error] :1:1: Premature end of file.
2026-05-28 14:53:15,797 [ERROR] LogOutputStream:75 - [STDERR_REDIRECT] 
2026-05-28 14:53:16,799 [ERROR] LogOutputStream:75 - [STDERR_REDIRECT] [Fatal Error] :1:1: Premature end of file.
2026-05-28 14:53:16,800 [ERROR] LogOutputStream:75 - [STDERR_REDIRECT] 
2026-05-28 14:53:17,798 [ERROR] LogOutputStream:75 - [STDERR_REDIRECT] [Fatal Error] :1:1: Premature end of file.
2026-05-28 14:53:17,798 [ERROR] LogOutputStream:75 - [STDERR_REDIRECT] 
2026-05-28 14:53:18,810 [ERROR] LogOutputStream:75 - [STDERR_REDIRECT] [Fatal Error] :1:1: Premature end of file.
2026-05-28 14:53:18,810 [ERROR] LogOutputStream:75 - [STDERR_REDIRECT] 
2026-05-28 14:53:19,800 [ERROR] LogOutputStream:75 - [STDERR_REDIRECT] [Fatal Error] :1:1: Premature end of file.
2026-05-28 14:53:19,800 [ERROR] LogOutputStream:75 - [STDERR_REDIRECT] 
2026-05-28 14:53:20,810 [ERROR] LogOutputStream:75 - [STDERR_REDIRECT] [Fatal Error] :1:1: Premature end of file.
2026-05-28 14:53:20,811 [ERROR] LogOutputStream:75 - [STDERR_REDIRECT] 
2026-05-28 14:53:21,801 [ERROR] LogOutputStream:75 - [STDERR_REDIRECT] [Fatal Error] :1:1: Premature end of file.
2026-05-28 14:53:21,801 [ERROR] LogOutputStream:75 - [STDERR_REDIRECT] 
2026-05-28 14:53:22,801 [ERROR] LogOutputStream:75 - [STDERR_REDIRECT] [Fatal Error] :1:1: Premature end of file.
2026-05-28 14:53:22,802 [ERROR] LogOutputStream:75 - [STDERR_REDIRECT] 
2026-05-28 14:53:23,804 [ERROR] LogOutputStream:75 - [STDERR_REDIRECT] [Fatal Error] :1:1: Premature end of file.
2026-05-28 14:53:23,805 [ERROR] LogOutputStream:75 - [STDERR_REDIRECT] 
2026-05-28 14:53:24,798 [ERROR] LogOutputStream:75 - [STDERR_REDIRECT] [Fatal Error] :1:1: Premature end of file.
2026-05-28 14:53:24,798 [ERROR] LogOutputStream:75 - [STDERR_REDIRECT] 
2026-05-28 14:53:25,802 [ERROR] LogOutputStream:75 - [STDERR_REDIRECT] [Fatal Error] :1:1: Premature end of file.
2026-05-28 14:53:25,802 [ERROR] LogOutputStream:75 - [STDERR_REDIRECT] 
2026-05-28 14:53:26,800 [ERROR] LogOutputStream:75 - [STDERR_REDIRECT] [Fatal Error] :1:1: Premature end of file.
2026-05-28 14:53:26,800 [ERROR] LogOutputStream:75 - [STDERR_REDIRECT] 
2026-05-28 14:53:27,798 [ERROR] LogOutputStream:75 - [STDERR_REDIRECT] [Fatal Error] :1:1: Premature end of file.
2026-05-28 14:53:27,798 [ERROR] LogOutputStream:75 - [STDERR_REDIRECT] 
2026-05-28 14:53:28,821 [ERROR] LogOutputStream:75 - [STDERR_REDIRECT] [Fatal Error] :1:1: Premature end of file.
2026-05-28 14:53:28,821 [ERROR] LogOutputStream:75 - [STDERR_REDIRECT] 
2026-05-28 14:53:29,799 [ERROR] LogOutputStream:75 - [STDERR_REDIRECT] [Fatal Error] :1:1: Premature end of file.
2026-05-28 14:53:29,799 [ERROR] LogOutputStream:75 - [STDERR_REDIRECT] 
2026-05-28 14:53:30,805 [ERROR] LogOutputStream:75 - [STDERR_REDIRECT] [Fatal Error] :1:1: Premature end of file.
2026-05-28 14:53:30,805 [ERROR] LogOutputStream:75 - [STDERR_REDIRECT] 
2026-05-28 14:53:31,796 [ERROR] LogOutputStream:75 - [STDERR_REDIRECT] [Fatal Error] :1:1: Premature end of file.
2026-05-28 14:53:31,796 [ERROR] LogOutputStream:75 - [STDERR_REDIRECT] 
2026-05-28 14:53:32,808 [ERROR] LogOutputStream:75 - [STDERR_REDIRECT] [Fatal Error] :1:1: Premature end of file.
2026-05-28 14:53:32,809 [ERROR] LogOutputStream:75 - [STDERR_REDIRECT] 
2026-05-28 14:53:33,802 [ERROR] LogOutputStream:75 - [STDERR_REDIRECT] [Fatal Error] :1:1: Premature end of file.
2026-05-28 14:53:33,802 [ERROR] LogOutputStream:75 - [STDERR_REDIRECT] 
2026-05-28 14:53:34,796 [ERROR] LogOutputStream:75 - [STDERR_REDIRECT] [Fatal Error] :1:1: Premature end of file.
2026-05-28 14:53:34,796 [ERROR] LogOutputStream:75 - [STDERR_REDIRECT] 
2026-05-28 14:53:35,802 [ERROR] LogOutputStream:75 - [STDERR_REDIRECT] [Fatal Error] :1:1: Premature end of file.
2026-05-28 14:53:35,803 [ERROR] LogOutputStream:75 - [STDERR_REDIRECT] 
2026-05-28 14:53:36,807 [ERROR] LogOutputStream:75 - [STDERR_REDIRECT] [Fatal Error] :1:1: Premature end of file.
2026-05-28 14:53:36,807 [ERROR] LogOutputStream:75 - [STDERR_REDIRECT] 
2026-05-28 14:53:37,804 [ERROR] LogOutputStream:75 - [STDERR_REDIRECT] [Fatal Error] :1:1: Premature end of file.
2026-05-28 14:53:37,804 [ERROR] LogOutputStream:75 - [STDERR_REDIRECT] 
2026-05-28 14:53:38,798 [ERROR] LogOutputStream:75 - [STDERR_REDIRECT] [Fatal Error] :1:1: Premature end of file.
2026-05-28 14:53:38,798 [ERROR] LogOutputStream:75 - [STDERR_REDIRECT] 
2026-05-28 14:53:39,823 [ERROR] LogOutputStream:75 - [STDERR_REDIRECT] [Fatal Error] :1:1: Premature end of file.
2026-05-28 14:53:39,823 [ERROR] LogOutputStream:75 - [STDERR_REDIRECT] 
2026-05-28 14:53:40,796 [ERROR] LogOutputStream:75 - [STDERR_REDIRECT] [Fatal Error] :1:1: Premature end of file.
2026-05-28 14:53:40,796 [ERROR] LogOutputStream:75 - [STDERR_REDIRECT] 
2026-05-28 14:53:41,797 [ERROR] LogOutputStream:75 - [STDERR_REDIRECT] [Fatal Error] :1:1: Premature end of file.
2026-05-28 14:53:41,797 [ERROR] LogOutputStream:75 - [STDERR_REDIRECT] 
2026-05-28 14:53:42,797 [ERROR] LogOutputStream:75 - [STDERR_REDIRECT] [Fatal Error] :1:1: Premature end of file.
2026-05-28 14:53:42,798 [ERROR] LogOutputStream:75 - [STDERR_REDIRECT] 
2026-05-28 14:53:43,802 [ERROR] LogOutputStream:75 - [STDERR_REDIRECT] [Fatal Error] :1:1: Premature end of file.
2026-05-28 14:53:43,802 [ERROR] LogOutputStream:75 - [STDERR_REDIRECT] 
2026-05-28 14:53:44,797 [ERROR] LogOutputStream:75 - [STDERR_REDIRECT] [Fatal Error] :1:1: Premature end of file.
2026-05-28 14:53:44,797 [ERROR] LogOutputStream:75 - [STDERR_REDIRECT] 
2026-05-28 14:53:45,798 [ERROR] LogOutputStream:75 - [STDERR_REDIRECT] [Fatal Error] :1:1: Premature end of file.
2026-05-28 14:53:45,798 [ERROR] LogOutputStream:75 - [STDERR_REDIRECT] 
2026-05-28 14:53:46,805 [ERROR] LogOutputStream:75 - [STDERR_REDIRECT] [Fatal Error] :1:1: Premature end of file.
2026-05-28 14:53:46,806 [ERROR] LogOutputStream:75 - [STDERR_REDIRECT] 
2026-05-28 14:53:47,796 [ERROR] LogOutputStream:75 - [STDERR_REDIRECT] [Fatal Error] :1:1: Premature end of file.
2026-05-28 14:53:47,796 [ERROR] LogOutputStream:75 - [STDERR_REDIRECT] 
2026-05-28 14:53:48,799 [ERROR] LogOutputStream:75 - [STDERR_REDIRECT] [Fatal Error] :1:1: Premature end of file.
2026-05-28 14:53:48,799 [ERROR] LogOutputStream:75 - [STDERR_REDIRECT] 
2026-05-28 14:53:49,799 [ERROR] LogOutputStream:75 - [STDERR_REDIRECT] [Fatal Error] :1:1: Premature end of file.
2026-05-28 14:53:49,799 [ERROR] LogOutputStream:75 - [STDERR_REDIRECT] 
2026-05-28 14:53:50,810 [ERROR] LogOutputStream:75 - [STDERR_REDIRECT] [Fatal Error] :1:1: Premature end of file.
2026-05-28 14:53:50,811 [ERROR] LogOutputStream:75 - [STDERR_REDIRECT] 
2026-05-28 14:53:51,807 [ERROR] LogOutputStream:75 - [STDERR_REDIRECT] [Fatal Error] :1:1: Premature end of file.
2026-05-28 14:53:51,808 [ERROR] LogOutputStream:75 - [STDERR_REDIRECT] 
2026-05-28 14:53:52,802 [ERROR] LogOutputStream:75 - [STDERR_REDIRECT] [Fatal Error] :1:1: Premature end of file.
2026-05-28 14:53:52,802 [ERROR] LogOutputStream:75 - [STDERR_REDIRECT] 
2026-05-28 14:53:53,798 [ERROR] LogOutputStream:75 - [STDERR_REDIRECT] [Fatal Error] :1:1: Premature end of file.
2026-05-28 14:53:53,798 [ERROR] LogOutputStream:75 - [STDERR_REDIRECT] 
2026-05-28 14:53:54,799 [ERROR] LogOutputStream:75 - [STDERR_REDIRECT] [Fatal Error] :1:1: Premature end of file.
2026-05-28 14:53:54,799 [ERROR] LogOutputStream:75 - [STDERR_REDIRECT] 
2026-05-28 14:53:55,795 [ERROR] LogOutputStream:75 - [STDERR_REDIRECT] [Fatal Error] :1:1: Premature end of file.
2026-05-28 14:53:55,796 [ERROR] LogOutputStream:75 - [STDERR_REDIRECT] 
2026-05-28 14:53:56,797 [ERROR] LogOutputStream:75 - [STDERR_REDIRECT] [Fatal Error] :1:1: Premature end of file.
2026-05-28 14:53:56,797 [ERROR] LogOutputStream:75 - [STDERR_REDIRECT] 
2026-05-28 14:53:57,799 [ERROR] LogOutputStream:75 - [STDERR_REDIRECT] [Fatal Error] :1:1: Premature end of file.
2026-05-28 14:53:57,799 [ERROR] LogOutputStream:75 - [STDERR_REDIRECT] 
2026-05-28 14:53:58,812 [ERROR] LogOutputStream:75 - [STDERR_REDIRECT] [Fatal Error] :1:1: Premature end of file.
2026-05-28 14:53:58,812 [ERROR] LogOutputStream:75 - [STDERR_REDIRECT] 
2026-05-28 14:53:59,798 [ERROR] LogOutputStream:75 - [STDERR_REDIRECT] [Fatal Error] :1:1: Premature end of file.
2026-05-28 14:53:59,798 [ERROR] LogOutputStream:75 - [STDERR_REDIRECT] 
2026-05-28 14:54:00,796 [ERROR] LogOutputStream:75 - [STDERR_REDIRECT] [Fatal Error] :1:1: Premature end of file.
2026-05-28 14:54:00,796 [ERROR] LogOutputStream:75 - [STDERR_REDIRECT] 
2026-05-28 14:54:01,796 [ERROR] LogOutputStream:75 - [STDERR_REDIRECT] [Fatal Error] :1:1: Premature end of file.
2026-05-28 14:54:01,796 [ERROR] LogOutputStream:75 - [STDERR_REDIRECT] 
2026-05-28 14:54:02,794 [ERROR] LogOutputStream:75 - [STDERR_REDIRECT] [Fatal Error] :1:1: Premature end of file.
2026-05-28 14:54:02,795 [ERROR] LogOutputStream:75 - [STDERR_REDIRECT] 
2026-05-28 14:54:03,801 [ERROR] LogOutputStream:75 - [STDERR_REDIRECT] [Fatal Error] :1:1: Premature end of file.
2026-05-28 14:54:03,801 [ERROR] LogOutputStream:75 - [STDERR_REDIRECT] 
2026-05-28 14:54:04,799 [ERROR] LogOutputStream:75 - [STDERR_REDIRECT] [Fatal Error] :1:1: Premature end of file.
2026-05-28 14:54:04,799 [ERROR] LogOutputStream:75 - [STDERR_REDIRECT] 
2026-05-28 14:54:05,799 [ERROR] LogOutputStream:75 - [STDERR_REDIRECT] [Fatal Error] :1:1: Premature end of file.
2026-05-28 14:54:05,799 [ERROR] LogOutputStream:75 - [STDERR_REDIRECT] 
2026-05-28 14:54:06,803 [ERROR] LogOutputStream:75 - [STDERR_REDIRECT] [Fatal Error] :1:1: Premature end of file.
2026-05-28 14:54:06,803 [ERROR] LogOutputStream:75 - [STDERR_REDIRECT] 
2026-05-28 14:54:07,801 [ERROR] LogOutputStream:75 - [STDERR_REDIRECT] [Fatal Error] :1:1: Premature end of file.
2026-05-28 14:54:07,801 [ERROR] LogOutputStream:75 - [STDERR_REDIRECT] 
2026-05-28 14:54:08,804 [ERROR] LogOutputStream:75 - [STDERR_REDIRECT] [Fatal Error] :1:1: Premature end of file.
2026-05-28 14:54:08,804 [ERROR] LogOutputStream:75 - [STDERR_REDIRECT] 
2026-05-28 14:54:09,797 [ERROR] LogOutputStream:75 - [STDERR_REDIRECT] [Fatal Error] :1:1: Premature end of file.
2026-05-28 14:54:09,797 [ERROR] LogOutputStream:75 - [STDERR_REDIRECT] 
2026-05-28 14:54:10,800 [ERROR] LogOutputStream:75 - [STDERR_REDIRECT] [Fatal Error] :1:1: Premature end of file.
2026-05-28 14:54:10,800 [ERROR] LogOutputStream:75 - [STDERR_REDIRECT] 
2026-05-28 14:54:11,799 [ERROR] LogOutputStream:75 - [STDERR_REDIRECT] [Fatal Error] :1:1: Premature end of file.
2026-05-28 14:54:11,801 [ERROR] LogOutputStream:75 - [STDERR_REDIRECT] 
2026-05-28 14:54:12,802 [ERROR] LogOutputStream:75 - [STDERR_REDIRECT] [Fatal Error] :1:1: Premature end of file.
2026-05-28 14:54:12,803 [ERROR] LogOutputStream:75 - [STDERR_REDIRECT] 
2026-05-28 14:54:13,797 [ERROR] LogOutputStream:75 - [STDERR_REDIRECT] [Fatal Error] :1:1: Premature end of file.
2026-05-28 14:54:13,797 [ERROR] LogOutputStream:75 - [STDERR_REDIRECT] 
2026-05-28 14:54:14,799 [ERROR] LogOutputStream:75 - [STDERR_REDIRECT] [Fatal Error] :1:1: Premature end of file.
2026-05-28 14:54:14,799 [ERROR] LogOutputStream:75 - [STDERR_REDIRECT] 
2026-05-28 14:54:15,829 [ERROR] LogOutputStream:75 - [STDERR_REDIRECT] [Fatal Error] :1:1: Premature end of file.
2026-05-28 14:54:15,831 [ERROR] LogOutputStream:75 - [STDERR_REDIRECT] 
2026-05-28 14:54:16,798 [ERROR] LogOutputStream:75 - [STDERR_REDIRECT] [Fatal Error] :1:1: Premature end of file.
2026-05-28 14:54:16,798 [ERROR] LogOutputStream:75 - [STDERR_REDIRECT] 
2026-05-28 14:54:17,799 [ERROR] LogOutputStream:75 - [STDERR_REDIRECT] [Fatal Error] :1:1: Premature end of file.
2026-05-28 14:54:17,799 [ERROR] LogOutputStream:75 - [STDERR_REDIRECT] 
2026-05-28 14:54:18,798 [ERROR] LogOutputStream:75 - [STDERR_REDIRECT] [Fatal Error] :1:1: Premature end of file.
2026-05-28 14:54:18,798 [ERROR] LogOutputStream:75 - [STDERR_REDIRECT] 
2026-05-28 14:54:19,800 [ERROR] LogOutputStream:75 - [STDERR_REDIRECT] [Fatal Error] :1:1: Premature end of file.
2026-05-28 14:54:19,800 [ERROR] LogOutputStream:75 - [STDERR_REDIRECT] 
2026-05-28 14:54:20,797 [ERROR] LogOutputStream:75 - [STDERR_REDIRECT] [Fatal Error] :1:1: Premature end of file.
2026-05-28 14:54:20,797 [ERROR] LogOutputStream:75 - [STDERR_REDIRECT] 
2026-05-28 14:54:21,803 [ERROR] LogOutputStream:75 - [STDERR_REDIRECT] [Fatal Error] :1:1: Premature end of file.
2026-05-28 14:54:21,803 [ERROR] LogOutputStream:75 - [STDERR_REDIRECT] 
2026-05-28 14:54:22,798 [ERROR] LogOutputStream:75 - [STDERR_REDIRECT] [Fatal Error] :1:1: Premature end of file.
2026-05-28 14:54:22,798 [ERROR] LogOutputStream:75 - [STDERR_REDIRECT] 
2026-05-28 14:54:23,802 [ERROR] LogOutputStream:75 - [STDERR_REDIRECT] [Fatal Error] :1:1: Premature end of file.
2026-05-28 14:54:23,802 [ERROR] LogOutputStream:75 - [STDERR_REDIRECT] 
2026-05-28 14:54:24,796 [ERROR] LogOutputStream:75 - [STDERR_REDIRECT] [Fatal Error] :1:1: Premature end of file.
2026-05-28 14:54:24,796 [ERROR] LogOutputStream:75 - [STDERR_REDIRECT] 
2026-05-28 14:54:25,794 [ERROR] LogOutputStream:75 - [STDERR_REDIRECT] [Fatal Error] :1:1: Premature end of file.
2026-05-28 14:54:25,794 [ERROR] LogOutputStream:75 - [STDERR_REDIRECT] 
2026-05-28 14:54:26,798 [ERROR] LogOutputStream:75 - [STDERR_REDIRECT] [Fatal Error] :1:1: Premature end of file.
2026-05-28 14:54:26,798 [ERROR] LogOutputStream:75 - [STDERR_REDIRECT] 
2026-05-28 14:54:27,798 [ERROR] LogOutputStream:75 - [STDERR_REDIRECT] [Fatal Error] :1:1: Premature end of file.
2026-05-28 14:54:27,798 [ERROR] LogOutputStream:75 - [STDERR_REDIRECT] 
2026-05-28 14:54:28,808 [ERROR] LogOutputStream:75 - [STDERR_REDIRECT] [Fatal Error] :1:1: Premature end of file.
2026-05-28 14:54:28,808 [ERROR] LogOutputStream:75 - [STDERR_REDIRECT] 
2026-05-28 14:54:29,803 [ERROR] LogOutputStream:75 - [STDERR_REDIRECT] [Fatal Error] :1:1: Premature end of file.
2026-05-28 14:54:29,804 [ERROR] LogOutputStream:75 - [STDERR_REDIRECT] 
2026-05-28 14:54:30,803 [ERROR] LogOutputStream:75 - [STDERR_REDIRECT] [Fatal Error] :1:1: Premature end of file.
2026-05-28 14:54:30,804 [ERROR] LogOutputStream:75 - [STDERR_REDIRECT] 
2026-05-28 14:54:31,816 [ERROR] LogOutputStream:75 - [STDERR_REDIRECT] [Fatal Error] :1:1: Premature end of file.
2026-05-28 14:54:31,816 [ERROR] LogOutputStream:75 - [STDERR_REDIRECT] 
2026-05-28 14:54:32,797 [ERROR] LogOutputStream:75 - [STDERR_REDIRECT] [Fatal Error] :1:1: Premature end of file.
2026-05-28 14:54:32,797 [ERROR] LogOutputStream:75 - [STDERR_REDIRECT] 
2026-05-28 14:54:33,800 [ERROR] LogOutputStream:75 - [STDERR_REDIRECT] [Fatal Error] :1:1: Premature end of file.
2026-05-28 14:54:33,800 [ERROR] LogOutputStream:75 - [STDERR_REDIRECT] 
2026-05-28 14:54:34,832 [ERROR] LogOutputStream:75 - [STDERR_REDIRECT] [Fatal Error] :1:1: Premature end of file.
2026-05-28 14:54:34,832 [ERROR] LogOutputStream:75 - [STDERR_REDIRECT] 
2026-05-28 14:54:35,795 [ERROR] LogOutputStream:75 - [STDERR_REDIRECT] [Fatal Error] :1:1: Premature end of file.
2026-05-28 14:54:35,795 [ERROR] LogOutputStream:75 - [STDERR_REDIRECT] 
2026-05-28 14:54:36,796 [ERROR] LogOutputStream:75 - [STDERR_REDIRECT] [Fatal Error] :1:1: Premature end of file.
2026-05-28 14:54:36,796 [ERROR] LogOutputStream:75 - [STDERR_REDIRECT] 
2026-05-28 14:54:37,783 [ERROR] LogOutputStream:75 - [STDERR_REDIRECT] [Fatal Error] :1:1: Premature end of file.
2026-05-28 14:54:37,784 [ERROR] LogOutputStream:75 - [STDERR_REDIRECT] 
2026-05-28 14:54:38,784 [ERROR] LogOutputStream:75 - [STDERR_REDIRECT] [Fatal Error] :1:1: Premature end of file.
2026-05-28 14:54:38,784 [ERROR] LogOutputStream:75 - [STDERR_REDIRECT] 
2026-05-28 14:54:39,790 [ERROR] LogOutputStream:75 - [STDERR_REDIRECT] [Fatal Error] :1:1: Premature end of file.
2026-05-28 14:54:39,790 [ERROR] LogOutputStream:75 - [STDERR_REDIRECT] 
2026-05-28 14:54:40,788 [ERROR] LogOutputStream:75 - [STDERR_REDIRECT] [Fatal Error] :1:1: Premature end of file.
2026-05-28 14:54:40,788 [ERROR] LogOutputStream:75 - [STDERR_REDIRECT] 
2026-05-28 14:54:41,789 [ERROR] LogOutputStream:75 - [STDERR_REDIRECT] [Fatal Error] :1:1: Premature end of file.
2026-05-28 14:54:41,789 [ERROR] LogOutputStream:75 - [STDERR_REDIRECT] 
2026-05-28 14:54:42,786 [ERROR] LogOutputStream:75 - [STDERR_REDIRECT] [Fatal Error] :1:1: Premature end of file.
2026-05-28 14:54:42,786 [ERROR] LogOutputStream:75 - [STDERR_REDIRECT] 
2026-05-28 14:54:43,782 [ERROR] LogOutputStream:75 - [STDERR_REDIRECT] [Fatal Error] :1:1: Premature end of file.
2026-05-28 14:54:43,782 [ERROR] LogOutputStream:75 - [STDERR_REDIRECT] 
2026-05-28 14:54:44,782 [ERROR] LogOutputStream:75 - [STDERR_REDIRECT] [Fatal Error] :1:1: Premature end of file.
2026-05-28 14:54:44,782 [ERROR] LogOutputStream:75 - [STDERR_REDIRECT] 
2026-05-28 14:54:45,780 [ERROR] LogOutputStream:75 - [STDERR_REDIRECT] [Fatal Error] :1:1: Premature end of file.
2026-05-28 14:54:45,780 [ERROR] LogOutputStream:75 - [STDERR_REDIRECT] 
2026-05-28 14:54:46,784 [ERROR] LogOutputStream:75 - [STDERR_REDIRECT] [Fatal Error] :1:1: Premature end of file.
2026-05-28 14:54:46,784 [ERROR] LogOutputStream:75 - [STDERR_REDIRECT] 
2026-05-28 14:54:47,784 [ERROR] LogOutputStream:75 - [STDERR_REDIRECT] [Fatal Error] :1:1: Premature end of file.
2026-05-28 14:54:47,784 [ERROR] LogOutputStream:75 - [STDERR_REDIRECT] 
2026-05-28 14:54:48,785 [ERROR] LogOutputStream:75 - [STDERR_REDIRECT] [Fatal Error] :1:1: Premature end of file.
2026-05-28 14:54:48,785 [ERROR] LogOutputStream:75 - [STDERR_REDIRECT] 
2026-05-28 14:54:49,788 [ERROR] LogOutputStream:75 - [STDERR_REDIRECT] [Fatal Error] :1:1: Premature end of file.
2026-05-28 14:54:49,788 [ERROR] LogOutputStream:75 - [STDERR_REDIRECT] 
2026-05-28 14:54:50,796 [ERROR] LogOutputStream:75 - [STDERR_REDIRECT] [Fatal Error] :1:1: Premature end of file.
2026-05-28 14:54:50,796 [ERROR] LogOutputStream:75 - [STDERR_REDIRECT] 
2026-05-28 14:54:51,801 [ERROR] LogOutputStream:75 - [STDERR_REDIRECT] [Fatal Error] :1:1: Premature end of file.
2026-05-28 14:54:51,801 [ERROR] LogOutputStream:75 - [STDERR_REDIRECT] 
2026-05-28 14:54:52,805 [ERROR] LogOutputStream:75 - [STDERR_REDIRECT] [Fatal Error] :1:1: Premature end of file.
2026-05-28 14:54:52,806 [ERROR] LogOutputStream:75 - [STDERR_REDIRECT] 
2026-05-28 14:54:53,803 [ERROR] LogOutputStream:75 - [STDERR_REDIRECT] [Fatal Error] :1:1: Premature end of file.
2026-05-28 14:54:53,803 [ERROR] LogOutputStream:75 - [STDERR_REDIRECT] 
2026-05-28 14:54:54,803 [ERROR] LogOutputStream:75 - [STDERR_REDIRECT] [Fatal Error] :1:1: Premature end of file.
2026-05-28 14:54:54,804 [ERROR] LogOutputStream:75 - [STDERR_REDIRECT] 
2026-05-28 14:54:55,800 [ERROR] LogOutputStream:75 - [STDERR_REDIRECT] [Fatal Error] :1:1: Premature end of file.
2026-05-28 14:54:55,800 [ERROR] LogOutputStream:75 - [STDERR_REDIRECT] 
2026-05-28 14:54:56,803 [ERROR] LogOutputStream:75 - [STDERR_REDIRECT] [Fatal Error] :1:1: Premature end of file.
2026-05-28 14:54:56,803 [ERROR] LogOutputStream:75 - [STDERR_REDIRECT] 
2026-05-28 14:54:57,804 [ERROR] LogOutputStream:75 - [STDERR_REDIRECT] [Fatal Error] :1:1: Premature end of file.
2026-05-28 14:54:57,804 [ERROR] LogOutputStream:75 - [STDERR_REDIRECT] 
2026-05-28 14:54:58,806 [ERROR] LogOutputStream:75 - [STDERR_REDIRECT] [Fatal Error] :1:1: Premature end of file.
2026-05-28 14:54:58,807 [ERROR] LogOutputStream:75 - [STDERR_REDIRECT] 
2026-05-28 14:54:59,802 [ERROR] LogOutputStream:75 - [STDERR_REDIRECT] [Fatal Error] :1:1: Premature end of file.
2026-05-28 14:54:59,803 [ERROR] LogOutputStream:75 - [STDERR_REDIRECT] 
2026-05-28 14:55:00,804 [ERROR] LogOutputStream:75 - [STDERR_REDIRECT] [Fatal Error] :1:1: Premature end of file.
2026-05-28 14:55:00,804 [ERROR] LogOutputStream:75 - [STDERR_REDIRECT] 
2026-05-28 14:55:01,801 [ERROR] LogOutputStream:75 - [STDERR_REDIRECT] [Fatal Error] :1:1: Premature end of file.
2026-05-28 14:55:01,802 [ERROR] LogOutputStream:75 - [STDERR_REDIRECT] 
2026-05-28 14:55:02,806 [ERROR] LogOutputStream:75 - [STDERR_REDIRECT] [Fatal Error] :1:1: Premature end of file.
2026-05-28 14:55:02,806 [ERROR] LogOutputStream:75 - [STDERR_REDIRECT] 
2026-05-28 14:55:03,805 [ERROR] LogOutputStream:75 - [STDERR_REDIRECT] [Fatal Error] :1:1: Premature end of file.
2026-05-28 14:55:03,805 [ERROR] LogOutputStream:75 - [STDERR_REDIRECT] 
2026-05-28 14:55:04,808 [ERROR] LogOutputStream:75 - [STDERR_REDIRECT] [Fatal Error] :1:1: Premature end of file.
2026-05-28 14:55:04,808 [ERROR] LogOutputStream:75 - [STDERR_REDIRECT] 
2026-05-28 14:55:05,801 [ERROR] LogOutputStream:75 - [STDERR_REDIRECT] [Fatal Error] :1:1: Premature end of file.
2026-05-28 14:55:05,802 [ERROR] LogOutputStream:75 - [STDERR_REDIRECT] 
2026-05-28 14:55:06,815 [ERROR] LogOutputStream:75 - [STDERR_REDIRECT] [Fatal Error] :1:1: Premature end of file.
2026-05-28 14:55:06,815 [ERROR] LogOutputStream:75 - [STDERR_REDIRECT] 
2026-05-28 14:55:07,801 [ERROR] LogOutputStream:75 - [STDERR_REDIRECT] [Fatal Error] :1:1: Premature end of file.
2026-05-28 14:55:07,801 [ERROR] LogOutputStream:75 - [STDERR_REDIRECT] 
2026-05-28 14:55:08,810 [ERROR] LogOutputStream:75 - [STDERR_REDIRECT] [Fatal Error] :1:1: Premature end of file.
2026-05-28 14:55:08,810 [ERROR] LogOutputStream:75 - [STDERR_REDIRECT] 
2026-05-28 14:55:09,806 [ERROR] LogOutputStream:75 - [STDERR_REDIRECT] [Fatal Error] :1:1: Premature end of file.
2026-05-28 14:55:09,806 [ERROR] LogOutputStream:75 - [STDERR_REDIRECT] 
2026-05-28 14:55:10,807 [ERROR] LogOutputStream:75 - [STDERR_REDIRECT] [Fatal Error] :1:1: Premature end of file.
2026-05-28 14:55:10,807 [ERROR] LogOutputStream:75 - [STDERR_REDIRECT] 
2026-05-28 14:55:11,810 [ERROR] LogOutputStream:75 - [STDERR_REDIRECT] [Fatal Error] :1:1: Premature end of file.
2026-05-28 14:55:11,810 [ERROR] LogOutputStream:75 - [STDERR_REDIRECT] 
2026-05-28 14:55:12,818 [ERROR] LogOutputStream:75 - [STDERR_REDIRECT] [Fatal Error] :1:1: Premature end of file.
2026-05-28 14:55:12,819 [ERROR] LogOutputStream:75 - [STDERR_REDIRECT] 
2026-05-28 14:55:13,799 [ERROR] LogOutputStream:75 - [STDERR_REDIRECT] [Fatal Error] :1:1: Premature end of file.
2026-05-28 14:55:13,799 [ERROR] LogOutputStream:75 - [STDERR_REDIRECT] 
2026-05-28 14:55:14,799 [ERROR] LogOutputStream:75 - [STDERR_REDIRECT] [Fatal Error] :1:1: Premature end of file.
2026-05-28 14:55:14,799 [ERROR] LogOutputStream:75 - [STDERR_REDIRECT] 
2026-05-28 14:55:15,798 [ERROR] LogOutputStream:75 - [STDERR_REDIRECT] [Fatal Error] :1:1: Premature end of file.
2026-05-28 14:55:15,798 [ERROR] LogOutputStream:75 - [STDERR_REDIRECT] 
2026-05-28 14:55:16,792 [ERROR] LogOutputStream:75 - [STDERR_REDIRECT] [Fatal Error] :1:1: Premature end of file.
2026-05-28 14:55:16,792 [ERROR] LogOutputStream:75 - [STDERR_REDIRECT] 
2026-05-28 14:55:17,807 [ERROR] LogOutputStream:75 - [STDERR_REDIRECT] [Fatal Error] :1:1: Premature end of file.
2026-05-28 14:55:17,807 [ERROR] LogOutputStream:75 - [STDERR_REDIRECT] 
2026-05-28 14:55:18,796 [ERROR] LogOutputStream:75 - [STDERR_REDIRECT] [Fatal Error] :1:1: Premature end of file.
2026-05-28 14:55:18,796 [ERROR] LogOutputStream:75 - [STDERR_REDIRECT] 
2026-05-28 14:55:19,808 [ERROR] LogOutputStream:75 - [STDERR_REDIRECT] [Fatal Error] :1:1: Premature end of file.
2026-05-28 14:55:19,808 [ERROR] LogOutputStream:75 - [STDERR_REDIRECT] 
2026-05-28 14:55:20,801 [ERROR] LogOutputStream:75 - [STDERR_REDIRECT] [Fatal Error] :1:1: Premature end of file.
2026-05-28 14:55:20,801 [ERROR] LogOutputStream:75 - [STDERR_REDIRECT] 
2026-05-28 14:55:21,797 [ERROR] LogOutputStream:75 - [STDERR_REDIRECT] [Fatal Error] :1:1: Premature end of file.
2026-05-28 14:55:21,797 [ERROR] LogOutputStream:75 - [STDERR_REDIRECT] 
2026-05-28 14:55:22,797 [ERROR] LogOutputStream:75 - [STDERR_REDIRECT] [Fatal Error] :1:1: Premature end of file.
2026-05-28 14:55:22,797 [ERROR] LogOutputStream:75 - [STDERR_REDIRECT] 
2026-05-28 14:55:23,808 [ERROR] LogOutputStream:75 - [STDERR_REDIRECT] [Fatal Error] :1:1: Premature end of file.
2026-05-28 14:55:23,808 [ERROR] LogOutputStream:75 - [STDERR_REDIRECT] 
2026-05-28 14:55:24,797 [ERROR] LogOutputStream:75 - [STDERR_REDIRECT] [Fatal Error] :1:1: Premature end of file.
2026-05-28 14:55:24,797 [ERROR] LogOutputStream:75 - [STDERR_REDIRECT] 
2026-05-28 14:55:25,800 [ERROR] LogOutputStream:75 - [STDERR_REDIRECT] [Fatal Error] :1:1: Premature end of file.
2026-05-28 14:55:25,800 [ERROR] LogOutputStream:75 - [STDERR_REDIRECT] 
2026-05-28 14:55:26,796 [ERROR] LogOutputStream:75 - [STDERR_REDIRECT] [Fatal Error] :1:1: Premature end of file.
2026-05-28 14:55:26,796 [ERROR] LogOutputStream:75 - [STDERR_REDIRECT] 
2026-05-28 14:55:27,799 [ERROR] LogOutputStream:75 - [STDERR_REDIRECT] [Fatal Error] :1:1: Premature end of file.
2026-05-28 14:55:27,799 [ERROR] LogOutputStream:75 - [STDERR_REDIRECT] 
2026-05-28 14:55:28,797 [ERROR] LogOutputStream:75 - [STDERR_REDIRECT] [Fatal Error] :1:1: Premature end of file.
2026-05-28 14:55:28,797 [ERROR] LogOutputStream:75 - [STDERR_REDIRECT] 
2026-05-28 14:55:29,798 [ERROR] LogOutputStream:75 - [STDERR_REDIRECT] [Fatal Error] :1:1: Premature end of file.
2026-05-28 14:55:29,799 [ERROR] LogOutputStream:75 - [STDERR_REDIRECT] 
2026-05-28 14:55:30,798 [ERROR] LogOutputStream:75 - [STDERR_REDIRECT] [Fatal Error] :1:1: Premature end of file.
2026-05-28 14:55:30,798 [ERROR] LogOutputStream:75 - [STDERR_REDIRECT] 
2026-05-28 14:55:31,798 [ERROR] LogOutputStream:75 - [STDERR_REDIRECT] [Fatal Error] :1:1: Premature end of file.
2026-05-28 14:55:31,799 [ERROR] LogOutputStream:75 - [STDERR_REDIRECT] 
2026-05-28 14:55:32,797 [ERROR] LogOutputStream:75 - [STDERR_REDIRECT] [Fatal Error] :1:1: Premature end of file.
2026-05-28 14:55:32,797 [ERROR] LogOutputStream:75 - [STDERR_REDIRECT] 
2026-05-28 14:55:33,805 [ERROR] LogOutputStream:75 - [STDERR_REDIRECT] [Fatal Error] :1:1: Premature end of file.
2026-05-28 14:55:33,805 [ERROR] LogOutputStream:75 - [STDERR_REDIRECT] 
2026-05-28 14:55:34,799 [ERROR] LogOutputStream:75 - [STDERR_REDIRECT] [Fatal Error] :1:1: Premature end of file.
2026-05-28 14:55:34,799 [ERROR] LogOutputStream:75 - [STDERR_REDIRECT] 
2026-05-28 14:55:35,798 [ERROR] LogOutputStream:75 - [STDERR_REDIRECT] [Fatal Error] :1:1: Premature end of file.
2026-05-28 14:55:35,799 [ERROR] LogOutputStream:75 - [STDERR_REDIRECT] 
2026-05-28 14:55:36,796 [ERROR] LogOutputStream:75 - [STDERR_REDIRECT] [Fatal Error] :1:1: Premature end of file.
2026-05-28 14:55:36,796 [ERROR] LogOutputStream:75 - [STDERR_REDIRECT] 
2026-05-28 14:55:37,797 [ERROR] LogOutputStream:75 - [STDERR_REDIRECT] [Fatal Error] :1:1: Premature end of file.
2026-05-28 14:55:37,797 [ERROR] LogOutputStream:75 - [STDERR_REDIRECT] 
2026-05-28 14:55:38,800 [ERROR] LogOutputStream:75 - [STDERR_REDIRECT] [Fatal Error] :1:1: Premature end of file.
2026-05-28 14:55:38,800 [ERROR] LogOutputStream:75 - [STDERR_REDIRECT] 
2026-05-28 14:55:39,807 [ERROR] LogOutputStream:75 - [STDERR_REDIRECT] [Fatal Error] :1:1: Premature end of file.
2026-05-28 14:55:39,807 [ERROR] LogOutputStream:75 - [STDERR_REDIRECT] 
2026-05-28 14:55:40,803 [ERROR] LogOutputStream:75 - [STDERR_REDIRECT] [Fatal Error] :1:1: Premature end of file.
2026-05-28 14:55:40,803 [ERROR] LogOutputStream:75 - [STDERR_REDIRECT] 
2026-05-28 14:55:41,800 [ERROR] LogOutputStream:75 - [STDERR_REDIRECT] [Fatal Error] :1:1: Premature end of file.
2026-05-28 14:55:41,800 [ERROR] LogOutputStream:75 - [STDERR_REDIRECT] 
2026-05-28 14:55:42,803 [ERROR] LogOutputStream:75 - [STDERR_REDIRECT] [Fatal Error] :1:1: Premature end of file.
2026-05-28 14:55:42,804 [ERROR] LogOutputStream:75 - [STDERR_REDIRECT] 
2026-05-28 14:55:43,806 [ERROR] LogOutputStream:75 - [STDERR_REDIRECT] [Fatal Error] :1:1: Premature end of file.
2026-05-28 14:55:43,806 [ERROR] LogOutputStream:75 - [STDERR_REDIRECT] 
2026-05-28 14:55:44,804 [ERROR] LogOutputStream:75 - [STDERR_REDIRECT] [Fatal Error] :1:1: Premature end of file.
2026-05-28 14:55:44,804 [ERROR] LogOutputStream:75 - [STDERR_REDIRECT] 
2026-05-28 14:55:45,799 [ERROR] LogOutputStream:75 - [STDERR_REDIRECT] [Fatal Error] :1:1: Premature end of file.
2026-05-28 14:55:45,799 [ERROR] LogOutputStream:75 - [STDERR_REDIRECT] 
2026-05-28 14:55:46,796 [ERROR] LogOutputStream:75 - [STDERR_REDIRECT] [Fatal Error] :1:1: Premature end of file.
2026-05-28 14:55:46,797 [ERROR] LogOutputStream:75 - [STDERR_REDIRECT] 
2026-05-28 14:55:47,800 [ERROR] LogOutputStream:75 - [STDERR_REDIRECT] [Fatal Error] :1:1: Premature end of file.
2026-05-28 14:55:47,800 [ERROR] LogOutputStream:75 - [STDERR_REDIRECT] 
2026-05-28 14:55:48,826 [ERROR] LogOutputStream:75 - [STDERR_REDIRECT] [Fatal Error] :1:1: Premature end of file.
2026-05-28 14:55:48,827 [ERROR] LogOutputStream:75 - [STDERR_REDIRECT] 
2026-05-28 14:55:49,793 [ERROR] LogOutputStream:75 - [STDERR_REDIRECT] [Fatal Error] :1:1: Premature end of file.
2026-05-28 14:55:49,793 [ERROR] LogOutputStream:75 - [STDERR_REDIRECT] 
2026-05-28 14:55:50,795 [ERROR] LogOutputStream:75 - [STDERR_REDIRECT] [Fatal Error] :1:1: Premature end of file.
2026-05-28 14:55:50,795 [ERROR] LogOutputStream:75 - [STDERR_REDIRECT] 
2026-05-28 14:55:51,800 [ERROR] LogOutputStream:75 - [STDERR_REDIRECT] [Fatal Error] :1:1: Premature end of file.
2026-05-28 14:55:51,801 [ERROR] LogOutputStream:75 - [STDERR_REDIRECT] 
2026-05-28 14:55:52,803 [ERROR] LogOutputStream:75 - [STDERR_REDIRECT] [Fatal Error] :1:1: Premature end of file.
2026-05-28 14:55:52,803 [ERROR] LogOutputStream:75 - [STDERR_REDIRECT] 
2026-05-28 14:55:53,797 [ERROR] LogOutputStream:75 - [STDERR_REDIRECT] [Fatal Error] :1:1: Premature end of file.
2026-05-28 14:55:53,797 [ERROR] LogOutputStream:75 - [STDERR_REDIRECT] 
2026-05-28 14:55:54,802 [ERROR] LogOutputStream:75 - [STDERR_REDIRECT] [Fatal Error] :1:1: Premature end of file.
2026-05-28 14:55:54,802 [ERROR] LogOutputStream:75 - [STDERR_REDIRECT] 
2026-05-28 14:55:55,805 [ERROR] LogOutputStream:75 - [STDERR_REDIRECT] [Fatal Error] :1:1: Premature end of file.
2026-05-28 14:55:55,806 [ERROR] LogOutputStream:75 - [STDERR_REDIRECT] 
2026-05-28 14:55:56,830 [ERROR] LogOutputStream:75 - [STDERR_REDIRECT] [Fatal Error] :1:1: Premature end of file.
2026-05-28 14:55:56,830 [ERROR] LogOutputStream:75 - [STDERR_REDIRECT] 
2026-05-28 14:55:57,799 [ERROR] LogOutputStream:75 - [STDERR_REDIRECT] [Fatal Error] :1:1: Premature end of file.
2026-05-28 14:55:57,799 [ERROR] LogOutputStream:75 - [STDERR_REDIRECT] 
2026-05-28 14:55:58,797 [ERROR] LogOutputStream:75 - [STDERR_REDIRECT] [Fatal Error] :1:1: Premature end of file.
2026-05-28 14:55:58,798 [ERROR] LogOutputStream:75 - [STDERR_REDIRECT] 
2026-05-28 14:55:59,797 [ERROR] LogOutputStream:75 - [STDERR_REDIRECT] [Fatal Error] :1:1: Premature end of file.
2026-05-28 14:55:59,797 [ERROR] LogOutputStream:75 - [STDERR_REDIRECT] 
2026-05-28 14:56:00,805 [ERROR] LogOutputStream:75 - [STDERR_REDIRECT] [Fatal Error] :1:1: Premature end of file.
2026-05-28 14:56:00,805 [ERROR] LogOutputStream:75 - [STDERR_REDIRECT] 
2026-05-28 14:56:01,797 [ERROR] LogOutputStream:75 - [STDERR_REDIRECT] [Fatal Error] :1:1: Premature end of file.
2026-05-28 14:56:01,797 [ERROR] LogOutputStream:75 - [STDERR_REDIRECT] 
2026-05-28 14:56:02,800 [ERROR] LogOutputStream:75 - [STDERR_REDIRECT] [Fatal Error] :1:1: Premature end of file.
2026-05-28 14:56:02,800 [ERROR] LogOutputStream:75 - [STDERR_REDIRECT] 
2026-05-28 14:56:03,798 [ERROR] LogOutputStream:75 - [STDERR_REDIRECT] [Fatal Error] :1:1: Premature end of file.
2026-05-28 14:56:03,798 [ERROR] LogOutputStream:75 - [STDERR_REDIRECT] 
2026-05-28 14:56:04,800 [ERROR] LogOutputStream:75 - [STDERR_REDIRECT] [Fatal Error] :1:1: Premature end of file.
2026-05-28 14:56:04,800 [ERROR] LogOutputStream:75 - [STDERR_REDIRECT] 
2026-05-28 14:56:05,798 [ERROR] LogOutputStream:75 - [STDERR_REDIRECT] [Fatal Error] :1:1: Premature end of file.
2026-05-28 14:56:05,798 [ERROR] LogOutputStream:75 - [STDERR_REDIRECT] 
2026-05-28 14:56:06,805 [ERROR] LogOutputStream:75 - [STDERR_REDIRECT] [Fatal Error] :1:1: Premature end of file.
2026-05-28 14:56:06,805 [ERROR] LogOutputStream:75 - [STDERR_REDIRECT] 
2026-05-28 14:56:07,798 [ERROR] LogOutputStream:75 - [STDERR_REDIRECT] [Fatal Error] :1:1: Premature end of file.
2026-05-28 14:56:07,798 [ERROR] LogOutputStream:75 - [STDERR_REDIRECT] 
2026-05-28 14:56:08,797 [ERROR] LogOutputStream:75 - [STDERR_REDIRECT] [Fatal Error] :1:1: Premature end of file.
2026-05-28 14:56:08,797 [ERROR] LogOutputStream:75 - [STDERR_REDIRECT] 
2026-05-28 14:56:09,799 [ERROR] LogOutputStream:75 - [STDERR_REDIRECT] [Fatal Error] :1:1: Premature end of file.
2026-05-28 14:56:09,799 [ERROR] LogOutputStream:75 - [STDERR_REDIRECT] 
2026-05-28 14:56:10,801 [ERROR] LogOutputStream:75 - [STDERR_REDIRECT] [Fatal Error] :1:1: Premature end of file.
2026-05-28 14:56:10,802 [ERROR] LogOutputStream:75 - [STDERR_REDIRECT] 
2026-05-28 14:56:11,798 [ERROR] LogOutputStream:75 - [STDERR_REDIRECT] [Fatal Error] :1:1: Premature end of file.
2026-05-28 14:56:11,798 [ERROR] LogOutputStream:75 - [STDERR_REDIRECT] 
2026-05-28 14:56:12,797 [ERROR] LogOutputStream:75 - [STDERR_REDIRECT] [Fatal Error] :1:1: Premature end of file.
2026-05-28 14:56:12,798 [ERROR] LogOutputStream:75 - [STDERR_REDIRECT] 
2026-05-28 14:56:13,798 [ERROR] LogOutputStream:75 - [STDERR_REDIRECT] [Fatal Error] :1:1: Premature end of file.
2026-05-28 14:56:13,799 [ERROR] LogOutputStream:75 - [STDERR_REDIRECT] 
2026-05-28 14:56:14,801 [ERROR] LogOutputStream:75 - [STDERR_REDIRECT] [Fatal Error] :1:1: Premature end of file.
2026-05-28 14:56:14,801 [ERROR] LogOutputStream:75 - [STDERR_REDIRECT] 
2026-05-28 14:56:15,798 [ERROR] LogOutputStream:75 - [STDERR_REDIRECT] [Fatal Error] :1:1: Premature end of file.
2026-05-28 14:56:15,798 [ERROR] LogOutputStream:75 - [STDERR_REDIRECT] 
2026-05-28 14:56:16,796 [ERROR] LogOutputStream:75 - [STDERR_REDIRECT] [Fatal Error] :1:1: Premature end of file.
2026-05-28 14:56:16,797 [ERROR] LogOutputStream:75 - [STDERR_REDIRECT] 
2026-05-28 14:56:17,797 [ERROR] LogOutputStream:75 - [STDERR_REDIRECT] [Fatal Error] :1:1: Premature end of file.
2026-05-28 14:56:17,797 [ERROR] LogOutputStream:75 - [STDERR_REDIRECT] 
2026-05-28 14:56:18,802 [ERROR] LogOutputStream:75 - [STDERR_REDIRECT] [Fatal Error] :1:1: Premature end of file.
2026-05-28 14:56:18,803 [ERROR] LogOutputStream:75 - [STDERR_REDIRECT] 
2026-05-28 14:56:19,795 [ERROR] LogOutputStream:75 - [STDERR_REDIRECT] [Fatal Error] :1:1: Premature end of file.
2026-05-28 14:56:19,796 [ERROR] LogOutputStream:75 - [STDERR_REDIRECT] 
2026-05-28 14:56:20,797 [ERROR] LogOutputStream:75 - [STDERR_REDIRECT] [Fatal Error] :1:1: Premature end of file.
2026-05-28 14:56:20,797 [ERROR] LogOutputStream:75 - [STDERR_REDIRECT] 
2026-05-28 14:56:21,797 [ERROR] LogOutputStream:75 - [STDERR_REDIRECT] [Fatal Error] :1:1: Premature end of file.
2026-05-28 14:56:21,798 [ERROR] LogOutputStream:75 - [STDERR_REDIRECT] 
2026-05-28 14:56:22,798 [ERROR] LogOutputStream:75 - [STDERR_REDIRECT] [Fatal Error] :1:1: Premature end of file.
2026-05-28 14:56:22,799 [ERROR] LogOutputStream:75 - [STDERR_REDIRECT] 
2026-05-28 14:56:23,797 [ERROR] LogOutputStream:75 - [STDERR_REDIRECT] [Fatal Error] :1:1: Premature end of file.
2026-05-28 14:56:23,797 [ERROR] LogOutputStream:75 - [STDERR_REDIRECT] 
2026-05-28 14:56:24,834 [ERROR] LogOutputStream:75 - [STDERR_REDIRECT] [Fatal Error] :1:1: Premature end of file.
2026-05-28 14:56:24,835 [ERROR] LogOutputStream:75 - [STDERR_REDIRECT] 
2026-05-28 14:56:25,807 [ERROR] LogOutputStream:75 - [STDERR_REDIRECT] [Fatal Error] :1:1: Premature end of file.
2026-05-28 14:56:25,807 [ERROR] LogOutputStream:75 - [STDERR_REDIRECT] 
2026-05-28 14:56:26,808 [ERROR] LogOutputStream:75 - [STDERR_REDIRECT] [Fatal Error] :1:1: Premature end of file.
2026-05-28 14:56:26,808 [ERROR] LogOutputStream:75 - [STDERR_REDIRECT] 
2026-05-28 14:56:27,796 [ERROR] LogOutputStream:75 - [STDERR_REDIRECT] [Fatal Error] :1:1: Premature end of file.
2026-05-28 14:56:27,797 [ERROR] LogOutputStream:75 - [STDERR_REDIRECT] 
2026-05-28 14:56:28,800 [ERROR] LogOutputStream:75 - [STDERR_REDIRECT] [Fatal Error] :1:1: Premature end of file.
2026-05-28 14:56:28,800 [ERROR] LogOutputStream:75 - [STDERR_REDIRECT] 
2026-05-28 14:56:29,800 [ERROR] LogOutputStream:75 - [STDERR_REDIRECT] [Fatal Error] :1:1: Premature end of file.
2026-05-28 14:56:29,800 [ERROR] LogOutputStream:75 - [STDERR_REDIRECT] 
2026-05-28 14:56:30,803 [ERROR] LogOutputStream:75 - [STDERR_REDIRECT] [Fatal Error] :1:1: Premature end of file.
2026-05-28 14:56:30,803 [ERROR] LogOutputStream:75 - [STDERR_REDIRECT] 
2026-05-28 14:56:31,802 [ERROR] LogOutputStream:75 - [STDERR_REDIRECT] [Fatal Error] :1:1: Premature end of file.
2026-05-28 14:56:31,802 [ERROR] LogOutputStream:75 - [STDERR_REDIRECT] 
2026-05-28 14:56:32,802 [ERROR] LogOutputStream:75 - [STDERR_REDIRECT] [Fatal Error] :1:1: Premature end of file.
2026-05-28 14:56:32,802 [ERROR] LogOutputStream:75 - [STDERR_REDIRECT] 
2026-05-28 14:56:33,800 [ERROR] LogOutputStream:75 - [STDERR_REDIRECT] [Fatal Error] :1:1: Premature end of file.
2026-05-28 14:56:33,801 [ERROR] LogOutputStream:75 - [STDERR_REDIRECT] 
2026-05-28 14:56:34,803 [ERROR] LogOutputStream:75 - [STDERR_REDIRECT] [Fatal Error] :1:1: Premature end of file.
2026-05-28 14:56:34,803 [ERROR] LogOutputStream:75 - [STDERR_REDIRECT] 
2026-05-28 14:56:35,813 [ERROR] LogOutputStream:75 - [STDERR_REDIRECT] [Fatal Error] :1:1: Premature end of file.
2026-05-28 14:56:35,813 [ERROR] LogOutputStream:75 - [STDERR_REDIRECT] 
2026-05-28 14:56:36,802 [ERROR] LogOutputStream:75 - [STDERR_REDIRECT] [Fatal Error] :1:1: Premature end of file.
2026-05-28 14:56:36,803 [ERROR] LogOutputStream:75 - [STDERR_REDIRECT] 
2026-05-28 14:56:37,799 [ERROR] LogOutputStream:75 - [STDERR_REDIRECT] [Fatal Error] :1:1: Premature end of file.
2026-05-28 14:56:37,799 [ERROR] LogOutputStream:75 - [STDERR_REDIRECT] 
2026-05-28 14:56:38,799 [ERROR] LogOutputStream:75 - [STDERR_REDIRECT] [Fatal Error] :1:1: Premature end of file.
2026-05-28 14:56:38,799 [ERROR] LogOutputStream:75 - [STDERR_REDIRECT] 
2026-05-28 14:56:39,796 [ERROR] LogOutputStream:75 - [STDERR_REDIRECT] [Fatal Error] :1:1: Premature end of file.
2026-05-28 14:56:39,796 [ERROR] LogOutputStream:75 - [STDERR_REDIRECT] 
2026-05-28 14:56:40,803 [ERROR] LogOutputStream:75 - [STDERR_REDIRECT] [Fatal Error] :1:1: Premature end of file.
2026-05-28 14:56:40,803 [ERROR] LogOutputStream:75 - [STDERR_REDIRECT] 
2026-05-28 14:56:41,801 [ERROR] LogOutputStream:75 - [STDERR_REDIRECT] [Fatal Error] :1:1: Premature end of file.
2026-05-28 14:56:41,801 [ERROR] LogOutputStream:75 - [STDERR_REDIRECT] 
2026-05-28 14:56:42,837 [ERROR] LogOutputStream:75 - [STDERR_REDIRECT] [Fatal Error] :1:1: Premature end of file.
2026-05-28 14:56:42,838 [ERROR] LogOutputStream:75 - [STDERR_REDIRECT] 
2026-05-28 14:56:43,800 [ERROR] LogOutputStream:75 - [STDERR_REDIRECT] [Fatal Error] :1:1: Premature end of file.
2026-05-28 14:56:43,800 [ERROR] LogOutputStream:75 - [STDERR_REDIRECT] 
2026-05-28 14:56:44,804 [ERROR] LogOutputStream:75 - [STDERR_REDIRECT] [Fatal Error] :1:1: Premature end of file.
2026-05-28 14:56:44,805 [ERROR] LogOutputStream:75 - [STDERR_REDIRECT] 
2026-05-28 14:56:45,800 [ERROR] LogOutputStream:75 - [STDERR_REDIRECT] [Fatal Error] :1:1: Premature end of file.
2026-05-28 14:56:45,800 [ERROR] LogOutputStream:75 - [STDERR_REDIRECT] 
2026-05-28 14:56:46,798 [ERROR] LogOutputStream:75 - [STDERR_REDIRECT] [Fatal Error] :1:1: Premature end of file.
2026-05-28 14:56:46,798 [ERROR] LogOutputStream:75 - [STDERR_REDIRECT] 
2026-05-28 14:56:47,805 [ERROR] LogOutputStream:75 - [STDERR_REDIRECT] [Fatal Error] :1:1: Premature end of file.
2026-05-28 14:56:47,805 [ERROR] LogOutputStream:75 - [STDERR_REDIRECT] 
2026-05-28 14:56:48,801 [ERROR] LogOutputStream:75 - [STDERR_REDIRECT] [Fatal Error] :1:1: Premature end of file.
2026-05-28 14:56:48,801 [ERROR] LogOutputStream:75 - [STDERR_REDIRECT] 
2026-05-28 14:56:49,801 [ERROR] LogOutputStream:75 - [STDERR_REDIRECT] [Fatal Error] :1:1: Premature end of file.
2026-05-28 14:56:49,801 [ERROR] LogOutputStream:75 - [STDERR_REDIRECT] 
2026-05-28 14:56:50,805 [ERROR] LogOutputStream:75 - [STDERR_REDIRECT] [Fatal Error] :1:1: Premature end of file.
2026-05-28 14:56:50,805 [ERROR] LogOutputStream:75 - [STDERR_REDIRECT] 
2026-05-28 14:56:51,795 [ERROR] LogOutputStream:75 - [STDERR_REDIRECT] [Fatal Error] :1:1: Premature end of file.
2026-05-28 14:56:51,795 [ERROR] LogOutputStream:75 - [STDERR_REDIRECT] 
2026-05-28 14:56:52,799 [ERROR] LogOutputStream:75 - [STDERR_REDIRECT] [Fatal Error] :1:1: Premature end of file.
2026-05-28 14:56:52,799 [ERROR] LogOutputStream:75 - [STDERR_REDIRECT] 
2026-05-28 14:56:53,802 [ERROR] LogOutputStream:75 - [STDERR_REDIRECT] [Fatal Error] :1:1: Premature end of file.
2026-05-28 14:56:53,802 [ERROR] LogOutputStream:75 - [STDERR_REDIRECT] 
2026-05-28 14:56:54,798 [ERROR] LogOutputStream:75 - [STDERR_REDIRECT] [Fatal Error] :1:1: Premature end of file.
2026-05-28 14:56:54,798 [ERROR] LogOutputStream:75 - [STDERR_REDIRECT] 
2026-05-28 14:56:55,801 [ERROR] LogOutputStream:75 - [STDERR_REDIRECT] [Fatal Error] :1:1: Premature end of file.
2026-05-28 14:56:55,802 [ERROR] LogOutputStream:75 - [STDERR_REDIRECT] 
2026-05-28 14:56:56,798 [ERROR] LogOutputStream:75 - [STDERR_REDIRECT] [Fatal Error] :1:1: Premature end of file.
2026-05-28 14:56:56,798 [ERROR] LogOutputStream:75 - [STDERR_REDIRECT] 
2026-05-28 14:56:57,798 [ERROR] LogOutputStream:75 - [STDERR_REDIRECT] [Fatal Error] :1:1: Premature end of file.
2026-05-28 14:56:57,798 [ERROR] LogOutputStream:75 - [STDERR_REDIRECT] 
2026-05-28 14:56:58,804 [ERROR] LogOutputStream:75 - [STDERR_REDIRECT] [Fatal Error] :1:1: Premature end of file.
2026-05-28 14:56:58,805 [ERROR] LogOutputStream:75 - [STDERR_REDIRECT] 
2026-05-28 14:56:59,800 [ERROR] LogOutputStream:75 - [STDERR_REDIRECT] [Fatal Error] :1:1: Premature end of file.
2026-05-28 14:56:59,801 [ERROR] LogOutputStream:75 - [STDERR_REDIRECT] 
2026-05-28 14:57:00,801 [ERROR] LogOutputStream:75 - [STDERR_REDIRECT] [Fatal Error] :1:1: Premature end of file.
2026-05-28 14:57:00,802 [ERROR] LogOutputStream:75 - [STDERR_REDIRECT] 
2026-05-28 14:57:01,799 [ERROR] LogOutputStream:75 - [STDERR_REDIRECT] [Fatal Error] :1:1: Premature end of file.
2026-05-28 14:57:01,799 [ERROR] LogOutputStream:75 - [STDERR_REDIRECT] 
2026-05-28 14:57:02,798 [ERROR] LogOutputStream:75 - [STDERR_REDIRECT] [Fatal Error] :1:1: Premature end of file.
2026-05-28 14:57:02,798 [ERROR] LogOutputStream:75 - [STDERR_REDIRECT] 
2026-05-28 14:57:03,796 [ERROR] LogOutputStream:75 - [STDERR_REDIRECT] [Fatal Error] :1:1: Premature end of file.
2026-05-28 14:57:03,797 [ERROR] LogOutputStream:75 - [STDERR_REDIRECT] 
2026-05-28 14:57:04,789 [ERROR] LogOutputStream:75 - [STDERR_REDIRECT] [Fatal Error] :1:1: Premature end of file.
2026-05-28 14:57:04,790 [ERROR] LogOutputStream:75 - [STDERR_REDIRECT] 
2026-05-28 14:57:05,789 [ERROR] LogOutputStream:75 - [STDERR_REDIRECT] [Fatal Error] :1:1: Premature end of file.
2026-05-28 14:57:05,789 [ERROR] LogOutputStream:75 - [STDERR_REDIRECT] 
2026-05-28 14:57:06,792 [ERROR] LogOutputStream:75 - [STDERR_REDIRECT] [Fatal Error] :1:1: Premature end of file.
2026-05-28 14:57:06,792 [ERROR] LogOutputStream:75 - [STDERR_REDIRECT] 
2026-05-28 14:57:07,796 [ERROR] LogOutputStream:75 - [STDERR_REDIRECT] [Fatal Error] :1:1: Premature end of file.
2026-05-28 14:57:07,797 [ERROR] LogOutputStream:75 - [STDERR_REDIRECT] 
2026-05-28 14:57:08,796 [ERROR] LogOutputStream:75 - [STDERR_REDIRECT] [Fatal Error] :1:1: Premature end of file.
2026-05-28 14:57:08,796 [ERROR] LogOutputStream:75 - [STDERR_REDIRECT] 
2026-05-28 14:57:09,797 [ERROR] LogOutputStream:75 - [STDERR_REDIRECT] [Fatal Error] :1:1: Premature end of file.
2026-05-28 14:57:09,797 [ERROR] LogOutputStream:75 - [STDERR_REDIRECT] 
2026-05-28 14:57:10,793 [ERROR] LogOutputStream:75 - [STDERR_REDIRECT] [Fatal Error] :1:1: Premature end of file.
2026-05-28 14:57:10,793 [ERROR] LogOutputStream:75 - [STDERR_REDIRECT] 
2026-05-28 14:57:11,799 [ERROR] LogOutputStream:75 - [STDERR_REDIRECT] [Fatal Error] :1:1: Premature end of file.
2026-05-28 14:57:11,799 [ERROR] LogOutputStream:75 - [STDERR_REDIRECT] 
2026-05-28 14:57:12,803 [ERROR] LogOutputStream:75 - [STDERR_REDIRECT] [Fatal Error] :1:1: Premature end of file.
2026-05-28 14:57:12,803 [ERROR] LogOutputStream:75 - [STDERR_REDIRECT] 
2026-05-28 14:57:13,795 [ERROR] LogOutputStream:75 - [STDERR_REDIRECT] [Fatal Error] :1:1: Premature end of file.
2026-05-28 14:57:13,795 [ERROR] LogOutputStream:75 - [STDERR_REDIRECT] 
2026-05-28 14:57:14,797 [ERROR] LogOutputStream:75 - [STDERR_REDIRECT] [Fatal Error] :1:1: Premature end of file.
2026-05-28 14:57:14,797 [ERROR] LogOutputStream:75 - [STDERR_REDIRECT] 
2026-05-28 14:57:15,806 [ERROR] LogOutputStream:75 - [STDERR_REDIRECT] [Fatal Error] :1:1: Premature end of file.
2026-05-28 14:57:15,806 [ERROR] LogOutputStream:75 - [STDERR_REDIRECT] 
2026-05-28 14:57:16,796 [ERROR] LogOutputStream:75 - [STDERR_REDIRECT] [Fatal Error] :1:1: Premature end of file.
2026-05-28 14:57:16,797 [ERROR] LogOutputStream:75 - [STDERR_REDIRECT] 
2026-05-28 14:57:17,807 [ERROR] LogOutputStream:75 - [STDERR_REDIRECT] [Fatal Error] :1:1: Premature end of file.
2026-05-28 14:57:17,807 [ERROR] LogOutputStream:75 - [STDERR_REDIRECT] 
2026-05-28 14:57:18,800 [ERROR] LogOutputStream:75 - [STDERR_REDIRECT] [Fatal Error] :1:1: Premature end of file.
2026-05-28 14:57:18,801 [ERROR] LogOutputStream:75 - [STDERR_REDIRECT] 
2026-05-28 14:57:19,800 [ERROR] LogOutputStream:75 - [STDERR_REDIRECT] [Fatal Error] :1:1: Premature end of file.
2026-05-28 14:57:19,800 [ERROR] LogOutputStream:75 - [STDERR_REDIRECT] 
2026-05-28 14:57:20,805 [ERROR] LogOutputStream:75 - [STDERR_REDIRECT] [Fatal Error] :1:1: Premature end of file.
2026-05-28 14:57:20,805 [ERROR] LogOutputStream:75 - [STDERR_REDIRECT] 
2026-05-28 14:57:21,799 [ERROR] LogOutputStream:75 - [STDERR_REDIRECT] [Fatal Error] :1:1: Premature end of file.
2026-05-28 14:57:21,799 [ERROR] LogOutputStream:75 - [STDERR_REDIRECT] 
2026-05-28 14:57:22,798 [ERROR] LogOutputStream:75 - [STDERR_REDIRECT] [Fatal Error] :1:1: Premature end of file.
2026-05-28 14:57:22,798 [ERROR] LogOutputStream:75 - [STDERR_REDIRECT] 
2026-05-28 14:57:23,798 [ERROR] LogOutputStream:75 - [STDERR_REDIRECT] [Fatal Error] :1:1: Premature end of file.
2026-05-28 14:57:23,799 [ERROR] LogOutputStream:75 - [STDERR_REDIRECT] 
2026-05-28 14:57:24,796 [ERROR] LogOutputStream:75 - [STDERR_REDIRECT] [Fatal Error] :1:1: Premature end of file.
2026-05-28 14:57:24,796 [ERROR] LogOutputStream:75 - [STDERR_REDIRECT] 
2026-05-28 14:57:25,799 [ERROR] LogOutputStream:75 - [STDERR_REDIRECT] [Fatal Error] :1:1: Premature end of file.
2026-05-28 14:57:25,799 [ERROR] LogOutputStream:75 - [STDERR_REDIRECT] 
2026-05-28 14:57:26,798 [ERROR] LogOutputStream:75 - [STDERR_REDIRECT] [Fatal Error] :1:1: Premature end of file.
2026-05-28 14:57:26,799 [ERROR] LogOutputStream:75 - [STDERR_REDIRECT] 
2026-05-28 14:57:27,791 [ERROR] LogOutputStream:75 - [STDERR_REDIRECT] [Fatal Error] :1:1: Premature end of file.
2026-05-28 14:57:27,791 [ERROR] LogOutputStream:75 - [STDERR_REDIRECT] 
2026-05-28 14:57:28,790 [ERROR] LogOutputStream:75 - [STDERR_REDIRECT] [Fatal Error] :1:1: Premature end of file.
2026-05-28 14:57:28,790 [ERROR] LogOutputStream:75 - [STDERR_REDIRECT] 
2026-05-28 14:57:29,790 [ERROR] LogOutputStream:75 - [STDERR_REDIRECT] [Fatal Error] :1:1: Premature end of file.
2026-05-28 14:57:29,791 [ERROR] LogOutputStream:75 - [STDERR_REDIRECT] 
2026-05-28 14:57:30,796 [ERROR] LogOutputStream:75 - [STDERR_REDIRECT] [Fatal Error] :1:1: Premature end of file.
2026-05-28 14:57:30,796 [ERROR] LogOutputStream:75 - [STDERR_REDIRECT] 
2026-05-28 14:57:31,799 [ERROR] LogOutputStream:75 - [STDERR_REDIRECT] [Fatal Error] :1:1: Premature end of file.
2026-05-28 14:57:31,799 [ERROR] LogOutputStream:75 - [STDERR_REDIRECT] 
2026-05-28 14:57:32,800 [ERROR] LogOutputStream:75 - [STDERR_REDIRECT] [Fatal Error] :1:1: Premature end of file.
2026-05-28 14:57:32,800 [ERROR] LogOutputStream:75 - [STDERR_REDIRECT] 
2026-05-28 14:57:33,796 [ERROR] LogOutputStream:75 - [STDERR_REDIRECT] [Fatal Error] :1:1: Premature end of file.
2026-05-28 14:57:33,797 [ERROR] LogOutputStream:75 - [STDERR_REDIRECT] 
2026-05-28 14:57:34,800 [ERROR] LogOutputStream:75 - [STDERR_REDIRECT] [Fatal Error] :1:1: Premature end of file.
2026-05-28 14:57:34,800 [ERROR] LogOutputStream:75 - [STDERR_REDIRECT] 
2026-05-28 14:57:35,798 [ERROR] LogOutputStream:75 - [STDERR_REDIRECT] [Fatal Error] :1:1: Premature end of file.
2026-05-28 14:57:35,798 [ERROR] LogOutputStream:75 - [STDERR_REDIRECT] 
2026-05-28 14:57:36,798 [ERROR] LogOutputStream:75 - [STDERR_REDIRECT] [Fatal Error] :1:1: Premature end of file.
2026-05-28 14:57:36,799 [ERROR] LogOutputStream:75 - [STDERR_REDIRECT] 
2026-05-28 14:57:37,795 [ERROR] LogOutputStream:75 - [STDERR_REDIRECT] [Fatal Error] :1:1: Premature end of file.
2026-05-28 14:57:37,796 [ERROR] LogOutputStream:75 - [STDERR_REDIRECT] 
2026-05-28 14:57:38,805 [ERROR] LogOutputStream:75 - [STDERR_REDIRECT] [Fatal Error] :1:1: Premature end of file.
2026-05-28 14:57:38,805 [ERROR] LogOutputStream:75 - [STDERR_REDIRECT] 
2026-05-28 14:57:39,799 [ERROR] LogOutputStream:75 - [STDERR_REDIRECT] [Fatal Error] :1:1: Premature end of file.
2026-05-28 14:57:39,799 [ERROR] LogOutputStream:75 - [STDERR_REDIRECT] 
2026-05-28 14:57:40,801 [ERROR] LogOutputStream:75 - [STDERR_REDIRECT] [Fatal Error] :1:1: Premature end of file.
2026-05-28 14:57:40,801 [ERROR] LogOutputStream:75 - [STDERR_REDIRECT] 
2026-05-28 14:57:41,808 [ERROR] LogOutputStream:75 - [STDERR_REDIRECT] [Fatal Error] :1:1: Premature end of file.
2026-05-28 14:57:41,808 [ERROR] LogOutputStream:75 - [STDERR_REDIRECT] 
2026-05-28 14:57:42,803 [ERROR] LogOutputStream:75 - [STDERR_REDIRECT] [Fatal Error] :1:1: Premature end of file.
2026-05-28 14:57:42,803 [ERROR] LogOutputStream:75 - [STDERR_REDIRECT] 
2026-05-28 14:57:43,802 [ERROR] LogOutputStream:75 - [STDERR_REDIRECT] [Fatal Error] :1:1: Premature end of file.
2026-05-28 14:57:43,802 [ERROR] LogOutputStream:75 - [STDERR_REDIRECT] 
2026-05-28 14:57:44,797 [ERROR] LogOutputStream:75 - [STDERR_REDIRECT] [Fatal Error] :1:1: Premature end of file.
2026-05-28 14:57:44,797 [ERROR] LogOutputStream:75 - [STDERR_REDIRECT] 
2026-05-28 14:57:45,796 [ERROR] LogOutputStream:75 - [STDERR_REDIRECT] [Fatal Error] :1:1: Premature end of file.
2026-05-28 14:57:45,796 [ERROR] LogOutputStream:75 - [STDERR_REDIRECT] 
2026-05-28 14:57:46,795 [ERROR] LogOutputStream:75 - [STDERR_REDIRECT] [Fatal Error] :1:1: Premature end of file.
2026-05-28 14:57:46,795 [ERROR] LogOutputStream:75 - [STDERR_REDIRECT] 
2026-05-28 14:57:47,802 [ERROR] LogOutputStream:75 - [STDERR_REDIRECT] [Fatal Error] :1:1: Premature end of file.
2026-05-28 14:57:47,802 [ERROR] LogOutputStream:75 - [STDERR_REDIRECT] 
2026-05-28 14:57:48,798 [ERROR] LogOutputStream:75 - [STDERR_REDIRECT] [Fatal Error] :1:1: Premature end of file.
2026-05-28 14:57:48,798 [ERROR] LogOutputStream:75 - [STDERR_REDIRECT] 
2026-05-28 14:57:49,799 [ERROR] LogOutputStream:75 - [STDERR_REDIRECT] [Fatal Error] :1:1: Premature end of file.
2026-05-28 14:57:49,799 [ERROR] LogOutputStream:75 - [STDERR_REDIRECT] 
2026-05-28 14:57:50,798 [ERROR] LogOutputStream:75 - [STDERR_REDIRECT] [Fatal Error] :1:1: Premature end of file.
2026-05-28 14:57:50,798 [ERROR] LogOutputStream:75 - [STDERR_REDIRECT] 
2026-05-28 14:57:51,803 [ERROR] LogOutputStream:75 - [STDERR_REDIRECT] [Fatal Error] :1:1: Premature end of file.
2026-05-28 14:57:51,803 [ERROR] LogOutputStream:75 - [STDERR_REDIRECT] 
2026-05-28 14:57:52,800 [ERROR] LogOutputStream:75 - [STDERR_REDIRECT] [Fatal Error] :1:1: Premature end of file.
2026-05-28 14:57:52,801 [ERROR] LogOutputStream:75 - [STDERR_REDIRECT] 
2026-05-28 14:57:53,798 [ERROR] LogOutputStream:75 - [STDERR_REDIRECT] [Fatal Error] :1:1: Premature end of file.
2026-05-28 14:57:53,799 [ERROR] LogOutputStream:75 - [STDERR_REDIRECT] 
2026-05-28 14:57:54,799 [ERROR] LogOutputStream:75 - [STDERR_REDIRECT] [Fatal Error] :1:1: Premature end of file.
2026-05-28 14:57:54,799 [ERROR] LogOutputStream:75 - [STDERR_REDIRECT] 
2026-05-28 14:57:55,797 [ERROR] LogOutputStream:75 - [STDERR_REDIRECT] [Fatal Error] :1:1: Premature end of file.
2026-05-28 14:57:55,798 [ERROR] LogOutputStream:75 - [STDERR_REDIRECT] 
2026-05-28 14:57:56,803 [ERROR] LogOutputStream:75 - [STDERR_REDIRECT] [Fatal Error] :1:1: Premature end of file.
2026-05-28 14:57:56,804 [ERROR] LogOutputStream:75 - [STDERR_REDIRECT] 
2026-05-28 14:57:57,810 [ERROR] LogOutputStream:75 - [STDERR_REDIRECT] [Fatal Error] :1:1: Premature end of file.
2026-05-28 14:57:57,810 [ERROR] LogOutputStream:75 - [STDERR_REDIRECT] 
2026-05-28 14:57:58,805 [ERROR] LogOutputStream:75 - [STDERR_REDIRECT] [Fatal Error] :1:1: Premature end of file.
2026-05-28 14:57:58,806 [ERROR] LogOutputStream:75 - [STDERR_REDIRECT] 
2026-05-28 14:57:59,788 [ERROR] LogOutputStream:75 - [STDERR_REDIRECT] [Fatal Error] :1:1: Premature end of file.
2026-05-28 14:57:59,788 [ERROR] LogOutputStream:75 - [STDERR_REDIRECT] 
2026-05-28 14:58:00,802 [ERROR] LogOutputStream:75 - [STDERR_REDIRECT] [Fatal Error] :1:1: Premature end of file.
2026-05-28 14:58:00,802 [ERROR] LogOutputStream:75 - [STDERR_REDIRECT] 
2026-05-28 14:58:01,796 [ERROR] LogOutputStream:75 - [STDERR_REDIRECT] [Fatal Error] :1:1: Premature end of file.
2026-05-28 14:58:01,796 [ERROR] LogOutputStream:75 - [STDERR_REDIRECT] 
2026-05-28 14:58:02,796 [ERROR] LogOutputStream:75 - [STDERR_REDIRECT] [Fatal Error] :1:1: Premature end of file.
2026-05-28 14:58:02,797 [ERROR] LogOutputStream:75 - [STDERR_REDIRECT] 
2026-05-28 14:58:03,801 [ERROR] LogOutputStream:75 - [STDERR_REDIRECT] [Fatal Error] :1:1: Premature end of file.
2026-05-28 14:58:03,801 [ERROR] LogOutputStream:75 - [STDERR_REDIRECT] 
2026-05-28 14:58:04,797 [ERROR] LogOutputStream:75 - [STDERR_REDIRECT] [Fatal Error] :1:1: Premature end of file.
2026-05-28 14:58:04,797 [ERROR] LogOutputStream:75 - [STDERR_REDIRECT] 
2026-05-28 14:58:05,801 [ERROR] LogOutputStream:75 - [STDERR_REDIRECT] [Fatal Error] :1:1: Premature end of file.
2026-05-28 14:58:05,802 [ERROR] LogOutputStream:75 - [STDERR_REDIRECT] 
2026-05-28 14:58:06,798 [ERROR] LogOutputStream:75 - [STDERR_REDIRECT] [Fatal Error] :1:1: Premature end of file.
2026-05-28 14:58:06,798 [ERROR] LogOutputStream:75 - [STDERR_REDIRECT] 
2026-05-28 14:58:07,795 [ERROR] LogOutputStream:75 - [STDERR_REDIRECT] [Fatal Error] :1:1: Premature end of file.
2026-05-28 14:58:07,796 [ERROR] LogOutputStream:75 - [STDERR_REDIRECT] 
2026-05-28 14:58:08,800 [ERROR] LogOutputStream:75 - [STDERR_REDIRECT] [Fatal Error] :1:1: Premature end of file.
2026-05-28 14:58:08,801 [ERROR] LogOutputStream:75 - [STDERR_REDIRECT] 
2026-05-28 14:58:09,799 [ERROR] LogOutputStream:75 - [STDERR_REDIRECT] [Fatal Error] :1:1: Premature end of file.
2026-05-28 14:58:09,799 [ERROR] LogOutputStream:75 - [STDERR_REDIRECT] 
2026-05-28 14:58:10,799 [ERROR] LogOutputStream:75 - [STDERR_REDIRECT] [Fatal Error] :1:1: Premature end of file.
2026-05-28 14:58:10,799 [ERROR] LogOutputStream:75 - [STDERR_REDIRECT] 
2026-05-28 14:58:11,806 [ERROR] LogOutputStream:75 - [STDERR_REDIRECT] [Fatal Error] :1:1: Premature end of file.
2026-05-28 14:58:11,806 [ERROR] LogOutputStream:75 - [STDERR_REDIRECT] 
2026-05-28 14:58:12,800 [ERROR] LogOutputStream:75 - [STDERR_REDIRECT] [Fatal Error] :1:1: Premature end of file.
2026-05-28 14:58:12,800 [ERROR] LogOutputStream:75 - [STDERR_REDIRECT] 
2026-05-28 14:58:13,804 [ERROR] LogOutputStream:75 - [STDERR_REDIRECT] [Fatal Error] :1:1: Premature end of file.
2026-05-28 14:58:13,804 [ERROR] LogOutputStream:75 - [STDERR_REDIRECT] 
2026-05-28 14:58:14,800 [ERROR] LogOutputStream:75 - [STDERR_REDIRECT] [Fatal Error] :1:1: Premature end of file.
2026-05-28 14:58:14,800 [ERROR] LogOutputStream:75 - [STDERR_REDIRECT] 
2026-05-28 14:58:15,807 [ERROR] LogOutputStream:75 - [STDERR_REDIRECT] [Fatal Error] :1:1: Premature end of file.
2026-05-28 14:58:15,808 [ERROR] LogOutputStream:75 - [STDERR_REDIRECT] 
2026-05-28 14:58:16,797 [ERROR] LogOutputStream:75 - [STDERR_REDIRECT] [Fatal Error] :1:1: Premature end of file.
2026-05-28 14:58:16,798 [ERROR] LogOutputStream:75 - [STDERR_REDIRECT] 
2026-05-28 14:58:17,802 [ERROR] LogOutputStream:75 - [STDERR_REDIRECT] [Fatal Error] :1:1: Premature end of file.
2026-05-28 14:58:17,802 [ERROR] LogOutputStream:75 - [STDERR_REDIRECT] 
2026-05-28 14:58:18,800 [ERROR] LogOutputStream:75 - [STDERR_REDIRECT] [Fatal Error] :1:1: Premature end of file.
2026-05-28 14:58:18,801 [ERROR] LogOutputStream:75 - [STDERR_REDIRECT] 
2026-05-28 14:58:19,807 [ERROR] LogOutputStream:75 - [STDERR_REDIRECT] [Fatal Error] :1:1: Premature end of file.
2026-05-28 14:58:19,807 [ERROR] LogOutputStream:75 - [STDERR_REDIRECT] 
2026-05-28 14:58:20,797 [ERROR] LogOutputStream:75 - [STDERR_REDIRECT] [Fatal Error] :1:1: Premature end of file.
2026-05-28 14:58:20,798 [ERROR] LogOutputStream:75 - [STDERR_REDIRECT] 
2026-05-28 14:58:21,801 [ERROR] LogOutputStream:75 - [STDERR_REDIRECT] [Fatal Error] :1:1: Premature end of file.
2026-05-28 14:58:21,801 [ERROR] LogOutputStream:75 - [STDERR_REDIRECT] 
2026-05-28 14:58:22,801 [ERROR] LogOutputStream:75 - [STDERR_REDIRECT] [Fatal Error] :1:1: Premature end of file.
2026-05-28 14:58:22,802 [ERROR] LogOutputStream:75 - [STDERR_REDIRECT] 
2026-05-28 14:58:23,803 [ERROR] LogOutputStream:75 - [STDERR_REDIRECT] [Fatal Error] :1:1: Premature end of file.
2026-05-28 14:58:23,803 [ERROR] LogOutputStream:75 - [STDERR_REDIRECT] 
2026-05-28 14:58:24,800 [ERROR] LogOutputStream:75 - [STDERR_REDIRECT] [Fatal Error] :1:1: Premature end of file.
2026-05-28 14:58:24,800 [ERROR] LogOutputStream:75 - [STDERR_REDIRECT] 
2026-05-28 14:58:25,805 [ERROR] LogOutputStream:75 - [STDERR_REDIRECT] [Fatal Error] :1:1: Premature end of file.
2026-05-28 14:58:25,805 [ERROR] LogOutputStream:75 - [STDERR_REDIRECT] 
2026-05-28 14:58:26,802 [ERROR] LogOutputStream:75 - [STDERR_REDIRECT] [Fatal Error] :1:1: Premature end of file.
2026-05-28 14:58:26,802 [ERROR] LogOutputStream:75 - [STDERR_REDIRECT] 
2026-05-28 14:58:27,797 [ERROR] LogOutputStream:75 - [STDERR_REDIRECT] [Fatal Error] :1:1: Premature end of file.
2026-05-28 14:58:27,798 [ERROR] LogOutputStream:75 - [STDERR_REDIRECT] 
2026-05-28 14:58:28,798 [ERROR] LogOutputStream:75 - [STDERR_REDIRECT] [Fatal Error] :1:1: Premature end of file.
2026-05-28 14:58:28,798 [ERROR] LogOutputStream:75 - [STDERR_REDIRECT] 
2026-05-28 14:58:29,798 [ERROR] LogOutputStream:75 - [STDERR_REDIRECT] [Fatal Error] :1:1: Premature end of file.
2026-05-28 14:58:29,798 [ERROR] LogOutputStream:75 - [STDERR_REDIRECT] 
2026-05-28 14:58:30,797 [ERROR] LogOutputStream:75 - [STDERR_REDIRECT] [Fatal Error] :1:1: Premature end of file.
2026-05-28 14:58:30,797 [ERROR] LogOutputStream:75 - [STDERR_REDIRECT] 
2026-05-28 14:58:31,800 [ERROR] LogOutputStream:75 - [STDERR_REDIRECT] [Fatal Error] :1:1: Premature end of file.
2026-05-28 14:58:31,800 [ERROR] LogOutputStream:75 - [STDERR_REDIRECT] 
2026-05-28 14:58:32,797 [ERROR] LogOutputStream:75 - [STDERR_REDIRECT] [Fatal Error] :1:1: Premature end of file.
2026-05-28 14:58:32,797 [ERROR] LogOutputStream:75 - [STDERR_REDIRECT] 
2026-05-28 14:58:33,798 [ERROR] LogOutputStream:75 - [STDERR_REDIRECT] [Fatal Error] :1:1: Premature end of file.
2026-05-28 14:58:33,798 [ERROR] LogOutputStream:75 - [STDERR_REDIRECT] 
2026-05-28 14:58:34,803 [ERROR] LogOutputStream:75 - [STDERR_REDIRECT] [Fatal Error] :1:1: Premature end of file.
2026-05-28 14:58:34,803 [ERROR] LogOutputStream:75 - [STDERR_REDIRECT] 
2026-05-28 14:58:35,797 [ERROR] LogOutputStream:75 - [STDERR_REDIRECT] [Fatal Error] :1:1: Premature end of file.
2026-05-28 14:58:35,797 [ERROR] LogOutputStream:75 - [STDERR_REDIRECT] 
2026-05-28 14:58:36,797 [ERROR] LogOutputStream:75 - [STDERR_REDIRECT] [Fatal Error] :1:1: Premature end of file.
2026-05-28 14:58:36,797 [ERROR] LogOutputStream:75 - [STDERR_REDIRECT] 
2026-05-28 14:58:37,800 [ERROR] LogOutputStream:75 - [STDERR_REDIRECT] [Fatal Error] :1:1: Premature end of file.
2026-05-28 14:58:37,801 [ERROR] LogOutputStream:75 - [STDERR_REDIRECT] 
2026-05-28 14:58:38,799 [ERROR] LogOutputStream:75 - [STDERR_REDIRECT] [Fatal Error] :1:1: Premature end of file.
2026-05-28 14:58:38,800 [ERROR] LogOutputStream:75 - [STDERR_REDIRECT] 
2026-05-28 14:58:39,797 [ERROR] LogOutputStream:75 - [STDERR_REDIRECT] [Fatal Error] :1:1: Premature end of file.
2026-05-28 14:58:39,797 [ERROR] LogOutputStream:75 - [STDERR_REDIRECT] 
2026-05-28 14:58:40,798 [ERROR] LogOutputStream:75 - [STDERR_REDIRECT] [Fatal Error] :1:1: Premature end of file.
2026-05-28 14:58:40,798 [ERROR] LogOutputStream:75 - [STDERR_REDIRECT] 
2026-05-28 14:58:41,798 [ERROR] LogOutputStream:75 - [STDERR_REDIRECT] [Fatal Error] :1:1: Premature end of file.
2026-05-28 14:58:41,798 [ERROR] LogOutputStream:75 - [STDERR_REDIRECT] 
2026-05-28 14:58:42,798 [ERROR] LogOutputStream:75 - [STDERR_REDIRECT] [Fatal Error] :1:1: Premature end of file.
2026-05-28 14:58:42,798 [ERROR] LogOutputStream:75 - [STDERR_REDIRECT] 
2026-05-28 14:58:43,797 [ERROR] LogOutputStream:75 - [STDERR_REDIRECT] [Fatal Error] :1:1: Premature end of file.
2026-05-28 14:58:43,797 [ERROR] LogOutputStream:75 - [STDERR_REDIRECT] 
2026-05-28 14:58:44,816 [ERROR] LogOutputStream:75 - [STDERR_REDIRECT] [Fatal Error] :1:1: Premature end of file.
2026-05-28 14:58:44,816 [ERROR] LogOutputStream:75 - [STDERR_REDIRECT] 
2026-05-28 14:58:45,796 [ERROR] LogOutputStream:75 - [STDERR_REDIRECT] [Fatal Error] :1:1: Premature end of file.
2026-05-28 14:58:45,796 [ERROR] LogOutputStream:75 - [STDERR_REDIRECT] 
2026-05-28 14:58:46,822 [ERROR] LogOutputStream:75 - [STDERR_REDIRECT] [Fatal Error] :1:1: Premature end of file.
2026-05-28 14:58:46,822 [ERROR] LogOutputStream:75 - [STDERR_REDIRECT] 
2026-05-28 14:58:47,802 [ERROR] LogOutputStream:75 - [STDERR_REDIRECT] [Fatal Error] :1:1: Premature end of file.
2026-05-28 14:58:47,802 [ERROR] LogOutputStream:75 - [STDERR_REDIRECT] 
2026-05-28 14:58:48,800 [ERROR] LogOutputStream:75 - [STDERR_REDIRECT] [Fatal Error] :1:1: Premature end of file.
2026-05-28 14:58:48,800 [ERROR] LogOutputStream:75 - [STDERR_REDIRECT] 
2026-05-28 14:58:49,800 [ERROR] LogOutputStream:75 - [STDERR_REDIRECT] [Fatal Error] :1:1: Premature end of file.
2026-05-28 14:58:49,801 [ERROR] LogOutputStream:75 - [STDERR_REDIRECT] 
2026-05-28 14:58:50,804 [ERROR] LogOutputStream:75 - [STDERR_REDIRECT] [Fatal Error] :1:1: Premature end of file.
2026-05-28 14:58:50,804 [ERROR] LogOutputStream:75 - [STDERR_REDIRECT] 
2026-05-28 14:58:51,804 [ERROR] LogOutputStream:75 - [STDERR_REDIRECT] [Fatal Error] :1:1: Premature end of file.
2026-05-28 14:58:51,804 [ERROR] LogOutputStream:75 - [STDERR_REDIRECT] 
2026-05-28 14:58:52,801 [ERROR] LogOutputStream:75 - [STDERR_REDIRECT] [Fatal Error] :1:1: Premature end of file.
2026-05-28 14:58:52,801 [ERROR] LogOutputStream:75 - [STDERR_REDIRECT] 
2026-05-28 14:58:53,797 [ERROR] LogOutputStream:75 - [STDERR_REDIRECT] [Fatal Error] :1:1: Premature end of file.
2026-05-28 14:58:53,797 [ERROR] LogOutputStream:75 - [STDERR_REDIRECT] 
2026-05-28 14:58:54,797 [ERROR] LogOutputStream:75 - [STDERR_REDIRECT] [Fatal Error] :1:1: Premature end of file.
2026-05-28 14:58:54,797 [ERROR] LogOutputStream:75 - [STDERR_REDIRECT] 
2026-05-28 14:58:55,796 [ERROR] LogOutputStream:75 - [STDERR_REDIRECT] [Fatal Error] :1:1: Premature end of file.
2026-05-28 14:58:55,796 [ERROR] LogOutputStream:75 - [STDERR_REDIRECT] 
2026-05-28 14:58:56,799 [ERROR] LogOutputStream:75 - [STDERR_REDIRECT] [Fatal Error] :1:1: Premature end of file.
2026-05-28 14:58:56,799 [ERROR] LogOutputStream:75 - [STDERR_REDIRECT] 
2026-05-28 14:58:57,802 [ERROR] LogOutputStream:75 - [STDERR_REDIRECT] [Fatal Error] :1:1: Premature end of file.
2026-05-28 14:58:57,802 [ERROR] LogOutputStream:75 - [STDERR_REDIRECT] 
2026-05-28 14:58:58,796 [ERROR] LogOutputStream:75 - [STDERR_REDIRECT] [Fatal Error] :1:1: Premature end of file.
2026-05-28 14:58:58,796 [ERROR] LogOutputStream:75 - [STDERR_REDIRECT] 
2026-05-28 14:58:59,798 [ERROR] LogOutputStream:75 - [STDERR_REDIRECT] [Fatal Error] :1:1: Premature end of file.
2026-05-28 14:58:59,798 [ERROR] LogOutputStream:75 - [STDERR_REDIRECT] 
2026-05-28 14:59:00,801 [ERROR] LogOutputStream:75 - [STDERR_REDIRECT] [Fatal Error] :1:1: Premature end of file.
2026-05-28 14:59:00,801 [ERROR] LogOutputStream:75 - [STDERR_REDIRECT] 
2026-05-28 14:59:01,796 [ERROR] LogOutputStream:75 - [STDERR_REDIRECT] [Fatal Error] :1:1: Premature end of file.
2026-05-28 14:59:01,797 [ERROR] LogOutputStream:75 - [STDERR_REDIRECT] 
2026-05-28 14:59:02,799 [ERROR] LogOutputStream:75 - [STDERR_REDIRECT] [Fatal Error] :1:1: Premature end of file.
2026-05-28 14:59:02,799 [ERROR] LogOutputStream:75 - [STDERR_REDIRECT] 
2026-05-28 14:59:03,799 [ERROR] LogOutputStream:75 - [STDERR_REDIRECT] [Fatal Error] :1:1: Premature end of file.
2026-05-28 14:59:03,799 [ERROR] LogOutputStream:75 - [STDERR_REDIRECT] 
2026-05-28 14:59:04,798 [ERROR] LogOutputStream:75 - [STDERR_REDIRECT] [Fatal Error] :1:1: Premature end of file.
2026-05-28 14:59:04,798 [ERROR] LogOutputStream:75 - [STDERR_REDIRECT] 
2026-05-28 14:59:05,800 [ERROR] LogOutputStream:75 - [STDERR_REDIRECT] [Fatal Error] :1:1: Premature end of file.
2026-05-28 14:59:05,800 [ERROR] LogOutputStream:75 - [STDERR_REDIRECT] 
2026-05-28 14:59:06,796 [ERROR] LogOutputStream:75 - [STDERR_REDIRECT] [Fatal Error] :1:1: Premature end of file.
2026-05-28 14:59:06,796 [ERROR] LogOutputStream:75 - [STDERR_REDIRECT] 
2026-05-28 14:59:07,795 [ERROR] LogOutputStream:75 - [STDERR_REDIRECT] [Fatal Error] :1:1: Premature end of file.
2026-05-28 14:59:07,795 [ERROR] LogOutputStream:75 - [STDERR_REDIRECT] 
2026-05-28 14:59:08,805 [ERROR] LogOutputStream:75 - [STDERR_REDIRECT] [Fatal Error] :1:1: Premature end of file.
2026-05-28 14:59:08,805 [ERROR] LogOutputStream:75 - [STDERR_REDIRECT] 
2026-05-28 14:59:09,797 [ERROR] LogOutputStream:75 - [STDERR_REDIRECT] [Fatal Error] :1:1: Premature end of file.
2026-05-28 14:59:09,798 [ERROR] LogOutputStream:75 - [STDERR_REDIRECT] 
2026-05-28 14:59:10,801 [ERROR] LogOutputStream:75 - [STDERR_REDIRECT] [Fatal Error] :1:1: Premature end of file.
2026-05-28 14:59:10,801 [ERROR] LogOutputStream:75 - [STDERR_REDIRECT] 
2026-05-28 14:59:11,794 [ERROR] LogOutputStream:75 - [STDERR_REDIRECT] [Fatal Error] :1:1: Premature end of file.
2026-05-28 14:59:11,795 [ERROR] LogOutputStream:75 - [STDERR_REDIRECT] 
2026-05-28 14:59:12,799 [ERROR] LogOutputStream:75 - [STDERR_REDIRECT] [Fatal Error] :1:1: Premature end of file.
2026-05-28 14:59:12,799 [ERROR] LogOutputStream:75 - [STDERR_REDIRECT] 
2026-05-28 14:59:13,797 [ERROR] LogOutputStream:75 - [STDERR_REDIRECT] [Fatal Error] :1:1: Premature end of file.
2026-05-28 14:59:13,797 [ERROR] LogOutputStream:75 - [STDERR_REDIRECT] 
2026-05-28 14:59:14,796 [ERROR] LogOutputStream:75 - [STDERR_REDIRECT] [Fatal Error] :1:1: Premature end of file.
2026-05-28 14:59:14,796 [ERROR] LogOutputStream:75 - [STDERR_REDIRECT] 
2026-05-28 14:59:15,826 [ERROR] LogOutputStream:75 - [STDERR_REDIRECT] [Fatal Error] :1:1: Premature end of file.
2026-05-28 14:59:15,826 [ERROR] LogOutputStream:75 - [STDERR_REDIRECT] 
2026-05-28 14:59:16,798 [ERROR] LogOutputStream:75 - [STDERR_REDIRECT] [Fatal Error] :1:1: Premature end of file.
2026-05-28 14:59:16,798 [ERROR] LogOutputStream:75 - [STDERR_REDIRECT] 
2026-05-28 14:59:17,797 [ERROR] LogOutputStream:75 - [STDERR_REDIRECT] [Fatal Error] :1:1: Premature end of file.
2026-05-28 14:59:17,798 [ERROR] LogOutputStream:75 - [STDERR_REDIRECT] 
2026-05-28 14:59:18,808 [ERROR] LogOutputStream:75 - [STDERR_REDIRECT] [Fatal Error] :1:1: Premature end of file.
2026-05-28 14:59:18,809 [ERROR] LogOutputStream:75 - [STDERR_REDIRECT] 
2026-05-28 14:59:19,796 [ERROR] LogOutputStream:75 - [STDERR_REDIRECT] [Fatal Error] :1:1: Premature end of file.
2026-05-28 14:59:19,796 [ERROR] LogOutputStream:75 - [STDERR_REDIRECT] 
2026-05-28 14:59:20,798 [ERROR] LogOutputStream:75 - [STDERR_REDIRECT] [Fatal Error] :1:1: Premature end of file.
2026-05-28 14:59:20,798 [ERROR] LogOutputStream:75 - [STDERR_REDIRECT] 
2026-05-28 14:59:21,805 [ERROR] LogOutputStream:75 - [STDERR_REDIRECT] [Fatal Error] :1:1: Premature end of file.
2026-05-28 14:59:21,805 [ERROR] LogOutputStream:75 - [STDERR_REDIRECT] 
2026-05-28 14:59:22,801 [ERROR] LogOutputStream:75 - [STDERR_REDIRECT] [Fatal Error] :1:1: Premature end of file.
2026-05-28 14:59:22,802 [ERROR] LogOutputStream:75 - [STDERR_REDIRECT] 
2026-05-28 14:59:23,789 [ERROR] LogOutputStream:75 - [STDERR_REDIRECT] [Fatal Error] :1:1: Premature end of file.
2026-05-28 14:59:23,790 [ERROR] LogOutputStream:75 - [STDERR_REDIRECT] 
2026-05-28 14:59:24,799 [ERROR] LogOutputStream:75 - [STDERR_REDIRECT] [Fatal Error] :1:1: Premature end of file.
2026-05-28 14:59:24,799 [ERROR] LogOutputStream:75 - [STDERR_REDIRECT] 
2026-05-28 14:59:25,797 [ERROR] LogOutputStream:75 - [STDERR_REDIRECT] [Fatal Error] :1:1: Premature end of file.
2026-05-28 14:59:25,798 [ERROR] LogOutputStream:75 - [STDERR_REDIRECT] 
2026-05-28 14:59:26,796 [ERROR] LogOutputStream:75 - [STDERR_REDIRECT] [Fatal Error] :1:1: Premature end of file.
2026-05-28 14:59:26,797 [ERROR] LogOutputStream:75 - [STDERR_REDIRECT] 
2026-05-28 14:59:27,797 [ERROR] LogOutputStream:75 - [STDERR_REDIRECT] [Fatal Error] :1:1: Premature end of file.
2026-05-28 14:59:27,797 [ERROR] LogOutputStream:75 - [STDERR_REDIRECT] 
2026-05-28 14:59:28,798 [ERROR] LogOutputStream:75 - [STDERR_REDIRECT] [Fatal Error] :1:1: Premature end of file.
2026-05-28 14:59:28,798 [ERROR] LogOutputStream:75 - [STDERR_REDIRECT] 
2026-05-28 14:59:29,800 [ERROR] LogOutputStream:75 - [STDERR_REDIRECT] [Fatal Error] :1:1: Premature end of file.
2026-05-28 14:59:29,800 [ERROR] LogOutputStream:75 - [STDERR_REDIRECT] 
2026-05-28 14:59:30,797 [ERROR] LogOutputStream:75 - [STDERR_REDIRECT] [Fatal Error] :1:1: Premature end of file.
2026-05-28 14:59:30,797 [ERROR] LogOutputStream:75 - [STDERR_REDIRECT] 
2026-05-28 14:59:31,799 [ERROR] LogOutputStream:75 - [STDERR_REDIRECT] [Fatal Error] :1:1: Premature end of file.
2026-05-28 14:59:31,799 [ERROR] LogOutputStream:75 - [STDERR_REDIRECT] 
2026-05-28 14:59:32,799 [ERROR] LogOutputStream:75 - [STDERR_REDIRECT] [Fatal Error] :1:1: Premature end of file.
2026-05-28 14:59:32,799 [ERROR] LogOutputStream:75 - [STDERR_REDIRECT] 
2026-05-28 14:59:33,802 [ERROR] LogOutputStream:75 - [STDERR_REDIRECT] [Fatal Error] :1:1: Premature end of file.
2026-05-28 14:59:33,802 [ERROR] LogOutputStream:75 - [STDERR_REDIRECT] 
2026-05-28 14:59:34,803 [ERROR] LogOutputStream:75 - [STDERR_REDIRECT] [Fatal Error] :1:1: Premature end of file.
2026-05-28 14:59:34,803 [ERROR] LogOutputStream:75 - [STDERR_REDIRECT] 
2026-05-28 14:59:35,810 [ERROR] LogOutputStream:75 - [STDERR_REDIRECT] [Fatal Error] :1:1: Premature end of file.
2026-05-28 14:59:35,811 [ERROR] LogOutputStream:75 - [STDERR_REDIRECT] 
2026-05-28 14:59:36,802 [ERROR] LogOutputStream:75 - [STDERR_REDIRECT] [Fatal Error] :1:1: Premature end of file.
2026-05-28 14:59:36,802 [ERROR] LogOutputStream:75 - [STDERR_REDIRECT] 
2026-05-28 14:59:37,816 [ERROR] LogOutputStream:75 - [STDERR_REDIRECT] [Fatal Error] :1:1: Premature end of file.
2026-05-28 14:59:37,816 [ERROR] LogOutputStream:75 - [STDERR_REDIRECT] 
2026-05-28 14:59:38,799 [ERROR] LogOutputStream:75 - [STDERR_REDIRECT] [Fatal Error] :1:1: Premature end of file.
2026-05-28 14:59:38,799 [ERROR] LogOutputStream:75 - [STDERR_REDIRECT] 
2026-05-28 14:59:39,808 [ERROR] LogOutputStream:75 - [STDERR_REDIRECT] [Fatal Error] :1:1: Premature end of file.
2026-05-28 14:59:39,809 [ERROR] LogOutputStream:75 - [STDERR_REDIRECT] 
2026-05-28 14:59:40,799 [ERROR] LogOutputStream:75 - [STDERR_REDIRECT] [Fatal Error] :1:1: Premature end of file.
2026-05-28 14:59:40,799 [ERROR] LogOutputStream:75 - [STDERR_REDIRECT] 
2026-05-28 14:59:41,798 [ERROR] LogOutputStream:75 - [STDERR_REDIRECT] [Fatal Error] :1:1: Premature end of file.
2026-05-28 14:59:41,799 [ERROR] LogOutputStream:75 - [STDERR_REDIRECT] 
2026-05-28 14:59:42,797 [ERROR] LogOutputStream:75 - [STDERR_REDIRECT] [Fatal Error] :1:1: Premature end of file.
2026-05-28 14:59:42,797 [ERROR] LogOutputStream:75 - [STDERR_REDIRECT] 
2026-05-28 14:59:43,798 [ERROR] LogOutputStream:75 - [STDERR_REDIRECT] [Fatal Error] :1:1: Premature end of file.
2026-05-28 14:59:43,798 [ERROR] LogOutputStream:75 - [STDERR_REDIRECT] 
2026-05-28 14:59:44,800 [ERROR] LogOutputStream:75 - [STDERR_REDIRECT] [Fatal Error] :1:1: Premature end of file.
2026-05-28 14:59:44,800 [ERROR] LogOutputStream:75 - [STDERR_REDIRECT] 
2026-05-28 14:59:45,820 [ERROR] LogOutputStream:75 - [STDERR_REDIRECT] [Fatal Error] :1:1: Premature end of file.
2026-05-28 14:59:45,820 [ERROR] LogOutputStream:75 - [STDERR_REDIRECT] 
2026-05-28 14:59:46,803 [ERROR] LogOutputStream:75 - [STDERR_REDIRECT] [Fatal Error] :1:1: Premature end of file.
2026-05-28 14:59:46,803 [ERROR] LogOutputStream:75 - [STDERR_REDIRECT] 
2026-05-28 14:59:47,803 [ERROR] LogOutputStream:75 - [STDERR_REDIRECT] [Fatal Error] :1:1: Premature end of file.
2026-05-28 14:59:47,803 [ERROR] LogOutputStream:75 - [STDERR_REDIRECT] 
2026-05-28 14:59:48,798 [ERROR] LogOutputStream:75 - [STDERR_REDIRECT] [Fatal Error] :1:1: Premature end of file.
2026-05-28 14:59:48,798 [ERROR] LogOutputStream:75 - [STDERR_REDIRECT] 
2026-05-28 14:59:49,793 [ERROR] LogOutputStream:75 - [STDERR_REDIRECT] [Fatal Error] :1:1: Premature end of file.
2026-05-28 14:59:49,793 [ERROR] LogOutputStream:75 - [STDERR_REDIRECT] 
2026-05-28 14:59:50,804 [ERROR] LogOutputStream:75 - [STDERR_REDIRECT] [Fatal Error] :1:1: Premature end of file.
2026-05-28 14:59:50,804 [ERROR] LogOutputStream:75 - [STDERR_REDIRECT] 
2026-05-28 14:59:51,801 [ERROR] LogOutputStream:75 - [STDERR_REDIRECT] [Fatal Error] :1:1: Premature end of file.
2026-05-28 14:59:51,801 [ERROR] LogOutputStream:75 - [STDERR_REDIRECT] 
2026-05-28 14:59:52,798 [ERROR] LogOutputStream:75 - [STDERR_REDIRECT] [Fatal Error] :1:1: Premature end of file.
2026-05-28 14:59:52,798 [ERROR] LogOutputStream:75 - [STDERR_REDIRECT] 
2026-05-28 14:59:53,800 [ERROR] LogOutputStream:75 - [STDERR_REDIRECT] [Fatal Error] :1:1: Premature end of file.
2026-05-28 14:59:53,800 [ERROR] LogOutputStream:75 - [STDERR_REDIRECT] 
2026-05-28 14:59:54,798 [ERROR] LogOutputStream:75 - [STDERR_REDIRECT] [Fatal Error] :1:1: Premature end of file.
2026-05-28 14:59:54,798 [ERROR] LogOutputStream:75 - [STDERR_REDIRECT] 
2026-05-28 14:59:55,795 [ERROR] LogOutputStream:75 - [STDERR_REDIRECT] [Fatal Error] :1:1: Premature end of file.
2026-05-28 14:59:55,796 [ERROR] LogOutputStream:75 - [STDERR_REDIRECT] 
2026-05-28 14:59:56,800 [ERROR] LogOutputStream:75 - [STDERR_REDIRECT] [Fatal Error] :1:1: Premature end of file.
2026-05-28 14:59:56,800 [ERROR] LogOutputStream:75 - [STDERR_REDIRECT] 
2026-05-28 14:59:57,798 [ERROR] LogOutputStream:75 - [STDERR_REDIRECT] [Fatal Error] :1:1: Premature end of file.
2026-05-28 14:59:57,798 [ERROR] LogOutputStream:75 - [STDERR_REDIRECT] 
2026-05-28 14:59:58,810 [ERROR] LogOutputStream:75 - [STDERR_REDIRECT] [Fatal Error] :1:1: Premature end of file.
2026-05-28 14:59:58,810 [ERROR] LogOutputStream:75 - [STDERR_REDIRECT] 
2026-05-28 14:59:59,797 [ERROR] LogOutputStream:75 - [STDERR_REDIRECT] [Fatal Error] :1:1: Premature end of file.
2026-05-28 14:59:59,798 [ERROR] LogOutputStream:75 - [STDERR_REDIRECT] 
2026-05-28 15:00:00,797 [ERROR] LogOutputStream:75 - [STDERR_REDIRECT] [Fatal Error] :1:1: Premature end of file.
2026-05-28 15:00:00,797 [ERROR] LogOutputStream:75 - [STDERR_REDIRECT] 
2026-05-28 15:00:01,798 [ERROR] LogOutputStream:75 - [STDERR_REDIRECT] [Fatal Error] :1:1: Premature end of file.
2026-05-28 15:00:01,798 [ERROR] LogOutputStream:75 - [STDERR_REDIRECT] 
2026-05-28 15:00:02,803 [ERROR] LogOutputStream:75 - [STDERR_REDIRECT] [Fatal Error] :1:1: Premature end of file.
2026-05-28 15:00:02,803 [ERROR] LogOutputStream:75 - [STDERR_REDIRECT] 
2026-05-28 15:00:03,799 [ERROR] LogOutputStream:75 - [STDERR_REDIRECT] [Fatal Error] :1:1: Premature end of file.
2026-05-28 15:00:03,799 [ERROR] LogOutputStream:75 - [STDERR_REDIRECT] 
2026-05-28 15:00:04,797 [ERROR] LogOutputStream:75 - [STDERR_REDIRECT] [Fatal Error] :1:1: Premature end of file.
2026-05-28 15:00:04,797 [ERROR] LogOutputStream:75 - [STDERR_REDIRECT] 
2026-05-28 15:00:05,800 [ERROR] LogOutputStream:75 - [STDERR_REDIRECT] [Fatal Error] :1:1: Premature end of file.
2026-05-28 15:00:05,800 [ERROR] LogOutputStream:75 - [STDERR_REDIRECT] 
2026-05-28 15:00:06,799 [ERROR] LogOutputStream:75 - [STDERR_REDIRECT] [Fatal Error] :1:1: Premature end of file.
2026-05-28 15:00:06,799 [ERROR] LogOutputStream:75 - [STDERR_REDIRECT] 
2026-05-28 15:00:07,799 [ERROR] LogOutputStream:75 - [STDERR_REDIRECT] [Fatal Error] :1:1: Premature end of file.
2026-05-28 15:00:07,799 [ERROR] LogOutputStream:75 - [STDERR_REDIRECT] 
2026-05-28 15:00:08,798 [ERROR] LogOutputStream:75 - [STDERR_REDIRECT] [Fatal Error] :1:1: Premature end of file.
2026-05-28 15:00:08,799 [ERROR] LogOutputStream:75 - [STDERR_REDIRECT] 
2026-05-28 15:00:09,804 [ERROR] LogOutputStream:75 - [STDERR_REDIRECT] [Fatal Error] :1:1: Premature end of file.
2026-05-28 15:00:09,804 [ERROR] LogOutputStream:75 - [STDERR_REDIRECT] 
2026-05-28 15:00:10,798 [ERROR] LogOutputStream:75 - [STDERR_REDIRECT] [Fatal Error] :1:1: Premature end of file.
2026-05-28 15:00:10,798 [ERROR] LogOutputStream:75 - [STDERR_REDIRECT] 
2026-05-28 15:00:11,801 [ERROR] LogOutputStream:75 - [STDERR_REDIRECT] [Fatal Error] :1:1: Premature end of file.
2026-05-28 15:00:11,801 [ERROR] LogOutputStream:75 - [STDERR_REDIRECT] 
2026-05-28 15:00:12,801 [ERROR] LogOutputStream:75 - [STDERR_REDIRECT] [Fatal Error] :1:1: Premature end of file.
2026-05-28 15:00:12,802 [ERROR] LogOutputStream:75 - [STDERR_REDIRECT] 
2026-05-28 15:00:13,799 [ERROR] LogOutputStream:75 - [STDERR_REDIRECT] [Fatal Error] :1:1: Premature end of file.
2026-05-28 15:00:13,799 [ERROR] LogOutputStream:75 - [STDERR_REDIRECT] 
2026-05-28 15:00:14,795 [ERROR] LogOutputStream:75 - [STDERR_REDIRECT] [Fatal Error] :1:1: Premature end of file.
2026-05-28 15:00:14,795 [ERROR] LogOutputStream:75 - [STDERR_REDIRECT] 
2026-05-28 15:00:15,800 [ERROR] LogOutputStream:75 - [STDERR_REDIRECT] [Fatal Error] :1:1: Premature end of file.
2026-05-28 15:00:15,800 [ERROR] LogOutputStream:75 - [STDERR_REDIRECT] 
2026-05-28 15:00:16,795 [ERROR] LogOutputStream:75 - [STDERR_REDIRECT] [Fatal Error] :1:1: Premature end of file.
2026-05-28 15:00:16,795 [ERROR] LogOutputStream:75 - [STDERR_REDIRECT] 
2026-05-28 15:00:17,796 [ERROR] LogOutputStream:75 - [STDERR_REDIRECT] [Fatal Error] :1:1: Premature end of file.
2026-05-28 15:00:17,797 [ERROR] LogOutputStream:75 - [STDERR_REDIRECT] 
2026-05-28 15:00:18,806 [ERROR] LogOutputStream:75 - [STDERR_REDIRECT] [Fatal Error] :1:1: Premature end of file.
2026-05-28 15:00:18,806 [ERROR] LogOutputStream:75 - [STDERR_REDIRECT] 
2026-05-28 15:00:19,798 [ERROR] LogOutputStream:75 - [STDERR_REDIRECT] [Fatal Error] :1:1: Premature end of file.
2026-05-28 15:00:19,799 [ERROR] LogOutputStream:75 - [STDERR_REDIRECT] 
2026-05-28 15:00:20,796 [ERROR] LogOutputStream:75 - [STDERR_REDIRECT] [Fatal Error] :1:1: Premature end of file.
2026-05-28 15:00:20,796 [ERROR] LogOutputStream:75 - [STDERR_REDIRECT] 
2026-05-28 15:00:21,796 [ERROR] LogOutputStream:75 - [STDERR_REDIRECT] [Fatal Error] :1:1: Premature end of file.
2026-05-28 15:00:21,797 [ERROR] LogOutputStream:75 - [STDERR_REDIRECT] 
2026-05-28 15:00:22,796 [ERROR] LogOutputStream:75 - [STDERR_REDIRECT] [Fatal Error] :1:1: Premature end of file.
2026-05-28 15:00:22,797 [ERROR] LogOutputStream:75 - [STDERR_REDIRECT] 
2026-05-28 15:00:23,797 [ERROR] LogOutputStream:75 - [STDERR_REDIRECT] [Fatal Error] :1:1: Premature end of file.
2026-05-28 15:00:23,797 [ERROR] LogOutputStream:75 - [STDERR_REDIRECT] 
2026-05-28 15:00:24,799 [ERROR] LogOutputStream:75 - [STDERR_REDIRECT] [Fatal Error] :1:1: Premature end of file.
2026-05-28 15:00:24,799 [ERROR] LogOutputStream:75 - [STDERR_REDIRECT] 
2026-05-28 15:00:25,796 [ERROR] LogOutputStream:75 - [STDERR_REDIRECT] [Fatal Error] :1:1: Premature end of file.
2026-05-28 15:00:25,797 [ERROR] LogOutputStream:75 - [STDERR_REDIRECT] 
2026-05-28 15:00:26,798 [ERROR] LogOutputStream:75 - [STDERR_REDIRECT] [Fatal Error] :1:1: Premature end of file.
2026-05-28 15:00:26,798 [ERROR] LogOutputStream:75 - [STDERR_REDIRECT] 
2026-05-28 15:00:27,797 [ERROR] LogOutputStream:75 - [STDERR_REDIRECT] [Fatal Error] :1:1: Premature end of file.
2026-05-28 15:00:27,797 [ERROR] LogOutputStream:75 - [STDERR_REDIRECT] 
2026-05-28 15:00:28,795 [ERROR] LogOutputStream:75 - [STDERR_REDIRECT] [Fatal Error] :1:1: Premature end of file.
2026-05-28 15:00:28,795 [ERROR] LogOutputStream:75 - [STDERR_REDIRECT] 
2026-05-28 15:00:29,797 [ERROR] LogOutputStream:75 - [STDERR_REDIRECT] [Fatal Error] :1:1: Premature end of file.
2026-05-28 15:00:29,797 [ERROR] LogOutputStream:75 - [STDERR_REDIRECT] 
2026-05-28 15:00:30,799 [ERROR] LogOutputStream:75 - [STDERR_REDIRECT] [Fatal Error] :1:1: Premature end of file.
2026-05-28 15:00:30,799 [ERROR] LogOutputStream:75 - [STDERR_REDIRECT] 
2026-05-28 15:00:31,797 [ERROR] LogOutputStream:75 - [STDERR_REDIRECT] [Fatal Error] :1:1: Premature end of file.
2026-05-28 15:00:31,797 [ERROR] LogOutputStream:75 - [STDERR_REDIRECT] 
2026-05-28 15:00:32,794 [ERROR] LogOutputStream:75 - [STDERR_REDIRECT] [Fatal Error] :1:1: Premature end of file.
2026-05-28 15:00:32,795 [ERROR] LogOutputStream:75 - [STDERR_REDIRECT] 
2026-05-28 15:00:33,797 [ERROR] LogOutputStream:75 - [STDERR_REDIRECT] [Fatal Error] :1:1: Premature end of file.
2026-05-28 15:00:33,797 [ERROR] LogOutputStream:75 - [STDERR_REDIRECT] 
2026-05-28 15:00:34,797 [ERROR] LogOutputStream:75 - [STDERR_REDIRECT] [Fatal Error] :1:1: Premature end of file.
2026-05-28 15:00:34,797 [ERROR] LogOutputStream:75 - [STDERR_REDIRECT] 
2026-05-28 15:00:35,797 [ERROR] LogOutputStream:75 - [STDERR_REDIRECT] [Fatal Error] :1:1: Premature end of file.
2026-05-28 15:00:35,798 [ERROR] LogOutputStream:75 - [STDERR_REDIRECT] 
2026-05-28 15:00:36,794 [ERROR] LogOutputStream:75 - [STDERR_REDIRECT] [Fatal Error] :1:1: Premature end of file.
2026-05-28 15:00:36,794 [ERROR] LogOutputStream:75 - [STDERR_REDIRECT] 
2026-05-28 15:00:37,803 [ERROR] LogOutputStream:75 - [STDERR_REDIRECT] [Fatal Error] :1:1: Premature end of file.
2026-05-28 15:00:37,803 [ERROR] LogOutputStream:75 - [STDERR_REDIRECT] 
2026-05-28 15:00:38,800 [ERROR] LogOutputStream:75 - [STDERR_REDIRECT] [Fatal Error] :1:1: Premature end of file.
2026-05-28 15:00:38,800 [ERROR] LogOutputStream:75 - [STDERR_REDIRECT] 
2026-05-28 15:00:39,809 [ERROR] LogOutputStream:75 - [STDERR_REDIRECT] [Fatal Error] :1:1: Premature end of file.
2026-05-28 15:00:39,810 [ERROR] LogOutputStream:75 - [STDERR_REDIRECT] 
2026-05-28 15:00:40,807 [ERROR] LogOutputStream:75 - [STDERR_REDIRECT] [Fatal Error] :1:1: Premature end of file.
2026-05-28 15:00:40,807 [ERROR] LogOutputStream:75 - [STDERR_REDIRECT] 
2026-05-28 15:00:41,803 [ERROR] LogOutputStream:75 - [STDERR_REDIRECT] [Fatal Error] :1:1: Premature end of file.
2026-05-28 15:00:41,803 [ERROR] LogOutputStream:75 - [STDERR_REDIRECT] 
2026-05-28 15:00:42,798 [ERROR] LogOutputStream:75 - [STDERR_REDIRECT] [Fatal Error] :1:1: Premature end of file.
2026-05-28 15:00:42,799 [ERROR] LogOutputStream:75 - [STDERR_REDIRECT] 
2026-05-28 15:00:43,803 [ERROR] LogOutputStream:75 - [STDERR_REDIRECT] [Fatal Error] :1:1: Premature end of file.
2026-05-28 15:00:43,803 [ERROR] LogOutputStream:75 - [STDERR_REDIRECT] 
2026-05-28 15:00:44,800 [ERROR] LogOutputStream:75 - [STDERR_REDIRECT] [Fatal Error] :1:1: Premature end of file.
2026-05-28 15:00:44,800 [ERROR] LogOutputStream:75 - [STDERR_REDIRECT] 
2026-05-28 15:00:45,801 [ERROR] LogOutputStream:75 - [STDERR_REDIRECT] [Fatal Error] :1:1: Premature end of file.
2026-05-28 15:00:45,801 [ERROR] LogOutputStream:75 - [STDERR_REDIRECT] 
2026-05-28 15:00:46,805 [ERROR] LogOutputStream:75 - [STDERR_REDIRECT] [Fatal Error] :1:1: Premature end of file.
2026-05-28 15:00:46,806 [ERROR] LogOutputStream:75 - [STDERR_REDIRECT] 
2026-05-28 15:00:47,801 [ERROR] LogOutputStream:75 - [STDERR_REDIRECT] [Fatal Error] :1:1: Premature end of file.
2026-05-28 15:00:47,801 [ERROR] LogOutputStream:75 - [STDERR_REDIRECT] 
2026-05-28 15:00:48,797 [ERROR] LogOutputStream:75 - [STDERR_REDIRECT] [Fatal Error] :1:1: Premature end of file.
2026-05-28 15:00:48,797 [ERROR] LogOutputStream:75 - [STDERR_REDIRECT] 
2026-05-28 15:00:49,796 [ERROR] LogOutputStream:75 - [STDERR_REDIRECT] [Fatal Error] :1:1: Premature end of file.
2026-05-28 15:00:49,796 [ERROR] LogOutputStream:75 - [STDERR_REDIRECT] 
2026-05-28 15:00:50,805 [ERROR] LogOutputStream:75 - [STDERR_REDIRECT] [Fatal Error] :1:1: Premature end of file.
2026-05-28 15:00:50,805 [ERROR] LogOutputStream:75 - [STDERR_REDIRECT] 
2026-05-28 15:00:51,799 [ERROR] LogOutputStream:75 - [STDERR_REDIRECT] [Fatal Error] :1:1: Premature end of file.
2026-05-28 15:00:51,799 [ERROR] LogOutputStream:75 - [STDERR_REDIRECT] 
2026-05-28 15:00:52,796 [ERROR] LogOutputStream:75 - [STDERR_REDIRECT] [Fatal Error] :1:1: Premature end of file.
2026-05-28 15:00:52,797 [ERROR] LogOutputStream:75 - [STDERR_REDIRECT] 
2026-05-28 15:00:53,795 [ERROR] LogOutputStream:75 - [STDERR_REDIRECT] [Fatal Error] :1:1: Premature end of file.
2026-05-28 15:00:53,795 [ERROR] LogOutputStream:75 - [STDERR_REDIRECT] 
2026-05-28 15:00:54,800 [ERROR] LogOutputStream:75 - [STDERR_REDIRECT] [Fatal Error] :1:1: Premature end of file.
2026-05-28 15:00:54,800 [ERROR] LogOutputStream:75 - [STDERR_REDIRECT] 
2026-05-28 15:00:55,797 [ERROR] LogOutputStream:75 - [STDERR_REDIRECT] [Fatal Error] :1:1: Premature end of file.
2026-05-28 15:00:55,798 [ERROR] LogOutputStream:75 - [STDERR_REDIRECT] 
2026-05-28 15:00:56,797 [ERROR] LogOutputStream:75 - [STDERR_REDIRECT] [Fatal Error] :1:1: Premature end of file.
2026-05-28 15:00:56,797 [ERROR] LogOutputStream:75 - [STDERR_REDIRECT] 
2026-05-28 15:00:57,807 [ERROR] LogOutputStream:75 - [STDERR_REDIRECT] [Fatal Error] :1:1: Premature end of file.
2026-05-28 15:00:57,807 [ERROR] LogOutputStream:75 - [STDERR_REDIRECT] 
2026-05-28 15:00:58,801 [ERROR] LogOutputStream:75 - [STDERR_REDIRECT] [Fatal Error] :1:1: Premature end of file.
2026-05-28 15:00:58,802 [ERROR] LogOutputStream:75 - [STDERR_REDIRECT] 
2026-05-28 15:00:59,798 [ERROR] LogOutputStream:75 - [STDERR_REDIRECT] [Fatal Error] :1:1: Premature end of file.
2026-05-28 15:00:59,798 [ERROR] LogOutputStream:75 - [STDERR_REDIRECT] 
2026-05-28 15:01:00,809 [ERROR] LogOutputStream:75 - [STDERR_REDIRECT] [Fatal Error] :1:1: Premature end of file.
2026-05-28 15:01:00,809 [ERROR] LogOutputStream:75 - [STDERR_REDIRECT] 
2026-05-28 15:01:01,795 [ERROR] LogOutputStream:75 - [STDERR_REDIRECT] [Fatal Error] :1:1: Premature end of file.
2026-05-28 15:01:01,795 [ERROR] LogOutputStream:75 - [STDERR_REDIRECT] 
2026-05-28 15:01:02,798 [ERROR] LogOutputStream:75 - [STDERR_REDIRECT] [Fatal Error] :1:1: Premature end of file.
2026-05-28 15:01:02,799 [ERROR] LogOutputStream:75 - [STDERR_REDIRECT] 
2026-05-28 15:01:03,799 [ERROR] LogOutputStream:75 - [STDERR_REDIRECT] [Fatal Error] :1:1: Premature end of file.
2026-05-28 15:01:03,801 [ERROR] LogOutputStream:75 - [STDERR_REDIRECT] 
2026-05-28 15:01:04,817 [ERROR] LogOutputStream:75 - [STDERR_REDIRECT] [Fatal Error] :1:1: Premature end of file.
2026-05-28 15:01:04,818 [ERROR] LogOutputStream:75 - [STDERR_REDIRECT] 
2026-05-28 15:01:05,800 [ERROR] LogOutputStream:75 - [STDERR_REDIRECT] [Fatal Error] :1:1: Premature end of file.
2026-05-28 15:01:05,800 [ERROR] LogOutputStream:75 - [STDERR_REDIRECT] 
2026-05-28 15:01:06,798 [ERROR] LogOutputStream:75 - [STDERR_REDIRECT] [Fatal Error] :1:1: Premature end of file.
2026-05-28 15:01:06,798 [ERROR] LogOutputStream:75 - [STDERR_REDIRECT] 
2026-05-28 15:01:07,802 [ERROR] LogOutputStream:75 - [STDERR_REDIRECT] [Fatal Error] :1:1: Premature end of file.
2026-05-28 15:01:07,802 [ERROR] LogOutputStream:75 - [STDERR_REDIRECT] 
2026-05-28 15:01:08,798 [ERROR] LogOutputStream:75 - [STDERR_REDIRECT] [Fatal Error] :1:1: Premature end of file.
2026-05-28 15:01:08,799 [ERROR] LogOutputStream:75 - [STDERR_REDIRECT] 
2026-05-28 15:01:09,798 [ERROR] LogOutputStream:75 - [STDERR_REDIRECT] [Fatal Error] :1:1: Premature end of file.
2026-05-28 15:01:09,798 [ERROR] LogOutputStream:75 - [STDERR_REDIRECT] 
2026-05-28 15:01:10,798 [ERROR] LogOutputStream:75 - [STDERR_REDIRECT] [Fatal Error] :1:1: Premature end of file.
2026-05-28 15:01:10,799 [ERROR] LogOutputStream:75 - [STDERR_REDIRECT] 
2026-05-28 15:01:11,799 [ERROR] LogOutputStream:75 - [STDERR_REDIRECT] [Fatal Error] :1:1: Premature end of file.
2026-05-28 15:01:11,799 [ERROR] LogOutputStream:75 - [STDERR_REDIRECT] 
2026-05-28 15:01:12,802 [ERROR] LogOutputStream:75 - [STDERR_REDIRECT] [Fatal Error] :1:1: Premature end of file.
2026-05-28 15:01:12,802 [ERROR] LogOutputStream:75 - [STDERR_REDIRECT] 
2026-05-28 15:01:13,797 [ERROR] LogOutputStream:75 - [STDERR_REDIRECT] [Fatal Error] :1:1: Premature end of file.
2026-05-28 15:01:13,797 [ERROR] LogOutputStream:75 - [STDERR_REDIRECT] 
2026-05-28 15:01:14,798 [ERROR] LogOutputStream:75 - [STDERR_REDIRECT] [Fatal Error] :1:1: Premature end of file.
2026-05-28 15:01:14,798 [ERROR] LogOutputStream:75 - [STDERR_REDIRECT] 
2026-05-28 15:01:15,798 [ERROR] LogOutputStream:75 - [STDERR_REDIRECT] [Fatal Error] :1:1: Premature end of file.
2026-05-28 15:01:15,798 [ERROR] LogOutputStream:75 - [STDERR_REDIRECT] 
2026-05-28 15:01:16,797 [ERROR] LogOutputStream:75 - [STDERR_REDIRECT] [Fatal Error] :1:1: Premature end of file.
2026-05-28 15:01:16,797 [ERROR] LogOutputStream:75 - [STDERR_REDIRECT] 
2026-05-28 15:01:17,798 [ERROR] LogOutputStream:75 - [STDERR_REDIRECT] [Fatal Error] :1:1: Premature end of file.
2026-05-28 15:01:17,798 [ERROR] LogOutputStream:75 - [STDERR_REDIRECT] 
2026-05-28 15:01:18,796 [ERROR] LogOutputStream:75 - [STDERR_REDIRECT] [Fatal Error] :1:1: Premature end of file.
2026-05-28 15:01:18,796 [ERROR] LogOutputStream:75 - [STDERR_REDIRECT] 
2026-05-28 15:01:19,799 [ERROR] LogOutputStream:75 - [STDERR_REDIRECT] [Fatal Error] :1:1: Premature end of file.
2026-05-28 15:01:19,799 [ERROR] LogOutputStream:75 - [STDERR_REDIRECT] 
2026-05-28 15:01:20,798 [ERROR] LogOutputStream:75 - [STDERR_REDIRECT] [Fatal Error] :1:1: Premature end of file.
2026-05-28 15:01:20,798 [ERROR] LogOutputStream:75 - [STDERR_REDIRECT] 
2026-05-28 15:01:21,797 [ERROR] LogOutputStream:75 - [STDERR_REDIRECT] [Fatal Error] :1:1: Premature end of file.
2026-05-28 15:01:21,797 [ERROR] LogOutputStream:75 - [STDERR_REDIRECT] 
2026-05-28 15:01:22,807 [ERROR] LogOutputStream:75 - [STDERR_REDIRECT] [Fatal Error] :1:1: Premature end of file.
2026-05-28 15:01:22,807 [ERROR] LogOutputStream:75 - [STDERR_REDIRECT] 
2026-05-28 15:01:23,801 [ERROR] LogOutputStream:75 - [STDERR_REDIRECT] [Fatal Error] :1:1: Premature end of file.
2026-05-28 15:01:23,801 [ERROR] LogOutputStream:75 - [STDERR_REDIRECT] 
2026-05-28 15:01:24,797 [ERROR] LogOutputStream:75 - [STDERR_REDIRECT] [Fatal Error] :1:1: Premature end of file.
2026-05-28 15:01:24,797 [ERROR] LogOutputStream:75 - [STDERR_REDIRECT] 
2026-05-28 15:01:25,807 [ERROR] LogOutputStream:75 - [STDERR_REDIRECT] [Fatal Error] :1:1: Premature end of file.
2026-05-28 15:01:25,807 [ERROR] LogOutputStream:75 - [STDERR_REDIRECT] 
2026-05-28 15:01:26,798 [ERROR] LogOutputStream:75 - [STDERR_REDIRECT] [Fatal Error] :1:1: Premature end of file.
2026-05-28 15:01:26,798 [ERROR] LogOutputStream:75 - [STDERR_REDIRECT] 
2026-05-28 15:01:27,796 [ERROR] LogOutputStream:75 - [STDERR_REDIRECT] [Fatal Error] :1:1: Premature end of file.
2026-05-28 15:01:27,797 [ERROR] LogOutputStream:75 - [STDERR_REDIRECT] 
2026-05-28 15:01:28,807 [ERROR] LogOutputStream:75 - [STDERR_REDIRECT] [Fatal Error] :1:1: Premature end of file.
2026-05-28 15:01:28,809 [ERROR] LogOutputStream:75 - [STDERR_REDIRECT] 
2026-05-28 15:01:29,797 [ERROR] LogOutputStream:75 - [STDERR_REDIRECT] [Fatal Error] :1:1: Premature end of file.
2026-05-28 15:01:29,798 [ERROR] LogOutputStream:75 - [STDERR_REDIRECT] 
2026-05-28 15:01:30,799 [ERROR] LogOutputStream:75 - [STDERR_REDIRECT] [Fatal Error] :1:1: Premature end of file.
2026-05-28 15:01:30,799 [ERROR] LogOutputStream:75 - [STDERR_REDIRECT] 
2026-05-28 15:01:31,797 [ERROR] LogOutputStream:75 - [STDERR_REDIRECT] [Fatal Error] :1:1: Premature end of file.
2026-05-28 15:01:31,797 [ERROR] LogOutputStream:75 - [STDERR_REDIRECT] 
2026-05-28 15:01:32,800 [ERROR] LogOutputStream:75 - [STDERR_REDIRECT] [Fatal Error] :1:1: Premature end of file.
2026-05-28 15:01:32,800 [ERROR] LogOutputStream:75 - [STDERR_REDIRECT] 
2026-05-28 15:01:33,797 [ERROR] LogOutputStream:75 - [STDERR_REDIRECT] [Fatal Error] :1:1: Premature end of file.
2026-05-28 15:01:33,797 [ERROR] LogOutputStream:75 - [STDERR_REDIRECT] 
2026-05-28 15:01:34,800 [ERROR] LogOutputStream:75 - [STDERR_REDIRECT] [Fatal Error] :1:1: Premature end of file.
2026-05-28 15:01:34,800 [ERROR] LogOutputStream:75 - [STDERR_REDIRECT] 
2026-05-28 15:01:35,800 [ERROR] LogOutputStream:75 - [STDERR_REDIRECT] [Fatal Error] :1:1: Premature end of file.
2026-05-28 15:01:35,800 [ERROR] LogOutputStream:75 - [STDERR_REDIRECT] 
2026-05-28 15:01:36,795 [ERROR] LogOutputStream:75 - [STDERR_REDIRECT] [Fatal Error] :1:1: Premature end of file.
2026-05-28 15:01:36,796 [ERROR] LogOutputStream:75 - [STDERR_REDIRECT] 
2026-05-28 15:01:37,798 [ERROR] LogOutputStream:75 - [STDERR_REDIRECT] [Fatal Error] :1:1: Premature end of file.
2026-05-28 15:01:37,798 [ERROR] LogOutputStream:75 - [STDERR_REDIRECT] 
2026-05-28 15:01:38,806 [ERROR] LogOutputStream:75 - [STDERR_REDIRECT] [Fatal Error] :1:1: Premature end of file.
2026-05-28 15:01:38,807 [ERROR] LogOutputStream:75 - [STDERR_REDIRECT] 
2026-05-28 15:01:39,800 [ERROR] LogOutputStream:75 - [STDERR_REDIRECT] [Fatal Error] :1:1: Premature end of file.
2026-05-28 15:01:39,801 [ERROR] LogOutputStream:75 - [STDERR_REDIRECT] 
2026-05-28 15:01:40,801 [ERROR] LogOutputStream:75 - [STDERR_REDIRECT] [Fatal Error] :1:1: Premature end of file.
2026-05-28 15:01:40,802 [ERROR] LogOutputStream:75 - [STDERR_REDIRECT] 
2026-05-28 15:01:41,809 [ERROR] LogOutputStream:75 - [STDERR_REDIRECT] [Fatal Error] :1:1: Premature end of file.
2026-05-28 15:01:41,810 [ERROR] LogOutputStream:75 - [STDERR_REDIRECT] 
2026-05-28 15:01:42,799 [ERROR] LogOutputStream:75 - [STDERR_REDIRECT] [Fatal Error] :1:1: Premature end of file.
2026-05-28 15:01:42,799 [ERROR] LogOutputStream:75 - [STDERR_REDIRECT] 
2026-05-28 15:01:43,798 [ERROR] LogOutputStream:75 - [STDERR_REDIRECT] [Fatal Error] :1:1: Premature end of file.
2026-05-28 15:01:43,799 [ERROR] LogOutputStream:75 - [STDERR_REDIRECT] 
2026-05-28 15:01:44,798 [ERROR] LogOutputStream:75 - [STDERR_REDIRECT] [Fatal Error] :1:1: Premature end of file.
2026-05-28 15:01:44,799 [ERROR] LogOutputStream:75 - [STDERR_REDIRECT] 
2026-05-28 15:01:45,801 [ERROR] LogOutputStream:75 - [STDERR_REDIRECT] [Fatal Error] :1:1: Premature end of file.
2026-05-28 15:01:45,801 [ERROR] LogOutputStream:75 - [STDERR_REDIRECT] 
2026-05-28 15:01:46,803 [ERROR] LogOutputStream:75 - [STDERR_REDIRECT] [Fatal Error] :1:1: Premature end of file.
2026-05-28 15:01:46,804 [ERROR] LogOutputStream:75 - [STDERR_REDIRECT] 
2026-05-28 15:01:47,803 [ERROR] LogOutputStream:75 - [STDERR_REDIRECT] [Fatal Error] :1:1: Premature end of file.
2026-05-28 15:01:47,804 [ERROR] LogOutputStream:75 - [STDERR_REDIRECT] 
2026-05-28 15:01:48,798 [ERROR] LogOutputStream:75 - [STDERR_REDIRECT] [Fatal Error] :1:1: Premature end of file.
2026-05-28 15:01:48,799 [ERROR] LogOutputStream:75 - [STDERR_REDIRECT] 
2026-05-28 15:01:49,795 [ERROR] LogOutputStream:75 - [STDERR_REDIRECT] [Fatal Error] :1:1: Premature end of file.
2026-05-28 15:01:49,796 [ERROR] LogOutputStream:75 - [STDERR_REDIRECT] 
2026-05-28 15:01:50,796 [ERROR] LogOutputStream:75 - [STDERR_REDIRECT] [Fatal Error] :1:1: Premature end of file.
2026-05-28 15:01:50,796 [ERROR] LogOutputStream:75 - [STDERR_REDIRECT] 
2026-05-28 15:01:51,805 [ERROR] LogOutputStream:75 - [STDERR_REDIRECT] [Fatal Error] :1:1: Premature end of file.
2026-05-28 15:01:51,805 [ERROR] LogOutputStream:75 - [STDERR_REDIRECT] 
2026-05-28 15:01:52,799 [ERROR] LogOutputStream:75 - [STDERR_REDIRECT] [Fatal Error] :1:1: Premature end of file.
2026-05-28 15:01:52,799 [ERROR] LogOutputStream:75 - [STDERR_REDIRECT] 
2026-05-28 15:01:53,796 [ERROR] LogOutputStream:75 - [STDERR_REDIRECT] [Fatal Error] :1:1: Premature end of file.
2026-05-28 15:01:53,796 [ERROR] LogOutputStream:75 - [STDERR_REDIRECT] 
2026-05-28 15:01:54,798 [ERROR] LogOutputStream:75 - [STDERR_REDIRECT] [Fatal Error] :1:1: Premature end of file.
2026-05-28 15:01:54,798 [ERROR] LogOutputStream:75 - [STDERR_REDIRECT] 
2026-05-28 15:01:55,798 [ERROR] LogOutputStream:75 - [STDERR_REDIRECT] [Fatal Error] :1:1: Premature end of file.
2026-05-28 15:01:55,798 [ERROR] LogOutputStream:75 - [STDERR_REDIRECT] 
2026-05-28 15:01:56,798 [ERROR] LogOutputStream:75 - [STDERR_REDIRECT] [Fatal Error] :1:1: Premature end of file.
2026-05-28 15:01:56,798 [ERROR] LogOutputStream:75 - [STDERR_REDIRECT] 
2026-05-28 15:01:57,797 [ERROR] LogOutputStream:75 - [STDERR_REDIRECT] [Fatal Error] :1:1: Premature end of file.
2026-05-28 15:01:57,797 [ERROR] LogOutputStream:75 - [STDERR_REDIRECT] 
2026-05-28 15:01:58,802 [ERROR] LogOutputStream:75 - [STDERR_REDIRECT] [Fatal Error] :1:1: Premature end of file.
2026-05-28 15:01:58,802 [ERROR] LogOutputStream:75 - [STDERR_REDIRECT] 
2026-05-28 15:01:59,797 [ERROR] LogOutputStream:75 - [STDERR_REDIRECT] [Fatal Error] :1:1: Premature end of file.
2026-05-28 15:01:59,797 [ERROR] LogOutputStream:75 - [STDERR_REDIRECT] 
2026-05-28 15:02:00,798 [ERROR] LogOutputStream:75 - [STDERR_REDIRECT] [Fatal Error] :1:1: Premature end of file.
2026-05-28 15:02:00,799 [ERROR] LogOutputStream:75 - [STDERR_REDIRECT] 
2026-05-28 15:02:01,799 [ERROR] LogOutputStream:75 - [STDERR_REDIRECT] [Fatal Error] :1:1: Premature end of file.
2026-05-28 15:02:01,799 [ERROR] LogOutputStream:75 - [STDERR_REDIRECT] 
2026-05-28 15:02:02,808 [ERROR] LogOutputStream:75 - [STDERR_REDIRECT] [Fatal Error] :1:1: Premature end of file.
2026-05-28 15:02:02,808 [ERROR] LogOutputStream:75 - [STDERR_REDIRECT] 
2026-05-28 15:02:03,797 [ERROR] LogOutputStream:75 - [STDERR_REDIRECT] [Fatal Error] :1:1: Premature end of file.
2026-05-28 15:02:03,797 [ERROR] LogOutputStream:75 - [STDERR_REDIRECT] 
2026-05-28 15:02:04,801 [ERROR] LogOutputStream:75 - [STDERR_REDIRECT] [Fatal Error] :1:1: Premature end of file.
2026-05-28 15:02:04,801 [ERROR] LogOutputStream:75 - [STDERR_REDIRECT] 
2026-05-28 15:02:05,825 [ERROR] LogOutputStream:75 - [STDERR_REDIRECT] [Fatal Error] :1:1: Premature end of file.
2026-05-28 15:02:05,825 [ERROR] LogOutputStream:75 - [STDERR_REDIRECT] 
2026-05-28 15:02:06,799 [ERROR] LogOutputStream:75 - [STDERR_REDIRECT] [Fatal Error] :1:1: Premature end of file.
2026-05-28 15:02:06,799 [ERROR] LogOutputStream:75 - [STDERR_REDIRECT] 
2026-05-28 15:02:07,804 [ERROR] LogOutputStream:75 - [STDERR_REDIRECT] [Fatal Error] :1:1: Premature end of file.
2026-05-28 15:02:07,805 [ERROR] LogOutputStream:75 - [STDERR_REDIRECT] 
2026-05-28 15:02:08,796 [ERROR] LogOutputStream:75 - [STDERR_REDIRECT] [Fatal Error] :1:1: Premature end of file.
2026-05-28 15:02:08,796 [ERROR] LogOutputStream:75 - [STDERR_REDIRECT] 
2026-05-28 15:02:09,797 [ERROR] LogOutputStream:75 - [STDERR_REDIRECT] [Fatal Error] :1:1: Premature end of file.
2026-05-28 15:02:09,797 [ERROR] LogOutputStream:75 - [STDERR_REDIRECT] 
2026-05-28 15:02:10,807 [ERROR] LogOutputStream:75 - [STDERR_REDIRECT] [Fatal Error] :1:1: Premature end of file.
2026-05-28 15:02:10,808 [ERROR] LogOutputStream:75 - [STDERR_REDIRECT] 
2026-05-28 15:02:11,797 [ERROR] LogOutputStream:75 - [STDERR_REDIRECT] [Fatal Error] :1:1: Premature end of file.
2026-05-28 15:02:11,797 [ERROR] LogOutputStream:75 - [STDERR_REDIRECT] 
2026-05-28 15:02:12,800 [ERROR] LogOutputStream:75 - [STDERR_REDIRECT] [Fatal Error] :1:1: Premature end of file.
2026-05-28 15:02:12,800 [ERROR] LogOutputStream:75 - [STDERR_REDIRECT] 
2026-05-28 15:02:13,799 [ERROR] LogOutputStream:75 - [STDERR_REDIRECT] [Fatal Error] :1:1: Premature end of file.
2026-05-28 15:02:13,799 [ERROR] LogOutputStream:75 - [STDERR_REDIRECT] 
2026-05-28 15:02:14,802 [ERROR] LogOutputStream:75 - [STDERR_REDIRECT] [Fatal Error] :1:1: Premature end of file.
2026-05-28 15:02:14,802 [ERROR] LogOutputStream:75 - [STDERR_REDIRECT] 
2026-05-28 15:02:15,797 [ERROR] LogOutputStream:75 - [STDERR_REDIRECT] [Fatal Error] :1:1: Premature end of file.
2026-05-28 15:02:15,797 [ERROR] LogOutputStream:75 - [STDERR_REDIRECT] 
2026-05-28 15:02:16,796 [ERROR] LogOutputStream:75 - [STDERR_REDIRECT] [Fatal Error] :1:1: Premature end of file.
2026-05-28 15:02:16,796 [ERROR] LogOutputStream:75 - [STDERR_REDIRECT] 
2026-05-28 15:02:17,799 [ERROR] LogOutputStream:75 - [STDERR_REDIRECT] [Fatal Error] :1:1: Premature end of file.
2026-05-28 15:02:17,799 [ERROR] LogOutputStream:75 - [STDERR_REDIRECT] 
2026-05-28 15:02:18,798 [ERROR] LogOutputStream:75 - [STDERR_REDIRECT] [Fatal Error] :1:1: Premature end of file.
2026-05-28 15:02:18,798 [ERROR] LogOutputStream:75 - [STDERR_REDIRECT] 
2026-05-28 15:02:19,802 [ERROR] LogOutputStream:75 - [STDERR_REDIRECT] [Fatal Error] :1:1: Premature end of file.
2026-05-28 15:02:19,802 [ERROR] LogOutputStream:75 - [STDERR_REDIRECT] 
2026-05-28 15:02:20,796 [ERROR] LogOutputStream:75 - [STDERR_REDIRECT] [Fatal Error] :1:1: Premature end of file.
2026-05-28 15:02:20,796 [ERROR] LogOutputStream:75 - [STDERR_REDIRECT] 
2026-05-28 15:02:21,800 [ERROR] LogOutputStream:75 - [STDERR_REDIRECT] [Fatal Error] :1:1: Premature end of file.
2026-05-28 15:02:21,800 [ERROR] LogOutputStream:75 - [STDERR_REDIRECT] 
2026-05-28 15:02:22,797 [ERROR] LogOutputStream:75 - [STDERR_REDIRECT] [Fatal Error] :1:1: Premature end of file.
2026-05-28 15:02:22,797 [ERROR] LogOutputStream:75 - [STDERR_REDIRECT] 
2026-05-28 15:02:23,797 [ERROR] LogOutputStream:75 - [STDERR_REDIRECT] [Fatal Error] :1:1: Premature end of file.
2026-05-28 15:02:23,797 [ERROR] LogOutputStream:75 - [STDERR_REDIRECT] 
2026-05-28 15:02:24,802 [ERROR] LogOutputStream:75 - [STDERR_REDIRECT] [Fatal Error] :1:1: Premature end of file.
2026-05-28 15:02:24,802 [ERROR] LogOutputStream:75 - [STDERR_REDIRECT] 
2026-05-28 15:02:25,796 [ERROR] LogOutputStream:75 - [STDERR_REDIRECT] [Fatal Error] :1:1: Premature end of file.
2026-05-28 15:02:25,798 [ERROR] LogOutputStream:75 - [STDERR_REDIRECT] 
2026-05-28 15:02:26,799 [ERROR] LogOutputStream:75 - [STDERR_REDIRECT] [Fatal Error] :1:1: Premature end of file.
2026-05-28 15:02:26,799 [ERROR] LogOutputStream:75 - [STDERR_REDIRECT] 
2026-05-28 15:02:27,804 [ERROR] LogOutputStream:75 - [STDERR_REDIRECT] [Fatal Error] :1:1: Premature end of file.
2026-05-28 15:02:27,805 [ERROR] LogOutputStream:75 - [STDERR_REDIRECT] 
2026-05-28 15:02:28,789 [ERROR] LogOutputStream:75 - [STDERR_REDIRECT] [Fatal Error] :1:1: Premature end of file.
2026-05-28 15:02:28,789 [ERROR] LogOutputStream:75 - [STDERR_REDIRECT] 
2026-05-28 15:02:29,788 [ERROR] LogOutputStream:75 - [STDERR_REDIRECT] [Fatal Error] :1:1: Premature end of file.
2026-05-28 15:02:29,788 [ERROR] LogOutputStream:75 - [STDERR_REDIRECT] 
2026-05-28 15:02:30,788 [ERROR] LogOutputStream:75 - [STDERR_REDIRECT] [Fatal Error] :1:1: Premature end of file.
2026-05-28 15:02:30,788 [ERROR] LogOutputStream:75 - [STDERR_REDIRECT] 
2026-05-28 15:02:31,800 [ERROR] LogOutputStream:75 - [STDERR_REDIRECT] [Fatal Error] :1:1: Premature end of file.
2026-05-28 15:02:31,800 [ERROR] LogOutputStream:75 - [STDERR_REDIRECT] 
2026-05-28 15:02:32,805 [ERROR] LogOutputStream:75 - [STDERR_REDIRECT] [Fatal Error] :1:1: Premature end of file.
2026-05-28 15:02:32,805 [ERROR] LogOutputStream:75 - [STDERR_REDIRECT] 
2026-05-28 15:02:33,799 [ERROR] LogOutputStream:75 - [STDERR_REDIRECT] [Fatal Error] :1:1: Premature end of file.
2026-05-28 15:02:33,800 [ERROR] LogOutputStream:75 - [STDERR_REDIRECT] 
2026-05-28 15:02:34,807 [ERROR] LogOutputStream:75 - [STDERR_REDIRECT] [Fatal Error] :1:1: Premature end of file.
2026-05-28 15:02:34,807 [ERROR] LogOutputStream:75 - [STDERR_REDIRECT] 
2026-05-28 15:02:35,799 [ERROR] LogOutputStream:75 - [STDERR_REDIRECT] [Fatal Error] :1:1: Premature end of file.
2026-05-28 15:02:35,799 [ERROR] LogOutputStream:75 - [STDERR_REDIRECT] 
2026-05-28 15:02:36,798 [ERROR] LogOutputStream:75 - [STDERR_REDIRECT] [Fatal Error] :1:1: Premature end of file.
2026-05-28 15:02:36,798 [ERROR] LogOutputStream:75 - [STDERR_REDIRECT] 
2026-05-28 15:02:37,805 [ERROR] LogOutputStream:75 - [STDERR_REDIRECT] [Fatal Error] :1:1: Premature end of file.
2026-05-28 15:02:37,805 [ERROR] LogOutputStream:75 - [STDERR_REDIRECT] 
2026-05-28 15:02:38,798 [ERROR] LogOutputStream:75 - [STDERR_REDIRECT] [Fatal Error] :1:1: Premature end of file.
2026-05-28 15:02:38,798 [ERROR] LogOutputStream:75 - [STDERR_REDIRECT] 
2026-05-28 15:02:39,801 [ERROR] LogOutputStream:75 - [STDERR_REDIRECT] [Fatal Error] :1:1: Premature end of file.
2026-05-28 15:02:39,801 [ERROR] LogOutputStream:75 - [STDERR_REDIRECT] 
2026-05-28 15:02:40,799 [ERROR] LogOutputStream:75 - [STDERR_REDIRECT] [Fatal Error] :1:1: Premature end of file.
2026-05-28 15:02:40,799 [ERROR] LogOutputStream:75 - [STDERR_REDIRECT] 
2026-05-28 15:02:41,806 [ERROR] LogOutputStream:75 - [STDERR_REDIRECT] [Fatal Error] :1:1: Premature end of file.
2026-05-28 15:02:41,806 [ERROR] LogOutputStream:75 - [STDERR_REDIRECT] 
2026-05-28 15:02:42,796 [ERROR] LogOutputStream:75 - [STDERR_REDIRECT] [Fatal Error] :1:1: Premature end of file.
2026-05-28 15:02:42,797 [ERROR] LogOutputStream:75 - [STDERR_REDIRECT] 
2026-05-28 15:02:43,834 [ERROR] LogOutputStream:75 - [STDERR_REDIRECT] [Fatal Error] :1:1: Premature end of file.
2026-05-28 15:02:43,851 [ERROR] LogOutputStream:75 - [STDERR_REDIRECT] 
2026-05-28 15:02:44,798 [ERROR] LogOutputStream:75 - [STDERR_REDIRECT] [Fatal Error] :1:1: Premature end of file.
2026-05-28 15:02:44,799 [ERROR] LogOutputStream:75 - [STDERR_REDIRECT] 
2026-05-28 15:02:45,799 [ERROR] LogOutputStream:75 - [STDERR_REDIRECT] [Fatal Error] :1:1: Premature end of file.
2026-05-28 15:02:45,800 [ERROR] LogOutputStream:75 - [STDERR_REDIRECT] 
2026-05-28 15:02:46,801 [ERROR] LogOutputStream:75 - [STDERR_REDIRECT] [Fatal Error] :1:1: Premature end of file.
2026-05-28 15:02:46,801 [ERROR] LogOutputStream:75 - [STDERR_REDIRECT] 
2026-05-28 15:02:47,795 [ERROR] LogOutputStream:75 - [STDERR_REDIRECT] [Fatal Error] :1:1: Premature end of file.
2026-05-28 15:02:47,795 [ERROR] LogOutputStream:75 - [STDERR_REDIRECT] 
2026-05-28 15:02:48,798 [ERROR] LogOutputStream:75 - [STDERR_REDIRECT] [Fatal Error] :1:1: Premature end of file.
2026-05-28 15:02:48,798 [ERROR] LogOutputStream:75 - [STDERR_REDIRECT] 
2026-05-28 15:02:49,841 [ERROR] LogOutputStream:75 - [STDERR_REDIRECT] [Fatal Error] :1:1: Premature end of file.
2026-05-28 15:02:49,841 [ERROR] LogOutputStream:75 - [STDERR_REDIRECT] 
2026-05-28 15:02:50,794 [ERROR] LogOutputStream:75 - [STDERR_REDIRECT] [Fatal Error] :1:1: Premature end of file.
2026-05-28 15:02:50,794 [ERROR] LogOutputStream:75 - [STDERR_REDIRECT] 
2026-05-28 15:02:51,728 [ERROR] ConfigurationRetriever:142 - IOException on connection: sw-center.st.com
2026-05-28 15:02:51,730 [ERROR] ConfigurationRetriever:142 - IOException on connection: sw-center.st.com
2026-05-28 15:02:51,730 [ERROR] ConfigurationRetriever:142 - IOException on connection: sw-center.st.com
2026-05-28 15:02:51,798 [ERROR] LogOutputStream:75 - [STDERR_REDIRECT] [Fatal Error] :1:1: Premature end of file.
2026-05-28 15:02:51,798 [ERROR] LogOutputStream:75 - [STDERR_REDIRECT] 
2026-05-28 15:02:52,797 [ERROR] LogOutputStream:75 - [STDERR_REDIRECT] [Fatal Error] :1:1: Premature end of file.
2026-05-28 15:02:52,798 [ERROR] LogOutputStream:75 - [STDERR_REDIRECT] 
2026-05-28 15:02:53,800 [ERROR] LogOutputStream:75 - [STDERR_REDIRECT] [Fatal Error] :1:1: Premature end of file.
2026-05-28 15:02:53,800 [ERROR] LogOutputStream:75 - [STDERR_REDIRECT] 
2026-05-28 15:02:54,795 [ERROR] LogOutputStream:75 - [STDERR_REDIRECT] [Fatal Error] :1:1: Premature end of file.
2026-05-28 15:02:54,795 [ERROR] LogOutputStream:75 - [STDERR_REDIRECT] 
2026-05-28 15:02:55,796 [ERROR] LogOutputStream:75 - [STDERR_REDIRECT] [Fatal Error] :1:1: Premature end of file.
2026-05-28 15:02:55,796 [ERROR] LogOutputStream:75 - [STDERR_REDIRECT] 
2026-05-28 15:02:56,797 [ERROR] LogOutputStream:75 - [STDERR_REDIRECT] [Fatal Error] :1:1: Premature end of file.
2026-05-28 15:02:56,797 [ERROR] LogOutputStream:75 - [STDERR_REDIRECT] 
2026-05-28 15:02:57,798 [ERROR] LogOutputStream:75 - [STDERR_REDIRECT] [Fatal Error] :1:1: Premature end of file.
2026-05-28 15:02:57,798 [ERROR] LogOutputStream:75 - [STDERR_REDIRECT] 
2026-05-28 15:02:58,796 [ERROR] LogOutputStream:75 - [STDERR_REDIRECT] [Fatal Error] :1:1: Premature end of file.
2026-05-28 15:02:58,797 [ERROR] LogOutputStream:75 - [STDERR_REDIRECT] 
2026-05-28 15:02:59,798 [ERROR] LogOutputStream:75 - [STDERR_REDIRECT] [Fatal Error] :1:1: Premature end of file.
2026-05-28 15:02:59,799 [ERROR] LogOutputStream:75 - [STDERR_REDIRECT] 
2026-05-28 15:03:00,796 [ERROR] LogOutputStream:75 - [STDERR_REDIRECT] [Fatal Error] :1:1: Premature end of file.
2026-05-28 15:03:00,797 [ERROR] LogOutputStream:75 - [STDERR_REDIRECT] 
2026-05-28 15:03:01,798 [ERROR] LogOutputStream:75 - [STDERR_REDIRECT] [Fatal Error] :1:1: Premature end of file.
2026-05-28 15:03:01,798 [ERROR] LogOutputStream:75 - [STDERR_REDIRECT] 
2026-05-28 15:03:02,800 [ERROR] LogOutputStream:75 - [STDERR_REDIRECT] [Fatal Error] :1:1: Premature end of file.
2026-05-28 15:03:02,802 [ERROR] LogOutputStream:75 - [STDERR_REDIRECT] 
2026-05-28 15:03:03,806 [ERROR] LogOutputStream:75 - [STDERR_REDIRECT] [Fatal Error] :1:1: Premature end of file.
2026-05-28 15:03:03,806 [ERROR] LogOutputStream:75 - [STDERR_REDIRECT] 
2026-05-28 15:03:04,801 [ERROR] LogOutputStream:75 - [STDERR_REDIRECT] [Fatal Error] :1:1: Premature end of file.
2026-05-28 15:03:04,801 [ERROR] LogOutputStream:75 - [STDERR_REDIRECT] 
2026-05-28 15:03:05,800 [ERROR] LogOutputStream:75 - [STDERR_REDIRECT] [Fatal Error] :1:1: Premature end of file.
2026-05-28 15:03:05,801 [ERROR] LogOutputStream:75 - [STDERR_REDIRECT] 
2026-05-28 15:03:06,803 [ERROR] LogOutputStream:75 - [STDERR_REDIRECT] [Fatal Error] :1:1: Premature end of file.
2026-05-28 15:03:06,803 [ERROR] LogOutputStream:75 - [STDERR_REDIRECT] 
2026-05-28 15:03:07,856 [ERROR] LogOutputStream:75 - [STDERR_REDIRECT] [Fatal Error] :1:1: Premature end of file.
2026-05-28 15:03:07,856 [ERROR] LogOutputStream:75 - [STDERR_REDIRECT] 
2026-05-28 15:03:08,803 [ERROR] LogOutputStream:75 - [STDERR_REDIRECT] [Fatal Error] :1:1: Premature end of file.
2026-05-28 15:03:08,803 [ERROR] LogOutputStream:75 - [STDERR_REDIRECT] 
2026-05-28 15:03:09,802 [ERROR] LogOutputStream:75 - [STDERR_REDIRECT] [Fatal Error] :1:1: Premature end of file.
2026-05-28 15:03:09,802 [ERROR] LogOutputStream:75 - [STDERR_REDIRECT] 
2026-05-28 15:03:10,808 [ERROR] LogOutputStream:75 - [STDERR_REDIRECT] [Fatal Error] :1:1: Premature end of file.
2026-05-28 15:03:10,808 [ERROR] LogOutputStream:75 - [STDERR_REDIRECT] 
2026-05-28 15:03:11,799 [ERROR] LogOutputStream:75 - [STDERR_REDIRECT] [Fatal Error] :1:1: Premature end of file.
2026-05-28 15:03:11,799 [ERROR] LogOutputStream:75 - [STDERR_REDIRECT] 
2026-05-28 15:03:12,804 [ERROR] LogOutputStream:75 - [STDERR_REDIRECT] [Fatal Error] :1:1: Premature end of file.
2026-05-28 15:03:12,805 [ERROR] LogOutputStream:75 - [STDERR_REDIRECT] 
2026-05-28 15:03:13,800 [ERROR] LogOutputStream:75 - [STDERR_REDIRECT] [Fatal Error] :1:1: Premature end of file.
2026-05-28 15:03:13,800 [ERROR] LogOutputStream:75 - [STDERR_REDIRECT] 
2026-05-28 15:03:14,799 [ERROR] LogOutputStream:75 - [STDERR_REDIRECT] [Fatal Error] :1:1: Premature end of file.
2026-05-28 15:03:14,799 [ERROR] LogOutputStream:75 - [STDERR_REDIRECT] 
2026-05-28 15:03:15,796 [ERROR] LogOutputStream:75 - [STDERR_REDIRECT] [Fatal Error] :1:1: Premature end of file.
2026-05-28 15:03:15,796 [ERROR] LogOutputStream:75 - [STDERR_REDIRECT] 
2026-05-28 15:03:16,798 [ERROR] LogOutputStream:75 - [STDERR_REDIRECT] [Fatal Error] :1:1: Premature end of file.
2026-05-28 15:03:16,798 [ERROR] LogOutputStream:75 - [STDERR_REDIRECT] 
2026-05-28 15:03:17,824 [ERROR] LogOutputStream:75 - [STDERR_REDIRECT] [Fatal Error] :1:1: Premature end of file.
2026-05-28 15:03:17,824 [ERROR] LogOutputStream:75 - [STDERR_REDIRECT] 
2026-05-28 15:03:18,799 [ERROR] LogOutputStream:75 - [STDERR_REDIRECT] [Fatal Error] :1:1: Premature end of file.
2026-05-28 15:03:18,799 [ERROR] LogOutputStream:75 - [STDERR_REDIRECT] 
2026-05-28 15:03:19,798 [ERROR] LogOutputStream:75 - [STDERR_REDIRECT] [Fatal Error] :1:1: Premature end of file.
2026-05-28 15:03:19,798 [ERROR] LogOutputStream:75 - [STDERR_REDIRECT] 
2026-05-28 15:03:20,800 [ERROR] LogOutputStream:75 - [STDERR_REDIRECT] [Fatal Error] :1:1: Premature end of file.
2026-05-28 15:03:20,800 [ERROR] LogOutputStream:75 - [STDERR_REDIRECT] 
2026-05-28 15:03:21,801 [ERROR] LogOutputStream:75 - [STDERR_REDIRECT] [Fatal Error] :1:1: Premature end of file.
2026-05-28 15:03:21,801 [ERROR] LogOutputStream:75 - [STDERR_REDIRECT] 
2026-05-28 15:03:22,798 [ERROR] LogOutputStream:75 - [STDERR_REDIRECT] [Fatal Error] :1:1: Premature end of file.
2026-05-28 15:03:22,798 [ERROR] LogOutputStream:75 - [STDERR_REDIRECT] 
2026-05-28 15:03:23,801 [ERROR] LogOutputStream:75 - [STDERR_REDIRECT] [Fatal Error] :1:1: Premature end of file.
2026-05-28 15:03:23,802 [ERROR] LogOutputStream:75 - [STDERR_REDIRECT] 
2026-05-28 15:03:24,796 [ERROR] LogOutputStream:75 - [STDERR_REDIRECT] [Fatal Error] :1:1: Premature end of file.
2026-05-28 15:03:24,796 [ERROR] LogOutputStream:75 - [STDERR_REDIRECT] 
2026-05-28 15:03:25,801 [ERROR] LogOutputStream:75 - [STDERR_REDIRECT] [Fatal Error] :1:1: Premature end of file.
2026-05-28 15:03:25,801 [ERROR] LogOutputStream:75 - [STDERR_REDIRECT] 
2026-05-28 15:03:26,800 [ERROR] LogOutputStream:75 - [STDERR_REDIRECT] [Fatal Error] :1:1: Premature end of file.
2026-05-28 15:03:26,800 [ERROR] LogOutputStream:75 - [STDERR_REDIRECT] 
2026-05-28 15:03:27,795 [ERROR] LogOutputStream:75 - [STDERR_REDIRECT] [Fatal Error] :1:1: Premature end of file.
2026-05-28 15:03:27,796 [ERROR] LogOutputStream:75 - [STDERR_REDIRECT] 
2026-05-28 15:03:28,798 [ERROR] LogOutputStream:75 - [STDERR_REDIRECT] [Fatal Error] :1:1: Premature end of file.
2026-05-28 15:03:28,798 [ERROR] LogOutputStream:75 - [STDERR_REDIRECT] 
2026-05-28 15:03:29,802 [ERROR] LogOutputStream:75 - [STDERR_REDIRECT] [Fatal Error] :1:1: Premature end of file.
2026-05-28 15:03:29,802 [ERROR] LogOutputStream:75 - [STDERR_REDIRECT] 
2026-05-28 15:03:30,800 [ERROR] LogOutputStream:75 - [STDERR_REDIRECT] [Fatal Error] :1:1: Premature end of file.
2026-05-28 15:03:30,800 [ERROR] LogOutputStream:75 - [STDERR_REDIRECT] 
2026-05-28 15:03:31,799 [ERROR] LogOutputStream:75 - [STDERR_REDIRECT] [Fatal Error] :1:1: Premature end of file.
2026-05-28 15:03:31,799 [ERROR] LogOutputStream:75 - [STDERR_REDIRECT] 
2026-05-28 15:03:32,799 [ERROR] LogOutputStream:75 - [STDERR_REDIRECT] [Fatal Error] :1:1: Premature end of file.
2026-05-28 15:03:32,799 [ERROR] LogOutputStream:75 - [STDERR_REDIRECT] 
2026-05-28 15:03:33,798 [ERROR] LogOutputStream:75 - [STDERR_REDIRECT] [Fatal Error] :1:1: Premature end of file.
2026-05-28 15:03:33,798 [ERROR] LogOutputStream:75 - [STDERR_REDIRECT] 
2026-05-28 15:03:34,839 [ERROR] LogOutputStream:75 - [STDERR_REDIRECT] [Fatal Error] :1:1: Premature end of file.
2026-05-28 15:03:34,839 [ERROR] LogOutputStream:75 - [STDERR_REDIRECT] 
2026-05-28 15:03:35,797 [ERROR] LogOutputStream:75 - [STDERR_REDIRECT] [Fatal Error] :1:1: Premature end of file.
2026-05-28 15:03:35,797 [ERROR] LogOutputStream:75 - [STDERR_REDIRECT] 
2026-05-28 15:03:36,798 [ERROR] LogOutputStream:75 - [STDERR_REDIRECT] [Fatal Error] :1:1: Premature end of file.
2026-05-28 15:03:36,798 [ERROR] LogOutputStream:75 - [STDERR_REDIRECT] 
2026-05-28 15:03:37,800 [ERROR] LogOutputStream:75 - [STDERR_REDIRECT] [Fatal Error] :1:1: Premature end of file.
2026-05-28 15:03:37,800 [ERROR] LogOutputStream:75 - [STDERR_REDIRECT] 
2026-05-28 15:03:38,797 [ERROR] LogOutputStream:75 - [STDERR_REDIRECT] [Fatal Error] :1:1: Premature end of file.
2026-05-28 15:03:38,797 [ERROR] LogOutputStream:75 - [STDERR_REDIRECT] 
2026-05-28 15:03:39,797 [ERROR] LogOutputStream:75 - [STDERR_REDIRECT] [Fatal Error] :1:1: Premature end of file.
2026-05-28 15:03:39,797 [ERROR] LogOutputStream:75 - [STDERR_REDIRECT] 
2026-05-28 15:03:40,800 [ERROR] LogOutputStream:75 - [STDERR_REDIRECT] [Fatal Error] :1:1: Premature end of file.
2026-05-28 15:03:40,800 [ERROR] LogOutputStream:75 - [STDERR_REDIRECT] 
2026-05-28 15:03:41,800 [ERROR] LogOutputStream:75 - [STDERR_REDIRECT] [Fatal Error] :1:1: Premature end of file.
2026-05-28 15:03:41,800 [ERROR] LogOutputStream:75 - [STDERR_REDIRECT] 
2026-05-28 15:03:42,800 [ERROR] LogOutputStream:75 - [STDERR_REDIRECT] [Fatal Error] :1:1: Premature end of file.
2026-05-28 15:03:42,801 [ERROR] LogOutputStream:75 - [STDERR_REDIRECT] 
2026-05-28 15:03:43,798 [ERROR] LogOutputStream:75 - [STDERR_REDIRECT] [Fatal Error] :1:1: Premature end of file.
2026-05-28 15:03:43,798 [ERROR] LogOutputStream:75 - [STDERR_REDIRECT] 
2026-05-28 15:03:44,797 [ERROR] LogOutputStream:75 - [STDERR_REDIRECT] [Fatal Error] :1:1: Premature end of file.
2026-05-28 15:03:44,797 [ERROR] LogOutputStream:75 - [STDERR_REDIRECT] 
2026-05-28 15:03:45,803 [ERROR] LogOutputStream:75 - [STDERR_REDIRECT] [Fatal Error] :1:1: Premature end of file.
2026-05-28 15:03:45,803 [ERROR] LogOutputStream:75 - [STDERR_REDIRECT] 
2026-05-28 15:03:46,801 [ERROR] LogOutputStream:75 - [STDERR_REDIRECT] [Fatal Error] :1:1: Premature end of file.
2026-05-28 15:03:46,801 [ERROR] LogOutputStream:75 - [STDERR_REDIRECT] 
2026-05-28 15:03:47,796 [ERROR] LogOutputStream:75 - [STDERR_REDIRECT] [Fatal Error] :1:1: Premature end of file.
2026-05-28 15:03:47,796 [ERROR] LogOutputStream:75 - [STDERR_REDIRECT] 
2026-05-28 15:03:48,817 [ERROR] LogOutputStream:75 - [STDERR_REDIRECT] [Fatal Error] :1:1: Premature end of file.
2026-05-28 15:03:48,817 [ERROR] LogOutputStream:75 - [STDERR_REDIRECT] 
2026-05-28 15:03:49,800 [ERROR] LogOutputStream:75 - [STDERR_REDIRECT] [Fatal Error] :1:1: Premature end of file.
2026-05-28 15:03:49,800 [ERROR] LogOutputStream:75 - [STDERR_REDIRECT] 
2026-05-28 15:03:50,800 [ERROR] LogOutputStream:75 - [STDERR_REDIRECT] [Fatal Error] :1:1: Premature end of file.
2026-05-28 15:03:50,800 [ERROR] LogOutputStream:75 - [STDERR_REDIRECT] 
2026-05-28 15:03:51,798 [ERROR] LogOutputStream:75 - [STDERR_REDIRECT] [Fatal Error] :1:1: Premature end of file.
2026-05-28 15:03:51,798 [ERROR] LogOutputStream:75 - [STDERR_REDIRECT] 
2026-05-28 15:03:52,801 [ERROR] LogOutputStream:75 - [STDERR_REDIRECT] [Fatal Error] :1:1: Premature end of file.
2026-05-28 15:03:52,801 [ERROR] LogOutputStream:75 - [STDERR_REDIRECT] 
2026-05-28 15:03:53,798 [ERROR] LogOutputStream:75 - [STDERR_REDIRECT] [Fatal Error] :1:1: Premature end of file.
2026-05-28 15:03:53,798 [ERROR] LogOutputStream:75 - [STDERR_REDIRECT] 
2026-05-28 15:03:54,798 [ERROR] LogOutputStream:75 - [STDERR_REDIRECT] [Fatal Error] :1:1: Premature end of file.
2026-05-28 15:03:54,799 [ERROR] LogOutputStream:75 - [STDERR_REDIRECT] 
2026-05-28 15:03:55,807 [ERROR] LogOutputStream:75 - [STDERR_REDIRECT] [Fatal Error] :1:1: Premature end of file.
2026-05-28 15:03:55,807 [ERROR] LogOutputStream:75 - [STDERR_REDIRECT] 
2026-05-28 15:03:56,819 [ERROR] LogOutputStream:75 - [STDERR_REDIRECT] [Fatal Error] :1:1: Premature end of file.
2026-05-28 15:03:56,820 [ERROR] LogOutputStream:75 - [STDERR_REDIRECT] 
2026-05-28 15:03:57,798 [ERROR] LogOutputStream:75 - [STDERR_REDIRECT] [Fatal Error] :1:1: Premature end of file.
2026-05-28 15:03:57,798 [ERROR] LogOutputStream:75 - [STDERR_REDIRECT] 
2026-05-28 15:03:58,799 [ERROR] LogOutputStream:75 - [STDERR_REDIRECT] [Fatal Error] :1:1: Premature end of file.
2026-05-28 15:03:58,799 [ERROR] LogOutputStream:75 - [STDERR_REDIRECT] 
2026-05-28 15:03:59,799 [ERROR] LogOutputStream:75 - [STDERR_REDIRECT] [Fatal Error] :1:1: Premature end of file.
2026-05-28 15:03:59,799 [ERROR] LogOutputStream:75 - [STDERR_REDIRECT] 
2026-05-28 15:04:00,809 [ERROR] LogOutputStream:75 - [STDERR_REDIRECT] [Fatal Error] :1:1: Premature end of file.
2026-05-28 15:04:00,810 [ERROR] LogOutputStream:75 - [STDERR_REDIRECT] 
2026-05-28 15:04:01,799 [ERROR] LogOutputStream:75 - [STDERR_REDIRECT] [Fatal Error] :1:1: Premature end of file.
2026-05-28 15:04:01,799 [ERROR] LogOutputStream:75 - [STDERR_REDIRECT] 
2026-05-28 15:04:02,798 [ERROR] LogOutputStream:75 - [STDERR_REDIRECT] [Fatal Error] :1:1: Premature end of file.
2026-05-28 15:04:02,799 [ERROR] LogOutputStream:75 - [STDERR_REDIRECT] 
2026-05-28 15:04:03,797 [ERROR] LogOutputStream:75 - [STDERR_REDIRECT] [Fatal Error] :1:1: Premature end of file.
2026-05-28 15:04:03,797 [ERROR] LogOutputStream:75 - [STDERR_REDIRECT] 
2026-05-28 15:04:04,798 [ERROR] LogOutputStream:75 - [STDERR_REDIRECT] [Fatal Error] :1:1: Premature end of file.
2026-05-28 15:04:04,799 [ERROR] LogOutputStream:75 - [STDERR_REDIRECT] 
2026-05-28 15:04:05,802 [ERROR] LogOutputStream:75 - [STDERR_REDIRECT] [Fatal Error] :1:1: Premature end of file.
2026-05-28 15:04:05,802 [ERROR] LogOutputStream:75 - [STDERR_REDIRECT] 
2026-05-28 15:04:06,806 [ERROR] LogOutputStream:75 - [STDERR_REDIRECT] [Fatal Error] :1:1: Premature end of file.
2026-05-28 15:04:06,806 [ERROR] LogOutputStream:75 - [STDERR_REDIRECT] 
2026-05-28 15:04:07,799 [ERROR] LogOutputStream:75 - [STDERR_REDIRECT] [Fatal Error] :1:1: Premature end of file.
2026-05-28 15:04:07,799 [ERROR] LogOutputStream:75 - [STDERR_REDIRECT] 
2026-05-28 15:04:08,800 [ERROR] LogOutputStream:75 - [STDERR_REDIRECT] [Fatal Error] :1:1: Premature end of file.
2026-05-28 15:04:08,800 [ERROR] LogOutputStream:75 - [STDERR_REDIRECT] 
2026-05-28 15:04:09,797 [ERROR] LogOutputStream:75 - [STDERR_REDIRECT] [Fatal Error] :1:1: Premature end of file.
2026-05-28 15:04:09,798 [ERROR] LogOutputStream:75 - [STDERR_REDIRECT] 
2026-05-28 15:04:10,800 [ERROR] LogOutputStream:75 - [STDERR_REDIRECT] [Fatal Error] :1:1: Premature end of file.
2026-05-28 15:04:10,800 [ERROR] LogOutputStream:75 - [STDERR_REDIRECT] 
2026-05-28 15:04:11,797 [ERROR] LogOutputStream:75 - [STDERR_REDIRECT] [Fatal Error] :1:1: Premature end of file.
2026-05-28 15:04:11,797 [ERROR] LogOutputStream:75 - [STDERR_REDIRECT] 
2026-05-28 15:04:12,816 [ERROR] LogOutputStream:75 - [STDERR_REDIRECT] [Fatal Error] :1:1: Premature end of file.
2026-05-28 15:04:12,816 [ERROR] LogOutputStream:75 - [STDERR_REDIRECT] 
2026-05-28 15:04:13,801 [ERROR] LogOutputStream:75 - [STDERR_REDIRECT] [Fatal Error] :1:1: Premature end of file.
2026-05-28 15:04:13,802 [ERROR] LogOutputStream:75 - [STDERR_REDIRECT] 
2026-05-28 15:04:14,803 [ERROR] LogOutputStream:75 - [STDERR_REDIRECT] [Fatal Error] :1:1: Premature end of file.
2026-05-28 15:04:14,803 [ERROR] LogOutputStream:75 - [STDERR_REDIRECT] 
2026-05-28 15:04:15,831 [ERROR] LogOutputStream:75 - [STDERR_REDIRECT] [Fatal Error] :1:1: Premature end of file.
2026-05-28 15:04:15,833 [ERROR] LogOutputStream:75 - [STDERR_REDIRECT] 
2026-05-28 15:04:16,795 [ERROR] LogOutputStream:75 - [STDERR_REDIRECT] [Fatal Error] :1:1: Premature end of file.
2026-05-28 15:04:16,795 [ERROR] LogOutputStream:75 - [STDERR_REDIRECT] 
2026-05-28 15:04:17,796 [ERROR] LogOutputStream:75 - [STDERR_REDIRECT] [Fatal Error] :1:1: Premature end of file.
2026-05-28 15:04:17,796 [ERROR] LogOutputStream:75 - [STDERR_REDIRECT] 
2026-05-28 15:04:18,798 [ERROR] LogOutputStream:75 - [STDERR_REDIRECT] [Fatal Error] :1:1: Premature end of file.
2026-05-28 15:04:18,798 [ERROR] LogOutputStream:75 - [STDERR_REDIRECT] 
2026-05-28 15:04:19,801 [ERROR] LogOutputStream:75 - [STDERR_REDIRECT] [Fatal Error] :1:1: Premature end of file.
2026-05-28 15:04:19,801 [ERROR] LogOutputStream:75 - [STDERR_REDIRECT] 
2026-05-28 15:04:20,796 [ERROR] LogOutputStream:75 - [STDERR_REDIRECT] [Fatal Error] :1:1: Premature end of file.
2026-05-28 15:04:20,796 [ERROR] LogOutputStream:75 - [STDERR_REDIRECT] 
2026-05-28 15:04:21,311 [ERROR] ConfigurationRetriever:142 - IOException on connection: sw-center.st.com
2026-05-28 15:04:21,312 [ERROR] ConfigurationRetriever:142 - IOException on connection: sw-center.st.com
2026-05-28 15:04:21,312 [ERROR] ConfigurationRetriever:142 - IOException on connection: sw-center.st.com
2026-05-28 15:04:21,791 [ERROR] LogOutputStream:75 - [STDERR_REDIRECT] [Fatal Error] :1:1: Premature end of file.
2026-05-28 15:04:21,791 [ERROR] LogOutputStream:75 - [STDERR_REDIRECT] 
2026-05-28 15:04:22,802 [ERROR] LogOutputStream:75 - [STDERR_REDIRECT] [Fatal Error] :1:1: Premature end of file.
2026-05-28 15:04:22,802 [ERROR] LogOutputStream:75 - [STDERR_REDIRECT] 
2026-05-28 15:04:23,798 [ERROR] LogOutputStream:75 - [STDERR_REDIRECT] [Fatal Error] :1:1: Premature end of file.
2026-05-28 15:04:23,799 [ERROR] LogOutputStream:75 - [STDERR_REDIRECT] 
2026-05-28 15:04:24,797 [ERROR] LogOutputStream:75 - [STDERR_REDIRECT] [Fatal Error] :1:1: Premature end of file.
2026-05-28 15:04:24,798 [ERROR] LogOutputStream:75 - [STDERR_REDIRECT] 
2026-05-28 15:04:25,799 [ERROR] LogOutputStream:75 - [STDERR_REDIRECT] [Fatal Error] :1:1: Premature end of file.
2026-05-28 15:04:25,799 [ERROR] LogOutputStream:75 - [STDERR_REDIRECT] 
2026-05-28 15:04:26,797 [ERROR] LogOutputStream:75 - [STDERR_REDIRECT] [Fatal Error] :1:1: Premature end of file.
2026-05-28 15:04:26,798 [ERROR] LogOutputStream:75 - [STDERR_REDIRECT] 
2026-05-28 15:04:27,799 [ERROR] LogOutputStream:75 - [STDERR_REDIRECT] [Fatal Error] :1:1: Premature end of file.
2026-05-28 15:04:27,799 [ERROR] LogOutputStream:75 - [STDERR_REDIRECT] 
2026-05-28 15:04:28,799 [ERROR] LogOutputStream:75 - [STDERR_REDIRECT] [Fatal Error] :1:1: Premature end of file.
2026-05-28 15:04:28,799 [ERROR] LogOutputStream:75 - [STDERR_REDIRECT] 
2026-05-28 15:04:29,798 [ERROR] LogOutputStream:75 - [STDERR_REDIRECT] [Fatal Error] :1:1: Premature end of file.
2026-05-28 15:04:29,799 [ERROR] LogOutputStream:75 - [STDERR_REDIRECT] 
2026-05-28 15:04:30,797 [ERROR] LogOutputStream:75 - [STDERR_REDIRECT] [Fatal Error] :1:1: Premature end of file.
2026-05-28 15:04:30,797 [ERROR] LogOutputStream:75 - [STDERR_REDIRECT] 
2026-05-28 15:04:31,798 [ERROR] LogOutputStream:75 - [STDERR_REDIRECT] [Fatal Error] :1:1: Premature end of file.
2026-05-28 15:04:31,798 [ERROR] LogOutputStream:75 - [STDERR_REDIRECT] 
2026-05-28 15:04:32,799 [ERROR] LogOutputStream:75 - [STDERR_REDIRECT] [Fatal Error] :1:1: Premature end of file.
2026-05-28 15:04:32,799 [ERROR] LogOutputStream:75 - [STDERR_REDIRECT] 
2026-05-28 15:04:33,814 [ERROR] LogOutputStream:75 - [STDERR_REDIRECT] [Fatal Error] :1:1: Premature end of file.
2026-05-28 15:04:33,814 [ERROR] LogOutputStream:75 - [STDERR_REDIRECT] 
2026-05-28 15:04:34,802 [ERROR] LogOutputStream:75 - [STDERR_REDIRECT] [Fatal Error] :1:1: Premature end of file.
2026-05-28 15:04:34,802 [ERROR] LogOutputStream:75 - [STDERR_REDIRECT] 
2026-05-28 15:04:35,801 [ERROR] LogOutputStream:75 - [STDERR_REDIRECT] [Fatal Error] :1:1: Premature end of file.
2026-05-28 15:04:35,801 [ERROR] LogOutputStream:75 - [STDERR_REDIRECT] 
2026-05-28 15:04:36,799 [ERROR] LogOutputStream:75 - [STDERR_REDIRECT] [Fatal Error] :1:1: Premature end of file.
2026-05-28 15:04:36,799 [ERROR] LogOutputStream:75 - [STDERR_REDIRECT] 
2026-05-28 15:04:37,795 [ERROR] LogOutputStream:75 - [STDERR_REDIRECT] [Fatal Error] :1:1: Premature end of file.
2026-05-28 15:04:37,796 [ERROR] LogOutputStream:75 - [STDERR_REDIRECT] 
2026-05-28 15:04:38,791 [ERROR] LogOutputStream:75 - [STDERR_REDIRECT] [Fatal Error] :1:1: Premature end of file.
2026-05-28 15:04:38,791 [ERROR] LogOutputStream:75 - [STDERR_REDIRECT] 
2026-05-28 15:04:39,796 [ERROR] LogOutputStream:75 - [STDERR_REDIRECT] [Fatal Error] :1:1: Premature end of file.
2026-05-28 15:04:39,796 [ERROR] LogOutputStream:75 - [STDERR_REDIRECT] 
2026-05-28 15:04:40,799 [ERROR] LogOutputStream:75 - [STDERR_REDIRECT] [Fatal Error] :1:1: Premature end of file.
2026-05-28 15:04:40,799 [ERROR] LogOutputStream:75 - [STDERR_REDIRECT] 
2026-05-28 15:04:41,797 [ERROR] LogOutputStream:75 - [STDERR_REDIRECT] [Fatal Error] :1:1: Premature end of file.
2026-05-28 15:04:41,797 [ERROR] LogOutputStream:75 - [STDERR_REDIRECT] 
2026-05-28 15:04:42,804 [ERROR] LogOutputStream:75 - [STDERR_REDIRECT] [Fatal Error] :1:1: Premature end of file.
2026-05-28 15:04:42,804 [ERROR] LogOutputStream:75 - [STDERR_REDIRECT] 
2026-05-28 15:04:43,797 [ERROR] LogOutputStream:75 - [STDERR_REDIRECT] [Fatal Error] :1:1: Premature end of file.
2026-05-28 15:04:43,797 [ERROR] LogOutputStream:75 - [STDERR_REDIRECT] 
2026-05-28 15:04:44,795 [ERROR] LogOutputStream:75 - [STDERR_REDIRECT] [Fatal Error] :1:1: Premature end of file.
2026-05-28 15:04:44,795 [ERROR] LogOutputStream:75 - [STDERR_REDIRECT] 
2026-05-28 15:04:45,796 [ERROR] LogOutputStream:75 - [STDERR_REDIRECT] [Fatal Error] :1:1: Premature end of file.
2026-05-28 15:04:45,796 [ERROR] LogOutputStream:75 - [STDERR_REDIRECT] 
2026-05-28 15:04:46,800 [ERROR] LogOutputStream:75 - [STDERR_REDIRECT] [Fatal Error] :1:1: Premature end of file.
2026-05-28 15:04:46,801 [ERROR] LogOutputStream:75 - [STDERR_REDIRECT] 
2026-05-28 15:04:47,802 [ERROR] LogOutputStream:75 - [STDERR_REDIRECT] [Fatal Error] :1:1: Premature end of file.
2026-05-28 15:04:47,803 [ERROR] LogOutputStream:75 - [STDERR_REDIRECT] 
2026-05-28 15:04:48,820 [ERROR] LogOutputStream:75 - [STDERR_REDIRECT] [Fatal Error] :1:1: Premature end of file.
2026-05-28 15:04:48,821 [ERROR] LogOutputStream:75 - [STDERR_REDIRECT] 
2026-05-28 15:04:49,793 [ERROR] LogOutputStream:75 - [STDERR_REDIRECT] [Fatal Error] :1:1: Premature end of file.
2026-05-28 15:04:49,794 [ERROR] LogOutputStream:75 - [STDERR_REDIRECT] 
2026-05-28 15:04:50,792 [ERROR] LogOutputStream:75 - [STDERR_REDIRECT] [Fatal Error] :1:1: Premature end of file.
2026-05-28 15:04:50,792 [ERROR] LogOutputStream:75 - [STDERR_REDIRECT] 
2026-05-28 15:04:51,797 [ERROR] LogOutputStream:75 - [STDERR_REDIRECT] [Fatal Error] :1:1: Premature end of file.
2026-05-28 15:04:51,797 [ERROR] LogOutputStream:75 - [STDERR_REDIRECT] 
2026-05-28 15:04:52,800 [ERROR] LogOutputStream:75 - [STDERR_REDIRECT] [Fatal Error] :1:1: Premature end of file.
2026-05-28 15:04:52,801 [ERROR] LogOutputStream:75 - [STDERR_REDIRECT] 
2026-05-28 15:04:53,799 [ERROR] LogOutputStream:75 - [STDERR_REDIRECT] [Fatal Error] :1:1: Premature end of file.
2026-05-28 15:04:53,799 [ERROR] LogOutputStream:75 - [STDERR_REDIRECT] 
2026-05-28 15:04:54,798 [ERROR] LogOutputStream:75 - [STDERR_REDIRECT] [Fatal Error] :1:1: Premature end of file.
2026-05-28 15:04:54,798 [ERROR] LogOutputStream:75 - [STDERR_REDIRECT] 
2026-05-28 15:04:55,800 [ERROR] LogOutputStream:75 - [STDERR_REDIRECT] [Fatal Error] :1:1: Premature end of file.
2026-05-28 15:04:55,800 [ERROR] LogOutputStream:75 - [STDERR_REDIRECT] 
2026-05-28 15:04:56,797 [ERROR] LogOutputStream:75 - [STDERR_REDIRECT] [Fatal Error] :1:1: Premature end of file.
2026-05-28 15:04:56,798 [ERROR] LogOutputStream:75 - [STDERR_REDIRECT] 
2026-05-28 15:04:57,797 [ERROR] LogOutputStream:75 - [STDERR_REDIRECT] [Fatal Error] :1:1: Premature end of file.
2026-05-28 15:04:57,797 [ERROR] LogOutputStream:75 - [STDERR_REDIRECT] 
2026-05-28 15:04:58,801 [ERROR] LogOutputStream:75 - [STDERR_REDIRECT] [Fatal Error] :1:1: Premature end of file.
2026-05-28 15:04:58,801 [ERROR] LogOutputStream:75 - [STDERR_REDIRECT] 
2026-05-28 15:04:59,801 [ERROR] LogOutputStream:75 - [STDERR_REDIRECT] [Fatal Error] :1:1: Premature end of file.
2026-05-28 15:04:59,801 [ERROR] LogOutputStream:75 - [STDERR_REDIRECT] 
2026-05-28 15:05:00,798 [ERROR] LogOutputStream:75 - [STDERR_REDIRECT] [Fatal Error] :1:1: Premature end of file.
2026-05-28 15:05:00,798 [ERROR] LogOutputStream:75 - [STDERR_REDIRECT] 
2026-05-28 15:05:01,798 [ERROR] LogOutputStream:75 - [STDERR_REDIRECT] [Fatal Error] :1:1: Premature end of file.
2026-05-28 15:05:01,798 [ERROR] LogOutputStream:75 - [STDERR_REDIRECT] 
2026-05-28 15:05:02,795 [ERROR] LogOutputStream:75 - [STDERR_REDIRECT] [Fatal Error] :1:1: Premature end of file.
2026-05-28 15:05:02,795 [ERROR] LogOutputStream:75 - [STDERR_REDIRECT] 
2026-05-28 15:05:03,807 [ERROR] LogOutputStream:75 - [STDERR_REDIRECT] [Fatal Error] :1:1: Premature end of file.
2026-05-28 15:05:03,807 [ERROR] LogOutputStream:75 - [STDERR_REDIRECT] 
2026-05-28 15:05:04,802 [ERROR] LogOutputStream:75 - [STDERR_REDIRECT] [Fatal Error] :1:1: Premature end of file.
2026-05-28 15:05:04,802 [ERROR] LogOutputStream:75 - [STDERR_REDIRECT] 
2026-05-28 15:05:05,809 [ERROR] LogOutputStream:75 - [STDERR_REDIRECT] [Fatal Error] :1:1: Premature end of file.
2026-05-28 15:05:05,809 [ERROR] LogOutputStream:75 - [STDERR_REDIRECT] 
2026-05-28 15:05:06,798 [ERROR] LogOutputStream:75 - [STDERR_REDIRECT] [Fatal Error] :1:1: Premature end of file.
2026-05-28 15:05:06,798 [ERROR] LogOutputStream:75 - [STDERR_REDIRECT] 
2026-05-28 15:05:07,802 [ERROR] LogOutputStream:75 - [STDERR_REDIRECT] [Fatal Error] :1:1: Premature end of file.
2026-05-28 15:05:07,803 [ERROR] LogOutputStream:75 - [STDERR_REDIRECT] 
2026-05-28 15:05:08,805 [ERROR] LogOutputStream:75 - [STDERR_REDIRECT] [Fatal Error] :1:1: Premature end of file.
2026-05-28 15:05:08,805 [ERROR] LogOutputStream:75 - [STDERR_REDIRECT] 
2026-05-28 15:05:09,806 [ERROR] LogOutputStream:75 - [STDERR_REDIRECT] [Fatal Error] :1:1: Premature end of file.
2026-05-28 15:05:09,806 [ERROR] LogOutputStream:75 - [STDERR_REDIRECT] 
2026-05-28 15:05:10,805 [ERROR] LogOutputStream:75 - [STDERR_REDIRECT] [Fatal Error] :1:1: Premature end of file.
2026-05-28 15:05:10,806 [ERROR] LogOutputStream:75 - [STDERR_REDIRECT] 
2026-05-28 15:05:11,797 [ERROR] LogOutputStream:75 - [STDERR_REDIRECT] [Fatal Error] :1:1: Premature end of file.
2026-05-28 15:05:11,797 [ERROR] LogOutputStream:75 - [STDERR_REDIRECT] 
2026-05-28 15:05:12,804 [ERROR] LogOutputStream:75 - [STDERR_REDIRECT] [Fatal Error] :1:1: Premature end of file.
2026-05-28 15:05:12,804 [ERROR] LogOutputStream:75 - [STDERR_REDIRECT] 
2026-05-28 15:05:13,803 [ERROR] LogOutputStream:75 - [STDERR_REDIRECT] [Fatal Error] :1:1: Premature end of file.
2026-05-28 15:05:13,803 [ERROR] LogOutputStream:75 - [STDERR_REDIRECT] 
2026-05-28 15:05:14,822 [ERROR] LogOutputStream:75 - [STDERR_REDIRECT] [Fatal Error] :1:1: Premature end of file.
2026-05-28 15:05:14,822 [ERROR] LogOutputStream:75 - [STDERR_REDIRECT] 
2026-05-28 15:05:15,804 [ERROR] LogOutputStream:75 - [STDERR_REDIRECT] [Fatal Error] :1:1: Premature end of file.
2026-05-28 15:05:15,804 [ERROR] LogOutputStream:75 - [STDERR_REDIRECT] 
2026-05-28 15:05:16,799 [ERROR] LogOutputStream:75 - [STDERR_REDIRECT] [Fatal Error] :1:1: Premature end of file.
2026-05-28 15:05:16,799 [ERROR] LogOutputStream:75 - [STDERR_REDIRECT] 
2026-05-28 15:05:17,798 [ERROR] LogOutputStream:75 - [STDERR_REDIRECT] [Fatal Error] :1:1: Premature end of file.
2026-05-28 15:05:17,798 [ERROR] LogOutputStream:75 - [STDERR_REDIRECT] 
2026-05-28 15:05:18,819 [ERROR] LogOutputStream:75 - [STDERR_REDIRECT] [Fatal Error] :1:1: Premature end of file.
2026-05-28 15:05:18,819 [ERROR] LogOutputStream:75 - [STDERR_REDIRECT] 
2026-05-28 15:05:19,799 [ERROR] LogOutputStream:75 - [STDERR_REDIRECT] [Fatal Error] :1:1: Premature end of file.
2026-05-28 15:05:19,799 [ERROR] LogOutputStream:75 - [STDERR_REDIRECT] 
2026-05-28 15:05:20,801 [ERROR] LogOutputStream:75 - [STDERR_REDIRECT] [Fatal Error] :1:1: Premature end of file.
2026-05-28 15:05:20,801 [ERROR] LogOutputStream:75 - [STDERR_REDIRECT] 
2026-05-28 15:05:21,818 [ERROR] LogOutputStream:75 - [STDERR_REDIRECT] [Fatal Error] :1:1: Premature end of file.
2026-05-28 15:05:21,819 [ERROR] LogOutputStream:75 - [STDERR_REDIRECT] 
2026-05-28 15:05:22,797 [ERROR] LogOutputStream:75 - [STDERR_REDIRECT] [Fatal Error] :1:1: Premature end of file.
2026-05-28 15:05:22,797 [ERROR] LogOutputStream:75 - [STDERR_REDIRECT] 
2026-05-28 15:05:23,797 [ERROR] LogOutputStream:75 - [STDERR_REDIRECT] [Fatal Error] :1:1: Premature end of file.
2026-05-28 15:05:23,797 [ERROR] LogOutputStream:75 - [STDERR_REDIRECT] 
2026-05-28 15:05:24,796 [ERROR] LogOutputStream:75 - [STDERR_REDIRECT] [Fatal Error] :1:1: Premature end of file.
2026-05-28 15:05:24,796 [ERROR] LogOutputStream:75 - [STDERR_REDIRECT] 
2026-05-28 15:05:25,797 [ERROR] LogOutputStream:75 - [STDERR_REDIRECT] [Fatal Error] :1:1: Premature end of file.
2026-05-28 15:05:25,797 [ERROR] LogOutputStream:75 - [STDERR_REDIRECT] 
2026-05-28 15:05:26,822 [ERROR] LogOutputStream:75 - [STDERR_REDIRECT] [Fatal Error] :1:1: Premature end of file.
2026-05-28 15:05:26,822 [ERROR] LogOutputStream:75 - [STDERR_REDIRECT] 
2026-05-28 15:05:27,797 [ERROR] LogOutputStream:75 - [STDERR_REDIRECT] [Fatal Error] :1:1: Premature end of file.
2026-05-28 15:05:27,797 [ERROR] LogOutputStream:75 - [STDERR_REDIRECT] 
2026-05-28 15:05:28,797 [ERROR] LogOutputStream:75 - [STDERR_REDIRECT] [Fatal Error] :1:1: Premature end of file.
2026-05-28 15:05:28,798 [ERROR] LogOutputStream:75 - [STDERR_REDIRECT] 
2026-05-28 15:05:29,797 [ERROR] LogOutputStream:75 - [STDERR_REDIRECT] [Fatal Error] :1:1: Premature end of file.
2026-05-28 15:05:29,797 [ERROR] LogOutputStream:75 - [STDERR_REDIRECT] 
2026-05-28 15:05:30,795 [ERROR] LogOutputStream:75 - [STDERR_REDIRECT] [Fatal Error] :1:1: Premature end of file.
2026-05-28 15:05:30,795 [ERROR] LogOutputStream:75 - [STDERR_REDIRECT] 
2026-05-28 15:05:31,797 [ERROR] LogOutputStream:75 - [STDERR_REDIRECT] [Fatal Error] :1:1: Premature end of file.
2026-05-28 15:05:31,797 [ERROR] LogOutputStream:75 - [STDERR_REDIRECT] 
2026-05-28 15:05:32,796 [ERROR] LogOutputStream:75 - [STDERR_REDIRECT] [Fatal Error] :1:1: Premature end of file.
2026-05-28 15:05:32,796 [ERROR] LogOutputStream:75 - [STDERR_REDIRECT] 
2026-05-28 15:05:33,797 [ERROR] LogOutputStream:75 - [STDERR_REDIRECT] [Fatal Error] :1:1: Premature end of file.
2026-05-28 15:05:33,797 [ERROR] LogOutputStream:75 - [STDERR_REDIRECT] 
2026-05-28 15:05:34,797 [ERROR] LogOutputStream:75 - [STDERR_REDIRECT] [Fatal Error] :1:1: Premature end of file.
2026-05-28 15:05:34,797 [ERROR] LogOutputStream:75 - [STDERR_REDIRECT] 
2026-05-28 15:05:35,798 [ERROR] LogOutputStream:75 - [STDERR_REDIRECT] [Fatal Error] :1:1: Premature end of file.
2026-05-28 15:05:35,798 [ERROR] LogOutputStream:75 - [STDERR_REDIRECT] 
2026-05-28 15:05:36,813 [ERROR] LogOutputStream:75 - [STDERR_REDIRECT] [Fatal Error] :1:1: Premature end of file.
2026-05-28 15:05:36,813 [ERROR] LogOutputStream:75 - [STDERR_REDIRECT] 
2026-05-28 15:05:37,800 [ERROR] LogOutputStream:75 - [STDERR_REDIRECT] [Fatal Error] :1:1: Premature end of file.
2026-05-28 15:05:37,800 [ERROR] LogOutputStream:75 - [STDERR_REDIRECT] 
2026-05-28 15:05:38,792 [ERROR] LogOutputStream:75 - [STDERR_REDIRECT] [Fatal Error] :1:1: Premature end of file.
2026-05-28 15:05:38,792 [ERROR] LogOutputStream:75 - [STDERR_REDIRECT] 
2026-05-28 15:05:39,790 [ERROR] LogOutputStream:75 - [STDERR_REDIRECT] [Fatal Error] :1:1: Premature end of file.
2026-05-28 15:05:39,790 [ERROR] LogOutputStream:75 - [STDERR_REDIRECT] 
2026-05-28 15:05:40,798 [ERROR] LogOutputStream:75 - [STDERR_REDIRECT] [Fatal Error] :1:1: Premature end of file.
2026-05-28 15:05:40,798 [ERROR] LogOutputStream:75 - [STDERR_REDIRECT] 
2026-05-28 15:05:41,803 [ERROR] LogOutputStream:75 - [STDERR_REDIRECT] [Fatal Error] :1:1: Premature end of file.
2026-05-28 15:05:41,803 [ERROR] LogOutputStream:75 - [STDERR_REDIRECT] 
2026-05-28 15:05:42,814 [ERROR] LogOutputStream:75 - [STDERR_REDIRECT] [Fatal Error] :1:1: Premature end of file.
2026-05-28 15:05:42,815 [ERROR] LogOutputStream:75 - [STDERR_REDIRECT] 
2026-05-28 15:05:43,799 [ERROR] LogOutputStream:75 - [STDERR_REDIRECT] [Fatal Error] :1:1: Premature end of file.
2026-05-28 15:05:43,799 [ERROR] LogOutputStream:75 - [STDERR_REDIRECT] 
2026-05-28 15:05:44,799 [ERROR] LogOutputStream:75 - [STDERR_REDIRECT] [Fatal Error] :1:1: Premature end of file.
2026-05-28 15:05:44,799 [ERROR] LogOutputStream:75 - [STDERR_REDIRECT] 
2026-05-28 15:05:45,798 [ERROR] LogOutputStream:75 - [STDERR_REDIRECT] [Fatal Error] :1:1: Premature end of file.
2026-05-28 15:05:45,798 [ERROR] LogOutputStream:75 - [STDERR_REDIRECT] 
2026-05-28 15:05:46,800 [ERROR] LogOutputStream:75 - [STDERR_REDIRECT] [Fatal Error] :1:1: Premature end of file.
2026-05-28 15:05:46,800 [ERROR] LogOutputStream:75 - [STDERR_REDIRECT] 
2026-05-28 15:05:47,800 [ERROR] LogOutputStream:75 - [STDERR_REDIRECT] [Fatal Error] :1:1: Premature end of file.
2026-05-28 15:05:47,800 [ERROR] LogOutputStream:75 - [STDERR_REDIRECT] 
2026-05-28 15:05:48,801 [ERROR] LogOutputStream:75 - [STDERR_REDIRECT] [Fatal Error] :1:1: Premature end of file.
2026-05-28 15:05:48,801 [ERROR] LogOutputStream:75 - [STDERR_REDIRECT] 
2026-05-28 15:05:49,799 [ERROR] LogOutputStream:75 - [STDERR_REDIRECT] [Fatal Error] :1:1: Premature end of file.
2026-05-28 15:05:49,799 [ERROR] LogOutputStream:75 - [STDERR_REDIRECT] 
2026-05-28 15:05:50,796 [ERROR] LogOutputStream:75 - [STDERR_REDIRECT] [Fatal Error] :1:1: Premature end of file.
2026-05-28 15:05:50,796 [ERROR] LogOutputStream:75 - [STDERR_REDIRECT] 
2026-05-28 15:05:51,801 [ERROR] LogOutputStream:75 - [STDERR_REDIRECT] [Fatal Error] :1:1: Premature end of file.
2026-05-28 15:05:51,801 [ERROR] LogOutputStream:75 - [STDERR_REDIRECT] 
2026-05-28 15:05:52,798 [ERROR] LogOutputStream:75 - [STDERR_REDIRECT] [Fatal Error] :1:1: Premature end of file.
2026-05-28 15:05:52,798 [ERROR] LogOutputStream:75 - [STDERR_REDIRECT] 
2026-05-28 15:05:53,797 [ERROR] LogOutputStream:75 - [STDERR_REDIRECT] [Fatal Error] :1:1: Premature end of file.
2026-05-28 15:05:53,798 [ERROR] LogOutputStream:75 - [STDERR_REDIRECT] 
2026-05-28 15:05:54,800 [ERROR] LogOutputStream:75 - [STDERR_REDIRECT] [Fatal Error] :1:1: Premature end of file.
2026-05-28 15:05:54,800 [ERROR] LogOutputStream:75 - [STDERR_REDIRECT] 
2026-05-28 15:05:55,798 [ERROR] LogOutputStream:75 - [STDERR_REDIRECT] [Fatal Error] :1:1: Premature end of file.
2026-05-28 15:05:55,798 [ERROR] LogOutputStream:75 - [STDERR_REDIRECT] 
2026-05-28 15:05:56,797 [ERROR] LogOutputStream:75 - [STDERR_REDIRECT] [Fatal Error] :1:1: Premature end of file.
2026-05-28 15:05:56,797 [ERROR] LogOutputStream:75 - [STDERR_REDIRECT] 
2026-05-28 15:05:57,781 [ERROR] LogOutputStream:75 - [STDERR_REDIRECT] [Fatal Error] :1:1: Premature end of file.
2026-05-28 15:05:57,781 [ERROR] LogOutputStream:75 - [STDERR_REDIRECT] 
2026-05-28 15:05:58,267 [ERROR] ConfigurationRetriever:142 - IOException on connection: sw-center.st.com
2026-05-28 15:05:58,267 [ERROR] ConfigurationRetriever:142 - IOException on connection: sw-center.st.com
2026-05-28 15:05:58,267 [ERROR] ConfigurationRetriever:142 - IOException on connection: sw-center.st.com
2026-05-28 15:05:58,799 [ERROR] LogOutputStream:75 - [STDERR_REDIRECT] [Fatal Error] :1:1: Premature end of file.
2026-05-28 15:05:58,799 [ERROR] LogOutputStream:75 - [STDERR_REDIRECT] 
2026-05-28 15:05:59,792 [ERROR] LogOutputStream:75 - [STDERR_REDIRECT] [Fatal Error] :1:1: Premature end of file.
2026-05-28 15:05:59,793 [ERROR] LogOutputStream:75 - [STDERR_REDIRECT] 
2026-05-28 15:06:00,798 [ERROR] LogOutputStream:75 - [STDERR_REDIRECT] [Fatal Error] :1:1: Premature end of file.
2026-05-28 15:06:00,798 [ERROR] LogOutputStream:75 - [STDERR_REDIRECT] 
2026-05-28 15:06:01,798 [ERROR] LogOutputStream:75 - [STDERR_REDIRECT] [Fatal Error] :1:1: Premature end of file.
2026-05-28 15:06:01,798 [ERROR] LogOutputStream:75 - [STDERR_REDIRECT] 
2026-05-28 15:06:02,798 [ERROR] LogOutputStream:75 - [STDERR_REDIRECT] [Fatal Error] :1:1: Premature end of file.
2026-05-28 15:06:02,798 [ERROR] LogOutputStream:75 - [STDERR_REDIRECT] 
2026-05-28 15:06:03,799 [ERROR] LogOutputStream:75 - [STDERR_REDIRECT] [Fatal Error] :1:1: Premature end of file.
2026-05-28 15:06:03,799 [ERROR] LogOutputStream:75 - [STDERR_REDIRECT] 
2026-05-28 15:06:04,797 [ERROR] LogOutputStream:75 - [STDERR_REDIRECT] [Fatal Error] :1:1: Premature end of file.
2026-05-28 15:06:04,797 [ERROR] LogOutputStream:75 - [STDERR_REDIRECT] 
2026-05-28 15:06:05,811 [ERROR] LogOutputStream:75 - [STDERR_REDIRECT] [Fatal Error] :1:1: Premature end of file.
2026-05-28 15:06:05,811 [ERROR] LogOutputStream:75 - [STDERR_REDIRECT] 
2026-05-28 15:06:06,793 [ERROR] LogOutputStream:75 - [STDERR_REDIRECT] [Fatal Error] :1:1: Premature end of file.
2026-05-28 15:06:06,793 [ERROR] LogOutputStream:75 - [STDERR_REDIRECT] 
2026-05-28 15:06:07,792 [ERROR] LogOutputStream:75 - [STDERR_REDIRECT] [Fatal Error] :1:1: Premature end of file.
2026-05-28 15:06:07,792 [ERROR] LogOutputStream:75 - [STDERR_REDIRECT] 
2026-05-28 15:06:08,793 [ERROR] LogOutputStream:75 - [STDERR_REDIRECT] [Fatal Error] :1:1: Premature end of file.
2026-05-28 15:06:08,793 [ERROR] LogOutputStream:75 - [STDERR_REDIRECT] 
2026-05-28 15:06:09,795 [ERROR] LogOutputStream:75 - [STDERR_REDIRECT] [Fatal Error] :1:1: Premature end of file.
2026-05-28 15:06:09,796 [ERROR] LogOutputStream:75 - [STDERR_REDIRECT] 
2026-05-28 15:06:10,800 [ERROR] LogOutputStream:75 - [STDERR_REDIRECT] [Fatal Error] :1:1: Premature end of file.
2026-05-28 15:06:10,801 [ERROR] LogOutputStream:75 - [STDERR_REDIRECT] 
2026-05-28 15:06:11,797 [ERROR] LogOutputStream:75 - [STDERR_REDIRECT] [Fatal Error] :1:1: Premature end of file.
2026-05-28 15:06:11,798 [ERROR] LogOutputStream:75 - [STDERR_REDIRECT] 
2026-05-28 15:06:12,796 [ERROR] LogOutputStream:75 - [STDERR_REDIRECT] [Fatal Error] :1:1: Premature end of file.
2026-05-28 15:06:12,796 [ERROR] LogOutputStream:75 - [STDERR_REDIRECT] 
2026-05-28 15:06:13,797 [ERROR] LogOutputStream:75 - [STDERR_REDIRECT] [Fatal Error] :1:1: Premature end of file.
2026-05-28 15:06:13,797 [ERROR] LogOutputStream:75 - [STDERR_REDIRECT] 
2026-05-28 15:06:14,803 [ERROR] LogOutputStream:75 - [STDERR_REDIRECT] [Fatal Error] :1:1: Premature end of file.
2026-05-28 15:06:14,803 [ERROR] LogOutputStream:75 - [STDERR_REDIRECT] 
2026-05-28 15:06:15,798 [ERROR] LogOutputStream:75 - [STDERR_REDIRECT] [Fatal Error] :1:1: Premature end of file.
2026-05-28 15:06:15,798 [ERROR] LogOutputStream:75 - [STDERR_REDIRECT] 
2026-05-28 15:06:16,798 [ERROR] LogOutputStream:75 - [STDERR_REDIRECT] [Fatal Error] :1:1: Premature end of file.
2026-05-28 15:06:16,798 [ERROR] LogOutputStream:75 - [STDERR_REDIRECT] 
2026-05-28 15:06:17,798 [ERROR] LogOutputStream:75 - [STDERR_REDIRECT] [Fatal Error] :1:1: Premature end of file.
2026-05-28 15:06:17,798 [ERROR] LogOutputStream:75 - [STDERR_REDIRECT] 
2026-05-28 15:06:18,789 [ERROR] LogOutputStream:75 - [STDERR_REDIRECT] [Fatal Error] :1:1: Premature end of file.
2026-05-28 15:06:18,789 [ERROR] LogOutputStream:75 - [STDERR_REDIRECT] 
2026-05-28 15:06:19,803 [ERROR] LogOutputStream:75 - [STDERR_REDIRECT] [Fatal Error] :1:1: Premature end of file.
2026-05-28 15:06:19,803 [ERROR] LogOutputStream:75 - [STDERR_REDIRECT] 
2026-05-28 15:06:20,799 [ERROR] LogOutputStream:75 - [STDERR_REDIRECT] [Fatal Error] :1:1: Premature end of file.
2026-05-28 15:06:20,799 [ERROR] LogOutputStream:75 - [STDERR_REDIRECT] 
2026-05-28 15:06:21,797 [ERROR] LogOutputStream:75 - [STDERR_REDIRECT] [Fatal Error] :1:1: Premature end of file.
2026-05-28 15:06:21,797 [ERROR] LogOutputStream:75 - [STDERR_REDIRECT] 
2026-05-28 15:06:22,797 [ERROR] LogOutputStream:75 - [STDERR_REDIRECT] [Fatal Error] :1:1: Premature end of file.
2026-05-28 15:06:22,797 [ERROR] LogOutputStream:75 - [STDERR_REDIRECT] 
2026-05-28 15:06:23,800 [ERROR] LogOutputStream:75 - [STDERR_REDIRECT] [Fatal Error] :1:1: Premature end of file.
2026-05-28 15:06:23,801 [ERROR] LogOutputStream:75 - [STDERR_REDIRECT] 
2026-05-28 15:06:24,795 [ERROR] LogOutputStream:75 - [STDERR_REDIRECT] [Fatal Error] :1:1: Premature end of file.
2026-05-28 15:06:24,796 [ERROR] LogOutputStream:75 - [STDERR_REDIRECT] 
2026-05-28 15:06:25,797 [ERROR] LogOutputStream:75 - [STDERR_REDIRECT] [Fatal Error] :1:1: Premature end of file.
2026-05-28 15:06:25,797 [ERROR] LogOutputStream:75 - [STDERR_REDIRECT] 
2026-05-28 15:06:26,798 [ERROR] LogOutputStream:75 - [STDERR_REDIRECT] [Fatal Error] :1:1: Premature end of file.
2026-05-28 15:06:26,798 [ERROR] LogOutputStream:75 - [STDERR_REDIRECT] 
2026-05-28 15:06:27,798 [ERROR] LogOutputStream:75 - [STDERR_REDIRECT] [Fatal Error] :1:1: Premature end of file.
2026-05-28 15:06:27,798 [ERROR] LogOutputStream:75 - [STDERR_REDIRECT] 
2026-05-28 15:06:28,801 [ERROR] LogOutputStream:75 - [STDERR_REDIRECT] [Fatal Error] :1:1: Premature end of file.
2026-05-28 15:06:28,801 [ERROR] LogOutputStream:75 - [STDERR_REDIRECT] 
2026-05-28 15:06:29,796 [ERROR] LogOutputStream:75 - [STDERR_REDIRECT] [Fatal Error] :1:1: Premature end of file.
2026-05-28 15:06:29,796 [ERROR] LogOutputStream:75 - [STDERR_REDIRECT] 
2026-05-28 15:06:30,798 [ERROR] LogOutputStream:75 - [STDERR_REDIRECT] [Fatal Error] :1:1: Premature end of file.
2026-05-28 15:06:30,799 [ERROR] LogOutputStream:75 - [STDERR_REDIRECT] 
2026-05-28 15:06:31,797 [ERROR] LogOutputStream:75 - [STDERR_REDIRECT] [Fatal Error] :1:1: Premature end of file.
2026-05-28 15:06:31,797 [ERROR] LogOutputStream:75 - [STDERR_REDIRECT] 
2026-05-28 15:06:32,801 [ERROR] LogOutputStream:75 - [STDERR_REDIRECT] [Fatal Error] :1:1: Premature end of file.
2026-05-28 15:06:32,801 [ERROR] LogOutputStream:75 - [STDERR_REDIRECT] 
2026-05-28 15:06:33,803 [ERROR] LogOutputStream:75 - [STDERR_REDIRECT] [Fatal Error] :1:1: Premature end of file.
2026-05-28 15:06:33,803 [ERROR] LogOutputStream:75 - [STDERR_REDIRECT] 
2026-05-28 15:06:34,799 [ERROR] LogOutputStream:75 - [STDERR_REDIRECT] [Fatal Error] :1:1: Premature end of file.
2026-05-28 15:06:34,800 [ERROR] LogOutputStream:75 - [STDERR_REDIRECT] 
2026-05-28 15:06:35,796 [ERROR] LogOutputStream:75 - [STDERR_REDIRECT] [Fatal Error] :1:1: Premature end of file.
2026-05-28 15:06:35,796 [ERROR] LogOutputStream:75 - [STDERR_REDIRECT] 
2026-05-28 15:06:36,796 [ERROR] LogOutputStream:75 - [STDERR_REDIRECT] [Fatal Error] :1:1: Premature end of file.
2026-05-28 15:06:36,796 [ERROR] LogOutputStream:75 - [STDERR_REDIRECT] 
2026-05-28 15:06:37,798 [ERROR] LogOutputStream:75 - [STDERR_REDIRECT] [Fatal Error] :1:1: Premature end of file.
2026-05-28 15:06:37,798 [ERROR] LogOutputStream:75 - [STDERR_REDIRECT] 
2026-05-28 15:06:38,796 [ERROR] LogOutputStream:75 - [STDERR_REDIRECT] [Fatal Error] :1:1: Premature end of file.
2026-05-28 15:06:38,796 [ERROR] LogOutputStream:75 - [STDERR_REDIRECT] 
2026-05-28 15:06:39,800 [ERROR] LogOutputStream:75 - [STDERR_REDIRECT] [Fatal Error] :1:1: Premature end of file.
2026-05-28 15:06:39,801 [ERROR] LogOutputStream:75 - [STDERR_REDIRECT] 
2026-05-28 15:06:40,812 [ERROR] LogOutputStream:75 - [STDERR_REDIRECT] [Fatal Error] :1:1: Premature end of file.
2026-05-28 15:06:40,812 [ERROR] LogOutputStream:75 - [STDERR_REDIRECT] 
2026-05-28 15:06:41,809 [ERROR] LogOutputStream:75 - [STDERR_REDIRECT] [Fatal Error] :1:1: Premature end of file.
2026-05-28 15:06:41,809 [ERROR] LogOutputStream:75 - [STDERR_REDIRECT] 
2026-05-28 15:06:41,876 [ERROR] ConfigurationRetriever:142 - IOException on connection: sw-center.st.com
2026-05-28 15:06:41,876 [ERROR] ConfigurationRetriever:142 - IOException on connection: sw-center.st.com
2026-05-28 15:06:41,876 [ERROR] ConfigurationRetriever:142 - IOException on connection: sw-center.st.com
2026-05-28 15:06:42,798 [ERROR] LogOutputStream:75 - [STDERR_REDIRECT] [Fatal Error] :1:1: Premature end of file.
2026-05-28 15:06:42,798 [ERROR] LogOutputStream:75 - [STDERR_REDIRECT] 
2026-05-28 15:06:43,806 [ERROR] LogOutputStream:75 - [STDERR_REDIRECT] [Fatal Error] :1:1: Premature end of file.
2026-05-28 15:06:43,807 [ERROR] LogOutputStream:75 - [STDERR_REDIRECT] 
2026-05-28 15:06:44,797 [ERROR] LogOutputStream:75 - [STDERR_REDIRECT] [Fatal Error] :1:1: Premature end of file.
2026-05-28 15:06:44,797 [ERROR] LogOutputStream:75 - [STDERR_REDIRECT] 
2026-05-28 15:06:45,798 [ERROR] LogOutputStream:75 - [STDERR_REDIRECT] [Fatal Error] :1:1: Premature end of file.
2026-05-28 15:06:45,798 [ERROR] LogOutputStream:75 - [STDERR_REDIRECT] 
2026-05-28 15:06:46,810 [ERROR] LogOutputStream:75 - [STDERR_REDIRECT] [Fatal Error] :1:1: Premature end of file.
2026-05-28 15:06:46,810 [ERROR] LogOutputStream:75 - [STDERR_REDIRECT] 
2026-05-28 15:06:47,797 [ERROR] LogOutputStream:75 - [STDERR_REDIRECT] [Fatal Error] :1:1: Premature end of file.
2026-05-28 15:06:47,797 [ERROR] LogOutputStream:75 - [STDERR_REDIRECT] 
2026-05-28 15:06:48,808 [ERROR] LogOutputStream:75 - [STDERR_REDIRECT] [Fatal Error] :1:1: Premature end of file.
2026-05-28 15:06:48,809 [ERROR] LogOutputStream:75 - [STDERR_REDIRECT] 
2026-05-28 15:06:49,793 [ERROR] LogOutputStream:75 - [STDERR_REDIRECT] [Fatal Error] :1:1: Premature end of file.
2026-05-28 15:06:49,793 [ERROR] LogOutputStream:75 - [STDERR_REDIRECT] 
2026-05-28 15:06:50,802 [ERROR] LogOutputStream:75 - [STDERR_REDIRECT] [Fatal Error] :1:1: Premature end of file.
2026-05-28 15:06:50,804 [ERROR] LogOutputStream:75 - [STDERR_REDIRECT] 
2026-05-28 15:06:51,797 [ERROR] LogOutputStream:75 - [STDERR_REDIRECT] [Fatal Error] :1:1: Premature end of file.
2026-05-28 15:06:51,797 [ERROR] LogOutputStream:75 - [STDERR_REDIRECT] 
2026-05-28 15:06:52,800 [ERROR] LogOutputStream:75 - [STDERR_REDIRECT] [Fatal Error] :1:1: Premature end of file.
2026-05-28 15:06:52,800 [ERROR] LogOutputStream:75 - [STDERR_REDIRECT] 
2026-05-28 15:06:53,797 [ERROR] LogOutputStream:75 - [STDERR_REDIRECT] [Fatal Error] :1:1: Premature end of file.
2026-05-28 15:06:53,797 [ERROR] LogOutputStream:75 - [STDERR_REDIRECT] 
2026-05-28 15:06:54,799 [ERROR] LogOutputStream:75 - [STDERR_REDIRECT] [Fatal Error] :1:1: Premature end of file.
2026-05-28 15:06:54,800 [ERROR] LogOutputStream:75 - [STDERR_REDIRECT] 
2026-05-28 15:06:55,803 [ERROR] LogOutputStream:75 - [STDERR_REDIRECT] [Fatal Error] :1:1: Premature end of file.
2026-05-28 15:06:55,803 [ERROR] LogOutputStream:75 - [STDERR_REDIRECT] 
2026-05-28 15:06:56,811 [ERROR] LogOutputStream:75 - [STDERR_REDIRECT] [Fatal Error] :1:1: Premature end of file.
2026-05-28 15:06:56,811 [ERROR] LogOutputStream:75 - [STDERR_REDIRECT] 
2026-05-28 15:06:57,805 [ERROR] LogOutputStream:75 - [STDERR_REDIRECT] [Fatal Error] :1:1: Premature end of file.
2026-05-28 15:06:57,805 [ERROR] LogOutputStream:75 - [STDERR_REDIRECT] 
2026-05-28 15:06:58,409 [ERROR] ConfigurationRetriever:142 - IOException on connection: sw-center.st.com
2026-05-28 15:06:58,409 [ERROR] ConfigurationRetriever:142 - IOException on connection: sw-center.st.com
2026-05-28 15:06:58,409 [ERROR] ConfigurationRetriever:142 - IOException on connection: sw-center.st.com
2026-05-28 15:06:58,790 [ERROR] LogOutputStream:75 - [STDERR_REDIRECT] [Fatal Error] :1:1: Premature end of file.
2026-05-28 15:06:58,790 [ERROR] LogOutputStream:75 - [STDERR_REDIRECT] 
2026-05-28 15:06:59,803 [ERROR] LogOutputStream:75 - [STDERR_REDIRECT] [Fatal Error] :1:1: Premature end of file.
2026-05-28 15:06:59,803 [ERROR] LogOutputStream:75 - [STDERR_REDIRECT] 
2026-05-28 15:07:00,800 [ERROR] LogOutputStream:75 - [STDERR_REDIRECT] [Fatal Error] :1:1: Premature end of file.
2026-05-28 15:07:00,801 [ERROR] LogOutputStream:75 - [STDERR_REDIRECT] 
2026-05-28 15:07:01,798 [ERROR] LogOutputStream:75 - [STDERR_REDIRECT] [Fatal Error] :1:1: Premature end of file.
2026-05-28 15:07:01,798 [ERROR] LogOutputStream:75 - [STDERR_REDIRECT] 
2026-05-28 15:07:02,804 [ERROR] LogOutputStream:75 - [STDERR_REDIRECT] [Fatal Error] :1:1: Premature end of file.
2026-05-28 15:07:02,804 [ERROR] LogOutputStream:75 - [STDERR_REDIRECT] 
2026-05-28 15:07:03,805 [ERROR] LogOutputStream:75 - [STDERR_REDIRECT] [Fatal Error] :1:1: Premature end of file.
2026-05-28 15:07:03,805 [ERROR] LogOutputStream:75 - [STDERR_REDIRECT] 
2026-05-28 15:07:04,805 [ERROR] LogOutputStream:75 - [STDERR_REDIRECT] [Fatal Error] :1:1: Premature end of file.
2026-05-28 15:07:04,805 [ERROR] LogOutputStream:75 - [STDERR_REDIRECT] 
2026-05-28 15:07:05,809 [ERROR] LogOutputStream:75 - [STDERR_REDIRECT] [Fatal Error] :1:1: Premature end of file.
2026-05-28 15:07:05,809 [ERROR] LogOutputStream:75 - [STDERR_REDIRECT] 
2026-05-28 15:07:06,798 [ERROR] LogOutputStream:75 - [STDERR_REDIRECT] [Fatal Error] :1:1: Premature end of file.
2026-05-28 15:07:06,798 [ERROR] LogOutputStream:75 - [STDERR_REDIRECT] 
2026-05-28 15:07:07,816 [ERROR] LogOutputStream:75 - [STDERR_REDIRECT] [Fatal Error] :1:1: Premature end of file.
2026-05-28 15:07:07,816 [ERROR] LogOutputStream:75 - [STDERR_REDIRECT] 
2026-05-28 15:07:08,800 [ERROR] LogOutputStream:75 - [STDERR_REDIRECT] [Fatal Error] :1:1: Premature end of file.
2026-05-28 15:07:08,800 [ERROR] LogOutputStream:75 - [STDERR_REDIRECT] 
2026-05-28 15:07:09,800 [ERROR] LogOutputStream:75 - [STDERR_REDIRECT] [Fatal Error] :1:1: Premature end of file.
2026-05-28 15:07:09,801 [ERROR] LogOutputStream:75 - [STDERR_REDIRECT] 
2026-05-28 15:07:10,799 [ERROR] LogOutputStream:75 - [STDERR_REDIRECT] [Fatal Error] :1:1: Premature end of file.
2026-05-28 15:07:10,799 [ERROR] LogOutputStream:75 - [STDERR_REDIRECT] 
2026-05-28 15:07:11,799 [ERROR] LogOutputStream:75 - [STDERR_REDIRECT] [Fatal Error] :1:1: Premature end of file.
2026-05-28 15:07:11,799 [ERROR] LogOutputStream:75 - [STDERR_REDIRECT] 
2026-05-28 15:07:12,797 [ERROR] LogOutputStream:75 - [STDERR_REDIRECT] [Fatal Error] :1:1: Premature end of file.
2026-05-28 15:07:12,797 [ERROR] LogOutputStream:75 - [STDERR_REDIRECT] 
2026-05-28 15:07:13,798 [ERROR] LogOutputStream:75 - [STDERR_REDIRECT] [Fatal Error] :1:1: Premature end of file.
2026-05-28 15:07:13,798 [ERROR] LogOutputStream:75 - [STDERR_REDIRECT] 
2026-05-28 15:07:14,799 [ERROR] LogOutputStream:75 - [STDERR_REDIRECT] [Fatal Error] :1:1: Premature end of file.
2026-05-28 15:07:14,800 [ERROR] LogOutputStream:75 - [STDERR_REDIRECT] 
2026-05-28 15:07:15,796 [ERROR] LogOutputStream:75 - [STDERR_REDIRECT] [Fatal Error] :1:1: Premature end of file.
2026-05-28 15:07:15,797 [ERROR] LogOutputStream:75 - [STDERR_REDIRECT] 
2026-05-28 15:07:16,797 [ERROR] LogOutputStream:75 - [STDERR_REDIRECT] [Fatal Error] :1:1: Premature end of file.
2026-05-28 15:07:16,797 [ERROR] LogOutputStream:75 - [STDERR_REDIRECT] 
2026-05-28 15:07:17,799 [ERROR] LogOutputStream:75 - [STDERR_REDIRECT] [Fatal Error] :1:1: Premature end of file.
2026-05-28 15:07:17,799 [ERROR] LogOutputStream:75 - [STDERR_REDIRECT] 
2026-05-28 15:07:18,801 [ERROR] LogOutputStream:75 - [STDERR_REDIRECT] [Fatal Error] :1:1: Premature end of file.
2026-05-28 15:07:18,801 [ERROR] LogOutputStream:75 - [STDERR_REDIRECT] 
2026-05-28 15:07:19,797 [ERROR] LogOutputStream:75 - [STDERR_REDIRECT] [Fatal Error] :1:1: Premature end of file.
2026-05-28 15:07:19,797 [ERROR] LogOutputStream:75 - [STDERR_REDIRECT] 
2026-05-28 15:07:20,798 [ERROR] LogOutputStream:75 - [STDERR_REDIRECT] [Fatal Error] :1:1: Premature end of file.
2026-05-28 15:07:20,798 [ERROR] LogOutputStream:75 - [STDERR_REDIRECT] 
2026-05-28 15:07:21,798 [ERROR] LogOutputStream:75 - [STDERR_REDIRECT] [Fatal Error] :1:1: Premature end of file.
2026-05-28 15:07:21,798 [ERROR] LogOutputStream:75 - [STDERR_REDIRECT] 
2026-05-28 15:07:22,798 [ERROR] LogOutputStream:75 - [STDERR_REDIRECT] [Fatal Error] :1:1: Premature end of file.
2026-05-28 15:07:22,799 [ERROR] LogOutputStream:75 - [STDERR_REDIRECT] 
2026-05-28 15:07:23,796 [ERROR] LogOutputStream:75 - [STDERR_REDIRECT] [Fatal Error] :1:1: Premature end of file.
2026-05-28 15:07:23,797 [ERROR] LogOutputStream:75 - [STDERR_REDIRECT] 
2026-05-28 15:07:24,798 [ERROR] LogOutputStream:75 - [STDERR_REDIRECT] [Fatal Error] :1:1: Premature end of file.
2026-05-28 15:07:24,798 [ERROR] LogOutputStream:75 - [STDERR_REDIRECT] 
2026-05-28 15:07:25,795 [ERROR] LogOutputStream:75 - [STDERR_REDIRECT] [Fatal Error] :1:1: Premature end of file.
2026-05-28 15:07:25,795 [ERROR] LogOutputStream:75 - [STDERR_REDIRECT] 
2026-05-28 15:07:26,798 [ERROR] LogOutputStream:75 - [STDERR_REDIRECT] [Fatal Error] :1:1: Premature end of file.
2026-05-28 15:07:26,798 [ERROR] LogOutputStream:75 - [STDERR_REDIRECT] 
2026-05-28 15:07:27,801 [ERROR] LogOutputStream:75 - [STDERR_REDIRECT] [Fatal Error] :1:1: Premature end of file.
2026-05-28 15:07:27,801 [ERROR] LogOutputStream:75 - [STDERR_REDIRECT] 
2026-05-28 15:07:28,801 [ERROR] LogOutputStream:75 - [STDERR_REDIRECT] [Fatal Error] :1:1: Premature end of file.
2026-05-28 15:07:28,801 [ERROR] LogOutputStream:75 - [STDERR_REDIRECT] 
2026-05-28 15:07:29,798 [ERROR] LogOutputStream:75 - [STDERR_REDIRECT] [Fatal Error] :1:1: Premature end of file.
2026-05-28 15:07:29,798 [ERROR] LogOutputStream:75 - [STDERR_REDIRECT] 
2026-05-28 15:07:30,792 [ERROR] LogOutputStream:75 - [STDERR_REDIRECT] [Fatal Error] :1:1: Premature end of file.
2026-05-28 15:07:30,792 [ERROR] LogOutputStream:75 - [STDERR_REDIRECT] 
2026-05-28 15:07:31,800 [ERROR] LogOutputStream:75 - [STDERR_REDIRECT] [Fatal Error] :1:1: Premature end of file.
2026-05-28 15:07:31,801 [ERROR] LogOutputStream:75 - [STDERR_REDIRECT] 
2026-05-28 15:07:32,800 [ERROR] LogOutputStream:75 - [STDERR_REDIRECT] [Fatal Error] :1:1: Premature end of file.
2026-05-28 15:07:32,800 [ERROR] LogOutputStream:75 - [STDERR_REDIRECT] 
2026-05-28 15:07:33,797 [ERROR] LogOutputStream:75 - [STDERR_REDIRECT] [Fatal Error] :1:1: Premature end of file.
2026-05-28 15:07:33,797 [ERROR] LogOutputStream:75 - [STDERR_REDIRECT] 
2026-05-28 15:07:34,800 [ERROR] LogOutputStream:75 - [STDERR_REDIRECT] [Fatal Error] :1:1: Premature end of file.
2026-05-28 15:07:34,800 [ERROR] LogOutputStream:75 - [STDERR_REDIRECT] 
2026-05-28 15:07:35,793 [ERROR] LogOutputStream:75 - [STDERR_REDIRECT] [Fatal Error] :1:1: Premature end of file.
2026-05-28 15:07:35,793 [ERROR] LogOutputStream:75 - [STDERR_REDIRECT] 
2026-05-28 15:07:36,806 [ERROR] LogOutputStream:75 - [STDERR_REDIRECT] [Fatal Error] :1:1: Premature end of file.
2026-05-28 15:07:36,806 [ERROR] LogOutputStream:75 - [STDERR_REDIRECT] 
2026-05-28 15:07:37,796 [ERROR] LogOutputStream:75 - [STDERR_REDIRECT] [Fatal Error] :1:1: Premature end of file.
2026-05-28 15:07:37,796 [ERROR] LogOutputStream:75 - [STDERR_REDIRECT] 
2026-05-28 15:07:38,797 [ERROR] LogOutputStream:75 - [STDERR_REDIRECT] [Fatal Error] :1:1: Premature end of file.
2026-05-28 15:07:38,797 [ERROR] LogOutputStream:75 - [STDERR_REDIRECT] 
2026-05-28 15:07:39,799 [ERROR] LogOutputStream:75 - [STDERR_REDIRECT] [Fatal Error] :1:1: Premature end of file.
2026-05-28 15:07:39,799 [ERROR] LogOutputStream:75 - [STDERR_REDIRECT] 
2026-05-28 15:07:40,797 [ERROR] LogOutputStream:75 - [STDERR_REDIRECT] [Fatal Error] :1:1: Premature end of file.
2026-05-28 15:07:40,798 [ERROR] LogOutputStream:75 - [STDERR_REDIRECT] 
2026-05-28 15:07:41,801 [ERROR] LogOutputStream:75 - [STDERR_REDIRECT] [Fatal Error] :1:1: Premature end of file.
2026-05-28 15:07:41,801 [ERROR] LogOutputStream:75 - [STDERR_REDIRECT] 
2026-05-28 15:07:42,797 [ERROR] LogOutputStream:75 - [STDERR_REDIRECT] [Fatal Error] :1:1: Premature end of file.
2026-05-28 15:07:42,797 [ERROR] LogOutputStream:75 - [STDERR_REDIRECT] 
2026-05-28 15:07:43,798 [ERROR] LogOutputStream:75 - [STDERR_REDIRECT] [Fatal Error] :1:1: Premature end of file.
2026-05-28 15:07:43,798 [ERROR] LogOutputStream:75 - [STDERR_REDIRECT] 
2026-05-28 15:07:44,800 [ERROR] LogOutputStream:75 - [STDERR_REDIRECT] [Fatal Error] :1:1: Premature end of file.
2026-05-28 15:07:44,800 [ERROR] LogOutputStream:75 - [STDERR_REDIRECT] 
2026-05-28 15:07:45,798 [ERROR] LogOutputStream:75 - [STDERR_REDIRECT] [Fatal Error] :1:1: Premature end of file.
2026-05-28 15:07:45,798 [ERROR] LogOutputStream:75 - [STDERR_REDIRECT] 
2026-05-28 15:07:46,797 [ERROR] LogOutputStream:75 - [STDERR_REDIRECT] [Fatal Error] :1:1: Premature end of file.
2026-05-28 15:07:46,797 [ERROR] LogOutputStream:75 - [STDERR_REDIRECT] 
2026-05-28 15:07:47,804 [ERROR] LogOutputStream:75 - [STDERR_REDIRECT] [Fatal Error] :1:1: Premature end of file.
2026-05-28 15:07:47,804 [ERROR] LogOutputStream:75 - [STDERR_REDIRECT] 
2026-05-28 15:07:48,796 [ERROR] LogOutputStream:75 - [STDERR_REDIRECT] [Fatal Error] :1:1: Premature end of file.
2026-05-28 15:07:48,796 [ERROR] LogOutputStream:75 - [STDERR_REDIRECT] 
2026-05-28 15:07:49,801 [ERROR] LogOutputStream:75 - [STDERR_REDIRECT] [Fatal Error] :1:1: Premature end of file.
2026-05-28 15:07:49,801 [ERROR] LogOutputStream:75 - [STDERR_REDIRECT] 
2026-05-28 15:07:50,806 [ERROR] LogOutputStream:75 - [STDERR_REDIRECT] [Fatal Error] :1:1: Premature end of file.
2026-05-28 15:07:50,806 [ERROR] LogOutputStream:75 - [STDERR_REDIRECT] 
2026-05-28 15:07:51,794 [ERROR] LogOutputStream:75 - [STDERR_REDIRECT] [Fatal Error] :1:1: Premature end of file.
2026-05-28 15:07:51,794 [ERROR] LogOutputStream:75 - [STDERR_REDIRECT] 
2026-05-28 15:07:52,788 [ERROR] LogOutputStream:75 - [STDERR_REDIRECT] [Fatal Error] :1:1: Premature end of file.
2026-05-28 15:07:52,788 [ERROR] LogOutputStream:75 - [STDERR_REDIRECT] 
2026-05-28 15:07:53,778 [ERROR] LogOutputStream:75 - [STDERR_REDIRECT] [Fatal Error] :1:1: Premature end of file.
2026-05-28 15:07:53,778 [ERROR] LogOutputStream:75 - [STDERR_REDIRECT] 
2026-05-28 15:07:54,779 [ERROR] LogOutputStream:75 - [STDERR_REDIRECT] [Fatal Error] :1:1: Premature end of file.
2026-05-28 15:07:54,779 [ERROR] LogOutputStream:75 - [STDERR_REDIRECT] 
2026-05-28 15:07:55,780 [ERROR] LogOutputStream:75 - [STDERR_REDIRECT] [Fatal Error] :1:1: Premature end of file.
2026-05-28 15:07:55,780 [ERROR] LogOutputStream:75 - [STDERR_REDIRECT] 
2026-05-28 15:07:56,790 [ERROR] LogOutputStream:75 - [STDERR_REDIRECT] [Fatal Error] :1:1: Premature end of file.
2026-05-28 15:07:56,790 [ERROR] LogOutputStream:75 - [STDERR_REDIRECT] 
2026-05-28 15:07:57,788 [ERROR] LogOutputStream:75 - [STDERR_REDIRECT] [Fatal Error] :1:1: Premature end of file.
2026-05-28 15:07:57,788 [ERROR] LogOutputStream:75 - [STDERR_REDIRECT] 
2026-05-28 15:07:58,782 [ERROR] LogOutputStream:75 - [STDERR_REDIRECT] [Fatal Error] :1:1: Premature end of file.
2026-05-28 15:07:58,782 [ERROR] LogOutputStream:75 - [STDERR_REDIRECT] 
2026-05-28 15:07:59,785 [ERROR] LogOutputStream:75 - [STDERR_REDIRECT] [Fatal Error] :1:1: Premature end of file.
2026-05-28 15:07:59,785 [ERROR] LogOutputStream:75 - [STDERR_REDIRECT] 
2026-05-28 15:08:00,798 [ERROR] LogOutputStream:75 - [STDERR_REDIRECT] [Fatal Error] :1:1: Premature end of file.
2026-05-28 15:08:00,798 [ERROR] LogOutputStream:75 - [STDERR_REDIRECT] 
2026-05-28 15:08:01,796 [ERROR] LogOutputStream:75 - [STDERR_REDIRECT] [Fatal Error] :1:1: Premature end of file.
2026-05-28 15:08:01,798 [ERROR] LogOutputStream:75 - [STDERR_REDIRECT] 
2026-05-28 15:08:02,833 [ERROR] LogOutputStream:75 - [STDERR_REDIRECT] [Fatal Error] :1:1: Premature end of file.
2026-05-28 15:08:02,833 [ERROR] LogOutputStream:75 - [STDERR_REDIRECT] 
2026-05-28 15:08:03,798 [ERROR] LogOutputStream:75 - [STDERR_REDIRECT] [Fatal Error] :1:1: Premature end of file.
2026-05-28 15:08:03,798 [ERROR] LogOutputStream:75 - [STDERR_REDIRECT] 
2026-05-28 15:08:04,799 [ERROR] LogOutputStream:75 - [STDERR_REDIRECT] [Fatal Error] :1:1: Premature end of file.
2026-05-28 15:08:04,799 [ERROR] LogOutputStream:75 - [STDERR_REDIRECT] 
2026-05-28 15:08:05,800 [ERROR] LogOutputStream:75 - [STDERR_REDIRECT] [Fatal Error] :1:1: Premature end of file.
2026-05-28 15:08:05,800 [ERROR] LogOutputStream:75 - [STDERR_REDIRECT] 
2026-05-28 15:08:06,800 [ERROR] LogOutputStream:75 - [STDERR_REDIRECT] [Fatal Error] :1:1: Premature end of file.
2026-05-28 15:08:06,800 [ERROR] LogOutputStream:75 - [STDERR_REDIRECT] 
2026-05-28 15:08:07,800 [ERROR] LogOutputStream:75 - [STDERR_REDIRECT] [Fatal Error] :1:1: Premature end of file.
2026-05-28 15:08:07,800 [ERROR] LogOutputStream:75 - [STDERR_REDIRECT] 
2026-05-28 15:08:08,800 [ERROR] LogOutputStream:75 - [STDERR_REDIRECT] [Fatal Error] :1:1: Premature end of file.
2026-05-28 15:08:08,800 [ERROR] LogOutputStream:75 - [STDERR_REDIRECT] 
2026-05-28 15:08:09,799 [ERROR] LogOutputStream:75 - [STDERR_REDIRECT] [Fatal Error] :1:1: Premature end of file.
2026-05-28 15:08:09,799 [ERROR] LogOutputStream:75 - [STDERR_REDIRECT] 
2026-05-28 15:08:10,798 [ERROR] LogOutputStream:75 - [STDERR_REDIRECT] [Fatal Error] :1:1: Premature end of file.
2026-05-28 15:08:10,798 [ERROR] LogOutputStream:75 - [STDERR_REDIRECT] 
2026-05-28 15:08:11,796 [ERROR] LogOutputStream:75 - [STDERR_REDIRECT] [Fatal Error] :1:1: Premature end of file.
2026-05-28 15:08:11,796 [ERROR] LogOutputStream:75 - [STDERR_REDIRECT] 
2026-05-28 15:08:12,797 [ERROR] LogOutputStream:75 - [STDERR_REDIRECT] [Fatal Error] :1:1: Premature end of file.
2026-05-28 15:08:12,797 [ERROR] LogOutputStream:75 - [STDERR_REDIRECT] 
2026-05-28 15:08:13,799 [ERROR] LogOutputStream:75 - [STDERR_REDIRECT] [Fatal Error] :1:1: Premature end of file.
2026-05-28 15:08:13,799 [ERROR] LogOutputStream:75 - [STDERR_REDIRECT] 
2026-05-28 15:08:14,800 [ERROR] LogOutputStream:75 - [STDERR_REDIRECT] [Fatal Error] :1:1: Premature end of file.
2026-05-28 15:08:14,800 [ERROR] LogOutputStream:75 - [STDERR_REDIRECT] 
2026-05-28 15:08:15,798 [ERROR] LogOutputStream:75 - [STDERR_REDIRECT] [Fatal Error] :1:1: Premature end of file.
2026-05-28 15:08:15,798 [ERROR] LogOutputStream:75 - [STDERR_REDIRECT] 
2026-05-28 15:08:16,798 [ERROR] LogOutputStream:75 - [STDERR_REDIRECT] [Fatal Error] :1:1: Premature end of file.
2026-05-28 15:08:16,798 [ERROR] LogOutputStream:75 - [STDERR_REDIRECT] 
2026-05-28 15:08:17,796 [ERROR] LogOutputStream:75 - [STDERR_REDIRECT] [Fatal Error] :1:1: Premature end of file.
2026-05-28 15:08:17,824 [ERROR] LogOutputStream:75 - [STDERR_REDIRECT] 
2026-05-28 15:08:18,797 [ERROR] LogOutputStream:75 - [STDERR_REDIRECT] [Fatal Error] :1:1: Premature end of file.
2026-05-28 15:08:18,798 [ERROR] LogOutputStream:75 - [STDERR_REDIRECT] 
2026-05-28 15:08:19,798 [ERROR] LogOutputStream:75 - [STDERR_REDIRECT] [Fatal Error] :1:1: Premature end of file.
2026-05-28 15:08:19,798 [ERROR] LogOutputStream:75 - [STDERR_REDIRECT] 
2026-05-28 15:08:20,795 [ERROR] LogOutputStream:75 - [STDERR_REDIRECT] [Fatal Error] :1:1: Premature end of file.
2026-05-28 15:08:20,795 [ERROR] LogOutputStream:75 - [STDERR_REDIRECT] 
2026-05-28 15:08:21,819 [ERROR] LogOutputStream:75 - [STDERR_REDIRECT] [Fatal Error] :1:1: Premature end of file.
2026-05-28 15:08:21,819 [ERROR] LogOutputStream:75 - [STDERR_REDIRECT] 
2026-05-28 15:08:22,798 [ERROR] LogOutputStream:75 - [STDERR_REDIRECT] [Fatal Error] :1:1: Premature end of file.
2026-05-28 15:08:22,798 [ERROR] LogOutputStream:75 - [STDERR_REDIRECT] 
2026-05-28 15:08:23,796 [ERROR] LogOutputStream:75 - [STDERR_REDIRECT] [Fatal Error] :1:1: Premature end of file.
2026-05-28 15:08:23,796 [ERROR] LogOutputStream:75 - [STDERR_REDIRECT] 
2026-05-28 15:08:24,797 [ERROR] LogOutputStream:75 - [STDERR_REDIRECT] [Fatal Error] :1:1: Premature end of file.
2026-05-28 15:08:24,797 [ERROR] LogOutputStream:75 - [STDERR_REDIRECT] 
2026-05-28 15:08:25,799 [ERROR] LogOutputStream:75 - [STDERR_REDIRECT] [Fatal Error] :1:1: Premature end of file.
2026-05-28 15:08:25,799 [ERROR] LogOutputStream:75 - [STDERR_REDIRECT] 
2026-05-28 15:08:26,797 [ERROR] LogOutputStream:75 - [STDERR_REDIRECT] [Fatal Error] :1:1: Premature end of file.
2026-05-28 15:08:26,797 [ERROR] LogOutputStream:75 - [STDERR_REDIRECT] 
2026-05-28 15:08:27,800 [ERROR] LogOutputStream:75 - [STDERR_REDIRECT] [Fatal Error] :1:1: Premature end of file.
2026-05-28 15:08:27,800 [ERROR] LogOutputStream:75 - [STDERR_REDIRECT] 
2026-05-28 15:08:28,798 [ERROR] LogOutputStream:75 - [STDERR_REDIRECT] [Fatal Error] :1:1: Premature end of file.
2026-05-28 15:08:28,798 [ERROR] LogOutputStream:75 - [STDERR_REDIRECT] 
2026-05-28 15:08:29,831 [ERROR] LogOutputStream:75 - [STDERR_REDIRECT] [Fatal Error] :1:1: Premature end of file.
2026-05-28 15:08:29,831 [ERROR] LogOutputStream:75 - [STDERR_REDIRECT] 
2026-05-28 15:08:30,798 [ERROR] LogOutputStream:75 - [STDERR_REDIRECT] [Fatal Error] :1:1: Premature end of file.
2026-05-28 15:08:30,798 [ERROR] LogOutputStream:75 - [STDERR_REDIRECT] 
2026-05-28 15:08:31,796 [ERROR] LogOutputStream:75 - [STDERR_REDIRECT] [Fatal Error] :1:1: Premature end of file.
2026-05-28 15:08:31,796 [ERROR] LogOutputStream:75 - [STDERR_REDIRECT] 
2026-05-28 15:08:32,794 [ERROR] LogOutputStream:75 - [STDERR_REDIRECT] [Fatal Error] :1:1: Premature end of file.
2026-05-28 15:08:32,823 [ERROR] LogOutputStream:75 - [STDERR_REDIRECT] 
2026-05-28 15:08:33,800 [ERROR] LogOutputStream:75 - [STDERR_REDIRECT] [Fatal Error] :1:1: Premature end of file.
2026-05-28 15:08:33,800 [ERROR] LogOutputStream:75 - [STDERR_REDIRECT] 
2026-05-28 15:08:34,801 [ERROR] LogOutputStream:75 - [STDERR_REDIRECT] [Fatal Error] :1:1: Premature end of file.
2026-05-28 15:08:34,801 [ERROR] LogOutputStream:75 - [STDERR_REDIRECT] 
2026-05-28 15:08:35,798 [ERROR] LogOutputStream:75 - [STDERR_REDIRECT] [Fatal Error] :1:1: Premature end of file.
2026-05-28 15:08:35,798 [ERROR] LogOutputStream:75 - [STDERR_REDIRECT] 
2026-05-28 15:08:36,799 [ERROR] LogOutputStream:75 - [STDERR_REDIRECT] [Fatal Error] :1:1: Premature end of file.
2026-05-28 15:08:36,799 [ERROR] LogOutputStream:75 - [STDERR_REDIRECT] 
2026-05-28 15:08:37,800 [ERROR] LogOutputStream:75 - [STDERR_REDIRECT] [Fatal Error] :1:1: Premature end of file.
2026-05-28 15:08:37,800 [ERROR] LogOutputStream:75 - [STDERR_REDIRECT] 
2026-05-28 15:08:38,798 [ERROR] LogOutputStream:75 - [STDERR_REDIRECT] [Fatal Error] :1:1: Premature end of file.
2026-05-28 15:08:38,798 [ERROR] LogOutputStream:75 - [STDERR_REDIRECT] 
2026-05-28 15:08:39,799 [ERROR] LogOutputStream:75 - [STDERR_REDIRECT] [Fatal Error] :1:1: Premature end of file.
2026-05-28 15:08:39,799 [ERROR] LogOutputStream:75 - [STDERR_REDIRECT] 
2026-05-28 15:08:40,799 [ERROR] LogOutputStream:75 - [STDERR_REDIRECT] [Fatal Error] :1:1: Premature end of file.
2026-05-28 15:08:40,799 [ERROR] LogOutputStream:75 - [STDERR_REDIRECT] 
2026-05-28 15:08:41,811 [ERROR] LogOutputStream:75 - [STDERR_REDIRECT] [Fatal Error] :1:1: Premature end of file.
2026-05-28 15:08:41,812 [ERROR] LogOutputStream:75 - [STDERR_REDIRECT] 
2026-05-28 15:08:42,803 [ERROR] LogOutputStream:75 - [STDERR_REDIRECT] [Fatal Error] :1:1: Premature end of file.
2026-05-28 15:08:42,803 [ERROR] LogOutputStream:75 - [STDERR_REDIRECT] 
2026-05-28 15:08:43,799 [ERROR] LogOutputStream:75 - [STDERR_REDIRECT] [Fatal Error] :1:1: Premature end of file.
2026-05-28 15:08:43,799 [ERROR] LogOutputStream:75 - [STDERR_REDIRECT] 
2026-05-28 15:08:44,800 [ERROR] LogOutputStream:75 - [STDERR_REDIRECT] [Fatal Error] :1:1: Premature end of file.
2026-05-28 15:08:44,800 [ERROR] LogOutputStream:75 - [STDERR_REDIRECT] 
2026-05-28 15:08:45,804 [ERROR] LogOutputStream:75 - [STDERR_REDIRECT] [Fatal Error] :1:1: Premature end of file.
2026-05-28 15:08:45,804 [ERROR] LogOutputStream:75 - [STDERR_REDIRECT] 
2026-05-28 15:08:46,801 [ERROR] LogOutputStream:75 - [STDERR_REDIRECT] [Fatal Error] :1:1: Premature end of file.
2026-05-28 15:08:46,802 [ERROR] LogOutputStream:75 - [STDERR_REDIRECT] 
2026-05-28 15:08:47,808 [ERROR] LogOutputStream:75 - [STDERR_REDIRECT] [Fatal Error] :1:1: Premature end of file.
2026-05-28 15:08:47,809 [ERROR] LogOutputStream:75 - [STDERR_REDIRECT] 
2026-05-28 15:08:48,801 [ERROR] LogOutputStream:75 - [STDERR_REDIRECT] [Fatal Error] :1:1: Premature end of file.
2026-05-28 15:08:48,801 [ERROR] LogOutputStream:75 - [STDERR_REDIRECT] 
2026-05-28 15:08:49,797 [ERROR] LogOutputStream:75 - [STDERR_REDIRECT] [Fatal Error] :1:1: Premature end of file.
2026-05-28 15:08:49,797 [ERROR] LogOutputStream:75 - [STDERR_REDIRECT] 
2026-05-28 15:08:50,800 [ERROR] LogOutputStream:75 - [STDERR_REDIRECT] [Fatal Error] :1:1: Premature end of file.
2026-05-28 15:08:50,800 [ERROR] LogOutputStream:75 - [STDERR_REDIRECT] 
2026-05-28 15:08:51,806 [ERROR] LogOutputStream:75 - [STDERR_REDIRECT] [Fatal Error] :1:1: Premature end of file.
2026-05-28 15:08:51,806 [ERROR] LogOutputStream:75 - [STDERR_REDIRECT] 
2026-05-28 15:08:52,797 [ERROR] LogOutputStream:75 - [STDERR_REDIRECT] [Fatal Error] :1:1: Premature end of file.
2026-05-28 15:08:52,797 [ERROR] LogOutputStream:75 - [STDERR_REDIRECT] 
2026-05-28 15:08:53,808 [ERROR] LogOutputStream:75 - [STDERR_REDIRECT] [Fatal Error] :1:1: Premature end of file.
2026-05-28 15:08:53,808 [ERROR] LogOutputStream:75 - [STDERR_REDIRECT] 
2026-05-28 15:08:54,797 [ERROR] LogOutputStream:75 - [STDERR_REDIRECT] [Fatal Error] :1:1: Premature end of file.
2026-05-28 15:08:54,797 [ERROR] LogOutputStream:75 - [STDERR_REDIRECT] 
2026-05-28 15:08:55,799 [ERROR] LogOutputStream:75 - [STDERR_REDIRECT] [Fatal Error] :1:1: Premature end of file.
2026-05-28 15:08:55,799 [ERROR] LogOutputStream:75 - [STDERR_REDIRECT] 
2026-05-28 15:08:56,795 [ERROR] LogOutputStream:75 - [STDERR_REDIRECT] [Fatal Error] :1:1: Premature end of file.
2026-05-28 15:08:56,795 [ERROR] LogOutputStream:75 - [STDERR_REDIRECT] 
2026-05-28 15:08:57,801 [ERROR] LogOutputStream:75 - [STDERR_REDIRECT] [Fatal Error] :1:1: Premature end of file.
2026-05-28 15:08:57,802 [ERROR] LogOutputStream:75 - [STDERR_REDIRECT] 
2026-05-28 15:08:58,798 [ERROR] LogOutputStream:75 - [STDERR_REDIRECT] [Fatal Error] :1:1: Premature end of file.
2026-05-28 15:08:58,799 [ERROR] LogOutputStream:75 - [STDERR_REDIRECT] 
2026-05-28 15:08:59,803 [ERROR] LogOutputStream:75 - [STDERR_REDIRECT] [Fatal Error] :1:1: Premature end of file.
2026-05-28 15:08:59,803 [ERROR] LogOutputStream:75 - [STDERR_REDIRECT] 
2026-05-28 15:09:00,806 [ERROR] LogOutputStream:75 - [STDERR_REDIRECT] [Fatal Error] :1:1: Premature end of file.
2026-05-28 15:09:00,806 [ERROR] LogOutputStream:75 - [STDERR_REDIRECT] 
2026-05-28 15:09:01,800 [ERROR] LogOutputStream:75 - [STDERR_REDIRECT] [Fatal Error] :1:1: Premature end of file.
2026-05-28 15:09:01,801 [ERROR] LogOutputStream:75 - [STDERR_REDIRECT] 
2026-05-28 15:09:02,817 [ERROR] LogOutputStream:75 - [STDERR_REDIRECT] [Fatal Error] :1:1: Premature end of file.
2026-05-28 15:09:02,818 [ERROR] LogOutputStream:75 - [STDERR_REDIRECT] 
2026-05-28 15:09:03,797 [ERROR] LogOutputStream:75 - [STDERR_REDIRECT] [Fatal Error] :1:1: Premature end of file.
2026-05-28 15:09:03,797 [ERROR] LogOutputStream:75 - [STDERR_REDIRECT] 
2026-05-28 15:09:05,008 [ERROR] LogOutputStream:75 - [STDERR_REDIRECT] [Fatal Error] :1:1: Premature end of file.
2026-05-28 15:09:05,008 [ERROR] LogOutputStream:75 - [STDERR_REDIRECT] 
2026-05-28 15:09:05,788 [ERROR] LogOutputStream:75 - [STDERR_REDIRECT] [Fatal Error] :1:1: Premature end of file.
2026-05-28 15:09:05,788 [ERROR] LogOutputStream:75 - [STDERR_REDIRECT] 
2026-05-28 15:09:06,802 [ERROR] LogOutputStream:75 - [STDERR_REDIRECT] [Fatal Error] :1:1: Premature end of file.
2026-05-28 15:09:06,802 [ERROR] LogOutputStream:75 - [STDERR_REDIRECT] 
2026-05-28 15:09:07,797 [ERROR] LogOutputStream:75 - [STDERR_REDIRECT] [Fatal Error] :1:1: Premature end of file.
2026-05-28 15:09:07,797 [ERROR] LogOutputStream:75 - [STDERR_REDIRECT] 
2026-05-28 15:09:08,796 [ERROR] LogOutputStream:75 - [STDERR_REDIRECT] [Fatal Error] :1:1: Premature end of file.
2026-05-28 15:09:08,796 [ERROR] LogOutputStream:75 - [STDERR_REDIRECT] 
2026-05-28 15:09:09,798 [ERROR] LogOutputStream:75 - [STDERR_REDIRECT] [Fatal Error] :1:1: Premature end of file.
2026-05-28 15:09:09,798 [ERROR] LogOutputStream:75 - [STDERR_REDIRECT] 
2026-05-28 15:09:10,797 [ERROR] LogOutputStream:75 - [STDERR_REDIRECT] [Fatal Error] :1:1: Premature end of file.
2026-05-28 15:09:10,797 [ERROR] LogOutputStream:75 - [STDERR_REDIRECT] 
2026-05-28 15:09:11,800 [ERROR] LogOutputStream:75 - [STDERR_REDIRECT] [Fatal Error] :1:1: Premature end of file.
2026-05-28 15:09:11,800 [ERROR] LogOutputStream:75 - [STDERR_REDIRECT] 
2026-05-28 15:09:12,798 [ERROR] LogOutputStream:75 - [STDERR_REDIRECT] [Fatal Error] :1:1: Premature end of file.
2026-05-28 15:09:12,798 [ERROR] LogOutputStream:75 - [STDERR_REDIRECT] 
2026-05-28 15:09:13,796 [ERROR] LogOutputStream:75 - [STDERR_REDIRECT] [Fatal Error] :1:1: Premature end of file.
2026-05-28 15:09:13,797 [ERROR] LogOutputStream:75 - [STDERR_REDIRECT] 
2026-05-28 15:09:14,798 [ERROR] LogOutputStream:75 - [STDERR_REDIRECT] [Fatal Error] :1:1: Premature end of file.
2026-05-28 15:09:14,798 [ERROR] LogOutputStream:75 - [STDERR_REDIRECT] 
2026-05-28 15:09:15,827 [ERROR] LogOutputStream:75 - [STDERR_REDIRECT] [Fatal Error] :1:1: Premature end of file.
2026-05-28 15:09:15,827 [ERROR] LogOutputStream:75 - [STDERR_REDIRECT] 
2026-05-28 15:09:16,796 [ERROR] LogOutputStream:75 - [STDERR_REDIRECT] [Fatal Error] :1:1: Premature end of file.
2026-05-28 15:09:16,796 [ERROR] LogOutputStream:75 - [STDERR_REDIRECT] 
2026-05-28 15:09:17,812 [ERROR] LogOutputStream:75 - [STDERR_REDIRECT] [Fatal Error] :1:1: Premature end of file.
2026-05-28 15:09:17,813 [ERROR] LogOutputStream:75 - [STDERR_REDIRECT] 
2026-05-28 15:09:18,801 [ERROR] LogOutputStream:75 - [STDERR_REDIRECT] [Fatal Error] :1:1: Premature end of file.
2026-05-28 15:09:18,801 [ERROR] LogOutputStream:75 - [STDERR_REDIRECT] 
2026-05-28 15:09:19,798 [ERROR] LogOutputStream:75 - [STDERR_REDIRECT] [Fatal Error] :1:1: Premature end of file.
2026-05-28 15:09:19,798 [ERROR] LogOutputStream:75 - [STDERR_REDIRECT] 
2026-05-28 15:09:20,802 [ERROR] LogOutputStream:75 - [STDERR_REDIRECT] [Fatal Error] :1:1: Premature end of file.
2026-05-28 15:09:20,802 [ERROR] LogOutputStream:75 - [STDERR_REDIRECT] 
2026-05-28 15:09:21,799 [ERROR] LogOutputStream:75 - [STDERR_REDIRECT] [Fatal Error] :1:1: Premature end of file.
2026-05-28 15:09:21,799 [ERROR] LogOutputStream:75 - [STDERR_REDIRECT] 
2026-05-28 15:09:22,801 [ERROR] LogOutputStream:75 - [STDERR_REDIRECT] [Fatal Error] :1:1: Premature end of file.
2026-05-28 15:09:22,802 [ERROR] LogOutputStream:75 - [STDERR_REDIRECT] 
2026-05-28 15:09:23,806 [ERROR] LogOutputStream:75 - [STDERR_REDIRECT] [Fatal Error] :1:1: Premature end of file.
2026-05-28 15:09:23,807 [ERROR] LogOutputStream:75 - [STDERR_REDIRECT] 
2026-05-28 15:09:24,500 [ERROR] ConfigurationRetriever:142 - IOException on connection: sw-center.st.com
2026-05-28 15:09:24,500 [ERROR] ConfigurationRetriever:142 - IOException on connection: sw-center.st.com
2026-05-28 15:09:24,501 [ERROR] ConfigurationRetriever:142 - IOException on connection: sw-center.st.com
2026-05-28 15:09:24,795 [ERROR] LogOutputStream:75 - [STDERR_REDIRECT] [Fatal Error] :1:1: Premature end of file.
2026-05-28 15:09:24,795 [ERROR] LogOutputStream:75 - [STDERR_REDIRECT] 
2026-05-28 15:09:25,797 [ERROR] LogOutputStream:75 - [STDERR_REDIRECT] [Fatal Error] :1:1: Premature end of file.
2026-05-28 15:09:25,798 [ERROR] LogOutputStream:75 - [STDERR_REDIRECT] 
2026-05-28 15:09:26,801 [ERROR] LogOutputStream:75 - [STDERR_REDIRECT] [Fatal Error] :1:1: Premature end of file.
2026-05-28 15:09:26,802 [ERROR] LogOutputStream:75 - [STDERR_REDIRECT] 
2026-05-28 15:09:27,802 [ERROR] LogOutputStream:75 - [STDERR_REDIRECT] [Fatal Error] :1:1: Premature end of file.
2026-05-28 15:09:27,802 [ERROR] LogOutputStream:75 - [STDERR_REDIRECT] 
2026-05-28 15:09:28,798 [ERROR] LogOutputStream:75 - [STDERR_REDIRECT] [Fatal Error] :1:1: Premature end of file.
2026-05-28 15:09:28,798 [ERROR] LogOutputStream:75 - [STDERR_REDIRECT] 
2026-05-28 15:09:29,800 [ERROR] LogOutputStream:75 - [STDERR_REDIRECT] [Fatal Error] :1:1: Premature end of file.
2026-05-28 15:09:29,800 [ERROR] LogOutputStream:75 - [STDERR_REDIRECT] 
2026-05-28 15:09:30,801 [ERROR] LogOutputStream:75 - [STDERR_REDIRECT] [Fatal Error] :1:1: Premature end of file.
2026-05-28 15:09:30,801 [ERROR] LogOutputStream:75 - [STDERR_REDIRECT] 
2026-05-28 15:09:31,802 [ERROR] LogOutputStream:75 - [STDERR_REDIRECT] [Fatal Error] :1:1: Premature end of file.
2026-05-28 15:09:31,803 [ERROR] LogOutputStream:75 - [STDERR_REDIRECT] 
2026-05-28 15:09:32,791 [ERROR] LogOutputStream:75 - [STDERR_REDIRECT] [Fatal Error] :1:1: Premature end of file.
2026-05-28 15:09:32,791 [ERROR] LogOutputStream:75 - [STDERR_REDIRECT] 
2026-05-28 15:09:33,796 [ERROR] LogOutputStream:75 - [STDERR_REDIRECT] [Fatal Error] :1:1: Premature end of file.
2026-05-28 15:09:33,796 [ERROR] LogOutputStream:75 - [STDERR_REDIRECT] 
2026-05-28 15:09:34,800 [ERROR] LogOutputStream:75 - [STDERR_REDIRECT] [Fatal Error] :1:1: Premature end of file.
2026-05-28 15:09:34,800 [ERROR] LogOutputStream:75 - [STDERR_REDIRECT] 
2026-05-28 15:09:35,797 [ERROR] LogOutputStream:75 - [STDERR_REDIRECT] [Fatal Error] :1:1: Premature end of file.
2026-05-28 15:09:35,797 [ERROR] LogOutputStream:75 - [STDERR_REDIRECT] 
2026-05-28 15:09:36,799 [ERROR] LogOutputStream:75 - [STDERR_REDIRECT] [Fatal Error] :1:1: Premature end of file.
2026-05-28 15:09:36,799 [ERROR] LogOutputStream:75 - [STDERR_REDIRECT] 
2026-05-28 15:09:37,800 [ERROR] LogOutputStream:75 - [STDERR_REDIRECT] [Fatal Error] :1:1: Premature end of file.
2026-05-28 15:09:37,800 [ERROR] LogOutputStream:75 - [STDERR_REDIRECT] 
2026-05-28 15:09:38,798 [ERROR] LogOutputStream:75 - [STDERR_REDIRECT] [Fatal Error] :1:1: Premature end of file.
2026-05-28 15:09:38,798 [ERROR] LogOutputStream:75 - [STDERR_REDIRECT] 
2026-05-28 15:09:39,803 [ERROR] LogOutputStream:75 - [STDERR_REDIRECT] [Fatal Error] :1:1: Premature end of file.
2026-05-28 15:09:39,803 [ERROR] LogOutputStream:75 - [STDERR_REDIRECT] 
2026-05-28 15:09:40,801 [ERROR] LogOutputStream:75 - [STDERR_REDIRECT] [Fatal Error] :1:1: Premature end of file.
2026-05-28 15:09:40,801 [ERROR] LogOutputStream:75 - [STDERR_REDIRECT] 
2026-05-28 15:09:41,804 [ERROR] LogOutputStream:75 - [STDERR_REDIRECT] [Fatal Error] :1:1: Premature end of file.
2026-05-28 15:09:41,804 [ERROR] LogOutputStream:75 - [STDERR_REDIRECT] 
2026-05-28 15:09:42,796 [ERROR] LogOutputStream:75 - [STDERR_REDIRECT] [Fatal Error] :1:1: Premature end of file.
2026-05-28 15:09:42,796 [ERROR] LogOutputStream:75 - [STDERR_REDIRECT] 
2026-05-28 15:09:43,797 [ERROR] LogOutputStream:75 - [STDERR_REDIRECT] [Fatal Error] :1:1: Premature end of file.
2026-05-28 15:09:43,797 [ERROR] LogOutputStream:75 - [STDERR_REDIRECT] 
2026-05-28 15:09:44,797 [ERROR] LogOutputStream:75 - [STDERR_REDIRECT] [Fatal Error] :1:1: Premature end of file.
2026-05-28 15:09:44,798 [ERROR] LogOutputStream:75 - [STDERR_REDIRECT] 
2026-05-28 15:09:45,797 [ERROR] LogOutputStream:75 - [STDERR_REDIRECT] [Fatal Error] :1:1: Premature end of file.
2026-05-28 15:09:45,797 [ERROR] LogOutputStream:75 - [STDERR_REDIRECT] 
2026-05-28 15:09:46,797 [ERROR] LogOutputStream:75 - [STDERR_REDIRECT] [Fatal Error] :1:1: Premature end of file.
2026-05-28 15:09:46,797 [ERROR] LogOutputStream:75 - [STDERR_REDIRECT] 
2026-05-28 15:09:47,798 [ERROR] LogOutputStream:75 - [STDERR_REDIRECT] [Fatal Error] :1:1: Premature end of file.
2026-05-28 15:09:47,798 [ERROR] LogOutputStream:75 - [STDERR_REDIRECT] 
2026-05-28 15:09:48,796 [ERROR] LogOutputStream:75 - [STDERR_REDIRECT] [Fatal Error] :1:1: Premature end of file.
2026-05-28 15:09:48,796 [ERROR] LogOutputStream:75 - [STDERR_REDIRECT] 
2026-05-28 15:09:49,799 [ERROR] LogOutputStream:75 - [STDERR_REDIRECT] [Fatal Error] :1:1: Premature end of file.
2026-05-28 15:09:49,799 [ERROR] LogOutputStream:75 - [STDERR_REDIRECT] 
2026-05-28 15:09:50,802 [ERROR] LogOutputStream:75 - [STDERR_REDIRECT] [Fatal Error] :1:1: Premature end of file.
2026-05-28 15:09:50,802 [ERROR] LogOutputStream:75 - [STDERR_REDIRECT] 
2026-05-28 15:09:51,804 [ERROR] LogOutputStream:75 - [STDERR_REDIRECT] [Fatal Error] :1:1: Premature end of file.
2026-05-28 15:09:51,805 [ERROR] LogOutputStream:75 - [STDERR_REDIRECT] 
2026-05-28 15:09:52,805 [ERROR] LogOutputStream:75 - [STDERR_REDIRECT] [Fatal Error] :1:1: Premature end of file.
2026-05-28 15:09:52,805 [ERROR] LogOutputStream:75 - [STDERR_REDIRECT] 
2026-05-28 15:09:53,810 [ERROR] LogOutputStream:75 - [STDERR_REDIRECT] [Fatal Error] :1:1: Premature end of file.
2026-05-28 15:09:53,810 [ERROR] LogOutputStream:75 - [STDERR_REDIRECT] 
2026-05-28 15:09:54,805 [ERROR] LogOutputStream:75 - [STDERR_REDIRECT] [Fatal Error] :1:1: Premature end of file.
2026-05-28 15:09:54,805 [ERROR] LogOutputStream:75 - [STDERR_REDIRECT] 
2026-05-28 15:09:55,805 [ERROR] LogOutputStream:75 - [STDERR_REDIRECT] [Fatal Error] :1:1: Premature end of file.
2026-05-28 15:09:55,806 [ERROR] LogOutputStream:75 - [STDERR_REDIRECT] 
2026-05-28 15:09:56,803 [ERROR] LogOutputStream:75 - [STDERR_REDIRECT] [Fatal Error] :1:1: Premature end of file.
2026-05-28 15:09:56,803 [ERROR] LogOutputStream:75 - [STDERR_REDIRECT] 
2026-05-28 15:09:57,798 [ERROR] LogOutputStream:75 - [STDERR_REDIRECT] [Fatal Error] :1:1: Premature end of file.
2026-05-28 15:09:57,798 [ERROR] LogOutputStream:75 - [STDERR_REDIRECT] 
2026-05-28 15:09:58,799 [ERROR] LogOutputStream:75 - [STDERR_REDIRECT] [Fatal Error] :1:1: Premature end of file.
2026-05-28 15:09:58,799 [ERROR] LogOutputStream:75 - [STDERR_REDIRECT] 
2026-05-28 15:09:59,796 [ERROR] LogOutputStream:75 - [STDERR_REDIRECT] [Fatal Error] :1:1: Premature end of file.
2026-05-28 15:09:59,797 [ERROR] LogOutputStream:75 - [STDERR_REDIRECT] 
2026-05-28 15:10:00,796 [ERROR] LogOutputStream:75 - [STDERR_REDIRECT] [Fatal Error] :1:1: Premature end of file.
2026-05-28 15:10:00,796 [ERROR] LogOutputStream:75 - [STDERR_REDIRECT] 
2026-05-28 15:10:01,796 [ERROR] LogOutputStream:75 - [STDERR_REDIRECT] [Fatal Error] :1:1: Premature end of file.
2026-05-28 15:10:01,796 [ERROR] LogOutputStream:75 - [STDERR_REDIRECT] 
2026-05-28 15:10:02,795 [ERROR] LogOutputStream:75 - [STDERR_REDIRECT] [Fatal Error] :1:1: Premature end of file.
2026-05-28 15:10:02,795 [ERROR] LogOutputStream:75 - [STDERR_REDIRECT] 
2026-05-28 15:10:03,797 [ERROR] LogOutputStream:75 - [STDERR_REDIRECT] [Fatal Error] :1:1: Premature end of file.
2026-05-28 15:10:03,797 [ERROR] LogOutputStream:75 - [STDERR_REDIRECT] 
2026-05-28 15:10:04,852 [ERROR] LogOutputStream:75 - [STDERR_REDIRECT] [Fatal Error] :1:1: Premature end of file.
2026-05-28 15:10:04,852 [ERROR] LogOutputStream:75 - [STDERR_REDIRECT] 
2026-05-28 15:10:05,798 [ERROR] LogOutputStream:75 - [STDERR_REDIRECT] [Fatal Error] :1:1: Premature end of file.
2026-05-28 15:10:05,798 [ERROR] LogOutputStream:75 - [STDERR_REDIRECT] 
2026-05-28 15:10:06,796 [ERROR] LogOutputStream:75 - [STDERR_REDIRECT] [Fatal Error] :1:1: Premature end of file.
2026-05-28 15:10:06,797 [ERROR] LogOutputStream:75 - [STDERR_REDIRECT] 
2026-05-28 15:10:07,798 [ERROR] LogOutputStream:75 - [STDERR_REDIRECT] [Fatal Error] :1:1: Premature end of file.
2026-05-28 15:10:07,798 [ERROR] LogOutputStream:75 - [STDERR_REDIRECT] 
2026-05-28 15:10:08,806 [ERROR] LogOutputStream:75 - [STDERR_REDIRECT] [Fatal Error] :1:1: Premature end of file.
2026-05-28 15:10:08,807 [ERROR] LogOutputStream:75 - [STDERR_REDIRECT] 
2026-05-28 15:10:09,797 [ERROR] LogOutputStream:75 - [STDERR_REDIRECT] [Fatal Error] :1:1: Premature end of file.
2026-05-28 15:10:09,797 [ERROR] LogOutputStream:75 - [STDERR_REDIRECT] 
2026-05-28 15:10:10,798 [ERROR] LogOutputStream:75 - [STDERR_REDIRECT] [Fatal Error] :1:1: Premature end of file.
2026-05-28 15:10:10,798 [ERROR] LogOutputStream:75 - [STDERR_REDIRECT] 
2026-05-28 15:10:11,796 [ERROR] LogOutputStream:75 - [STDERR_REDIRECT] [Fatal Error] :1:1: Premature end of file.
2026-05-28 15:10:11,796 [ERROR] LogOutputStream:75 - [STDERR_REDIRECT] 
2026-05-28 15:10:12,797 [ERROR] LogOutputStream:75 - [STDERR_REDIRECT] [Fatal Error] :1:1: Premature end of file.
2026-05-28 15:10:12,797 [ERROR] LogOutputStream:75 - [STDERR_REDIRECT] 
2026-05-28 15:10:13,798 [ERROR] LogOutputStream:75 - [STDERR_REDIRECT] [Fatal Error] :1:1: Premature end of file.
2026-05-28 15:10:13,799 [ERROR] LogOutputStream:75 - [STDERR_REDIRECT] 
2026-05-28 15:10:14,796 [ERROR] LogOutputStream:75 - [STDERR_REDIRECT] [Fatal Error] :1:1: Premature end of file.
2026-05-28 15:10:14,796 [ERROR] LogOutputStream:75 - [STDERR_REDIRECT] 
2026-05-28 15:10:15,798 [ERROR] LogOutputStream:75 - [STDERR_REDIRECT] [Fatal Error] :1:1: Premature end of file.
2026-05-28 15:10:15,798 [ERROR] LogOutputStream:75 - [STDERR_REDIRECT] 
2026-05-28 15:10:16,795 [ERROR] LogOutputStream:75 - [STDERR_REDIRECT] [Fatal Error] :1:1: Premature end of file.
2026-05-28 15:10:16,796 [ERROR] LogOutputStream:75 - [STDERR_REDIRECT] 
2026-05-28 15:10:17,800 [ERROR] LogOutputStream:75 - [STDERR_REDIRECT] [Fatal Error] :1:1: Premature end of file.
2026-05-28 15:10:17,800 [ERROR] LogOutputStream:75 - [STDERR_REDIRECT] 
2026-05-28 15:10:18,798 [ERROR] LogOutputStream:75 - [STDERR_REDIRECT] [Fatal Error] :1:1: Premature end of file.
2026-05-28 15:10:18,799 [ERROR] LogOutputStream:75 - [STDERR_REDIRECT] 
2026-05-28 15:10:19,801 [ERROR] LogOutputStream:75 - [STDERR_REDIRECT] [Fatal Error] :1:1: Premature end of file.
2026-05-28 15:10:19,801 [ERROR] LogOutputStream:75 - [STDERR_REDIRECT] 
2026-05-28 15:10:20,798 [ERROR] LogOutputStream:75 - [STDERR_REDIRECT] [Fatal Error] :1:1: Premature end of file.
2026-05-28 15:10:20,799 [ERROR] LogOutputStream:75 - [STDERR_REDIRECT] 
2026-05-28 15:10:21,798 [ERROR] LogOutputStream:75 - [STDERR_REDIRECT] [Fatal Error] :1:1: Premature end of file.
2026-05-28 15:10:21,799 [ERROR] LogOutputStream:75 - [STDERR_REDIRECT] 
2026-05-28 15:10:22,797 [ERROR] LogOutputStream:75 - [STDERR_REDIRECT] [Fatal Error] :1:1: Premature end of file.
2026-05-28 15:10:22,797 [ERROR] LogOutputStream:75 - [STDERR_REDIRECT] 
2026-05-28 15:10:23,798 [ERROR] LogOutputStream:75 - [STDERR_REDIRECT] [Fatal Error] :1:1: Premature end of file.
2026-05-28 15:10:23,798 [ERROR] LogOutputStream:75 - [STDERR_REDIRECT] 
2026-05-28 15:10:24,799 [ERROR] LogOutputStream:75 - [STDERR_REDIRECT] [Fatal Error] :1:1: Premature end of file.
2026-05-28 15:10:24,799 [ERROR] LogOutputStream:75 - [STDERR_REDIRECT] 
2026-05-28 15:10:25,799 [ERROR] LogOutputStream:75 - [STDERR_REDIRECT] [Fatal Error] :1:1: Premature end of file.
2026-05-28 15:10:25,800 [ERROR] LogOutputStream:75 - [STDERR_REDIRECT] 
2026-05-28 15:10:26,805 [ERROR] LogOutputStream:75 - [STDERR_REDIRECT] [Fatal Error] :1:1: Premature end of file.
2026-05-28 15:10:26,805 [ERROR] LogOutputStream:75 - [STDERR_REDIRECT] 
2026-05-28 15:10:27,845 [ERROR] LogOutputStream:75 - [STDERR_REDIRECT] [Fatal Error] :1:1: Premature end of file.
2026-05-28 15:10:27,845 [ERROR] LogOutputStream:75 - [STDERR_REDIRECT] 
2026-05-28 15:10:28,821 [ERROR] LogOutputStream:75 - [STDERR_REDIRECT] [Fatal Error] :1:1: Premature end of file.
2026-05-28 15:10:28,821 [ERROR] LogOutputStream:75 - [STDERR_REDIRECT] 
2026-05-28 15:10:29,822 [ERROR] LogOutputStream:75 - [STDERR_REDIRECT] [Fatal Error] :1:1: Premature end of file.
2026-05-28 15:10:29,822 [ERROR] LogOutputStream:75 - [STDERR_REDIRECT] 
2026-05-28 15:10:30,837 [ERROR] LogOutputStream:75 - [STDERR_REDIRECT] [Fatal Error] :1:1: Premature end of file.
2026-05-28 15:10:30,837 [ERROR] LogOutputStream:75 - [STDERR_REDIRECT] 
2026-05-28 15:10:31,826 [ERROR] LogOutputStream:75 - [STDERR_REDIRECT] [Fatal Error] :1:1: Premature end of file.
2026-05-28 15:10:31,827 [ERROR] LogOutputStream:75 - [STDERR_REDIRECT] 
2026-05-28 15:10:32,812 [ERROR] LogOutputStream:75 - [STDERR_REDIRECT] [Fatal Error] :1:1: Premature end of file.
2026-05-28 15:10:32,813 [ERROR] LogOutputStream:75 - [STDERR_REDIRECT] 
2026-05-28 15:10:33,805 [ERROR] LogOutputStream:75 - [STDERR_REDIRECT] [Fatal Error] :1:1: Premature end of file.
2026-05-28 15:10:33,805 [ERROR] LogOutputStream:75 - [STDERR_REDIRECT] 
2026-05-28 15:10:34,805 [ERROR] LogOutputStream:75 - [STDERR_REDIRECT] [Fatal Error] :1:1: Premature end of file.
2026-05-28 15:10:34,805 [ERROR] LogOutputStream:75 - [STDERR_REDIRECT] 
2026-05-28 15:10:35,809 [ERROR] LogOutputStream:75 - [STDERR_REDIRECT] [Fatal Error] :1:1: Premature end of file.
2026-05-28 15:10:35,809 [ERROR] LogOutputStream:75 - [STDERR_REDIRECT] 
2026-05-28 15:10:36,842 [ERROR] LogOutputStream:75 - [STDERR_REDIRECT] [Fatal Error] :1:1: Premature end of file.
2026-05-28 15:10:36,842 [ERROR] LogOutputStream:75 - [STDERR_REDIRECT] 
2026-05-28 15:10:37,839 [ERROR] LogOutputStream:75 - [STDERR_REDIRECT] [Fatal Error] :1:1: Premature end of file.
2026-05-28 15:10:37,840 [ERROR] LogOutputStream:75 - [STDERR_REDIRECT] 
2026-05-28 15:10:38,799 [ERROR] LogOutputStream:75 - [STDERR_REDIRECT] [Fatal Error] :1:1: Premature end of file.
2026-05-28 15:10:38,800 [ERROR] LogOutputStream:75 - [STDERR_REDIRECT] 
2026-05-28 15:10:39,800 [ERROR] LogOutputStream:75 - [STDERR_REDIRECT] [Fatal Error] :1:1: Premature end of file.
2026-05-28 15:10:39,801 [ERROR] LogOutputStream:75 - [STDERR_REDIRECT] 
2026-05-28 15:10:40,802 [ERROR] LogOutputStream:75 - [STDERR_REDIRECT] [Fatal Error] :1:1: Premature end of file.
2026-05-28 15:10:40,802 [ERROR] LogOutputStream:75 - [STDERR_REDIRECT] 
2026-05-28 15:10:41,799 [ERROR] LogOutputStream:75 - [STDERR_REDIRECT] [Fatal Error] :1:1: Premature end of file.
2026-05-28 15:10:41,799 [ERROR] LogOutputStream:75 - [STDERR_REDIRECT] 
2026-05-28 15:10:42,805 [ERROR] LogOutputStream:75 - [STDERR_REDIRECT] [Fatal Error] :1:1: Premature end of file.
2026-05-28 15:10:42,805 [ERROR] LogOutputStream:75 - [STDERR_REDIRECT] 
2026-05-28 15:10:43,807 [ERROR] LogOutputStream:75 - [STDERR_REDIRECT] [Fatal Error] :1:1: Premature end of file.
2026-05-28 15:10:43,807 [ERROR] LogOutputStream:75 - [STDERR_REDIRECT] 
2026-05-28 15:10:44,811 [ERROR] LogOutputStream:75 - [STDERR_REDIRECT] [Fatal Error] :1:1: Premature end of file.
2026-05-28 15:10:44,811 [ERROR] LogOutputStream:75 - [STDERR_REDIRECT] 
2026-05-28 15:10:45,810 [ERROR] LogOutputStream:75 - [STDERR_REDIRECT] [Fatal Error] :1:1: Premature end of file.
2026-05-28 15:10:45,810 [ERROR] LogOutputStream:75 - [STDERR_REDIRECT] 
2026-05-28 15:10:46,812 [ERROR] LogOutputStream:75 - [STDERR_REDIRECT] [Fatal Error] :1:1: Premature end of file.
2026-05-28 15:10:46,813 [ERROR] LogOutputStream:75 - [STDERR_REDIRECT] 
2026-05-28 15:10:47,802 [ERROR] LogOutputStream:75 - [STDERR_REDIRECT] [Fatal Error] :1:1: Premature end of file.
2026-05-28 15:10:47,802 [ERROR] LogOutputStream:75 - [STDERR_REDIRECT] 
2026-05-28 15:10:48,804 [ERROR] LogOutputStream:75 - [STDERR_REDIRECT] [Fatal Error] :1:1: Premature end of file.
2026-05-28 15:10:48,804 [ERROR] LogOutputStream:75 - [STDERR_REDIRECT] 
2026-05-28 15:10:49,810 [ERROR] LogOutputStream:75 - [STDERR_REDIRECT] [Fatal Error] :1:1: Premature end of file.
2026-05-28 15:10:49,810 [ERROR] LogOutputStream:75 - [STDERR_REDIRECT] 
2026-05-28 15:10:50,790 [ERROR] LogOutputStream:75 - [STDERR_REDIRECT] [Fatal Error] :1:1: Premature end of file.
2026-05-28 15:10:50,790 [ERROR] LogOutputStream:75 - [STDERR_REDIRECT] 
2026-05-28 15:10:51,814 [ERROR] LogOutputStream:75 - [STDERR_REDIRECT] [Fatal Error] :1:1: Premature end of file.
2026-05-28 15:10:51,814 [ERROR] LogOutputStream:75 - [STDERR_REDIRECT] 
2026-05-28 15:10:52,789 [ERROR] LogOutputStream:75 - [STDERR_REDIRECT] [Fatal Error] :1:1: Premature end of file.
2026-05-28 15:10:52,790 [ERROR] LogOutputStream:75 - [STDERR_REDIRECT] 
2026-05-28 15:10:53,818 [ERROR] LogOutputStream:75 - [STDERR_REDIRECT] [Fatal Error] :1:1: Premature end of file.
2026-05-28 15:10:53,818 [ERROR] LogOutputStream:75 - [STDERR_REDIRECT] 
2026-05-28 15:10:54,794 [ERROR] LogOutputStream:75 - [STDERR_REDIRECT] [Fatal Error] :1:1: Premature end of file.
2026-05-28 15:10:54,794 [ERROR] LogOutputStream:75 - [STDERR_REDIRECT] 
2026-05-28 15:10:55,796 [ERROR] LogOutputStream:75 - [STDERR_REDIRECT] [Fatal Error] :1:1: Premature end of file.
2026-05-28 15:10:55,796 [ERROR] LogOutputStream:75 - [STDERR_REDIRECT] 
2026-05-28 15:10:56,803 [ERROR] LogOutputStream:75 - [STDERR_REDIRECT] [Fatal Error] :1:1: Premature end of file.
2026-05-28 15:10:56,803 [ERROR] LogOutputStream:75 - [STDERR_REDIRECT] 
2026-05-28 15:10:57,803 [ERROR] LogOutputStream:75 - [STDERR_REDIRECT] [Fatal Error] :1:1: Premature end of file.
2026-05-28 15:10:57,804 [ERROR] LogOutputStream:75 - [STDERR_REDIRECT] 
2026-05-28 15:10:58,803 [ERROR] LogOutputStream:75 - [STDERR_REDIRECT] [Fatal Error] :1:1: Premature end of file.
2026-05-28 15:10:58,803 [ERROR] LogOutputStream:75 - [STDERR_REDIRECT] 
2026-05-28 15:10:59,808 [ERROR] LogOutputStream:75 - [STDERR_REDIRECT] [Fatal Error] :1:1: Premature end of file.
2026-05-28 15:10:59,808 [ERROR] LogOutputStream:75 - [STDERR_REDIRECT] 
2026-05-28 15:11:00,800 [ERROR] LogOutputStream:75 - [STDERR_REDIRECT] [Fatal Error] :1:1: Premature end of file.
2026-05-28 15:11:00,801 [ERROR] LogOutputStream:75 - [STDERR_REDIRECT] 
2026-05-28 15:11:01,808 [ERROR] LogOutputStream:75 - [STDERR_REDIRECT] [Fatal Error] :1:1: Premature end of file.
2026-05-28 15:11:01,808 [ERROR] LogOutputStream:75 - [STDERR_REDIRECT] 
2026-05-28 15:11:02,816 [ERROR] LogOutputStream:75 - [STDERR_REDIRECT] [Fatal Error] :1:1: Premature end of file.
2026-05-28 15:11:02,817 [ERROR] LogOutputStream:75 - [STDERR_REDIRECT] 
2026-05-28 15:11:03,812 [ERROR] LogOutputStream:75 - [STDERR_REDIRECT] [Fatal Error] :1:1: Premature end of file.
2026-05-28 15:11:03,812 [ERROR] LogOutputStream:75 - [STDERR_REDIRECT] 
2026-05-28 15:11:04,809 [ERROR] LogOutputStream:75 - [STDERR_REDIRECT] [Fatal Error] :1:1: Premature end of file.
2026-05-28 15:11:04,809 [ERROR] LogOutputStream:75 - [STDERR_REDIRECT] 
2026-05-28 15:11:05,813 [ERROR] LogOutputStream:75 - [STDERR_REDIRECT] [Fatal Error] :1:1: Premature end of file.
2026-05-28 15:11:05,813 [ERROR] LogOutputStream:75 - [STDERR_REDIRECT] 
2026-05-28 15:11:06,812 [ERROR] LogOutputStream:75 - [STDERR_REDIRECT] [Fatal Error] :1:1: Premature end of file.
2026-05-28 15:11:06,813 [ERROR] LogOutputStream:75 - [STDERR_REDIRECT] 
2026-05-28 15:11:07,804 [ERROR] LogOutputStream:75 - [STDERR_REDIRECT] [Fatal Error] :1:1: Premature end of file.
2026-05-28 15:11:07,804 [ERROR] LogOutputStream:75 - [STDERR_REDIRECT] 
2026-05-28 15:11:08,812 [ERROR] LogOutputStream:75 - [STDERR_REDIRECT] [Fatal Error] :1:1: Premature end of file.
2026-05-28 15:11:08,813 [ERROR] LogOutputStream:75 - [STDERR_REDIRECT] 
2026-05-28 15:11:09,812 [ERROR] LogOutputStream:75 - [STDERR_REDIRECT] [Fatal Error] :1:1: Premature end of file.
2026-05-28 15:11:09,813 [ERROR] LogOutputStream:75 - [STDERR_REDIRECT] 
2026-05-28 15:11:10,805 [ERROR] LogOutputStream:75 - [STDERR_REDIRECT] [Fatal Error] :1:1: Premature end of file.
2026-05-28 15:11:10,805 [ERROR] LogOutputStream:75 - [STDERR_REDIRECT] 
2026-05-28 15:11:11,818 [ERROR] LogOutputStream:75 - [STDERR_REDIRECT] [Fatal Error] :1:1: Premature end of file.
2026-05-28 15:11:11,819 [ERROR] LogOutputStream:75 - [STDERR_REDIRECT] 
2026-05-28 15:11:12,805 [ERROR] LogOutputStream:75 - [STDERR_REDIRECT] [Fatal Error] :1:1: Premature end of file.
2026-05-28 15:11:12,805 [ERROR] LogOutputStream:75 - [STDERR_REDIRECT] 
2026-05-28 15:11:13,805 [ERROR] LogOutputStream:75 - [STDERR_REDIRECT] [Fatal Error] :1:1: Premature end of file.
2026-05-28 15:11:13,805 [ERROR] LogOutputStream:75 - [STDERR_REDIRECT] 
2026-05-28 15:11:14,806 [ERROR] LogOutputStream:75 - [STDERR_REDIRECT] [Fatal Error] :1:1: Premature end of file.
2026-05-28 15:11:14,806 [ERROR] LogOutputStream:75 - [STDERR_REDIRECT] 
2026-05-28 15:11:15,807 [ERROR] LogOutputStream:75 - [STDERR_REDIRECT] [Fatal Error] :1:1: Premature end of file.
2026-05-28 15:11:15,807 [ERROR] LogOutputStream:75 - [STDERR_REDIRECT] 
2026-05-28 15:11:16,804 [ERROR] LogOutputStream:75 - [STDERR_REDIRECT] [Fatal Error] :1:1: Premature end of file.
2026-05-28 15:11:16,805 [ERROR] LogOutputStream:75 - [STDERR_REDIRECT] 
2026-05-28 15:11:17,829 [ERROR] LogOutputStream:75 - [STDERR_REDIRECT] [Fatal Error] :1:1: Premature end of file.
2026-05-28 15:11:17,829 [ERROR] LogOutputStream:75 - [STDERR_REDIRECT] 
2026-05-28 15:11:18,809 [ERROR] LogOutputStream:75 - [STDERR_REDIRECT] [Fatal Error] :1:1: Premature end of file.
2026-05-28 15:11:18,809 [ERROR] LogOutputStream:75 - [STDERR_REDIRECT] 
2026-05-28 15:11:19,804 [ERROR] LogOutputStream:75 - [STDERR_REDIRECT] [Fatal Error] :1:1: Premature end of file.
2026-05-28 15:11:19,804 [ERROR] LogOutputStream:75 - [STDERR_REDIRECT] 
2026-05-28 15:11:20,810 [ERROR] LogOutputStream:75 - [STDERR_REDIRECT] [Fatal Error] :1:1: Premature end of file.
2026-05-28 15:11:20,810 [ERROR] LogOutputStream:75 - [STDERR_REDIRECT] 
2026-05-28 15:11:21,806 [ERROR] LogOutputStream:75 - [STDERR_REDIRECT] [Fatal Error] :1:1: Premature end of file.
2026-05-28 15:11:21,806 [ERROR] LogOutputStream:75 - [STDERR_REDIRECT] 
2026-05-28 15:11:22,823 [ERROR] LogOutputStream:75 - [STDERR_REDIRECT] [Fatal Error] :1:1: Premature end of file.
2026-05-28 15:11:22,823 [ERROR] LogOutputStream:75 - [STDERR_REDIRECT] 
2026-05-28 15:11:23,811 [ERROR] LogOutputStream:75 - [STDERR_REDIRECT] [Fatal Error] :1:1: Premature end of file.
2026-05-28 15:11:23,811 [ERROR] LogOutputStream:75 - [STDERR_REDIRECT] 
2026-05-28 15:11:24,819 [ERROR] LogOutputStream:75 - [STDERR_REDIRECT] [Fatal Error] :1:1: Premature end of file.
2026-05-28 15:11:24,819 [ERROR] LogOutputStream:75 - [STDERR_REDIRECT] 
2026-05-28 15:11:25,812 [ERROR] LogOutputStream:75 - [STDERR_REDIRECT] [Fatal Error] :1:1: Premature end of file.
2026-05-28 15:11:25,812 [ERROR] LogOutputStream:75 - [STDERR_REDIRECT] 
2026-05-28 15:11:26,809 [ERROR] LogOutputStream:75 - [STDERR_REDIRECT] [Fatal Error] :1:1: Premature end of file.
2026-05-28 15:11:26,809 [ERROR] LogOutputStream:75 - [STDERR_REDIRECT] 
2026-05-28 15:11:27,811 [ERROR] LogOutputStream:75 - [STDERR_REDIRECT] [Fatal Error] :1:1: Premature end of file.
2026-05-28 15:11:27,811 [ERROR] LogOutputStream:75 - [STDERR_REDIRECT] 
2026-05-28 15:11:28,820 [ERROR] LogOutputStream:75 - [STDERR_REDIRECT] [Fatal Error] :1:1: Premature end of file.
2026-05-28 15:11:28,821 [ERROR] LogOutputStream:75 - [STDERR_REDIRECT] 
2026-05-28 15:11:29,799 [ERROR] LogOutputStream:75 - [STDERR_REDIRECT] [Fatal Error] :1:1: Premature end of file.
2026-05-28 15:11:29,799 [ERROR] LogOutputStream:75 - [STDERR_REDIRECT] 
2026-05-28 15:11:30,812 [ERROR] LogOutputStream:75 - [STDERR_REDIRECT] [Fatal Error] :1:1: Premature end of file.
2026-05-28 15:11:30,812 [ERROR] LogOutputStream:75 - [STDERR_REDIRECT] 
2026-05-28 15:11:31,812 [ERROR] LogOutputStream:75 - [STDERR_REDIRECT] [Fatal Error] :1:1: Premature end of file.
2026-05-28 15:11:31,812 [ERROR] LogOutputStream:75 - [STDERR_REDIRECT] 
2026-05-28 15:11:32,808 [ERROR] LogOutputStream:75 - [STDERR_REDIRECT] [Fatal Error] :1:1: Premature end of file.
2026-05-28 15:11:32,809 [ERROR] LogOutputStream:75 - [STDERR_REDIRECT] 
2026-05-28 15:11:33,811 [ERROR] LogOutputStream:75 - [STDERR_REDIRECT] [Fatal Error] :1:1: Premature end of file.
2026-05-28 15:11:33,811 [ERROR] LogOutputStream:75 - [STDERR_REDIRECT] 
2026-05-28 15:11:34,815 [ERROR] LogOutputStream:75 - [STDERR_REDIRECT] [Fatal Error] :1:1: Premature end of file.
2026-05-28 15:11:34,816 [ERROR] LogOutputStream:75 - [STDERR_REDIRECT] 
2026-05-28 15:11:35,804 [ERROR] LogOutputStream:75 - [STDERR_REDIRECT] [Fatal Error] :1:1: Premature end of file.
2026-05-28 15:11:35,804 [ERROR] LogOutputStream:75 - [STDERR_REDIRECT] 
2026-05-28 15:11:36,817 [ERROR] LogOutputStream:75 - [STDERR_REDIRECT] [Fatal Error] :1:1: Premature end of file.
2026-05-28 15:11:36,817 [ERROR] LogOutputStream:75 - [STDERR_REDIRECT] 
2026-05-28 15:11:37,811 [ERROR] LogOutputStream:75 - [STDERR_REDIRECT] [Fatal Error] :1:1: Premature end of file.
2026-05-28 15:11:37,811 [ERROR] LogOutputStream:75 - [STDERR_REDIRECT] 
2026-05-28 15:11:38,815 [ERROR] LogOutputStream:75 - [STDERR_REDIRECT] [Fatal Error] :1:1: Premature end of file.
2026-05-28 15:11:38,817 [ERROR] LogOutputStream:75 - [STDERR_REDIRECT] 
2026-05-28 15:11:39,808 [ERROR] LogOutputStream:75 - [STDERR_REDIRECT] [Fatal Error] :1:1: Premature end of file.
2026-05-28 15:11:39,808 [ERROR] LogOutputStream:75 - [STDERR_REDIRECT] 
2026-05-28 15:11:40,812 [ERROR] LogOutputStream:75 - [STDERR_REDIRECT] [Fatal Error] :1:1: Premature end of file.
2026-05-28 15:11:40,813 [ERROR] LogOutputStream:75 - [STDERR_REDIRECT] 
2026-05-28 15:11:41,805 [ERROR] LogOutputStream:75 - [STDERR_REDIRECT] [Fatal Error] :1:1: Premature end of file.
2026-05-28 15:11:41,806 [ERROR] LogOutputStream:75 - [STDERR_REDIRECT] 
2026-05-28 15:11:42,810 [ERROR] LogOutputStream:75 - [STDERR_REDIRECT] [Fatal Error] :1:1: Premature end of file.
2026-05-28 15:11:42,810 [ERROR] LogOutputStream:75 - [STDERR_REDIRECT] 
2026-05-28 15:11:43,799 [ERROR] LogOutputStream:75 - [STDERR_REDIRECT] [Fatal Error] :1:1: Premature end of file.
2026-05-28 15:11:43,800 [ERROR] LogOutputStream:75 - [STDERR_REDIRECT] 
2026-05-28 15:11:44,816 [ERROR] LogOutputStream:75 - [STDERR_REDIRECT] [Fatal Error] :1:1: Premature end of file.
2026-05-28 15:11:44,817 [ERROR] LogOutputStream:75 - [STDERR_REDIRECT] 
2026-05-28 15:11:45,818 [ERROR] LogOutputStream:75 - [STDERR_REDIRECT] [Fatal Error] :1:1: Premature end of file.
2026-05-28 15:11:45,818 [ERROR] LogOutputStream:75 - [STDERR_REDIRECT] 
2026-05-28 15:11:46,817 [ERROR] LogOutputStream:75 - [STDERR_REDIRECT] [Fatal Error] :1:1: Premature end of file.
2026-05-28 15:11:46,817 [ERROR] LogOutputStream:75 - [STDERR_REDIRECT] 
2026-05-28 15:11:47,816 [ERROR] LogOutputStream:75 - [STDERR_REDIRECT] [Fatal Error] :1:1: Premature end of file.
2026-05-28 15:11:47,816 [ERROR] LogOutputStream:75 - [STDERR_REDIRECT] 
2026-05-28 15:11:48,809 [ERROR] LogOutputStream:75 - [STDERR_REDIRECT] [Fatal Error] :1:1: Premature end of file.
2026-05-28 15:11:48,809 [ERROR] LogOutputStream:75 - [STDERR_REDIRECT] 
2026-05-28 15:11:49,810 [ERROR] LogOutputStream:75 - [STDERR_REDIRECT] [Fatal Error] :1:1: Premature end of file.
2026-05-28 15:11:49,811 [ERROR] LogOutputStream:75 - [STDERR_REDIRECT] 
2026-05-28 15:11:50,809 [ERROR] LogOutputStream:75 - [STDERR_REDIRECT] [Fatal Error] :1:1: Premature end of file.
2026-05-28 15:11:50,810 [ERROR] LogOutputStream:75 - [STDERR_REDIRECT] 
2026-05-28 15:11:51,810 [ERROR] LogOutputStream:75 - [STDERR_REDIRECT] [Fatal Error] :1:1: Premature end of file.
2026-05-28 15:11:51,810 [ERROR] LogOutputStream:75 - [STDERR_REDIRECT] 
2026-05-28 15:11:52,811 [ERROR] LogOutputStream:75 - [STDERR_REDIRECT] [Fatal Error] :1:1: Premature end of file.
2026-05-28 15:11:52,812 [ERROR] LogOutputStream:75 - [STDERR_REDIRECT] 
2026-05-28 15:11:53,809 [ERROR] LogOutputStream:75 - [STDERR_REDIRECT] [Fatal Error] :1:1: Premature end of file.
2026-05-28 15:11:53,809 [ERROR] LogOutputStream:75 - [STDERR_REDIRECT] 
2026-05-28 15:11:54,803 [ERROR] LogOutputStream:75 - [STDERR_REDIRECT] [Fatal Error] :1:1: Premature end of file.
2026-05-28 15:11:54,803 [ERROR] LogOutputStream:75 - [STDERR_REDIRECT] 
2026-05-28 15:11:55,801 [ERROR] LogOutputStream:75 - [STDERR_REDIRECT] [Fatal Error] :1:1: Premature end of file.
2026-05-28 15:11:55,801 [ERROR] LogOutputStream:75 - [STDERR_REDIRECT] 
2026-05-28 15:11:56,805 [ERROR] LogOutputStream:75 - [STDERR_REDIRECT] [Fatal Error] :1:1: Premature end of file.
2026-05-28 15:11:56,805 [ERROR] LogOutputStream:75 - [STDERR_REDIRECT] 
2026-05-28 15:11:57,803 [ERROR] LogOutputStream:75 - [STDERR_REDIRECT] [Fatal Error] :1:1: Premature end of file.
2026-05-28 15:11:57,804 [ERROR] LogOutputStream:75 - [STDERR_REDIRECT] 
2026-05-28 15:11:58,818 [ERROR] LogOutputStream:75 - [STDERR_REDIRECT] [Fatal Error] :1:1: Premature end of file.
2026-05-28 15:11:58,818 [ERROR] LogOutputStream:75 - [STDERR_REDIRECT] 
2026-05-28 15:11:59,821 [ERROR] LogOutputStream:75 - [STDERR_REDIRECT] [Fatal Error] :1:1: Premature end of file.
2026-05-28 15:11:59,821 [ERROR] LogOutputStream:75 - [STDERR_REDIRECT] 
2026-05-28 15:12:00,811 [ERROR] LogOutputStream:75 - [STDERR_REDIRECT] [Fatal Error] :1:1: Premature end of file.
2026-05-28 15:12:00,811 [ERROR] LogOutputStream:75 - [STDERR_REDIRECT] 
2026-05-28 15:12:01,819 [ERROR] LogOutputStream:75 - [STDERR_REDIRECT] [Fatal Error] :1:1: Premature end of file.
2026-05-28 15:12:01,819 [ERROR] LogOutputStream:75 - [STDERR_REDIRECT] 
2026-05-28 15:12:02,814 [ERROR] LogOutputStream:75 - [STDERR_REDIRECT] [Fatal Error] :1:1: Premature end of file.
2026-05-28 15:12:02,814 [ERROR] LogOutputStream:75 - [STDERR_REDIRECT] 
2026-05-28 15:12:03,802 [ERROR] LogOutputStream:75 - [STDERR_REDIRECT] [Fatal Error] :1:1: Premature end of file.
2026-05-28 15:12:03,802 [ERROR] LogOutputStream:75 - [STDERR_REDIRECT] 
2026-05-28 15:12:04,807 [ERROR] LogOutputStream:75 - [STDERR_REDIRECT] [Fatal Error] :1:1: Premature end of file.
2026-05-28 15:12:04,807 [ERROR] LogOutputStream:75 - [STDERR_REDIRECT] 
2026-05-28 15:12:05,802 [ERROR] LogOutputStream:75 - [STDERR_REDIRECT] [Fatal Error] :1:1: Premature end of file.
2026-05-28 15:12:05,802 [ERROR] LogOutputStream:75 - [STDERR_REDIRECT] 
2026-05-28 15:12:06,805 [ERROR] LogOutputStream:75 - [STDERR_REDIRECT] [Fatal Error] :1:1: Premature end of file.
2026-05-28 15:12:06,805 [ERROR] LogOutputStream:75 - [STDERR_REDIRECT] 
2026-05-28 15:12:07,797 [ERROR] LogOutputStream:75 - [STDERR_REDIRECT] [Fatal Error] :1:1: Premature end of file.
2026-05-28 15:12:07,798 [ERROR] LogOutputStream:75 - [STDERR_REDIRECT] 
2026-05-28 15:12:08,806 [ERROR] LogOutputStream:75 - [STDERR_REDIRECT] [Fatal Error] :1:1: Premature end of file.
2026-05-28 15:12:08,807 [ERROR] LogOutputStream:75 - [STDERR_REDIRECT] 
2026-05-28 15:12:09,800 [ERROR] LogOutputStream:75 - [STDERR_REDIRECT] [Fatal Error] :1:1: Premature end of file.
2026-05-28 15:12:09,800 [ERROR] LogOutputStream:75 - [STDERR_REDIRECT] 
2026-05-28 15:12:10,811 [ERROR] LogOutputStream:75 - [STDERR_REDIRECT] [Fatal Error] :1:1: Premature end of file.
2026-05-28 15:12:10,813 [ERROR] LogOutputStream:75 - [STDERR_REDIRECT] 
2026-05-28 15:12:11,799 [ERROR] LogOutputStream:75 - [STDERR_REDIRECT] [Fatal Error] :1:1: Premature end of file.
2026-05-28 15:12:11,800 [ERROR] LogOutputStream:75 - [STDERR_REDIRECT] 
2026-05-28 15:12:12,802 [ERROR] LogOutputStream:75 - [STDERR_REDIRECT] [Fatal Error] :1:1: Premature end of file.
2026-05-28 15:12:12,802 [ERROR] LogOutputStream:75 - [STDERR_REDIRECT] 
2026-05-28 15:12:13,807 [ERROR] LogOutputStream:75 - [STDERR_REDIRECT] [Fatal Error] :1:1: Premature end of file.
2026-05-28 15:12:13,807 [ERROR] LogOutputStream:75 - [STDERR_REDIRECT] 
2026-05-28 15:12:14,800 [ERROR] LogOutputStream:75 - [STDERR_REDIRECT] [Fatal Error] :1:1: Premature end of file.
2026-05-28 15:12:14,800 [ERROR] LogOutputStream:75 - [STDERR_REDIRECT] 
2026-05-28 15:12:15,791 [ERROR] LogOutputStream:75 - [STDERR_REDIRECT] [Fatal Error] :1:1: Premature end of file.
2026-05-28 15:12:15,792 [ERROR] LogOutputStream:75 - [STDERR_REDIRECT] 
2026-05-28 15:12:16,789 [ERROR] LogOutputStream:75 - [STDERR_REDIRECT] [Fatal Error] :1:1: Premature end of file.
2026-05-28 15:12:16,789 [ERROR] LogOutputStream:75 - [STDERR_REDIRECT] 
2026-05-28 15:12:17,817 [ERROR] LogOutputStream:75 - [STDERR_REDIRECT] [Fatal Error] :1:1: Premature end of file.
2026-05-28 15:12:17,818 [ERROR] LogOutputStream:75 - [STDERR_REDIRECT] 
2026-05-28 15:12:18,807 [ERROR] LogOutputStream:75 - [STDERR_REDIRECT] [Fatal Error] :1:1: Premature end of file.
2026-05-28 15:12:18,807 [ERROR] LogOutputStream:75 - [STDERR_REDIRECT] 
2026-05-28 15:12:19,818 [ERROR] LogOutputStream:75 - [STDERR_REDIRECT] [Fatal Error] :1:1: Premature end of file.
2026-05-28 15:12:19,818 [ERROR] LogOutputStream:75 - [STDERR_REDIRECT] 
2026-05-28 15:12:20,803 [ERROR] LogOutputStream:75 - [STDERR_REDIRECT] [Fatal Error] :1:1: Premature end of file.
2026-05-28 15:12:20,803 [ERROR] LogOutputStream:75 - [STDERR_REDIRECT] 
2026-05-28 15:12:21,809 [ERROR] LogOutputStream:75 - [STDERR_REDIRECT] [Fatal Error] :1:1: Premature end of file.
2026-05-28 15:12:21,822 [ERROR] LogOutputStream:75 - [STDERR_REDIRECT] 
2026-05-28 15:12:22,803 [ERROR] LogOutputStream:75 - [STDERR_REDIRECT] [Fatal Error] :1:1: Premature end of file.
2026-05-28 15:12:22,803 [ERROR] LogOutputStream:75 - [STDERR_REDIRECT] 
2026-05-28 15:12:23,809 [ERROR] LogOutputStream:75 - [STDERR_REDIRECT] [Fatal Error] :1:1: Premature end of file.
2026-05-28 15:12:23,810 [ERROR] LogOutputStream:75 - [STDERR_REDIRECT] 
2026-05-28 15:12:24,923 [ERROR] LogOutputStream:75 - [STDERR_REDIRECT] [Fatal Error] :1:1: Premature end of file.
2026-05-28 15:12:24,923 [ERROR] LogOutputStream:75 - [STDERR_REDIRECT] 
2026-05-28 15:12:25,845 [ERROR] LogOutputStream:75 - [STDERR_REDIRECT] [Fatal Error] :1:1: Premature end of file.
2026-05-28 15:12:25,845 [ERROR] LogOutputStream:75 - [STDERR_REDIRECT] 
2026-05-28 15:12:26,799 [ERROR] LogOutputStream:75 - [STDERR_REDIRECT] [Fatal Error] :1:1: Premature end of file.
2026-05-28 15:12:26,799 [ERROR] LogOutputStream:75 - [STDERR_REDIRECT] 
2026-05-28 15:12:27,867 [ERROR] LogOutputStream:75 - [STDERR_REDIRECT] [Fatal Error] :1:1: Premature end of file.
2026-05-28 15:12:27,867 [ERROR] LogOutputStream:75 - [STDERR_REDIRECT] 
2026-05-28 15:12:28,817 [ERROR] LogOutputStream:75 - [STDERR_REDIRECT] [Fatal Error] :1:1: Premature end of file.
2026-05-28 15:12:28,817 [ERROR] LogOutputStream:75 - [STDERR_REDIRECT] 
2026-05-28 15:12:29,835 [ERROR] LogOutputStream:75 - [STDERR_REDIRECT] [Fatal Error] :1:1: Premature end of file.
2026-05-28 15:12:29,836 [ERROR] LogOutputStream:75 - [STDERR_REDIRECT] 
2026-05-28 15:12:30,837 [ERROR] LogOutputStream:75 - [STDERR_REDIRECT] [Fatal Error] :1:1: Premature end of file.
2026-05-28 15:12:30,837 [ERROR] LogOutputStream:75 - [STDERR_REDIRECT] 
2026-05-28 15:12:31,829 [ERROR] LogOutputStream:75 - [STDERR_REDIRECT] [Fatal Error] :1:1: Premature end of file.
2026-05-28 15:12:31,829 [ERROR] LogOutputStream:75 - [STDERR_REDIRECT] 
2026-05-28 15:12:32,035 [INFO] WebApp:191 - Connection restablished
2026-05-28 15:12:32,847 [ERROR] LogOutputStream:75 - [STDERR_REDIRECT] [Fatal Error] :1:1: Premature end of file.
2026-05-28 15:12:32,847 [ERROR] LogOutputStream:75 - [STDERR_REDIRECT] 
2026-05-28 15:12:33,994 [ERROR] LogOutputStream:75 - [STDERR_REDIRECT] [Fatal Error] :1:1: Premature end of file.
2026-05-28 15:12:33,995 [ERROR] LogOutputStream:75 - [STDERR_REDIRECT] 
2026-05-28 15:12:34,802 [ERROR] LogOutputStream:75 - [STDERR_REDIRECT] [Fatal Error] :1:1: Premature end of file.
2026-05-28 15:12:34,803 [ERROR] LogOutputStream:75 - [STDERR_REDIRECT] 
2026-05-28 15:12:35,796 [ERROR] LogOutputStream:75 - [STDERR_REDIRECT] [Fatal Error] :1:1: Premature end of file.
2026-05-28 15:12:35,797 [ERROR] LogOutputStream:75 - [STDERR_REDIRECT] 
2026-05-28 15:12:36,797 [ERROR] LogOutputStream:75 - [STDERR_REDIRECT] [Fatal Error] :1:1: Premature end of file.
2026-05-28 15:12:36,797 [ERROR] LogOutputStream:75 - [STDERR_REDIRECT] 
2026-05-28 15:12:37,796 [ERROR] LogOutputStream:75 - [STDERR_REDIRECT] [Fatal Error] :1:1: Premature end of file.
2026-05-28 15:12:37,796 [ERROR] LogOutputStream:75 - [STDERR_REDIRECT] 
2026-05-28 15:12:38,785 [ERROR] LogOutputStream:75 - [STDERR_REDIRECT] [Fatal Error] :1:1: Premature end of file.
2026-05-28 15:12:38,785 [ERROR] LogOutputStream:75 - [STDERR_REDIRECT] 
2026-05-28 15:12:39,816 [ERROR] LogOutputStream:75 - [STDERR_REDIRECT] [Fatal Error] :1:1: Premature end of file.
2026-05-28 15:12:39,816 [ERROR] LogOutputStream:75 - [STDERR_REDIRECT] 
2026-05-28 15:12:40,810 [ERROR] LogOutputStream:75 - [STDERR_REDIRECT] [Fatal Error] :1:1: Premature end of file.
2026-05-28 15:12:40,810 [ERROR] LogOutputStream:75 - [STDERR_REDIRECT] 
2026-05-28 15:12:41,834 [ERROR] LogOutputStream:75 - [STDERR_REDIRECT] [Fatal Error] :1:1: Premature end of file.
2026-05-28 15:12:41,835 [ERROR] LogOutputStream:75 - [STDERR_REDIRECT] 
2026-05-28 15:12:42,809 [ERROR] LogOutputStream:75 - [STDERR_REDIRECT] [Fatal Error] :1:1: Premature end of file.
2026-05-28 15:12:42,809 [ERROR] LogOutputStream:75 - [STDERR_REDIRECT] 
2026-05-28 15:12:43,802 [ERROR] LogOutputStream:75 - [STDERR_REDIRECT] [Fatal Error] :1:1: Premature end of file.
2026-05-28 15:12:43,802 [ERROR] LogOutputStream:75 - [STDERR_REDIRECT] 
2026-05-28 15:12:44,810 [ERROR] LogOutputStream:75 - [STDERR_REDIRECT] [Fatal Error] :1:1: Premature end of file.
2026-05-28 15:12:44,810 [ERROR] LogOutputStream:75 - [STDERR_REDIRECT] 
2026-05-28 15:12:45,817 [ERROR] LogOutputStream:75 - [STDERR_REDIRECT] [Fatal Error] :1:1: Premature end of file.
2026-05-28 15:12:45,817 [ERROR] LogOutputStream:75 - [STDERR_REDIRECT] 
2026-05-28 15:12:46,823 [ERROR] LogOutputStream:75 - [STDERR_REDIRECT] [Fatal Error] :1:1: Premature end of file.
2026-05-28 15:12:46,823 [ERROR] LogOutputStream:75 - [STDERR_REDIRECT] 
2026-05-28 15:12:47,823 [ERROR] LogOutputStream:75 - [STDERR_REDIRECT] [Fatal Error] :1:1: Premature end of file.
2026-05-28 15:12:47,823 [ERROR] LogOutputStream:75 - [STDERR_REDIRECT] 
2026-05-28 15:12:48,817 [ERROR] LogOutputStream:75 - [STDERR_REDIRECT] [Fatal Error] :1:1: Premature end of file.
2026-05-28 15:12:48,820 [ERROR] LogOutputStream:75 - [STDERR_REDIRECT] 
2026-05-28 15:12:49,813 [ERROR] LogOutputStream:75 - [STDERR_REDIRECT] [Fatal Error] :1:1: Premature end of file.
2026-05-28 15:12:49,814 [ERROR] LogOutputStream:75 - [STDERR_REDIRECT] 
2026-05-28 15:12:50,811 [ERROR] LogOutputStream:75 - [STDERR_REDIRECT] [Fatal Error] :1:1: Premature end of file.
2026-05-28 15:12:50,811 [ERROR] LogOutputStream:75 - [STDERR_REDIRECT] 
2026-05-28 15:12:51,831 [ERROR] LogOutputStream:75 - [STDERR_REDIRECT] [Fatal Error] :1:1: Premature end of file.
2026-05-28 15:12:51,832 [ERROR] LogOutputStream:75 - [STDERR_REDIRECT] 
2026-05-28 15:12:52,825 [ERROR] LogOutputStream:75 - [STDERR_REDIRECT] [Fatal Error] :1:1: Premature end of file.
2026-05-28 15:12:52,825 [ERROR] LogOutputStream:75 - [STDERR_REDIRECT] 
2026-05-28 15:12:53,810 [ERROR] LogOutputStream:75 - [STDERR_REDIRECT] [Fatal Error] :1:1: Premature end of file.
2026-05-28 15:12:53,810 [ERROR] LogOutputStream:75 - [STDERR_REDIRECT] 
2026-05-28 15:12:54,813 [ERROR] LogOutputStream:75 - [STDERR_REDIRECT] [Fatal Error] :1:1: Premature end of file.
2026-05-28 15:12:54,814 [ERROR] LogOutputStream:75 - [STDERR_REDIRECT] 
2026-05-28 15:12:55,808 [ERROR] LogOutputStream:75 - [STDERR_REDIRECT] [Fatal Error] :1:1: Premature end of file.
2026-05-28 15:12:55,808 [ERROR] LogOutputStream:75 - [STDERR_REDIRECT] 
2026-05-28 15:12:56,808 [ERROR] LogOutputStream:75 - [STDERR_REDIRECT] [Fatal Error] :1:1: Premature end of file.
2026-05-28 15:12:56,808 [ERROR] LogOutputStream:75 - [STDERR_REDIRECT] 
2026-05-28 15:12:57,800 [ERROR] LogOutputStream:75 - [STDERR_REDIRECT] [Fatal Error] :1:1: Premature end of file.
2026-05-28 15:12:57,800 [ERROR] LogOutputStream:75 - [STDERR_REDIRECT] 
2026-05-28 15:12:58,814 [ERROR] LogOutputStream:75 - [STDERR_REDIRECT] [Fatal Error] :1:1: Premature end of file.
2026-05-28 15:12:58,814 [ERROR] LogOutputStream:75 - [STDERR_REDIRECT] 
2026-05-28 15:12:59,814 [ERROR] LogOutputStream:75 - [STDERR_REDIRECT] [Fatal Error] :1:1: Premature end of file.
2026-05-28 15:12:59,814 [ERROR] LogOutputStream:75 - [STDERR_REDIRECT] 
2026-05-28 15:13:00,795 [ERROR] LogOutputStream:75 - [STDERR_REDIRECT] [Fatal Error] :1:1: Premature end of file.
2026-05-28 15:13:00,795 [ERROR] LogOutputStream:75 - [STDERR_REDIRECT] 
2026-05-28 15:13:01,820 [ERROR] LogOutputStream:75 - [STDERR_REDIRECT] [Fatal Error] :1:1: Premature end of file.
2026-05-28 15:13:01,820 [ERROR] LogOutputStream:75 - [STDERR_REDIRECT] 
2026-05-28 15:13:02,816 [ERROR] LogOutputStream:75 - [STDERR_REDIRECT] [Fatal Error] :1:1: Premature end of file.
2026-05-28 15:13:02,817 [ERROR] LogOutputStream:75 - [STDERR_REDIRECT] 
2026-05-28 15:13:03,808 [ERROR] LogOutputStream:75 - [STDERR_REDIRECT] [Fatal Error] :1:1: Premature end of file.
2026-05-28 15:13:03,808 [ERROR] LogOutputStream:75 - [STDERR_REDIRECT] 
2026-05-28 15:13:04,806 [ERROR] LogOutputStream:75 - [STDERR_REDIRECT] [Fatal Error] :1:1: Premature end of file.
2026-05-28 15:13:04,806 [ERROR] LogOutputStream:75 - [STDERR_REDIRECT] 
2026-05-28 15:13:05,823 [ERROR] LogOutputStream:75 - [STDERR_REDIRECT] [Fatal Error] :1:1: Premature end of file.
2026-05-28 15:13:05,823 [ERROR] LogOutputStream:75 - [STDERR_REDIRECT] 
2026-05-28 15:13:06,818 [ERROR] LogOutputStream:75 - [STDERR_REDIRECT] [Fatal Error] :1:1: Premature end of file.
2026-05-28 15:13:06,818 [ERROR] LogOutputStream:75 - [STDERR_REDIRECT] 
2026-05-28 15:13:07,818 [ERROR] LogOutputStream:75 - [STDERR_REDIRECT] [Fatal Error] :1:1: Premature end of file.
2026-05-28 15:13:07,818 [ERROR] LogOutputStream:75 - [STDERR_REDIRECT] 
2026-05-28 15:13:08,816 [ERROR] LogOutputStream:75 - [STDERR_REDIRECT] [Fatal Error] :1:1: Premature end of file.
2026-05-28 15:13:08,816 [ERROR] LogOutputStream:75 - [STDERR_REDIRECT] 
2026-05-28 15:13:09,814 [ERROR] LogOutputStream:75 - [STDERR_REDIRECT] [Fatal Error] :1:1: Premature end of file.
2026-05-28 15:13:09,815 [ERROR] LogOutputStream:75 - [STDERR_REDIRECT] 
2026-05-28 15:13:10,827 [ERROR] LogOutputStream:75 - [STDERR_REDIRECT] [Fatal Error] :1:1: Premature end of file.
2026-05-28 15:13:10,827 [ERROR] LogOutputStream:75 - [STDERR_REDIRECT] 
2026-05-28 15:13:11,818 [ERROR] LogOutputStream:75 - [STDERR_REDIRECT] [Fatal Error] :1:1: Premature end of file.
2026-05-28 15:13:11,818 [ERROR] LogOutputStream:75 - [STDERR_REDIRECT] 
2026-05-28 15:13:12,826 [ERROR] LogOutputStream:75 - [STDERR_REDIRECT] [Fatal Error] :1:1: Premature end of file.
2026-05-28 15:13:12,826 [ERROR] LogOutputStream:75 - [STDERR_REDIRECT] 
2026-05-28 15:13:13,822 [ERROR] LogOutputStream:75 - [STDERR_REDIRECT] [Fatal Error] :1:1: Premature end of file.
2026-05-28 15:13:13,823 [ERROR] LogOutputStream:75 - [STDERR_REDIRECT] 
2026-05-28 15:13:14,808 [ERROR] LogOutputStream:75 - [STDERR_REDIRECT] [Fatal Error] :1:1: Premature end of file.
2026-05-28 15:13:14,808 [ERROR] LogOutputStream:75 - [STDERR_REDIRECT] 
2026-05-28 15:13:15,823 [ERROR] LogOutputStream:75 - [STDERR_REDIRECT] [Fatal Error] :1:1: Premature end of file.
2026-05-28 15:13:15,823 [ERROR] LogOutputStream:75 - [STDERR_REDIRECT] 
2026-05-28 15:13:16,817 [ERROR] LogOutputStream:75 - [STDERR_REDIRECT] [Fatal Error] :1:1: Premature end of file.
2026-05-28 15:13:16,818 [ERROR] LogOutputStream:75 - [STDERR_REDIRECT] 
2026-05-28 15:13:17,808 [ERROR] LogOutputStream:75 - [STDERR_REDIRECT] [Fatal Error] :1:1: Premature end of file.
2026-05-28 15:13:17,808 [ERROR] LogOutputStream:75 - [STDERR_REDIRECT] 
2026-05-28 15:13:18,812 [ERROR] LogOutputStream:75 - [STDERR_REDIRECT] [Fatal Error] :1:1: Premature end of file.
2026-05-28 15:13:18,813 [ERROR] LogOutputStream:75 - [STDERR_REDIRECT] 
2026-05-28 15:13:19,820 [ERROR] LogOutputStream:75 - [STDERR_REDIRECT] [Fatal Error] :1:1: Premature end of file.
2026-05-28 15:13:19,821 [ERROR] LogOutputStream:75 - [STDERR_REDIRECT] 
2026-05-28 15:13:20,792 [ERROR] LogOutputStream:75 - [STDERR_REDIRECT] [Fatal Error] :1:1: Premature end of file.
2026-05-28 15:13:20,792 [ERROR] LogOutputStream:75 - [STDERR_REDIRECT] 
2026-05-28 15:13:21,824 [ERROR] LogOutputStream:75 - [STDERR_REDIRECT] [Fatal Error] :1:1: Premature end of file.
2026-05-28 15:13:21,825 [ERROR] LogOutputStream:75 - [STDERR_REDIRECT] 
2026-05-28 15:13:22,808 [ERROR] LogOutputStream:75 - [STDERR_REDIRECT] [Fatal Error] :1:1: Premature end of file.
2026-05-28 15:13:22,808 [ERROR] LogOutputStream:75 - [STDERR_REDIRECT] 
2026-05-28 15:13:23,810 [ERROR] LogOutputStream:75 - [STDERR_REDIRECT] [Fatal Error] :1:1: Premature end of file.
2026-05-28 15:13:23,811 [ERROR] LogOutputStream:75 - [STDERR_REDIRECT] 
2026-05-28 15:13:24,826 [ERROR] LogOutputStream:75 - [STDERR_REDIRECT] [Fatal Error] :1:1: Premature end of file.
2026-05-28 15:13:24,826 [ERROR] LogOutputStream:75 - [STDERR_REDIRECT] 
2026-05-28 15:13:25,802 [ERROR] LogOutputStream:75 - [STDERR_REDIRECT] [Fatal Error] :1:1: Premature end of file.
2026-05-28 15:13:25,802 [ERROR] LogOutputStream:75 - [STDERR_REDIRECT] 
2026-05-28 15:13:26,805 [ERROR] LogOutputStream:75 - [STDERR_REDIRECT] [Fatal Error] :1:1: Premature end of file.
2026-05-28 15:13:26,805 [ERROR] LogOutputStream:75 - [STDERR_REDIRECT] 
2026-05-28 15:13:27,804 [ERROR] LogOutputStream:75 - [STDERR_REDIRECT] [Fatal Error] :1:1: Premature end of file.
2026-05-28 15:13:27,804 [ERROR] LogOutputStream:75 - [STDERR_REDIRECT] 
2026-05-28 15:13:28,822 [ERROR] LogOutputStream:75 - [STDERR_REDIRECT] [Fatal Error] :1:1: Premature end of file.
2026-05-28 15:13:28,822 [ERROR] LogOutputStream:75 - [STDERR_REDIRECT] 
2026-05-28 15:13:29,820 [ERROR] LogOutputStream:75 - [STDERR_REDIRECT] [Fatal Error] :1:1: Premature end of file.
2026-05-28 15:13:29,820 [ERROR] LogOutputStream:75 - [STDERR_REDIRECT] 
2026-05-28 15:13:30,812 [ERROR] LogOutputStream:75 - [STDERR_REDIRECT] [Fatal Error] :1:1: Premature end of file.
2026-05-28 15:13:30,812 [ERROR] LogOutputStream:75 - [STDERR_REDIRECT] 
2026-05-28 15:13:31,806 [ERROR] LogOutputStream:75 - [STDERR_REDIRECT] [Fatal Error] :1:1: Premature end of file.
2026-05-28 15:13:31,806 [ERROR] LogOutputStream:75 - [STDERR_REDIRECT] 
2026-05-28 15:13:32,835 [ERROR] LogOutputStream:75 - [STDERR_REDIRECT] [Fatal Error] :1:1: Premature end of file.
2026-05-28 15:13:32,836 [ERROR] LogOutputStream:75 - [STDERR_REDIRECT] 
2026-05-28 15:13:33,809 [ERROR] LogOutputStream:75 - [STDERR_REDIRECT] [Fatal Error] :1:1: Premature end of file.
2026-05-28 15:13:33,811 [ERROR] LogOutputStream:75 - [STDERR_REDIRECT] 
2026-05-28 15:13:34,808 [ERROR] LogOutputStream:75 - [STDERR_REDIRECT] [Fatal Error] :1:1: Premature end of file.
2026-05-28 15:13:34,808 [ERROR] LogOutputStream:75 - [STDERR_REDIRECT] 
2026-05-28 15:13:35,809 [ERROR] LogOutputStream:75 - [STDERR_REDIRECT] [Fatal Error] :1:1: Premature end of file.
2026-05-28 15:13:35,809 [ERROR] LogOutputStream:75 - [STDERR_REDIRECT] 
2026-05-28 15:13:36,809 [ERROR] LogOutputStream:75 - [STDERR_REDIRECT] [Fatal Error] :1:1: Premature end of file.
2026-05-28 15:13:36,811 [ERROR] LogOutputStream:75 - [STDERR_REDIRECT] 
2026-05-28 15:13:37,803 [ERROR] LogOutputStream:75 - [STDERR_REDIRECT] [Fatal Error] :1:1: Premature end of file.
2026-05-28 15:13:37,803 [ERROR] LogOutputStream:75 - [STDERR_REDIRECT] 
2026-05-28 15:13:38,817 [ERROR] LogOutputStream:75 - [STDERR_REDIRECT] [Fatal Error] :1:1: Premature end of file.
2026-05-28 15:13:38,817 [ERROR] LogOutputStream:75 - [STDERR_REDIRECT] 
2026-05-28 15:13:39,816 [ERROR] LogOutputStream:75 - [STDERR_REDIRECT] [Fatal Error] :1:1: Premature end of file.
2026-05-28 15:13:39,816 [ERROR] LogOutputStream:75 - [STDERR_REDIRECT] 
2026-05-28 15:13:40,804 [ERROR] LogOutputStream:75 - [STDERR_REDIRECT] [Fatal Error] :1:1: Premature end of file.
2026-05-28 15:13:40,804 [ERROR] LogOutputStream:75 - [STDERR_REDIRECT] 
2026-05-28 15:13:41,798 [ERROR] LogOutputStream:75 - [STDERR_REDIRECT] [Fatal Error] :1:1: Premature end of file.
2026-05-28 15:13:41,798 [ERROR] LogOutputStream:75 - [STDERR_REDIRECT] 
2026-05-28 15:13:42,798 [ERROR] LogOutputStream:75 - [STDERR_REDIRECT] [Fatal Error] :1:1: Premature end of file.
2026-05-28 15:13:42,798 [ERROR] LogOutputStream:75 - [STDERR_REDIRECT] 
2026-05-28 15:13:43,809 [ERROR] LogOutputStream:75 - [STDERR_REDIRECT] [Fatal Error] :1:1: Premature end of file.
2026-05-28 15:13:43,809 [ERROR] LogOutputStream:75 - [STDERR_REDIRECT] 
2026-05-28 15:13:44,810 [ERROR] LogOutputStream:75 - [STDERR_REDIRECT] [Fatal Error] :1:1: Premature end of file.
2026-05-28 15:13:44,810 [ERROR] LogOutputStream:75 - [STDERR_REDIRECT] 
2026-05-28 15:13:45,815 [ERROR] LogOutputStream:75 - [STDERR_REDIRECT] [Fatal Error] :1:1: Premature end of file.
2026-05-28 15:13:45,815 [ERROR] LogOutputStream:75 - [STDERR_REDIRECT] 
2026-05-28 15:13:46,829 [ERROR] LogOutputStream:75 - [STDERR_REDIRECT] [Fatal Error] :1:1: Premature end of file.
2026-05-28 15:13:46,829 [ERROR] LogOutputStream:75 - [STDERR_REDIRECT] 
2026-05-28 15:13:47,816 [ERROR] LogOutputStream:75 - [STDERR_REDIRECT] [Fatal Error] :1:1: Premature end of file.
2026-05-28 15:13:47,817 [ERROR] LogOutputStream:75 - [STDERR_REDIRECT] 
2026-05-28 15:13:48,817 [ERROR] LogOutputStream:75 - [STDERR_REDIRECT] [Fatal Error] :1:1: Premature end of file.
2026-05-28 15:13:48,817 [ERROR] LogOutputStream:75 - [STDERR_REDIRECT] 
2026-05-28 15:13:49,816 [ERROR] LogOutputStream:75 - [STDERR_REDIRECT] [Fatal Error] :1:1: Premature end of file.
2026-05-28 15:13:49,816 [ERROR] LogOutputStream:75 - [STDERR_REDIRECT] 
2026-05-28 15:13:50,834 [ERROR] LogOutputStream:75 - [STDERR_REDIRECT] [Fatal Error] :1:1: Premature end of file.
2026-05-28 15:13:50,834 [ERROR] LogOutputStream:75 - [STDERR_REDIRECT] 
2026-05-28 15:13:51,811 [ERROR] LogOutputStream:75 - [STDERR_REDIRECT] [Fatal Error] :1:1: Premature end of file.
2026-05-28 15:13:51,811 [ERROR] LogOutputStream:75 - [STDERR_REDIRECT] 
2026-05-28 15:13:52,806 [ERROR] LogOutputStream:75 - [STDERR_REDIRECT] [Fatal Error] :1:1: Premature end of file.
2026-05-28 15:13:52,806 [ERROR] LogOutputStream:75 - [STDERR_REDIRECT] 
2026-05-28 15:13:53,809 [ERROR] LogOutputStream:75 - [STDERR_REDIRECT] [Fatal Error] :1:1: Premature end of file.
2026-05-28 15:13:53,809 [ERROR] LogOutputStream:75 - [STDERR_REDIRECT] 
2026-05-28 15:13:54,804 [ERROR] LogOutputStream:75 - [STDERR_REDIRECT] [Fatal Error] :1:1: Premature end of file.
2026-05-28 15:13:54,804 [ERROR] LogOutputStream:75 - [STDERR_REDIRECT] 
2026-05-28 15:13:55,816 [ERROR] LogOutputStream:75 - [STDERR_REDIRECT] [Fatal Error] :1:1: Premature end of file.
2026-05-28 15:13:55,816 [ERROR] LogOutputStream:75 - [STDERR_REDIRECT] 
2026-05-28 15:13:56,813 [ERROR] LogOutputStream:75 - [STDERR_REDIRECT] [Fatal Error] :1:1: Premature end of file.
2026-05-28 15:13:56,813 [ERROR] LogOutputStream:75 - [STDERR_REDIRECT] 
2026-05-28 15:13:57,816 [ERROR] LogOutputStream:75 - [STDERR_REDIRECT] [Fatal Error] :1:1: Premature end of file.
2026-05-28 15:13:57,816 [ERROR] LogOutputStream:75 - [STDERR_REDIRECT] 
2026-05-28 15:13:58,813 [ERROR] LogOutputStream:75 - [STDERR_REDIRECT] [Fatal Error] :1:1: Premature end of file.
2026-05-28 15:13:58,813 [ERROR] LogOutputStream:75 - [STDERR_REDIRECT] 
2026-05-28 15:13:59,812 [ERROR] LogOutputStream:75 - [STDERR_REDIRECT] [Fatal Error] :1:1: Premature end of file.
2026-05-28 15:13:59,812 [ERROR] LogOutputStream:75 - [STDERR_REDIRECT] 
2026-05-28 15:14:00,811 [ERROR] LogOutputStream:75 - [STDERR_REDIRECT] [Fatal Error] :1:1: Premature end of file.
2026-05-28 15:14:00,811 [ERROR] LogOutputStream:75 - [STDERR_REDIRECT] 
2026-05-28 15:14:01,807 [ERROR] LogOutputStream:75 - [STDERR_REDIRECT] [Fatal Error] :1:1: Premature end of file.
2026-05-28 15:14:01,807 [ERROR] LogOutputStream:75 - [STDERR_REDIRECT] 
2026-05-28 15:14:02,813 [ERROR] LogOutputStream:75 - [STDERR_REDIRECT] [Fatal Error] :1:1: Premature end of file.
2026-05-28 15:14:02,814 [ERROR] LogOutputStream:75 - [STDERR_REDIRECT] 
2026-05-28 15:14:03,804 [ERROR] LogOutputStream:75 - [STDERR_REDIRECT] [Fatal Error] :1:1: Premature end of file.
2026-05-28 15:14:03,804 [ERROR] LogOutputStream:75 - [STDERR_REDIRECT] 
2026-05-28 15:14:04,800 [ERROR] LogOutputStream:75 - [STDERR_REDIRECT] [Fatal Error] :1:1: Premature end of file.
2026-05-28 15:14:04,800 [ERROR] LogOutputStream:75 - [STDERR_REDIRECT] 
2026-05-28 15:14:05,804 [ERROR] LogOutputStream:75 - [STDERR_REDIRECT] [Fatal Error] :1:1: Premature end of file.
2026-05-28 15:14:05,804 [ERROR] LogOutputStream:75 - [STDERR_REDIRECT] 
2026-05-28 15:14:06,815 [ERROR] LogOutputStream:75 - [STDERR_REDIRECT] [Fatal Error] :1:1: Premature end of file.
2026-05-28 15:14:06,815 [ERROR] LogOutputStream:75 - [STDERR_REDIRECT] 
2026-05-28 15:14:07,820 [ERROR] LogOutputStream:75 - [STDERR_REDIRECT] [Fatal Error] :1:1: Premature end of file.
2026-05-28 15:14:07,820 [ERROR] LogOutputStream:75 - [STDERR_REDIRECT] 
2026-05-28 15:14:08,811 [ERROR] LogOutputStream:75 - [STDERR_REDIRECT] [Fatal Error] :1:1: Premature end of file.
2026-05-28 15:14:08,812 [ERROR] LogOutputStream:75 - [STDERR_REDIRECT] 
2026-05-28 15:14:09,819 [ERROR] LogOutputStream:75 - [STDERR_REDIRECT] [Fatal Error] :1:1: Premature end of file.
2026-05-28 15:14:09,819 [ERROR] LogOutputStream:75 - [STDERR_REDIRECT] 
2026-05-28 15:14:10,794 [ERROR] LogOutputStream:75 - [STDERR_REDIRECT] [Fatal Error] :1:1: Premature end of file.
2026-05-28 15:14:10,794 [ERROR] LogOutputStream:75 - [STDERR_REDIRECT] 
2026-05-28 15:14:11,801 [ERROR] LogOutputStream:75 - [STDERR_REDIRECT] [Fatal Error] :1:1: Premature end of file.
2026-05-28 15:14:11,801 [ERROR] LogOutputStream:75 - [STDERR_REDIRECT] 
2026-05-28 15:14:12,815 [ERROR] LogOutputStream:75 - [STDERR_REDIRECT] [Fatal Error] :1:1: Premature end of file.
2026-05-28 15:14:12,815 [ERROR] LogOutputStream:75 - [STDERR_REDIRECT] 
2026-05-28 15:14:13,810 [ERROR] LogOutputStream:75 - [STDERR_REDIRECT] [Fatal Error] :1:1: Premature end of file.
2026-05-28 15:14:13,810 [ERROR] LogOutputStream:75 - [STDERR_REDIRECT] 
2026-05-28 15:14:14,810 [ERROR] LogOutputStream:75 - [STDERR_REDIRECT] [Fatal Error] :1:1: Premature end of file.
2026-05-28 15:14:14,810 [ERROR] LogOutputStream:75 - [STDERR_REDIRECT] 
2026-05-28 15:14:15,816 [ERROR] LogOutputStream:75 - [STDERR_REDIRECT] [Fatal Error] :1:1: Premature end of file.
2026-05-28 15:14:15,817 [ERROR] LogOutputStream:75 - [STDERR_REDIRECT] 
2026-05-28 15:14:16,822 [ERROR] LogOutputStream:75 - [STDERR_REDIRECT] [Fatal Error] :1:1: Premature end of file.
2026-05-28 15:14:16,822 [ERROR] LogOutputStream:75 - [STDERR_REDIRECT] 
2026-05-28 15:14:17,824 [ERROR] LogOutputStream:75 - [STDERR_REDIRECT] [Fatal Error] :1:1: Premature end of file.
2026-05-28 15:14:17,825 [ERROR] LogOutputStream:75 - [STDERR_REDIRECT] 
2026-05-28 15:14:18,823 [ERROR] LogOutputStream:75 - [STDERR_REDIRECT] [Fatal Error] :1:1: Premature end of file.
2026-05-28 15:14:18,824 [ERROR] LogOutputStream:75 - [STDERR_REDIRECT] 
2026-05-28 15:14:19,817 [ERROR] LogOutputStream:75 - [STDERR_REDIRECT] [Fatal Error] :1:1: Premature end of file.
2026-05-28 15:14:19,817 [ERROR] LogOutputStream:75 - [STDERR_REDIRECT] 
2026-05-28 15:14:20,804 [ERROR] LogOutputStream:75 - [STDERR_REDIRECT] [Fatal Error] :1:1: Premature end of file.
2026-05-28 15:14:20,804 [ERROR] LogOutputStream:75 - [STDERR_REDIRECT] 
2026-05-28 15:14:21,807 [ERROR] LogOutputStream:75 - [STDERR_REDIRECT] [Fatal Error] :1:1: Premature end of file.
2026-05-28 15:14:21,807 [ERROR] LogOutputStream:75 - [STDERR_REDIRECT] 
2026-05-28 15:14:22,818 [ERROR] LogOutputStream:75 - [STDERR_REDIRECT] [Fatal Error] :1:1: Premature end of file.
2026-05-28 15:14:22,819 [ERROR] LogOutputStream:75 - [STDERR_REDIRECT] 
2026-05-28 15:14:23,805 [ERROR] LogOutputStream:75 - [STDERR_REDIRECT] [Fatal Error] :1:1: Premature end of file.
2026-05-28 15:14:23,805 [ERROR] LogOutputStream:75 - [STDERR_REDIRECT] 
2026-05-28 15:14:24,812 [ERROR] LogOutputStream:75 - [STDERR_REDIRECT] [Fatal Error] :1:1: Premature end of file.
2026-05-28 15:14:24,812 [ERROR] LogOutputStream:75 - [STDERR_REDIRECT] 
2026-05-28 15:14:25,816 [ERROR] LogOutputStream:75 - [STDERR_REDIRECT] [Fatal Error] :1:1: Premature end of file.
2026-05-28 15:14:25,816 [ERROR] LogOutputStream:75 - [STDERR_REDIRECT] 
2026-05-28 15:14:26,816 [ERROR] LogOutputStream:75 - [STDERR_REDIRECT] [Fatal Error] :1:1: Premature end of file.
2026-05-28 15:14:26,816 [ERROR] LogOutputStream:75 - [STDERR_REDIRECT] 
2026-05-28 15:14:27,816 [ERROR] LogOutputStream:75 - [STDERR_REDIRECT] [Fatal Error] :1:1: Premature end of file.
2026-05-28 15:14:27,816 [ERROR] LogOutputStream:75 - [STDERR_REDIRECT] 
2026-05-28 15:14:28,803 [ERROR] LogOutputStream:75 - [STDERR_REDIRECT] [Fatal Error] :1:1: Premature end of file.
2026-05-28 15:14:28,803 [ERROR] LogOutputStream:75 - [STDERR_REDIRECT] 
2026-05-28 15:14:29,803 [ERROR] LogOutputStream:75 - [STDERR_REDIRECT] [Fatal Error] :1:1: Premature end of file.
2026-05-28 15:14:29,803 [ERROR] LogOutputStream:75 - [STDERR_REDIRECT] 
2026-05-28 15:14:30,812 [ERROR] LogOutputStream:75 - [STDERR_REDIRECT] [Fatal Error] :1:1: Premature end of file.
2026-05-28 15:14:30,812 [ERROR] LogOutputStream:75 - [STDERR_REDIRECT] 
2026-05-28 15:14:31,798 [ERROR] LogOutputStream:75 - [STDERR_REDIRECT] [Fatal Error] :1:1: Premature end of file.
2026-05-28 15:14:31,798 [ERROR] LogOutputStream:75 - [STDERR_REDIRECT] 
2026-05-28 15:14:32,808 [ERROR] LogOutputStream:75 - [STDERR_REDIRECT] [Fatal Error] :1:1: Premature end of file.
2026-05-28 15:14:32,808 [ERROR] LogOutputStream:75 - [STDERR_REDIRECT] 
2026-05-28 15:14:33,806 [ERROR] LogOutputStream:75 - [STDERR_REDIRECT] [Fatal Error] :1:1: Premature end of file.
2026-05-28 15:14:33,807 [ERROR] LogOutputStream:75 - [STDERR_REDIRECT] 
2026-05-28 15:14:34,806 [ERROR] LogOutputStream:75 - [STDERR_REDIRECT] [Fatal Error] :1:1: Premature end of file.
2026-05-28 15:14:34,806 [ERROR] LogOutputStream:75 - [STDERR_REDIRECT] 
2026-05-28 15:14:35,823 [ERROR] LogOutputStream:75 - [STDERR_REDIRECT] [Fatal Error] :1:1: Premature end of file.
2026-05-28 15:14:35,823 [ERROR] LogOutputStream:75 - [STDERR_REDIRECT] 
2026-05-28 15:14:36,813 [ERROR] LogOutputStream:75 - [STDERR_REDIRECT] [Fatal Error] :1:1: Premature end of file.
2026-05-28 15:14:36,813 [ERROR] LogOutputStream:75 - [STDERR_REDIRECT] 
2026-05-28 15:14:37,817 [ERROR] LogOutputStream:75 - [STDERR_REDIRECT] [Fatal Error] :1:1: Premature end of file.
2026-05-28 15:14:37,817 [ERROR] LogOutputStream:75 - [STDERR_REDIRECT] 
2026-05-28 15:14:38,806 [ERROR] LogOutputStream:75 - [STDERR_REDIRECT] [Fatal Error] :1:1: Premature end of file.
2026-05-28 15:14:38,806 [ERROR] LogOutputStream:75 - [STDERR_REDIRECT] 
2026-05-28 15:14:39,805 [ERROR] LogOutputStream:75 - [STDERR_REDIRECT] [Fatal Error] :1:1: Premature end of file.
2026-05-28 15:14:39,805 [ERROR] LogOutputStream:75 - [STDERR_REDIRECT] 
2026-05-28 15:14:40,805 [ERROR] LogOutputStream:75 - [STDERR_REDIRECT] [Fatal Error] :1:1: Premature end of file.
2026-05-28 15:14:40,806 [ERROR] LogOutputStream:75 - [STDERR_REDIRECT] 
2026-05-28 15:14:41,803 [ERROR] LogOutputStream:75 - [STDERR_REDIRECT] [Fatal Error] :1:1: Premature end of file.
2026-05-28 15:14:41,803 [ERROR] LogOutputStream:75 - [STDERR_REDIRECT] 
2026-05-28 15:14:42,808 [ERROR] LogOutputStream:75 - [STDERR_REDIRECT] [Fatal Error] :1:1: Premature end of file.
2026-05-28 15:14:42,809 [ERROR] LogOutputStream:75 - [STDERR_REDIRECT] 
2026-05-28 15:14:43,809 [ERROR] LogOutputStream:75 - [STDERR_REDIRECT] [Fatal Error] :1:1: Premature end of file.
2026-05-28 15:14:43,810 [ERROR] LogOutputStream:75 - [STDERR_REDIRECT] 
2026-05-28 15:14:44,816 [ERROR] LogOutputStream:75 - [STDERR_REDIRECT] [Fatal Error] :1:1: Premature end of file.
2026-05-28 15:14:44,816 [ERROR] LogOutputStream:75 - [STDERR_REDIRECT] 
2026-05-28 15:14:45,821 [ERROR] LogOutputStream:75 - [STDERR_REDIRECT] [Fatal Error] :1:1: Premature end of file.
2026-05-28 15:14:45,822 [ERROR] LogOutputStream:75 - [STDERR_REDIRECT] 
2026-05-28 15:14:46,810 [ERROR] LogOutputStream:75 - [STDERR_REDIRECT] [Fatal Error] :1:1: Premature end of file.
2026-05-28 15:14:46,810 [ERROR] LogOutputStream:75 - [STDERR_REDIRECT] 
2026-05-28 15:14:47,803 [ERROR] LogOutputStream:75 - [STDERR_REDIRECT] [Fatal Error] :1:1: Premature end of file.
2026-05-28 15:14:47,803 [ERROR] LogOutputStream:75 - [STDERR_REDIRECT] 
2026-05-28 15:14:48,803 [ERROR] LogOutputStream:75 - [STDERR_REDIRECT] [Fatal Error] :1:1: Premature end of file.
2026-05-28 15:14:48,803 [ERROR] LogOutputStream:75 - [STDERR_REDIRECT] 
2026-05-28 15:14:49,805 [ERROR] LogOutputStream:75 - [STDERR_REDIRECT] [Fatal Error] :1:1: Premature end of file.
2026-05-28 15:14:49,806 [ERROR] LogOutputStream:75 - [STDERR_REDIRECT] 
2026-05-28 15:14:50,815 [ERROR] LogOutputStream:75 - [STDERR_REDIRECT] [Fatal Error] :1:1: Premature end of file.
2026-05-28 15:14:50,815 [ERROR] LogOutputStream:75 - [STDERR_REDIRECT] 
2026-05-28 15:14:51,814 [ERROR] LogOutputStream:75 - [STDERR_REDIRECT] [Fatal Error] :1:1: Premature end of file.
2026-05-28 15:14:51,814 [ERROR] LogOutputStream:75 - [STDERR_REDIRECT] 
2026-05-28 15:14:52,810 [ERROR] LogOutputStream:75 - [STDERR_REDIRECT] [Fatal Error] :1:1: Premature end of file.
2026-05-28 15:14:52,810 [ERROR] LogOutputStream:75 - [STDERR_REDIRECT] 
2026-05-28 15:14:53,811 [ERROR] LogOutputStream:75 - [STDERR_REDIRECT] [Fatal Error] :1:1: Premature end of file.
2026-05-28 15:14:53,811 [ERROR] LogOutputStream:75 - [STDERR_REDIRECT] 
2026-05-28 15:14:54,815 [ERROR] LogOutputStream:75 - [STDERR_REDIRECT] [Fatal Error] :1:1: Premature end of file.
2026-05-28 15:14:54,815 [ERROR] LogOutputStream:75 - [STDERR_REDIRECT] 
2026-05-28 15:14:55,843 [ERROR] LogOutputStream:75 - [STDERR_REDIRECT] [Fatal Error] :1:1: Premature end of file.
2026-05-28 15:14:55,843 [ERROR] LogOutputStream:75 - [STDERR_REDIRECT] 
2026-05-28 15:14:56,819 [ERROR] LogOutputStream:75 - [STDERR_REDIRECT] [Fatal Error] :1:1: Premature end of file.
2026-05-28 15:14:56,819 [ERROR] LogOutputStream:75 - [STDERR_REDIRECT] 
2026-05-28 15:14:57,813 [ERROR] LogOutputStream:75 - [STDERR_REDIRECT] [Fatal Error] :1:1: Premature end of file.
2026-05-28 15:14:57,813 [ERROR] LogOutputStream:75 - [STDERR_REDIRECT] 
2026-05-28 15:14:58,815 [ERROR] LogOutputStream:75 - [STDERR_REDIRECT] [Fatal Error] :1:1: Premature end of file.
2026-05-28 15:14:58,817 [ERROR] LogOutputStream:75 - [STDERR_REDIRECT] 
2026-05-28 15:14:59,816 [ERROR] LogOutputStream:75 - [STDERR_REDIRECT] [Fatal Error] :1:1: Premature end of file.
2026-05-28 15:14:59,816 [ERROR] LogOutputStream:75 - [STDERR_REDIRECT] 
2026-05-28 15:15:00,821 [ERROR] LogOutputStream:75 - [STDERR_REDIRECT] [Fatal Error] :1:1: Premature end of file.
2026-05-28 15:15:00,821 [ERROR] LogOutputStream:75 - [STDERR_REDIRECT] 
2026-05-28 15:15:01,819 [ERROR] LogOutputStream:75 - [STDERR_REDIRECT] [Fatal Error] :1:1: Premature end of file.
2026-05-28 15:15:01,819 [ERROR] LogOutputStream:75 - [STDERR_REDIRECT] 
2026-05-28 15:15:02,803 [ERROR] LogOutputStream:75 - [STDERR_REDIRECT] [Fatal Error] :1:1: Premature end of file.
2026-05-28 15:15:02,803 [ERROR] LogOutputStream:75 - [STDERR_REDIRECT] 
2026-05-28 15:15:03,811 [ERROR] LogOutputStream:75 - [STDERR_REDIRECT] [Fatal Error] :1:1: Premature end of file.
2026-05-28 15:15:03,812 [ERROR] LogOutputStream:75 - [STDERR_REDIRECT] 
2026-05-28 15:15:04,812 [ERROR] LogOutputStream:75 - [STDERR_REDIRECT] [Fatal Error] :1:1: Premature end of file.
2026-05-28 15:15:04,812 [ERROR] LogOutputStream:75 - [STDERR_REDIRECT] 
2026-05-28 15:15:05,811 [ERROR] LogOutputStream:75 - [STDERR_REDIRECT] [Fatal Error] :1:1: Premature end of file.
2026-05-28 15:15:05,811 [ERROR] LogOutputStream:75 - [STDERR_REDIRECT] 
2026-05-28 15:15:06,817 [ERROR] LogOutputStream:75 - [STDERR_REDIRECT] [Fatal Error] :1:1: Premature end of file.
2026-05-28 15:15:06,818 [ERROR] LogOutputStream:75 - [STDERR_REDIRECT] 
2026-05-28 15:15:07,809 [ERROR] LogOutputStream:75 - [STDERR_REDIRECT] [Fatal Error] :1:1: Premature end of file.
2026-05-28 15:15:07,809 [ERROR] LogOutputStream:75 - [STDERR_REDIRECT] 
2026-05-28 15:15:08,802 [ERROR] LogOutputStream:75 - [STDERR_REDIRECT] [Fatal Error] :1:1: Premature end of file.
2026-05-28 15:15:08,802 [ERROR] LogOutputStream:75 - [STDERR_REDIRECT] 
2026-05-28 15:15:09,813 [ERROR] LogOutputStream:75 - [STDERR_REDIRECT] [Fatal Error] :1:1: Premature end of file.
2026-05-28 15:15:09,813 [ERROR] LogOutputStream:75 - [STDERR_REDIRECT] 
2026-05-28 15:15:10,810 [ERROR] LogOutputStream:75 - [STDERR_REDIRECT] [Fatal Error] :1:1: Premature end of file.
2026-05-28 15:15:10,811 [ERROR] LogOutputStream:75 - [STDERR_REDIRECT] 
2026-05-28 15:15:11,808 [ERROR] LogOutputStream:75 - [STDERR_REDIRECT] [Fatal Error] :1:1: Premature end of file.
2026-05-28 15:15:11,808 [ERROR] LogOutputStream:75 - [STDERR_REDIRECT] 
2026-05-28 15:15:12,806 [ERROR] LogOutputStream:75 - [STDERR_REDIRECT] [Fatal Error] :1:1: Premature end of file.
2026-05-28 15:15:12,807 [ERROR] LogOutputStream:75 - [STDERR_REDIRECT] 
2026-05-28 15:15:13,803 [ERROR] LogOutputStream:75 - [STDERR_REDIRECT] [Fatal Error] :1:1: Premature end of file.
2026-05-28 15:15:13,803 [ERROR] LogOutputStream:75 - [STDERR_REDIRECT] 
2026-05-28 15:15:14,820 [ERROR] LogOutputStream:75 - [STDERR_REDIRECT] [Fatal Error] :1:1: Premature end of file.
2026-05-28 15:15:14,820 [ERROR] LogOutputStream:75 - [STDERR_REDIRECT] 
2026-05-28 15:15:15,815 [ERROR] LogOutputStream:75 - [STDERR_REDIRECT] [Fatal Error] :1:1: Premature end of file.
2026-05-28 15:15:15,815 [ERROR] LogOutputStream:75 - [STDERR_REDIRECT] 
2026-05-28 15:15:16,810 [ERROR] LogOutputStream:75 - [STDERR_REDIRECT] [Fatal Error] :1:1: Premature end of file.
2026-05-28 15:15:16,810 [ERROR] LogOutputStream:75 - [STDERR_REDIRECT] 
2026-05-28 15:15:17,807 [ERROR] LogOutputStream:75 - [STDERR_REDIRECT] [Fatal Error] :1:1: Premature end of file.
2026-05-28 15:15:17,807 [ERROR] LogOutputStream:75 - [STDERR_REDIRECT] 
2026-05-28 15:15:18,820 [ERROR] LogOutputStream:75 - [STDERR_REDIRECT] [Fatal Error] :1:1: Premature end of file.
2026-05-28 15:15:18,821 [ERROR] LogOutputStream:75 - [STDERR_REDIRECT] 
2026-05-28 15:15:19,818 [ERROR] LogOutputStream:75 - [STDERR_REDIRECT] [Fatal Error] :1:1: Premature end of file.
2026-05-28 15:15:19,818 [ERROR] LogOutputStream:75 - [STDERR_REDIRECT] 
2026-05-28 15:15:20,811 [ERROR] LogOutputStream:75 - [STDERR_REDIRECT] [Fatal Error] :1:1: Premature end of file.
2026-05-28 15:15:20,811 [ERROR] LogOutputStream:75 - [STDERR_REDIRECT] 
2026-05-28 15:15:21,800 [ERROR] LogOutputStream:75 - [STDERR_REDIRECT] [Fatal Error] :1:1: Premature end of file.
2026-05-28 15:15:21,800 [ERROR] LogOutputStream:75 - [STDERR_REDIRECT] 
2026-05-28 15:15:22,806 [ERROR] LogOutputStream:75 - [STDERR_REDIRECT] [Fatal Error] :1:1: Premature end of file.
2026-05-28 15:15:22,806 [ERROR] LogOutputStream:75 - [STDERR_REDIRECT] 
2026-05-28 15:15:23,815 [ERROR] LogOutputStream:75 - [STDERR_REDIRECT] [Fatal Error] :1:1: Premature end of file.
2026-05-28 15:15:23,815 [ERROR] LogOutputStream:75 - [STDERR_REDIRECT] 
2026-05-28 15:15:24,821 [ERROR] LogOutputStream:75 - [STDERR_REDIRECT] [Fatal Error] :1:1: Premature end of file.
2026-05-28 15:15:24,822 [ERROR] LogOutputStream:75 - [STDERR_REDIRECT] 
2026-05-28 15:15:25,806 [ERROR] LogOutputStream:75 - [STDERR_REDIRECT] [Fatal Error] :1:1: Premature end of file.
2026-05-28 15:15:25,806 [ERROR] LogOutputStream:75 - [STDERR_REDIRECT] 
2026-05-28 15:15:26,809 [ERROR] LogOutputStream:75 - [STDERR_REDIRECT] [Fatal Error] :1:1: Premature end of file.
2026-05-28 15:15:26,809 [ERROR] LogOutputStream:75 - [STDERR_REDIRECT] 
2026-05-28 15:15:27,820 [ERROR] LogOutputStream:75 - [STDERR_REDIRECT] [Fatal Error] :1:1: Premature end of file.
2026-05-28 15:15:27,820 [ERROR] LogOutputStream:75 - [STDERR_REDIRECT] 
2026-05-28 15:15:28,812 [ERROR] LogOutputStream:75 - [STDERR_REDIRECT] [Fatal Error] :1:1: Premature end of file.
2026-05-28 15:15:28,813 [ERROR] LogOutputStream:75 - [STDERR_REDIRECT] 
2026-05-28 15:15:29,810 [ERROR] LogOutputStream:75 - [STDERR_REDIRECT] [Fatal Error] :1:1: Premature end of file.
2026-05-28 15:15:29,810 [ERROR] LogOutputStream:75 - [STDERR_REDIRECT] 
2026-05-28 15:15:30,811 [ERROR] LogOutputStream:75 - [STDERR_REDIRECT] [Fatal Error] :1:1: Premature end of file.
2026-05-28 15:15:30,811 [ERROR] LogOutputStream:75 - [STDERR_REDIRECT] 
2026-05-28 15:15:31,825 [ERROR] LogOutputStream:75 - [STDERR_REDIRECT] [Fatal Error] :1:1: Premature end of file.
2026-05-28 15:15:31,825 [ERROR] LogOutputStream:75 - [STDERR_REDIRECT] 
2026-05-28 15:15:32,796 [ERROR] LogOutputStream:75 - [STDERR_REDIRECT] [Fatal Error] :1:1: Premature end of file.
2026-05-28 15:15:32,796 [ERROR] LogOutputStream:75 - [STDERR_REDIRECT] 
2026-05-28 15:15:33,820 [ERROR] LogOutputStream:75 - [STDERR_REDIRECT] [Fatal Error] :1:1: Premature end of file.
2026-05-28 15:15:33,820 [ERROR] LogOutputStream:75 - [STDERR_REDIRECT] 
2026-05-28 15:15:34,814 [ERROR] LogOutputStream:75 - [STDERR_REDIRECT] [Fatal Error] :1:1: Premature end of file.
2026-05-28 15:15:34,814 [ERROR] LogOutputStream:75 - [STDERR_REDIRECT] 
2026-05-28 15:15:35,817 [ERROR] LogOutputStream:75 - [STDERR_REDIRECT] [Fatal Error] :1:1: Premature end of file.
2026-05-28 15:15:35,817 [ERROR] LogOutputStream:75 - [STDERR_REDIRECT] 
2026-05-28 15:15:36,812 [ERROR] LogOutputStream:75 - [STDERR_REDIRECT] [Fatal Error] :1:1: Premature end of file.
2026-05-28 15:15:36,812 [ERROR] LogOutputStream:75 - [STDERR_REDIRECT] 
2026-05-28 15:15:37,811 [ERROR] LogOutputStream:75 - [STDERR_REDIRECT] [Fatal Error] :1:1: Premature end of file.
2026-05-28 15:15:37,812 [ERROR] LogOutputStream:75 - [STDERR_REDIRECT] 
2026-05-28 15:15:38,812 [ERROR] LogOutputStream:75 - [STDERR_REDIRECT] [Fatal Error] :1:1: Premature end of file.
2026-05-28 15:15:38,812 [ERROR] LogOutputStream:75 - [STDERR_REDIRECT] 
2026-05-28 15:15:39,815 [ERROR] LogOutputStream:75 - [STDERR_REDIRECT] [Fatal Error] :1:1: Premature end of file.
2026-05-28 15:15:39,815 [ERROR] LogOutputStream:75 - [STDERR_REDIRECT] 
2026-05-28 15:15:40,809 [ERROR] LogOutputStream:75 - [STDERR_REDIRECT] [Fatal Error] :1:1: Premature end of file.
2026-05-28 15:15:40,809 [ERROR] LogOutputStream:75 - [STDERR_REDIRECT] 
2026-05-28 15:15:41,820 [ERROR] LogOutputStream:75 - [STDERR_REDIRECT] [Fatal Error] :1:1: Premature end of file.
2026-05-28 15:15:41,821 [ERROR] LogOutputStream:75 - [STDERR_REDIRECT] 
2026-05-28 15:15:42,816 [ERROR] LogOutputStream:75 - [STDERR_REDIRECT] [Fatal Error] :1:1: Premature end of file.
2026-05-28 15:15:42,816 [ERROR] LogOutputStream:75 - [STDERR_REDIRECT] 
2026-05-28 15:15:43,801 [ERROR] LogOutputStream:75 - [STDERR_REDIRECT] [Fatal Error] :1:1: Premature end of file.
2026-05-28 15:15:43,801 [ERROR] LogOutputStream:75 - [STDERR_REDIRECT] 
2026-05-28 15:15:44,806 [ERROR] LogOutputStream:75 - [STDERR_REDIRECT] [Fatal Error] :1:1: Premature end of file.
2026-05-28 15:15:44,806 [ERROR] LogOutputStream:75 - [STDERR_REDIRECT] 
2026-05-28 15:15:45,814 [ERROR] LogOutputStream:75 - [STDERR_REDIRECT] [Fatal Error] :1:1: Premature end of file.
2026-05-28 15:15:45,814 [ERROR] LogOutputStream:75 - [STDERR_REDIRECT] 
2026-05-28 15:15:46,803 [ERROR] LogOutputStream:75 - [STDERR_REDIRECT] [Fatal Error] :1:1: Premature end of file.
2026-05-28 15:15:46,803 [ERROR] LogOutputStream:75 - [STDERR_REDIRECT] 
2026-05-28 15:15:47,849 [ERROR] LogOutputStream:75 - [STDERR_REDIRECT] [Fatal Error] :1:1: Premature end of file.
2026-05-28 15:15:47,849 [ERROR] LogOutputStream:75 - [STDERR_REDIRECT] 
2026-05-28 15:15:48,812 [ERROR] LogOutputStream:75 - [STDERR_REDIRECT] [Fatal Error] :1:1: Premature end of file.
2026-05-28 15:15:48,812 [ERROR] LogOutputStream:75 - [STDERR_REDIRECT] 
2026-05-28 15:15:49,809 [ERROR] LogOutputStream:75 - [STDERR_REDIRECT] [Fatal Error] :1:1: Premature end of file.
2026-05-28 15:15:49,809 [ERROR] LogOutputStream:75 - [STDERR_REDIRECT] 
2026-05-28 15:15:50,835 [ERROR] LogOutputStream:75 - [STDERR_REDIRECT] [Fatal Error] :1:1: Premature end of file.
2026-05-28 15:15:50,837 [ERROR] LogOutputStream:75 - [STDERR_REDIRECT] 
2026-05-28 15:15:51,807 [ERROR] LogOutputStream:75 - [STDERR_REDIRECT] [Fatal Error] :1:1: Premature end of file.
2026-05-28 15:15:51,807 [ERROR] LogOutputStream:75 - [STDERR_REDIRECT] 
2026-05-28 15:15:52,829 [ERROR] LogOutputStream:75 - [STDERR_REDIRECT] [Fatal Error] :1:1: Premature end of file.
2026-05-28 15:15:52,829 [ERROR] LogOutputStream:75 - [STDERR_REDIRECT] 
2026-05-28 15:15:53,838 [ERROR] LogOutputStream:75 - [STDERR_REDIRECT] [Fatal Error] :1:1: Premature end of file.
2026-05-28 15:15:53,838 [ERROR] LogOutputStream:75 - [STDERR_REDIRECT] 
2026-05-28 15:15:54,824 [ERROR] LogOutputStream:75 - [STDERR_REDIRECT] [Fatal Error] :1:1: Premature end of file.
2026-05-28 15:15:54,824 [ERROR] LogOutputStream:75 - [STDERR_REDIRECT] 
2026-05-28 15:15:55,826 [ERROR] LogOutputStream:75 - [STDERR_REDIRECT] [Fatal Error] :1:1: Premature end of file.
2026-05-28 15:15:55,826 [ERROR] LogOutputStream:75 - [STDERR_REDIRECT] 
2026-05-28 15:15:56,808 [ERROR] LogOutputStream:75 - [STDERR_REDIRECT] [Fatal Error] :1:1: Premature end of file.
2026-05-28 15:15:56,809 [ERROR] LogOutputStream:75 - [STDERR_REDIRECT] 
2026-05-28 15:15:57,806 [ERROR] LogOutputStream:75 - [STDERR_REDIRECT] [Fatal Error] :1:1: Premature end of file.
2026-05-28 15:15:57,806 [ERROR] LogOutputStream:75 - [STDERR_REDIRECT] 
2026-05-28 15:15:58,802 [ERROR] LogOutputStream:75 - [STDERR_REDIRECT] [Fatal Error] :1:1: Premature end of file.
2026-05-28 15:15:58,802 [ERROR] LogOutputStream:75 - [STDERR_REDIRECT] 
2026-05-28 15:15:59,797 [ERROR] LogOutputStream:75 - [STDERR_REDIRECT] [Fatal Error] :1:1: Premature end of file.
2026-05-28 15:15:59,797 [ERROR] LogOutputStream:75 - [STDERR_REDIRECT] 
2026-05-28 15:16:00,802 [ERROR] LogOutputStream:75 - [STDERR_REDIRECT] [Fatal Error] :1:1: Premature end of file.
2026-05-28 15:16:00,802 [ERROR] LogOutputStream:75 - [STDERR_REDIRECT] 
2026-05-28 15:16:01,807 [ERROR] LogOutputStream:75 - [STDERR_REDIRECT] [Fatal Error] :1:1: Premature end of file.
2026-05-28 15:16:01,807 [ERROR] LogOutputStream:75 - [STDERR_REDIRECT] 
2026-05-28 15:16:02,803 [ERROR] LogOutputStream:75 - [STDERR_REDIRECT] [Fatal Error] :1:1: Premature end of file.
2026-05-28 15:16:02,805 [ERROR] LogOutputStream:75 - [STDERR_REDIRECT] 
2026-05-28 15:16:03,801 [ERROR] LogOutputStream:75 - [STDERR_REDIRECT] [Fatal Error] :1:1: Premature end of file.
2026-05-28 15:16:03,801 [ERROR] LogOutputStream:75 - [STDERR_REDIRECT] 
2026-05-28 15:16:04,804 [ERROR] LogOutputStream:75 - [STDERR_REDIRECT] [Fatal Error] :1:1: Premature end of file.
2026-05-28 15:16:04,804 [ERROR] LogOutputStream:75 - [STDERR_REDIRECT] 
2026-05-28 15:16:05,803 [ERROR] LogOutputStream:75 - [STDERR_REDIRECT] [Fatal Error] :1:1: Premature end of file.
2026-05-28 15:16:05,803 [ERROR] LogOutputStream:75 - [STDERR_REDIRECT] 
2026-05-28 15:16:06,800 [ERROR] LogOutputStream:75 - [STDERR_REDIRECT] [Fatal Error] :1:1: Premature end of file.
2026-05-28 15:16:06,800 [ERROR] LogOutputStream:75 - [STDERR_REDIRECT] 
2026-05-28 15:16:07,793 [ERROR] LogOutputStream:75 - [STDERR_REDIRECT] [Fatal Error] :1:1: Premature end of file.
2026-05-28 15:16:07,793 [ERROR] LogOutputStream:75 - [STDERR_REDIRECT] 
2026-05-28 15:16:08,820 [ERROR] LogOutputStream:75 - [STDERR_REDIRECT] [Fatal Error] :1:1: Premature end of file.
2026-05-28 15:16:08,820 [ERROR] LogOutputStream:75 - [STDERR_REDIRECT] 
2026-05-28 15:16:09,803 [ERROR] LogOutputStream:75 - [STDERR_REDIRECT] [Fatal Error] :1:1: Premature end of file.
2026-05-28 15:16:09,803 [ERROR] LogOutputStream:75 - [STDERR_REDIRECT] 
2026-05-28 15:16:10,807 [ERROR] LogOutputStream:75 - [STDERR_REDIRECT] [Fatal Error] :1:1: Premature end of file.
2026-05-28 15:16:10,807 [ERROR] LogOutputStream:75 - [STDERR_REDIRECT] 
2026-05-28 15:16:11,803 [ERROR] LogOutputStream:75 - [STDERR_REDIRECT] [Fatal Error] :1:1: Premature end of file.
2026-05-28 15:16:11,803 [ERROR] LogOutputStream:75 - [STDERR_REDIRECT] 
2026-05-28 15:16:12,808 [ERROR] LogOutputStream:75 - [STDERR_REDIRECT] [Fatal Error] :1:1: Premature end of file.
2026-05-28 15:16:12,808 [ERROR] LogOutputStream:75 - [STDERR_REDIRECT] 
2026-05-28 15:16:13,805 [ERROR] LogOutputStream:75 - [STDERR_REDIRECT] [Fatal Error] :1:1: Premature end of file.
2026-05-28 15:16:13,805 [ERROR] LogOutputStream:75 - [STDERR_REDIRECT] 
2026-05-28 15:16:14,806 [ERROR] LogOutputStream:75 - [STDERR_REDIRECT] [Fatal Error] :1:1: Premature end of file.
2026-05-28 15:16:14,806 [ERROR] LogOutputStream:75 - [STDERR_REDIRECT] 
2026-05-28 15:16:15,798 [ERROR] LogOutputStream:75 - [STDERR_REDIRECT] [Fatal Error] :1:1: Premature end of file.
2026-05-28 15:16:15,798 [ERROR] LogOutputStream:75 - [STDERR_REDIRECT] 
2026-05-28 15:16:16,798 [ERROR] LogOutputStream:75 - [STDERR_REDIRECT] [Fatal Error] :1:1: Premature end of file.
2026-05-28 15:16:16,799 [ERROR] LogOutputStream:75 - [STDERR_REDIRECT] 
2026-05-28 15:16:17,791 [ERROR] LogOutputStream:75 - [STDERR_REDIRECT] [Fatal Error] :1:1: Premature end of file.
2026-05-28 15:16:17,791 [ERROR] LogOutputStream:75 - [STDERR_REDIRECT] 
2026-05-28 15:16:18,801 [ERROR] LogOutputStream:75 - [STDERR_REDIRECT] [Fatal Error] :1:1: Premature end of file.
2026-05-28 15:16:18,803 [ERROR] LogOutputStream:75 - [STDERR_REDIRECT] 
2026-05-28 15:16:19,811 [ERROR] LogOutputStream:75 - [STDERR_REDIRECT] [Fatal Error] :1:1: Premature end of file.
2026-05-28 15:16:19,811 [ERROR] LogOutputStream:75 - [STDERR_REDIRECT] 
2026-05-28 15:16:20,798 [ERROR] LogOutputStream:75 - [STDERR_REDIRECT] [Fatal Error] :1:1: Premature end of file.
2026-05-28 15:16:20,798 [ERROR] LogOutputStream:75 - [STDERR_REDIRECT] 
2026-05-28 15:16:21,795 [ERROR] LogOutputStream:75 - [STDERR_REDIRECT] [Fatal Error] :1:1: Premature end of file.
2026-05-28 15:16:21,795 [ERROR] LogOutputStream:75 - [STDERR_REDIRECT] 
2026-05-28 15:16:22,796 [ERROR] LogOutputStream:75 - [STDERR_REDIRECT] [Fatal Error] :1:1: Premature end of file.
2026-05-28 15:16:22,796 [ERROR] LogOutputStream:75 - [STDERR_REDIRECT] 
2026-05-28 15:16:23,801 [ERROR] LogOutputStream:75 - [STDERR_REDIRECT] [Fatal Error] :1:1: Premature end of file.
2026-05-28 15:16:23,801 [ERROR] LogOutputStream:75 - [STDERR_REDIRECT] 
2026-05-28 15:16:24,812 [ERROR] LogOutputStream:75 - [STDERR_REDIRECT] [Fatal Error] :1:1: Premature end of file.
2026-05-28 15:16:24,812 [ERROR] LogOutputStream:75 - [STDERR_REDIRECT] 
2026-05-28 15:16:25,818 [ERROR] LogOutputStream:75 - [STDERR_REDIRECT] [Fatal Error] :1:1: Premature end of file.
2026-05-28 15:16:25,818 [ERROR] LogOutputStream:75 - [STDERR_REDIRECT] 
2026-05-28 15:16:26,801 [ERROR] LogOutputStream:75 - [STDERR_REDIRECT] [Fatal Error] :1:1: Premature end of file.
2026-05-28 15:16:26,801 [ERROR] LogOutputStream:75 - [STDERR_REDIRECT] 
2026-05-28 15:16:27,830 [ERROR] LogOutputStream:75 - [STDERR_REDIRECT] [Fatal Error] :1:1: Premature end of file.
2026-05-28 15:16:27,830 [ERROR] LogOutputStream:75 - [STDERR_REDIRECT] 
2026-05-28 15:16:28,801 [ERROR] LogOutputStream:75 - [STDERR_REDIRECT] [Fatal Error] :1:1: Premature end of file.
2026-05-28 15:16:28,801 [ERROR] LogOutputStream:75 - [STDERR_REDIRECT] 
2026-05-28 15:16:29,804 [ERROR] LogOutputStream:75 - [STDERR_REDIRECT] [Fatal Error] :1:1: Premature end of file.
2026-05-28 15:16:29,805 [ERROR] LogOutputStream:75 - [STDERR_REDIRECT] 
2026-05-28 15:16:30,804 [ERROR] LogOutputStream:75 - [STDERR_REDIRECT] [Fatal Error] :1:1: Premature end of file.
2026-05-28 15:16:30,805 [ERROR] LogOutputStream:75 - [STDERR_REDIRECT] 
2026-05-28 15:16:31,807 [ERROR] LogOutputStream:75 - [STDERR_REDIRECT] [Fatal Error] :1:1: Premature end of file.
2026-05-28 15:16:31,807 [ERROR] LogOutputStream:75 - [STDERR_REDIRECT] 
2026-05-28 15:16:32,814 [ERROR] LogOutputStream:75 - [STDERR_REDIRECT] [Fatal Error] :1:1: Premature end of file.
2026-05-28 15:16:32,814 [ERROR] LogOutputStream:75 - [STDERR_REDIRECT] 
2026-05-28 15:16:33,810 [ERROR] LogOutputStream:75 - [STDERR_REDIRECT] [Fatal Error] :1:1: Premature end of file.
2026-05-28 15:16:33,810 [ERROR] LogOutputStream:75 - [STDERR_REDIRECT] 
2026-05-28 15:16:34,812 [ERROR] LogOutputStream:75 - [STDERR_REDIRECT] [Fatal Error] :1:1: Premature end of file.
2026-05-28 15:16:34,812 [ERROR] LogOutputStream:75 - [STDERR_REDIRECT] 
2026-05-28 15:16:35,807 [ERROR] LogOutputStream:75 - [STDERR_REDIRECT] [Fatal Error] :1:1: Premature end of file.
2026-05-28 15:16:35,807 [ERROR] LogOutputStream:75 - [STDERR_REDIRECT] 
2026-05-28 15:16:36,812 [ERROR] LogOutputStream:75 - [STDERR_REDIRECT] [Fatal Error] :1:1: Premature end of file.
2026-05-28 15:16:36,812 [ERROR] LogOutputStream:75 - [STDERR_REDIRECT] 
2026-05-28 15:16:37,811 [ERROR] LogOutputStream:75 - [STDERR_REDIRECT] [Fatal Error] :1:1: Premature end of file.
2026-05-28 15:16:37,812 [ERROR] LogOutputStream:75 - [STDERR_REDIRECT] 
2026-05-28 15:16:38,809 [ERROR] LogOutputStream:75 - [STDERR_REDIRECT] [Fatal Error] :1:1: Premature end of file.
2026-05-28 15:16:38,810 [ERROR] LogOutputStream:75 - [STDERR_REDIRECT] 
2026-05-28 15:16:39,808 [ERROR] LogOutputStream:75 - [STDERR_REDIRECT] [Fatal Error] :1:1: Premature end of file.
2026-05-28 15:16:39,809 [ERROR] LogOutputStream:75 - [STDERR_REDIRECT] 
2026-05-28 15:16:40,812 [ERROR] LogOutputStream:75 - [STDERR_REDIRECT] [Fatal Error] :1:1: Premature end of file.
2026-05-28 15:16:40,813 [ERROR] LogOutputStream:75 - [STDERR_REDIRECT] 
2026-05-28 15:16:41,807 [ERROR] LogOutputStream:75 - [STDERR_REDIRECT] [Fatal Error] :1:1: Premature end of file.
2026-05-28 15:16:41,807 [ERROR] LogOutputStream:75 - [STDERR_REDIRECT] 
2026-05-28 15:16:42,807 [ERROR] LogOutputStream:75 - [STDERR_REDIRECT] [Fatal Error] :1:1: Premature end of file.
2026-05-28 15:16:42,807 [ERROR] LogOutputStream:75 - [STDERR_REDIRECT] 
2026-05-28 15:16:43,822 [ERROR] LogOutputStream:75 - [STDERR_REDIRECT] [Fatal Error] :1:1: Premature end of file.
2026-05-28 15:16:43,822 [ERROR] LogOutputStream:75 - [STDERR_REDIRECT] 
2026-05-28 15:16:44,800 [ERROR] LogOutputStream:75 - [STDERR_REDIRECT] [Fatal Error] :1:1: Premature end of file.
2026-05-28 15:16:44,800 [ERROR] LogOutputStream:75 - [STDERR_REDIRECT] 
2026-05-28 15:16:45,813 [ERROR] LogOutputStream:75 - [STDERR_REDIRECT] [Fatal Error] :1:1: Premature end of file.
2026-05-28 15:16:45,813 [ERROR] LogOutputStream:75 - [STDERR_REDIRECT] 
2026-05-28 15:16:46,811 [ERROR] LogOutputStream:75 - [STDERR_REDIRECT] [Fatal Error] :1:1: Premature end of file.
2026-05-28 15:16:46,812 [ERROR] LogOutputStream:75 - [STDERR_REDIRECT] 
2026-05-28 15:16:47,811 [ERROR] LogOutputStream:75 - [STDERR_REDIRECT] [Fatal Error] :1:1: Premature end of file.
2026-05-28 15:16:47,811 [ERROR] LogOutputStream:75 - [STDERR_REDIRECT] 
2026-05-28 15:16:48,810 [ERROR] LogOutputStream:75 - [STDERR_REDIRECT] [Fatal Error] :1:1: Premature end of file.
2026-05-28 15:16:48,811 [ERROR] LogOutputStream:75 - [STDERR_REDIRECT] 
2026-05-28 15:16:49,803 [ERROR] LogOutputStream:75 - [STDERR_REDIRECT] [Fatal Error] :1:1: Premature end of file.
2026-05-28 15:16:49,803 [ERROR] LogOutputStream:75 - [STDERR_REDIRECT] 
2026-05-28 15:16:50,801 [ERROR] LogOutputStream:75 - [STDERR_REDIRECT] [Fatal Error] :1:1: Premature end of file.
2026-05-28 15:16:50,801 [ERROR] LogOutputStream:75 - [STDERR_REDIRECT] 
2026-05-28 15:16:51,812 [ERROR] LogOutputStream:75 - [STDERR_REDIRECT] [Fatal Error] :1:1: Premature end of file.
2026-05-28 15:16:51,812 [ERROR] LogOutputStream:75 - [STDERR_REDIRECT] 
2026-05-28 15:16:52,810 [ERROR] LogOutputStream:75 - [STDERR_REDIRECT] [Fatal Error] :1:1: Premature end of file.
2026-05-28 15:16:52,810 [ERROR] LogOutputStream:75 - [STDERR_REDIRECT] 
2026-05-28 15:16:53,807 [ERROR] LogOutputStream:75 - [STDERR_REDIRECT] [Fatal Error] :1:1: Premature end of file.
2026-05-28 15:16:53,807 [ERROR] LogOutputStream:75 - [STDERR_REDIRECT] 
2026-05-28 15:16:54,833 [ERROR] LogOutputStream:75 - [STDERR_REDIRECT] [Fatal Error] :1:1: Premature end of file.
2026-05-28 15:16:54,834 [ERROR] LogOutputStream:75 - [STDERR_REDIRECT] 
2026-05-28 15:16:55,800 [ERROR] LogOutputStream:75 - [STDERR_REDIRECT] [Fatal Error] :1:1: Premature end of file.
2026-05-28 15:16:55,800 [ERROR] LogOutputStream:75 - [STDERR_REDIRECT] 
2026-05-28 15:16:56,803 [ERROR] LogOutputStream:75 - [STDERR_REDIRECT] [Fatal Error] :1:1: Premature end of file.
2026-05-28 15:16:56,803 [ERROR] LogOutputStream:75 - [STDERR_REDIRECT] 
2026-05-28 15:16:57,803 [ERROR] LogOutputStream:75 - [STDERR_REDIRECT] [Fatal Error] :1:1: Premature end of file.
2026-05-28 15:16:57,803 [ERROR] LogOutputStream:75 - [STDERR_REDIRECT] 
2026-05-28 15:16:58,801 [ERROR] LogOutputStream:75 - [STDERR_REDIRECT] [Fatal Error] :1:1: Premature end of file.
2026-05-28 15:16:58,802 [ERROR] LogOutputStream:75 - [STDERR_REDIRECT] 
2026-05-28 15:16:59,815 [ERROR] LogOutputStream:75 - [STDERR_REDIRECT] [Fatal Error] :1:1: Premature end of file.
2026-05-28 15:16:59,815 [ERROR] LogOutputStream:75 - [STDERR_REDIRECT] 
2026-05-28 15:17:00,814 [ERROR] LogOutputStream:75 - [STDERR_REDIRECT] [Fatal Error] :1:1: Premature end of file.
2026-05-28 15:17:00,814 [ERROR] LogOutputStream:75 - [STDERR_REDIRECT] 
2026-05-28 15:17:01,815 [ERROR] LogOutputStream:75 - [STDERR_REDIRECT] [Fatal Error] :1:1: Premature end of file.
2026-05-28 15:17:01,815 [ERROR] LogOutputStream:75 - [STDERR_REDIRECT] 
2026-05-28 15:17:02,813 [ERROR] LogOutputStream:75 - [STDERR_REDIRECT] [Fatal Error] :1:1: Premature end of file.
2026-05-28 15:17:02,813 [ERROR] LogOutputStream:75 - [STDERR_REDIRECT] 
2026-05-28 15:17:03,813 [ERROR] LogOutputStream:75 - [STDERR_REDIRECT] [Fatal Error] :1:1: Premature end of file.
2026-05-28 15:17:03,813 [ERROR] LogOutputStream:75 - [STDERR_REDIRECT] 
2026-05-28 15:17:04,813 [ERROR] LogOutputStream:75 - [STDERR_REDIRECT] [Fatal Error] :1:1: Premature end of file.
2026-05-28 15:17:04,813 [ERROR] LogOutputStream:75 - [STDERR_REDIRECT] 
2026-05-28 15:17:05,833 [ERROR] LogOutputStream:75 - [STDERR_REDIRECT] [Fatal Error] :1:1: Premature end of file.
2026-05-28 15:17:05,834 [ERROR] LogOutputStream:75 - [STDERR_REDIRECT] 
2026-05-28 15:17:06,815 [ERROR] LogOutputStream:75 - [STDERR_REDIRECT] [Fatal Error] :1:1: Premature end of file.
2026-05-28 15:17:06,815 [ERROR] LogOutputStream:75 - [STDERR_REDIRECT] 
2026-05-28 15:17:07,811 [ERROR] LogOutputStream:75 - [STDERR_REDIRECT] [Fatal Error] :1:1: Premature end of file.
2026-05-28 15:17:07,811 [ERROR] LogOutputStream:75 - [STDERR_REDIRECT] 
2026-05-28 15:17:08,814 [ERROR] LogOutputStream:75 - [STDERR_REDIRECT] [Fatal Error] :1:1: Premature end of file.
2026-05-28 15:17:08,814 [ERROR] LogOutputStream:75 - [STDERR_REDIRECT] 
2026-05-28 15:17:09,804 [ERROR] LogOutputStream:75 - [STDERR_REDIRECT] [Fatal Error] :1:1: Premature end of file.
2026-05-28 15:17:09,804 [ERROR] LogOutputStream:75 - [STDERR_REDIRECT] 
2026-05-28 15:17:10,816 [ERROR] LogOutputStream:75 - [STDERR_REDIRECT] [Fatal Error] :1:1: Premature end of file.
2026-05-28 15:17:10,816 [ERROR] LogOutputStream:75 - [STDERR_REDIRECT] 
2026-05-28 15:17:11,807 [ERROR] LogOutputStream:75 - [STDERR_REDIRECT] [Fatal Error] :1:1: Premature end of file.
2026-05-28 15:17:11,807 [ERROR] LogOutputStream:75 - [STDERR_REDIRECT] 
2026-05-28 15:17:12,804 [ERROR] LogOutputStream:75 - [STDERR_REDIRECT] [Fatal Error] :1:1: Premature end of file.
2026-05-28 15:17:12,805 [ERROR] LogOutputStream:75 - [STDERR_REDIRECT] 
2026-05-28 15:17:13,810 [ERROR] LogOutputStream:75 - [STDERR_REDIRECT] [Fatal Error] :1:1: Premature end of file.
2026-05-28 15:17:13,810 [ERROR] LogOutputStream:75 - [STDERR_REDIRECT] 
2026-05-28 15:17:14,810 [ERROR] LogOutputStream:75 - [STDERR_REDIRECT] [Fatal Error] :1:1: Premature end of file.
2026-05-28 15:17:14,811 [ERROR] LogOutputStream:75 - [STDERR_REDIRECT] 
2026-05-28 15:17:15,810 [ERROR] LogOutputStream:75 - [STDERR_REDIRECT] [Fatal Error] :1:1: Premature end of file.
2026-05-28 15:17:15,810 [ERROR] LogOutputStream:75 - [STDERR_REDIRECT] 
2026-05-28 15:17:16,810 [ERROR] LogOutputStream:75 - [STDERR_REDIRECT] [Fatal Error] :1:1: Premature end of file.
2026-05-28 15:17:16,810 [ERROR] LogOutputStream:75 - [STDERR_REDIRECT] 
2026-05-28 15:17:17,807 [ERROR] LogOutputStream:75 - [STDERR_REDIRECT] [Fatal Error] :1:1: Premature end of file.
2026-05-28 15:17:17,807 [ERROR] LogOutputStream:75 - [STDERR_REDIRECT] 
2026-05-28 15:17:18,799 [ERROR] LogOutputStream:75 - [STDERR_REDIRECT] [Fatal Error] :1:1: Premature end of file.
2026-05-28 15:17:18,799 [ERROR] LogOutputStream:75 - [STDERR_REDIRECT] 
2026-05-28 15:17:19,799 [ERROR] LogOutputStream:75 - [STDERR_REDIRECT] [Fatal Error] :1:1: Premature end of file.
2026-05-28 15:17:19,799 [ERROR] LogOutputStream:75 - [STDERR_REDIRECT] 
2026-05-28 15:17:20,815 [ERROR] LogOutputStream:75 - [STDERR_REDIRECT] [Fatal Error] :1:1: Premature end of file.
2026-05-28 15:17:20,815 [ERROR] LogOutputStream:75 - [STDERR_REDIRECT] 
2026-05-28 15:17:21,805 [ERROR] LogOutputStream:75 - [STDERR_REDIRECT] [Fatal Error] :1:1: Premature end of file.
2026-05-28 15:17:21,805 [ERROR] LogOutputStream:75 - [STDERR_REDIRECT] 
2026-05-28 15:17:22,805 [ERROR] LogOutputStream:75 - [STDERR_REDIRECT] [Fatal Error] :1:1: Premature end of file.
2026-05-28 15:17:22,805 [ERROR] LogOutputStream:75 - [STDERR_REDIRECT] 
2026-05-28 15:17:23,806 [ERROR] LogOutputStream:75 - [STDERR_REDIRECT] [Fatal Error] :1:1: Premature end of file.
2026-05-28 15:17:23,807 [ERROR] LogOutputStream:75 - [STDERR_REDIRECT] 
2026-05-28 15:17:24,806 [ERROR] LogOutputStream:75 - [STDERR_REDIRECT] [Fatal Error] :1:1: Premature end of file.
2026-05-28 15:17:24,806 [ERROR] LogOutputStream:75 - [STDERR_REDIRECT] 
2026-05-28 15:17:25,829 [ERROR] LogOutputStream:75 - [STDERR_REDIRECT] [Fatal Error] :1:1: Premature end of file.
2026-05-28 15:17:25,829 [ERROR] LogOutputStream:75 - [STDERR_REDIRECT] 
2026-05-28 15:17:26,807 [ERROR] LogOutputStream:75 - [STDERR_REDIRECT] [Fatal Error] :1:1: Premature end of file.
2026-05-28 15:17:26,807 [ERROR] LogOutputStream:75 - [STDERR_REDIRECT] 
2026-05-28 15:17:27,806 [ERROR] LogOutputStream:75 - [STDERR_REDIRECT] [Fatal Error] :1:1: Premature end of file.
2026-05-28 15:17:27,807 [ERROR] LogOutputStream:75 - [STDERR_REDIRECT] 
2026-05-28 15:17:28,805 [ERROR] LogOutputStream:75 - [STDERR_REDIRECT] [Fatal Error] :1:1: Premature end of file.
2026-05-28 15:17:28,806 [ERROR] LogOutputStream:75 - [STDERR_REDIRECT] 
2026-05-28 15:17:29,805 [ERROR] LogOutputStream:75 - [STDERR_REDIRECT] [Fatal Error] :1:1: Premature end of file.
2026-05-28 15:17:29,806 [ERROR] LogOutputStream:75 - [STDERR_REDIRECT] 
2026-05-28 15:17:30,802 [ERROR] LogOutputStream:75 - [STDERR_REDIRECT] [Fatal Error] :1:1: Premature end of file.
2026-05-28 15:17:30,802 [ERROR] LogOutputStream:75 - [STDERR_REDIRECT] 
2026-05-28 15:17:31,814 [ERROR] LogOutputStream:75 - [STDERR_REDIRECT] [Fatal Error] :1:1: Premature end of file.
2026-05-28 15:17:31,814 [ERROR] LogOutputStream:75 - [STDERR_REDIRECT] 
2026-05-28 15:17:32,811 [ERROR] LogOutputStream:75 - [STDERR_REDIRECT] [Fatal Error] :1:1: Premature end of file.
2026-05-28 15:17:32,811 [ERROR] LogOutputStream:75 - [STDERR_REDIRECT] 
2026-05-28 15:17:33,801 [ERROR] LogOutputStream:75 - [STDERR_REDIRECT] [Fatal Error] :1:1: Premature end of file.
2026-05-28 15:17:33,801 [ERROR] LogOutputStream:75 - [STDERR_REDIRECT] 
2026-05-28 15:17:34,800 [ERROR] LogOutputStream:75 - [STDERR_REDIRECT] [Fatal Error] :1:1: Premature end of file.
2026-05-28 15:17:34,800 [ERROR] LogOutputStream:75 - [STDERR_REDIRECT] 
2026-05-28 15:17:35,800 [ERROR] LogOutputStream:75 - [STDERR_REDIRECT] [Fatal Error] :1:1: Premature end of file.
2026-05-28 15:17:35,801 [ERROR] LogOutputStream:75 - [STDERR_REDIRECT] 
2026-05-28 15:17:36,804 [ERROR] LogOutputStream:75 - [STDERR_REDIRECT] [Fatal Error] :1:1: Premature end of file.
2026-05-28 15:17:36,804 [ERROR] LogOutputStream:75 - [STDERR_REDIRECT] 
2026-05-28 15:17:37,797 [ERROR] LogOutputStream:75 - [STDERR_REDIRECT] [Fatal Error] :1:1: Premature end of file.
2026-05-28 15:17:37,798 [ERROR] LogOutputStream:75 - [STDERR_REDIRECT] 
2026-05-28 15:17:38,808 [ERROR] LogOutputStream:75 - [STDERR_REDIRECT] [Fatal Error] :1:1: Premature end of file.
2026-05-28 15:17:38,808 [ERROR] LogOutputStream:75 - [STDERR_REDIRECT] 
2026-05-28 15:17:39,801 [ERROR] LogOutputStream:75 - [STDERR_REDIRECT] [Fatal Error] :1:1: Premature end of file.
2026-05-28 15:17:39,801 [ERROR] LogOutputStream:75 - [STDERR_REDIRECT] 
2026-05-28 15:17:40,801 [ERROR] LogOutputStream:75 - [STDERR_REDIRECT] [Fatal Error] :1:1: Premature end of file.
2026-05-28 15:17:40,801 [ERROR] LogOutputStream:75 - [STDERR_REDIRECT] 
2026-05-28 15:17:41,801 [ERROR] LogOutputStream:75 - [STDERR_REDIRECT] [Fatal Error] :1:1: Premature end of file.
2026-05-28 15:17:41,801 [ERROR] LogOutputStream:75 - [STDERR_REDIRECT] 
2026-05-28 15:17:42,814 [ERROR] LogOutputStream:75 - [STDERR_REDIRECT] [Fatal Error] :1:1: Premature end of file.
2026-05-28 15:17:42,815 [ERROR] LogOutputStream:75 - [STDERR_REDIRECT] 
2026-05-28 15:17:43,819 [ERROR] LogOutputStream:75 - [STDERR_REDIRECT] [Fatal Error] :1:1: Premature end of file.
2026-05-28 15:17:43,819 [ERROR] LogOutputStream:75 - [STDERR_REDIRECT] 
2026-05-28 15:17:44,806 [ERROR] LogOutputStream:75 - [STDERR_REDIRECT] [Fatal Error] :1:1: Premature end of file.
2026-05-28 15:17:44,806 [ERROR] LogOutputStream:75 - [STDERR_REDIRECT] 
2026-05-28 15:17:45,801 [ERROR] LogOutputStream:75 - [STDERR_REDIRECT] [Fatal Error] :1:1: Premature end of file.
2026-05-28 15:17:45,802 [ERROR] LogOutputStream:75 - [STDERR_REDIRECT] 
2026-05-28 15:17:46,816 [ERROR] LogOutputStream:75 - [STDERR_REDIRECT] [Fatal Error] :1:1: Premature end of file.
2026-05-28 15:17:46,817 [ERROR] LogOutputStream:75 - [STDERR_REDIRECT] 
2026-05-28 15:17:47,812 [ERROR] LogOutputStream:75 - [STDERR_REDIRECT] [Fatal Error] :1:1: Premature end of file.
2026-05-28 15:17:47,812 [ERROR] LogOutputStream:75 - [STDERR_REDIRECT] 
2026-05-28 15:17:48,803 [ERROR] LogOutputStream:75 - [STDERR_REDIRECT] [Fatal Error] :1:1: Premature end of file.
2026-05-28 15:17:48,803 [ERROR] LogOutputStream:75 - [STDERR_REDIRECT] 
2026-05-28 15:17:49,815 [ERROR] LogOutputStream:75 - [STDERR_REDIRECT] [Fatal Error] :1:1: Premature end of file.
2026-05-28 15:17:49,815 [ERROR] LogOutputStream:75 - [STDERR_REDIRECT] 
2026-05-28 15:17:50,807 [ERROR] LogOutputStream:75 - [STDERR_REDIRECT] [Fatal Error] :1:1: Premature end of file.
2026-05-28 15:17:50,808 [ERROR] LogOutputStream:75 - [STDERR_REDIRECT] 
2026-05-28 15:17:51,809 [ERROR] LogOutputStream:75 - [STDERR_REDIRECT] [Fatal Error] :1:1: Premature end of file.
2026-05-28 15:17:51,809 [ERROR] LogOutputStream:75 - [STDERR_REDIRECT] 
2026-05-28 15:17:52,831 [ERROR] LogOutputStream:75 - [STDERR_REDIRECT] [Fatal Error] :1:1: Premature end of file.
2026-05-28 15:17:52,831 [ERROR] LogOutputStream:75 - [STDERR_REDIRECT] 
2026-05-28 15:17:53,804 [ERROR] LogOutputStream:75 - [STDERR_REDIRECT] [Fatal Error] :1:1: Premature end of file.
2026-05-28 15:17:53,805 [ERROR] LogOutputStream:75 - [STDERR_REDIRECT] 
2026-05-28 15:17:54,806 [ERROR] LogOutputStream:75 - [STDERR_REDIRECT] [Fatal Error] :1:1: Premature end of file.
2026-05-28 15:17:54,808 [ERROR] LogOutputStream:75 - [STDERR_REDIRECT] 
2026-05-28 15:17:55,807 [ERROR] LogOutputStream:75 - [STDERR_REDIRECT] [Fatal Error] :1:1: Premature end of file.
2026-05-28 15:17:55,807 [ERROR] LogOutputStream:75 - [STDERR_REDIRECT] 
2026-05-28 15:17:56,811 [ERROR] LogOutputStream:75 - [STDERR_REDIRECT] [Fatal Error] :1:1: Premature end of file.
2026-05-28 15:17:56,811 [ERROR] LogOutputStream:75 - [STDERR_REDIRECT] 
2026-05-28 15:17:57,803 [ERROR] LogOutputStream:75 - [STDERR_REDIRECT] [Fatal Error] :1:1: Premature end of file.
2026-05-28 15:17:57,803 [ERROR] LogOutputStream:75 - [STDERR_REDIRECT] 
2026-05-28 15:17:58,809 [ERROR] LogOutputStream:75 - [STDERR_REDIRECT] [Fatal Error] :1:1: Premature end of file.
2026-05-28 15:17:58,809 [ERROR] LogOutputStream:75 - [STDERR_REDIRECT] 
2026-05-28 15:17:59,805 [ERROR] LogOutputStream:75 - [STDERR_REDIRECT] [Fatal Error] :1:1: Premature end of file.
2026-05-28 15:17:59,806 [ERROR] LogOutputStream:75 - [STDERR_REDIRECT] 
2026-05-28 15:18:00,811 [ERROR] LogOutputStream:75 - [STDERR_REDIRECT] [Fatal Error] :1:1: Premature end of file.
2026-05-28 15:18:00,812 [ERROR] LogOutputStream:75 - [STDERR_REDIRECT] 
2026-05-28 15:18:01,812 [ERROR] LogOutputStream:75 - [STDERR_REDIRECT] [Fatal Error] :1:1: Premature end of file.
2026-05-28 15:18:01,812 [ERROR] LogOutputStream:75 - [STDERR_REDIRECT] 
2026-05-28 15:18:02,795 [ERROR] LogOutputStream:75 - [STDERR_REDIRECT] [Fatal Error] :1:1: Premature end of file.
2026-05-28 15:18:02,795 [ERROR] LogOutputStream:75 - [STDERR_REDIRECT] 
2026-05-28 15:18:03,801 [ERROR] LogOutputStream:75 - [STDERR_REDIRECT] [Fatal Error] :1:1: Premature end of file.
2026-05-28 15:18:03,801 [ERROR] LogOutputStream:75 - [STDERR_REDIRECT] 
2026-05-28 15:18:04,808 [ERROR] LogOutputStream:75 - [STDERR_REDIRECT] [Fatal Error] :1:1: Premature end of file.
2026-05-28 15:18:04,808 [ERROR] LogOutputStream:75 - [STDERR_REDIRECT] 
2026-05-28 15:18:05,806 [ERROR] LogOutputStream:75 - [STDERR_REDIRECT] [Fatal Error] :1:1: Premature end of file.
2026-05-28 15:18:05,806 [ERROR] LogOutputStream:75 - [STDERR_REDIRECT] 
2026-05-28 15:18:06,830 [ERROR] LogOutputStream:75 - [STDERR_REDIRECT] [Fatal Error] :1:1: Premature end of file.
2026-05-28 15:18:06,830 [ERROR] LogOutputStream:75 - [STDERR_REDIRECT] 
2026-05-28 15:18:07,814 [ERROR] LogOutputStream:75 - [STDERR_REDIRECT] [Fatal Error] :1:1: Premature end of file.
2026-05-28 15:18:07,815 [ERROR] LogOutputStream:75 - [STDERR_REDIRECT] 
2026-05-28 15:18:08,800 [ERROR] LogOutputStream:75 - [STDERR_REDIRECT] [Fatal Error] :1:1: Premature end of file.
2026-05-28 15:18:08,800 [ERROR] LogOutputStream:75 - [STDERR_REDIRECT] 
2026-05-28 15:18:09,799 [ERROR] LogOutputStream:75 - [STDERR_REDIRECT] [Fatal Error] :1:1: Premature end of file.
2026-05-28 15:18:09,799 [ERROR] LogOutputStream:75 - [STDERR_REDIRECT] 
2026-05-28 15:18:10,799 [ERROR] LogOutputStream:75 - [STDERR_REDIRECT] [Fatal Error] :1:1: Premature end of file.
2026-05-28 15:18:10,799 [ERROR] LogOutputStream:75 - [STDERR_REDIRECT] 
2026-05-28 15:18:11,798 [ERROR] LogOutputStream:75 - [STDERR_REDIRECT] [Fatal Error] :1:1: Premature end of file.
2026-05-28 15:18:11,798 [ERROR] LogOutputStream:75 - [STDERR_REDIRECT] 
2026-05-28 15:18:12,797 [ERROR] LogOutputStream:75 - [STDERR_REDIRECT] [Fatal Error] :1:1: Premature end of file.
2026-05-28 15:18:12,797 [ERROR] LogOutputStream:75 - [STDERR_REDIRECT] 
2026-05-28 15:18:13,799 [ERROR] LogOutputStream:75 - [STDERR_REDIRECT] [Fatal Error] :1:1: Premature end of file.
2026-05-28 15:18:13,800 [ERROR] LogOutputStream:75 - [STDERR_REDIRECT] 
2026-05-28 15:18:14,801 [ERROR] LogOutputStream:75 - [STDERR_REDIRECT] [Fatal Error] :1:1: Premature end of file.
2026-05-28 15:18:14,802 [ERROR] LogOutputStream:75 - [STDERR_REDIRECT] 
2026-05-28 15:18:15,813 [ERROR] LogOutputStream:75 - [STDERR_REDIRECT] [Fatal Error] :1:1: Premature end of file.
2026-05-28 15:18:15,813 [ERROR] LogOutputStream:75 - [STDERR_REDIRECT] 
2026-05-28 15:18:16,801 [ERROR] LogOutputStream:75 - [STDERR_REDIRECT] [Fatal Error] :1:1: Premature end of file.
2026-05-28 15:18:16,801 [ERROR] LogOutputStream:75 - [STDERR_REDIRECT] 
2026-05-28 15:18:17,803 [ERROR] LogOutputStream:75 - [STDERR_REDIRECT] [Fatal Error] :1:1: Premature end of file.
2026-05-28 15:18:17,803 [ERROR] LogOutputStream:75 - [STDERR_REDIRECT] 
2026-05-28 15:18:18,787 [ERROR] LogOutputStream:75 - [STDERR_REDIRECT] [Fatal Error] :1:1: Premature end of file.
2026-05-28 15:18:18,787 [ERROR] LogOutputStream:75 - [STDERR_REDIRECT] 
2026-05-28 15:18:19,788 [ERROR] LogOutputStream:75 - [STDERR_REDIRECT] [Fatal Error] :1:1: Premature end of file.
2026-05-28 15:18:19,788 [ERROR] LogOutputStream:75 - [STDERR_REDIRECT] 
2026-05-28 15:18:20,791 [ERROR] LogOutputStream:75 - [STDERR_REDIRECT] [Fatal Error] :1:1: Premature end of file.
2026-05-28 15:18:20,791 [ERROR] LogOutputStream:75 - [STDERR_REDIRECT] 
2026-05-28 15:18:21,789 [ERROR] LogOutputStream:75 - [STDERR_REDIRECT] [Fatal Error] :1:1: Premature end of file.
2026-05-28 15:18:21,789 [ERROR] LogOutputStream:75 - [STDERR_REDIRECT] 
2026-05-28 15:18:23,128 [ERROR] LogOutputStream:75 - [STDERR_REDIRECT] 
2026-05-28 15:18:23,128 [ERROR] LogOutputStream:75 - [STDERR_REDIRECT] 
