2026-05-26 15:02:44,597 [INFO] Activator:176 - 


2026-05-26 15:02:44,599 [INFO] Activator:177 - !SESSION log4j initialized
2026-05-26 15:02:47,254 [INFO] LogOutputStream:77 - [STDOUT_REDIRECT] 
2026-05-26 15:02:49,509 [INFO] ApplicationProperties:184 - Using Application install path: C:\ST\STM32CubeIDE_1.18.1\STM32CubeIDE\plugins\com.st.stm32cube.common.mx_6.14.1.202504091515
2026-05-26 15:02:49,527 [INFO] DbMcusXml:78 - Set database path to: C:\ST\STM32CubeIDE_1.18.1\STM32CubeIDE\plugins\com.st.stm32cube.common.mx_6.14.1.202504091515\\db\/mcu/
2026-05-26 15:02:49,527 [INFO] ApiDb:274 - Set plugin database path to: C:\ST\STM32CubeIDE_1.18.1\STM32CubeIDE\plugins\com.st.stm32cube.common.mx_6.14.1.202504091515\\db\/plugins/boardmanager/
2026-05-26 15:02:49,559 [WARN] ApiDb:259 - Overriding images path with different value:  => C:\ST\STM32CubeIDE_1.18.1\STM32CubeIDE\plugins\com.st.stm32cube.common.mx_6.14.1.202504091515\\db\/plugins/mcufinder/images/
2026-05-26 15:02:49,564 [INFO] ApiDb:250 - Set database path to: C:\Users\NIVYA\.stmcufinder\plugins\mcufinder//mcu/
2026-05-26 15:02:49,565 [INFO] DbMcusAds:125 - Set database path to: C:\Users\NIVYA\.stmcufinder\plugins\mcufinder//mcu/
2026-05-26 15:02:49,566 [INFO] CrossReferenceDbSqlite:203 - Set database path to: C:\Users\NIVYA\.stmcufinder\plugins\mcufinder//mcu/cs/
2026-05-26 15:02:49,671 [INFO] RulesReader:64 - Compatibility file has been processed (302 Rules)
2026-05-26 15:02:49,762 [INFO] DbMcusXml:78 - Set database path to: C:\ST\STM32CubeIDE_1.18.1\STM32CubeIDE\plugins\com.st.stm32cube.common.mx_6.14.1.202504091515\\db\/mcu/
2026-05-26 15:02:49,762 [INFO] ApiDb:274 - Set plugin database path to: C:\ST\STM32CubeIDE_1.18.1\STM32CubeIDE\plugins\com.st.stm32cube.common.mx_6.14.1.202504091515\\db\/plugins/boardmanager/
2026-05-26 15:02:49,763 [INFO] ApiDb:261 - Set plugin images path to: C:\ST\STM32CubeIDE_1.18.1\STM32CubeIDE\plugins\com.st.stm32cube.common.mx_6.14.1.202504091515\\db\/plugins/mcufinder/images/
2026-05-26 15:02:49,763 [WARN] DbFile:41 - Overriding database path with different value: C:\Users\NIVYA\.stmcufinder\plugins\mcufinder/ => C:\Users\NIVYA\.stmcufinder\plugins\mcufinder
2026-05-26 15:02:49,763 [INFO] ApiDb:250 - Set database path to: C:\Users\NIVYA\.stmcufinder\plugins\mcufinder//mcu/
2026-05-26 15:02:49,763 [WARN] DbFile:41 - Overriding database path with different value: C:\Users\NIVYA\.stmcufinder\plugins\mcufinder/ => C:\Users\NIVYA\.stmcufinder\plugins\mcufinder
2026-05-26 15:02:49,763 [INFO] DbMcusAds:125 - Set database path to: C:\Users\NIVYA\.stmcufinder\plugins\mcufinder//mcu/
2026-05-26 15:02:49,763 [WARN] DbFile:41 - Overriding database path with different value: C:\Users\NIVYA\.stmcufinder\plugins\mcufinder/ => C:\Users\NIVYA\.stmcufinder\plugins\mcufinder
2026-05-26 15:02:49,763 [WARN] DbFile:41 - Overriding database path with different value: C:\Users\NIVYA\.stmcufinder\plugins\mcufinder/ => C:\Users\NIVYA\.stmcufinder\plugins\mcufinder
2026-05-26 15:02:49,763 [INFO] CrossReferenceDbSqlite:203 - Set database path to: C:\Users\NIVYA\.stmcufinder\plugins\mcufinder//mcu/cs/
2026-05-26 15:02:49,836 [INFO] MainPanel:272 - HeapMemory: 268435456
2026-05-26 15:02:49,910 [INFO] DbMcusXml:78 - Set database path to: C:\ST\STM32CubeIDE_1.18.1\STM32CubeIDE\plugins\com.st.stm32cube.common.mx_6.14.1.202504091515\\db\/mcu/
2026-05-26 15:02:49,911 [INFO] ApiDb:274 - Set plugin database path to: C:\ST\STM32CubeIDE_1.18.1\STM32CubeIDE\plugins\com.st.stm32cube.common.mx_6.14.1.202504091515\\db\/plugins/boardmanager/
2026-05-26 15:02:49,911 [INFO] ApiDb:261 - Set plugin images path to: C:\ST\STM32CubeIDE_1.18.1\STM32CubeIDE\plugins\com.st.stm32cube.common.mx_6.14.1.202504091515\\db\/plugins/mcufinder/images/
2026-05-26 15:02:49,911 [WARN] DbFile:41 - Overriding database path with different value: C:\Users\NIVYA\.stmcufinder\plugins\mcufinder/ => C:\Users\NIVYA\.stmcufinder\plugins\mcufinder
2026-05-26 15:02:49,912 [INFO] ApiDb:250 - Set database path to: C:\Users\NIVYA\.stmcufinder\plugins\mcufinder//mcu/
2026-05-26 15:02:49,912 [WARN] DbFile:41 - Overriding database path with different value: C:\Users\NIVYA\.stmcufinder\plugins\mcufinder/ => C:\Users\NIVYA\.stmcufinder\plugins\mcufinder
2026-05-26 15:02:49,912 [INFO] DbMcusAds:125 - Set database path to: C:\Users\NIVYA\.stmcufinder\plugins\mcufinder//mcu/
2026-05-26 15:02:49,912 [WARN] DbFile:41 - Overriding database path with different value: C:\Users\NIVYA\.stmcufinder\plugins\mcufinder/ => C:\Users\NIVYA\.stmcufinder\plugins\mcufinder
2026-05-26 15:02:49,912 [WARN] DbFile:41 - Overriding database path with different value: C:\Users\NIVYA\.stmcufinder\plugins\mcufinder/ => C:\Users\NIVYA\.stmcufinder\plugins\mcufinder
2026-05-26 15:02:49,912 [INFO] CrossReferenceDbSqlite:203 - Set database path to: C:\Users\NIVYA\.stmcufinder\plugins\mcufinder//mcu/cs/
2026-05-26 15:02:49,962 [INFO] ApplicationProperties:184 - Using Application install path: C:\ST\STM32CubeIDE_1.18.1\STM32CubeIDE\plugins\com.st.stm32cube.common.mx_6.14.1.202504091515
2026-05-26 15:02:49,963 [INFO] PluginManage:196 - Search for loadable plugins [exclusion list=, ]
2026-05-26 15:02:49,965 [INFO] PluginManage:310 - Check plugin analytics
2026-05-26 15:02:50,277 [INFO] AnalyticsPlugin:253 - Accepted Software Licenses: STM32CubeMX.6.16.0,STM32CubeMX.6.14.1
2026-05-26 15:02:50,277 [INFO] AnalyticsPlugin:255 - Accepted CMSIS Pack Licenses: 
2026-05-26 15:02:50,277 [INFO] AnalyticsPlugin:257 - Accepted Firmware Licenses: FW.F4.1.28.0
2026-05-26 15:02:50,291 [INFO] PluginManage:359 - Loaded plugin analytics (category:tool,tabindex:-1)
2026-05-26 15:02:50,291 [INFO] PluginManage:310 - Check plugin cadmodel
2026-05-26 15:02:50,299 [INFO] CADModel:105 - Init CAD model plugin
2026-05-26 15:02:50,299 [INFO] PluginManage:359 - Loaded plugin cadmodel (category:power,tabindex:5)
2026-05-26 15:02:50,300 [INFO] PluginManage:310 - Check plugin clock
2026-05-26 15:02:50,312 [INFO] PluginManage:359 - Loaded plugin clock (category:base,tabindex:2)
2026-05-26 15:02:50,312 [INFO] PluginManage:310 - Check plugin ddr
2026-05-26 15:02:50,315 [INFO] PluginManage:359 - Loaded plugin ddr (category:tool,tabindex:6)
2026-05-26 15:02:50,315 [INFO] PluginManage:310 - Check plugin filemanager
2026-05-26 15:02:50,316 [INFO] McuFinderGlobals:63 - Set McuFinder mode to 2 (CubeIDE integrated)
2026-05-26 15:02:50,464 [INFO] PluginManage:359 - Loaded plugin filemanager (category:base,tabindex:10)
2026-05-26 15:02:50,465 [INFO] PluginManage:310 - Check plugin ipmanager
2026-05-26 15:02:50,471 [INFO] PluginManage:359 - Loaded plugin ipmanager (category:base,tabindex:5)
2026-05-26 15:02:50,472 [INFO] PluginManage:310 - Check plugin lpbam
2026-05-26 15:02:50,479 [INFO] PluginManage:359 - Loaded plugin lpbam (category:base,tabindex:0)
2026-05-26 15:02:50,480 [INFO] PluginManage:310 - Check plugin memorymap
2026-05-26 15:02:50,491 [INFO] PluginManage:359 - Loaded plugin memorymap (category:base,tabindex:4)
2026-05-26 15:02:50,491 [INFO] PluginManage:310 - Check plugin pinoutandconfiguration
2026-05-26 15:02:50,499 [INFO] PluginManage:359 - Loaded plugin pinoutandconfiguration (category:base,tabindex:1)
2026-05-26 15:02:50,499 [INFO] PluginManage:310 - Check plugin pinoutconfig
2026-05-26 15:02:50,576 [WARN] SupportedApi:132 - Cannot load RTOS API schema: s4s-elt-must-match.1: The content of 'definitions' must match (annotation?, (simpleType | complexType)?, (unique | key | keyref)*)). A problem was found starting at: attribute.
2026-05-26 15:02:50,708 [INFO] PluginManage:359 - Loaded plugin pinoutconfig (category:base,tabindex:0)
2026-05-26 15:02:50,708 [INFO] PluginManage:310 - Check plugin power
2026-05-26 15:02:50,715 [INFO] PluginManage:359 - Loaded plugin power (category:power,tabindex:4)
2026-05-26 15:02:50,715 [INFO] PluginManage:310 - Check plugin projectmanager
2026-05-26 15:02:50,732 [INFO] PluginManage:359 - Loaded plugin projectmanager (category:projectmanager,tabindex:4)
2026-05-26 15:02:50,732 [INFO] PluginManage:310 - Check plugin rif
2026-05-26 15:02:50,738 [INFO] PluginManage:359 - Loaded plugin rif (category:base,tabindex:3)
2026-05-26 15:02:50,740 [INFO] PluginManage:310 - Check plugin thirdparty
2026-05-26 15:02:50,883 [INFO] PluginManage:359 - Loaded plugin thirdparty (category:base,tabindex:-1)
2026-05-26 15:02:50,883 [WARN] IntegrityCheckThread:84 - waiting for thirdparty lock release [integrity check]
2026-05-26 15:02:50,883 [INFO] PluginManage:310 - Check plugin tools
2026-05-26 15:02:50,883 [INFO] IntegrityCheckThread:86 - entering critical section [integrity check]
2026-05-26 15:02:50,885 [INFO] ThirdPartyUpdaterWithRetryManager:70 - Updater plugin not ready yet. [1/15]
2026-05-26 15:02:50,887 [INFO] PluginManage:359 - Loaded plugin tools (category:base,tabindex:7)
2026-05-26 15:02:50,888 [INFO] PluginManage:310 - Check plugin tutovideos
2026-05-26 15:02:51,110 [INFO] PluginManage:359 - Loaded plugin tutovideos (category:base,tabindex:-1)
2026-05-26 15:02:51,110 [INFO] PluginManage:310 - Check plugin updater
2026-05-26 15:02:51,134 [INFO] PluginManage:359 - Loaded plugin updater (category:base,tabindex:12)
2026-05-26 15:02:51,134 [INFO] PluginManage:310 - Check plugin userauth
2026-05-26 15:02:51,138 [INFO] UserAuth:118 - Init User Auth plugin
2026-05-26 15:02:51,140 [INFO] PluginManage:359 - Loaded plugin userauth (category:base,tabindex:14)
2026-05-26 15:02:51,140 [INFO] PluginManage:283 - PluginManage : Loaded plugins [18]
2026-05-26 15:02:51,419 [INFO] PinOutPanel:1589 - setPackage(No Configuration,No Configuration)
2026-05-26 15:02:51,522 [INFO] CADModel:165 - CPN selected for project level
2026-05-26 15:02:51,522 [INFO] CADModel:114 - Register for checkConnection events
2026-05-26 15:02:51,542 [INFO] IPUIPlugin:80 - create IPUIPlugin
2026-05-26 15:02:51,542 [INFO] PluginManager:220 - loadIPPluginJar : add adc
2026-05-26 15:02:51,545 [INFO] IPUIPlugin:80 - create IPUIPlugin
2026-05-26 15:02:51,545 [INFO] PluginManager:220 - loadIPPluginJar : add aes
2026-05-26 15:02:51,549 [INFO] IPUIPlugin:80 - create IPUIPlugin
2026-05-26 15:02:51,549 [INFO] PluginManager:220 - loadIPPluginJar : add can
2026-05-26 15:02:51,550 [INFO] IPUIPlugin:80 - create IPUIPlugin
2026-05-26 15:02:51,551 [INFO] PluginManager:220 - loadIPPluginJar : add comp
2026-05-26 15:02:51,553 [INFO] IPUIPlugin:80 - create IPUIPlugin
2026-05-26 15:02:51,553 [INFO] PluginManager:220 - loadIPPluginJar : add cryp
2026-05-26 15:02:51,556 [INFO] IPUIPlugin:80 - create IPUIPlugin
2026-05-26 15:02:51,556 [INFO] PluginManager:220 - loadIPPluginJar : add ddr_ctrl_phy
2026-05-26 15:02:51,559 [INFO] IPUIPlugin:80 - create IPUIPlugin
2026-05-26 15:02:51,559 [INFO] PluginManager:220 - loadIPPluginJar : add dfsdm
2026-05-26 15:02:51,566 [INFO] IPUIPlugin:80 - create IPUIPlugin
2026-05-26 15:02:51,567 [INFO] PluginManager:220 - loadIPPluginJar : add dma
2026-05-26 15:02:51,570 [INFO] IPUIPlugin:80 - create IPUIPlugin
2026-05-26 15:02:51,570 [INFO] PluginManager:220 - loadIPPluginJar : add dma3
2026-05-26 15:02:51,573 [INFO] IPUIPlugin:80 - create IPUIPlugin
2026-05-26 15:02:51,573 [INFO] PluginManager:220 - loadIPPluginJar : add extmemmanager
2026-05-26 15:02:51,576 [INFO] IPUIPlugin:80 - create IPUIPlugin
2026-05-26 15:02:51,576 [INFO] PluginManager:220 - loadIPPluginJar : add fatfs
2026-05-26 15:02:51,582 [INFO] IPUIPlugin:80 - create IPUIPlugin
2026-05-26 15:02:51,582 [INFO] PluginManager:220 - loadIPPluginJar : add fmc
2026-05-26 15:02:51,591 [INFO] IPUIPlugin:80 - create IPUIPlugin
2026-05-26 15:02:51,593 [INFO] PluginManager:220 - loadIPPluginJar : add freertos
2026-05-26 15:02:51,593 [INFO] IPUIPlugin:80 - create IPUIPlugin
2026-05-26 15:02:51,594 [INFO] PluginManager:220 - loadIPPluginJar : add genericplugin
2026-05-26 15:02:51,596 [INFO] IPUIPlugin:80 - create IPUIPlugin
2026-05-26 15:02:51,596 [INFO] PluginManager:220 - loadIPPluginJar : add gfxmmu
2026-05-26 15:02:51,601 [INFO] IPUIPlugin:80 - create IPUIPlugin
2026-05-26 15:02:51,601 [INFO] PluginManager:220 - loadIPPluginJar : add gic
2026-05-26 15:02:51,605 [INFO] IPUIPlugin:80 - create IPUIPlugin
2026-05-26 15:02:51,605 [INFO] PluginManager:220 - loadIPPluginJar : add gpio
2026-05-26 15:02:51,608 [INFO] IPUIPlugin:80 - create IPUIPlugin
2026-05-26 15:02:51,608 [INFO] PluginManager:220 - loadIPPluginJar : add gtzc
2026-05-26 15:02:51,610 [INFO] IPUIPlugin:80 - create IPUIPlugin
2026-05-26 15:02:51,610 [INFO] PluginManager:220 - loadIPPluginJar : add hash
2026-05-26 15:02:51,613 [INFO] IPUIPlugin:80 - create IPUIPlugin
2026-05-26 15:02:51,613 [INFO] PluginManager:220 - loadIPPluginJar : add i2c
2026-05-26 15:02:51,616 [INFO] IPUIPlugin:80 - create IPUIPlugin
2026-05-26 15:02:51,616 [INFO] PluginManager:220 - loadIPPluginJar : add i2s
2026-05-26 15:02:51,618 [INFO] IPUIPlugin:80 - create IPUIPlugin
2026-05-26 15:02:51,618 [INFO] PluginManager:220 - loadIPPluginJar : add i3c
2026-05-26 15:02:51,623 [INFO] IPUIPlugin:80 - create IPUIPlugin
2026-05-26 15:02:51,623 [INFO] PluginManager:220 - loadIPPluginJar : add ipddr
2026-05-26 15:02:51,631 [INFO] IPUIPlugin:80 - create IPUIPlugin
2026-05-26 15:02:51,632 [INFO] PluginManager:220 - loadIPPluginJar : add linkedlist
2026-05-26 15:02:51,635 [INFO] IPUIPlugin:80 - create IPUIPlugin
2026-05-26 15:02:51,635 [INFO] PluginManager:220 - loadIPPluginJar : add lorawan
2026-05-26 15:02:51,637 [INFO] IPUIPlugin:80 - create IPUIPlugin
2026-05-26 15:02:51,637 [INFO] PluginManager:220 - loadIPPluginJar : add ltdc
2026-05-26 15:02:51,643 [INFO] IPUIPlugin:80 - create IPUIPlugin
2026-05-26 15:02:51,643 [INFO] PluginManager:220 - loadIPPluginJar : add mdma
2026-05-26 15:02:51,648 [INFO] IPUIPlugin:80 - create IPUIPlugin
2026-05-26 15:02:51,648 [INFO] PluginManager:220 - loadIPPluginJar : add nvic
2026-05-26 15:02:51,651 [INFO] IPUIPlugin:80 - create IPUIPlugin
2026-05-26 15:02:51,651 [INFO] PluginManager:220 - loadIPPluginJar : add opamp
2026-05-26 15:02:51,653 [INFO] IPUIPlugin:80 - create IPUIPlugin
2026-05-26 15:02:51,653 [INFO] PluginManager:220 - loadIPPluginJar : add openamp
2026-05-26 15:02:51,657 [INFO] IPUIPlugin:80 - create IPUIPlugin
2026-05-26 15:02:51,657 [INFO] PluginManager:220 - loadIPPluginJar : add pdm2pcm
2026-05-26 15:02:51,662 [INFO] IPUIPlugin:80 - create IPUIPlugin
2026-05-26 15:02:51,665 [INFO] PluginManager:220 - loadIPPluginJar : add plateformsettings
2026-05-26 15:02:51,667 [INFO] IPUIPlugin:80 - create IPUIPlugin
2026-05-26 15:02:51,667 [INFO] PluginManager:220 - loadIPPluginJar : add quadspi
2026-05-26 15:02:51,669 [INFO] IPUIPlugin:80 - create IPUIPlugin
2026-05-26 15:02:51,670 [INFO] PluginManager:220 - loadIPPluginJar : add radio
2026-05-26 15:02:51,673 [INFO] IPUIPlugin:80 - create IPUIPlugin
2026-05-26 15:02:51,673 [INFO] PluginManager:220 - loadIPPluginJar : add resmgrutility
2026-05-26 15:02:51,677 [INFO] IPUIPlugin:80 - create IPUIPlugin
2026-05-26 15:02:51,677 [INFO] PluginManager:220 - loadIPPluginJar : add sai
2026-05-26 15:02:51,680 [INFO] IPUIPlugin:80 - create IPUIPlugin
2026-05-26 15:02:51,680 [INFO] PluginManager:220 - loadIPPluginJar : add spi
2026-05-26 15:02:51,686 [INFO] IPUIPlugin:80 - create IPUIPlugin
2026-05-26 15:02:51,687 [INFO] PluginManager:220 - loadIPPluginJar : add stm32_wpan
2026-05-26 15:02:51,689 [INFO] IPUIPlugin:80 - create IPUIPlugin
2026-05-26 15:02:51,689 [INFO] PluginManager:220 - loadIPPluginJar : add tim
2026-05-26 15:02:51,693 [INFO] IPUIPlugin:80 - create IPUIPlugin
2026-05-26 15:02:51,693 [INFO] PluginManager:220 - loadIPPluginJar : add touchsensing
2026-05-26 15:02:51,695 [INFO] IPUIPlugin:80 - create IPUIPlugin
2026-05-26 15:02:51,695 [INFO] PluginManager:220 - loadIPPluginJar : add tracer_emb
2026-05-26 15:02:51,698 [INFO] IPUIPlugin:80 - create IPUIPlugin
2026-05-26 15:02:51,698 [INFO] PluginManager:220 - loadIPPluginJar : add ts
2026-05-26 15:02:51,700 [INFO] IPUIPlugin:80 - create IPUIPlugin
2026-05-26 15:02:51,700 [INFO] PluginManager:220 - loadIPPluginJar : add tsc
2026-05-26 15:02:51,702 [INFO] IPUIPlugin:80 - create IPUIPlugin
2026-05-26 15:02:51,703 [INFO] PluginManager:220 - loadIPPluginJar : add ucpd
2026-05-26 15:02:51,705 [INFO] IPUIPlugin:80 - create IPUIPlugin
2026-05-26 15:02:51,705 [INFO] PluginManager:220 - loadIPPluginJar : add usart
2026-05-26 15:02:51,709 [INFO] IPUIPlugin:80 - create IPUIPlugin
2026-05-26 15:02:51,709 [INFO] PluginManager:220 - loadIPPluginJar : add usbx
2026-05-26 15:02:51,863 [FATAL] Updater:351 - Updater called before beeing initialized
2026-05-26 15:02:51,886 [INFO] RulesReader:64 - Compatibility file has been processed (302 Rules)
2026-05-26 15:02:51,897 [INFO] RulesReader:64 - Compatibility file has been processed (302 Rules)
2026-05-26 15:02:51,905 [INFO] CADModel:165 - CPN selected for project level
2026-05-26 15:02:51,905 [INFO] CADModel:114 - Register for checkConnection events
2026-05-26 15:02:51,905 [FATAL] Updater:351 - Updater called before beeing initialized
2026-05-26 15:02:51,907 [ERROR] CADModel:125 - Updater not yet initialized, retry later 
2026-05-26 15:02:52,077 [FATAL] Updater:351 - Updater called before beeing initialized
2026-05-26 15:02:52,080 [INFO] CADModel:165 - CPN selected for project level
2026-05-26 15:02:52,080 [INFO] CADModel:114 - Register for checkConnection events
2026-05-26 15:02:52,080 [FATAL] Updater:351 - Updater called before beeing initialized
2026-05-26 15:02:52,080 [ERROR] CADModel:125 - Updater not yet initialized, retry later 
2026-05-26 15:02:52,083 [FATAL] Updater:351 - Updater called before beeing initialized
2026-05-26 15:02:52,195 [FATAL] Updater:351 - Updater called before beeing initialized
2026-05-26 15:02:52,199 [INFO] DbMcusAds:53 - JSON generation date=Mon Apr 27 13:44:29 IST 2026 (1777277669924)
2026-05-26 15:02:52,200 [FATAL] Updater:351 - Updater called before beeing initialized
2026-05-26 15:02:52,231 [WARN] DetailPanel:346 - Failed to get advertising image, set to default
2026-05-26 15:02:52,458 [FATAL] Updater:351 - Updater called before beeing initialized
2026-05-26 15:02:52,460 [FATAL] Updater:351 - Updater called before beeing initialized
2026-05-26 15:02:52,460 [FATAL] Updater:351 - Updater called before beeing initialized
2026-05-26 15:02:52,460 [WARN] DetailPanel:346 - Failed to get advertising image, set to default
2026-05-26 15:02:52,461 [FATAL] Updater:351 - Updater called before beeing initialized
2026-05-26 15:02:52,532 [ERROR] Updater:1198 - MainUpdater not yet initialized. External WinMGr cannot be set.
2026-05-26 15:02:52,534 [INFO] Updater:1134 - Updater Version found : 6.14.1
2026-05-26 15:02:52,549 [INFO] ApplicationProperties:184 - Using Application install path: C:\ST\STM32CubeIDE_1.18.1\STM32CubeIDE\plugins\com.st.stm32cube.common.mx_6.14.1.202504091515
2026-05-26 15:02:53,886 [INFO] ThirdPartyUpdaterWithRetryManager:70 - Updater plugin not ready yet. [2/15]
2026-05-26 15:02:54,145 [ERROR] LogOutputStream:75 - [STDERR_REDIRECT] May 26, 2026 3:02:54 PM java.util.prefs.WindowsPreferences <init>
2026-05-26 15:02:54,147 [ERROR] LogOutputStream:75 - [STDERR_REDIRECT] WARNING: Could not open/create prefs root node Software\JavaSoft\Prefs at root 0xffffffff80000002. Windows RegCreateKeyEx(...) returned error code 5.
2026-05-26 15:02:54,147 [ERROR] LogOutputStream:75 - [STDERR_REDIRECT] 
2026-05-26 15:02:54,662 [INFO] MainUpdater:2872 - connection check result : 10
2026-05-26 15:02:54,664 [INFO] MainUpdater:289 - Updater Check For Update Now.
2026-05-26 15:02:54,664 [INFO] MicroXplorer:498 - Change Database Version : DB.6.0.141
2026-05-26 15:02:54,679 [INFO] McuFinderGlobals:63 - Set McuFinder mode to 2 (CubeIDE integrated)
2026-05-26 15:02:54,680 [INFO] UserAuth:171 - activating auth plugin
2026-05-26 15:02:54,685 [INFO] UserAuth:484 - Internet connection configuration mode: 1
2026-05-26 15:02:54,729 [INFO] JxBrowserEngine:152 - Initiate JxBrowser Engine with user profile folder
2026-05-26 15:02:54,940 [INFO] CheckServerUpdateThread:120 - End of CheckServer Thread
2026-05-26 15:02:55,093 [INFO] MainUpdater:2872 - connection check result : 10
2026-05-26 15:02:55,097 [INFO] McuFinderGlobals:76 - Set McuFinderConnectedMode to true
2026-05-26 15:02:55,656 [INFO] ServerAccessManage:473 - Download File mcusAds.json._tmp_
2026-05-26 15:02:55,788 [INFO] LoadUrlFilesThread:156 - End of LoadUrlFiles Thread
2026-05-26 15:02:55,837 [INFO] WebApp:169 - Instantiating new browser for Auth
2026-05-26 15:02:55,948 [INFO] ServerAccessManage:473 - Download File cube-finder-db.zip
2026-05-26 15:02:56,803 [INFO] WebApp:463 - Apply proxy settings
2026-05-26 15:02:56,803 [INFO] WebApp:548 - Chromium requires no authentication
2026-05-26 15:02:56,815 [INFO] WebApp:491 - Direct internet connection detected
2026-05-26 15:02:56,842 [INFO] WebApp:894 - Register for checkConnection events
2026-05-26 15:02:56,842 [INFO] WebApp:463 - Apply proxy settings
2026-05-26 15:02:56,842 [INFO] WebApp:548 - Chromium requires no authentication
2026-05-26 15:02:56,842 [INFO] WebApp:491 - Direct internet connection detected
2026-05-26 15:02:56,896 [WARN] MainUpdater:1193 - Updater busy. Cannot search thirdparties
2026-05-26 15:02:56,896 [INFO] ThirdPartyUpdaterWithRetryManager:96 - Updater plugin is busy. [1/15]
2026-05-26 15:02:57,014 [INFO] WebApp:225 - Starting web application
2026-05-26 15:02:57,015 [INFO] WebApp:593 - Web application path used C:\ST\STM32CubeIDE_1.18.1\STM32CubeIDE\plugins\com.st.stm32cube.common.mx_6.14.1.202504091515\db\plugins\mcufinder\reactClient1\index.html
2026-05-26 15:02:57,262 [ERROR] LogOutputStream:75 - [STDERR_REDIRECT] [Fatal Error] :1:1: Premature end of file.
2026-05-26 15:02:57,264 [ERROR] LogOutputStream:75 - [STDERR_REDIRECT] 
2026-05-26 15:02:57,313 [INFO] WebApp:191 - Connection restablished
2026-05-26 15:02:58,236 [ERROR] LogOutputStream:75 - [STDERR_REDIRECT] [Fatal Error] :1:1: Premature end of file.
2026-05-26 15:02:58,236 [ERROR] LogOutputStream:75 - [STDERR_REDIRECT] 
2026-05-26 15:02:59,237 [ERROR] LogOutputStream:75 - [STDERR_REDIRECT] [Fatal Error] :1:1: Premature end of file.
2026-05-26 15:02:59,237 [ERROR] LogOutputStream:75 - [STDERR_REDIRECT] 
2026-05-26 15:02:59,897 [WARN] MainUpdater:1193 - Updater busy. Cannot search thirdparties
2026-05-26 15:02:59,897 [INFO] ThirdPartyUpdaterWithRetryManager:96 - Updater plugin is busy. [2/15]
2026-05-26 15:03:00,234 [ERROR] LogOutputStream:75 - [STDERR_REDIRECT] [Fatal Error] :1:1: Premature end of file.
2026-05-26 15:03:00,235 [ERROR] LogOutputStream:75 - [STDERR_REDIRECT] 
2026-05-26 15:03:01,233 [ERROR] LogOutputStream:75 - [STDERR_REDIRECT] [Fatal Error] :1:1: Premature end of file.
2026-05-26 15:03:01,233 [ERROR] LogOutputStream:75 - [STDERR_REDIRECT] 
2026-05-26 15:03:02,236 [ERROR] LogOutputStream:75 - [STDERR_REDIRECT] [Fatal Error] :1:1: Premature end of file.
2026-05-26 15:03:02,236 [ERROR] LogOutputStream:75 - [STDERR_REDIRECT] 
2026-05-26 15:03:02,899 [WARN] MainUpdater:1193 - Updater busy. Cannot search thirdparties
2026-05-26 15:03:02,899 [INFO] ThirdPartyUpdaterWithRetryManager:96 - Updater plugin is busy. [3/15]
2026-05-26 15:03:03,245 [ERROR] LogOutputStream:75 - [STDERR_REDIRECT] [Fatal Error] :1:1: Premature end of file.
2026-05-26 15:03:03,245 [ERROR] LogOutputStream:75 - [STDERR_REDIRECT] 
2026-05-26 15:03:04,248 [ERROR] LogOutputStream:75 - [STDERR_REDIRECT] [Fatal Error] :1:1: Premature end of file.
2026-05-26 15:03:04,248 [ERROR] LogOutputStream:75 - [STDERR_REDIRECT] 
2026-05-26 15:03:05,249 [ERROR] LogOutputStream:75 - [STDERR_REDIRECT] [Fatal Error] :1:1: Premature end of file.
2026-05-26 15:03:05,249 [ERROR] LogOutputStream:75 - [STDERR_REDIRECT] 
2026-05-26 15:03:05,902 [WARN] MainUpdater:1193 - Updater busy. Cannot search thirdparties
2026-05-26 15:03:05,902 [INFO] ThirdPartyUpdaterWithRetryManager:96 - Updater plugin is busy. [4/15]
2026-05-26 15:03:06,249 [ERROR] LogOutputStream:75 - [STDERR_REDIRECT] [Fatal Error] :1:1: Premature end of file.
2026-05-26 15:03:06,249 [ERROR] LogOutputStream:75 - [STDERR_REDIRECT] 
2026-05-26 15:03:07,247 [ERROR] LogOutputStream:75 - [STDERR_REDIRECT] [Fatal Error] :1:1: Premature end of file.
2026-05-26 15:03:07,247 [ERROR] LogOutputStream:75 - [STDERR_REDIRECT] 
2026-05-26 15:03:08,243 [ERROR] LogOutputStream:75 - [STDERR_REDIRECT] [Fatal Error] :1:1: Premature end of file.
2026-05-26 15:03:08,244 [ERROR] LogOutputStream:75 - [STDERR_REDIRECT] 
2026-05-26 15:03:08,904 [WARN] MainUpdater:1193 - Updater busy. Cannot search thirdparties
2026-05-26 15:03:08,904 [INFO] ThirdPartyUpdaterWithRetryManager:96 - Updater plugin is busy. [5/15]
2026-05-26 15:03:09,244 [ERROR] LogOutputStream:75 - [STDERR_REDIRECT] [Fatal Error] :1:1: Premature end of file.
2026-05-26 15:03:09,244 [ERROR] LogOutputStream:75 - [STDERR_REDIRECT] 
2026-05-26 15:03:10,245 [ERROR] LogOutputStream:75 - [STDERR_REDIRECT] [Fatal Error] :1:1: Premature end of file.
2026-05-26 15:03:10,245 [ERROR] LogOutputStream:75 - [STDERR_REDIRECT] 
2026-05-26 15:03:11,246 [ERROR] LogOutputStream:75 - [STDERR_REDIRECT] [Fatal Error] :1:1: Premature end of file.
2026-05-26 15:03:11,247 [ERROR] LogOutputStream:75 - [STDERR_REDIRECT] 
2026-05-26 15:03:11,905 [WARN] MainUpdater:1193 - Updater busy. Cannot search thirdparties
2026-05-26 15:03:11,905 [INFO] ThirdPartyUpdaterWithRetryManager:96 - Updater plugin is busy. [6/15]
2026-05-26 15:03:12,246 [ERROR] LogOutputStream:75 - [STDERR_REDIRECT] [Fatal Error] :1:1: Premature end of file.
2026-05-26 15:03:12,246 [ERROR] LogOutputStream:75 - [STDERR_REDIRECT] 
2026-05-26 15:03:13,248 [ERROR] LogOutputStream:75 - [STDERR_REDIRECT] [Fatal Error] :1:1: Premature end of file.
2026-05-26 15:03:13,248 [ERROR] LogOutputStream:75 - [STDERR_REDIRECT] 
2026-05-26 15:03:14,246 [ERROR] LogOutputStream:75 - [STDERR_REDIRECT] [Fatal Error] :1:1: Premature end of file.
2026-05-26 15:03:14,248 [ERROR] LogOutputStream:75 - [STDERR_REDIRECT] 
2026-05-26 15:03:14,907 [WARN] MainUpdater:1193 - Updater busy. Cannot search thirdparties
2026-05-26 15:03:14,907 [INFO] ThirdPartyUpdaterWithRetryManager:96 - Updater plugin is busy. [7/15]
2026-05-26 15:03:15,235 [ERROR] LogOutputStream:75 - [STDERR_REDIRECT] [Fatal Error] :1:1: Premature end of file.
2026-05-26 15:03:15,235 [ERROR] LogOutputStream:75 - [STDERR_REDIRECT] 
2026-05-26 15:03:16,256 [ERROR] LogOutputStream:75 - [STDERR_REDIRECT] [Fatal Error] :1:1: Premature end of file.
2026-05-26 15:03:16,256 [ERROR] LogOutputStream:75 - [STDERR_REDIRECT] 
2026-05-26 15:03:17,245 [ERROR] LogOutputStream:75 - [STDERR_REDIRECT] [Fatal Error] :1:1: Premature end of file.
2026-05-26 15:03:17,246 [ERROR] LogOutputStream:75 - [STDERR_REDIRECT] 
2026-05-26 15:03:17,908 [WARN] MainUpdater:1193 - Updater busy. Cannot search thirdparties
2026-05-26 15:03:17,908 [INFO] ThirdPartyUpdaterWithRetryManager:96 - Updater plugin is busy. [8/15]
2026-05-26 15:03:18,233 [ERROR] LogOutputStream:75 - [STDERR_REDIRECT] [Fatal Error] :1:1: Premature end of file.
2026-05-26 15:03:18,233 [ERROR] LogOutputStream:75 - [STDERR_REDIRECT] 
2026-05-26 15:03:19,241 [ERROR] LogOutputStream:75 - [STDERR_REDIRECT] [Fatal Error] :1:1: Premature end of file.
2026-05-26 15:03:19,242 [ERROR] LogOutputStream:75 - [STDERR_REDIRECT] 
2026-05-26 15:03:20,245 [ERROR] LogOutputStream:75 - [STDERR_REDIRECT] [Fatal Error] :1:1: Premature end of file.
2026-05-26 15:03:20,245 [ERROR] LogOutputStream:75 - [STDERR_REDIRECT] 
2026-05-26 15:03:20,909 [WARN] MainUpdater:1193 - Updater busy. Cannot search thirdparties
2026-05-26 15:03:20,909 [INFO] ThirdPartyUpdaterWithRetryManager:96 - Updater plugin is busy. [9/15]
2026-05-26 15:03:21,233 [ERROR] LogOutputStream:75 - [STDERR_REDIRECT] [Fatal Error] :1:1: Premature end of file.
2026-05-26 15:03:21,233 [ERROR] LogOutputStream:75 - [STDERR_REDIRECT] 
2026-05-26 15:03:22,240 [ERROR] LogOutputStream:75 - [STDERR_REDIRECT] [Fatal Error] :1:1: Premature end of file.
2026-05-26 15:03:22,240 [ERROR] LogOutputStream:75 - [STDERR_REDIRECT] 
2026-05-26 15:03:22,884 [INFO] FileExtend:242 - Unzip File : cube-finder-db.zip
2026-05-26 15:03:22,885 [INFO] FileExtend:257 - Standard Zip Deflate
2026-05-26 15:03:23,238 [ERROR] LogOutputStream:75 - [STDERR_REDIRECT] [Fatal Error] :1:1: Premature end of file.
2026-05-26 15:03:23,238 [ERROR] LogOutputStream:75 - [STDERR_REDIRECT] 
2026-05-26 15:03:23,893 [INFO] LoadUrlFilesThread:156 - End of LoadUrlFiles Thread
2026-05-26 15:03:23,925 [ERROR] WebUtils:657 - Updater is busy
2026-05-26 15:03:24,240 [ERROR] LogOutputStream:75 - [STDERR_REDIRECT] [Fatal Error] :1:1: Premature end of file.
2026-05-26 15:03:24,241 [ERROR] LogOutputStream:75 - [STDERR_REDIRECT] 
2026-05-26 15:03:24,290 [WARN] PackLoader:240 - Cannot read IP mode file for STMicroelectronics.X-CUBE-AZRTOS-H7.3.5.0
2026-05-26 15:03:24,307 [WARN] PackLoader:240 - Cannot read IP mode file for STMicroelectronics.FP-SNS-MOTENVWB1.1.4.0
2026-05-26 15:03:24,317 [WARN] PackLoader:240 - Cannot read IP mode file for STMicroelectronics.FP-ATR-ASTRA1.2.0.2
2026-05-26 15:03:24,337 [WARN] PackLoader:240 - Cannot read IP mode file for STMicroelectronics.X-CUBE-SMBUS.2.1.0
2026-05-26 15:03:24,369 [WARN] PackLoader:240 - Cannot read IP mode file for STMicroelectronics.X-CUBE-AZRTOS-F7.1.1.0
2026-05-26 15:03:24,381 [ERROR] Engine:466 - C:\Users\NIVYA\.stm32cubemx\thirdparties\pdsc\STMicroelectronics.FP-SNS-MOTENV1.5.1.0.pdsc: PDSC version is not supported
2026-05-26 15:03:24,387 [ERROR] Engine:466 - C:\Users\NIVYA\.stm32cubemx\thirdparties\pdsc\WES.I-CUBE-Cesium.1.4.0.pdsc: PDSC version is not supported
2026-05-26 15:03:24,424 [WARN] PackLoader:240 - Cannot read IP mode file for STMicroelectronics.X-CUBE-AZRTOS-H7.3.4.0
2026-05-26 15:03:24,476 [WARN] PackLoader:240 - Cannot read IP mode file for STMicroelectronics.X-CUBE-DISPLAY.3.0.0
2026-05-26 15:03:24,493 [WARN] PackLoader:240 - Cannot read IP mode file for STMicroelectronics.X-CUBE-GNSS1.7.1.1
2026-05-26 15:03:24,498 [ERROR] Engine:466 - C:\Users\NIVYA\.stm32cubemx\thirdparties\pdsc\STMicroelectronics.FP-SNS-MOTENVWB1.1.5.0.pdsc: PDSC version is not supported
2026-05-26 15:03:24,505 [WARN] PackLoader:240 - Cannot read IP mode file for STMicroelectronics.X-CUBE-NFC10.1.0.0
2026-05-26 15:03:24,514 [WARN] PackLoader:240 - Cannot read IP mode file for STMicroelectronics.X-CUBE-ST60.1.1.0
2026-05-26 15:03:24,521 [WARN] PackLoader:240 - Cannot read IP mode file for emotas.I-CUBE-CANOPEN.1.3.0
2026-05-26 15:03:24,527 [WARN] PackLoader:240 - Cannot read IP mode file for STMicroelectronics.X-CUBE-GNSS1.7.1.0
2026-05-26 15:03:24,531 [ERROR] Engine:466 - C:\Users\NIVYA\.stm32cubemx\thirdparties\pdsc\STMicroelectronics.FP-SNS-STBOX1.2.1.0.pdsc: PDSC version is not supported
2026-05-26 15:03:24,537 [WARN] PackLoader:240 - Cannot read IP mode file for STMicroelectronics.FP-SNS-SMARTAG2.1.2.0
2026-05-26 15:03:24,543 [WARN] PackLoader:240 - Cannot read IP mode file for STMicroelectronics.FP-SNS-FLIGHT1.5.1.0
2026-05-26 15:03:24,555 [INFO] LogOutputStream:77 - [STDOUT_REDIRECT] 1 : Invalid condition id : UX_CORESTACK_Condition cause : null
2026-05-26 15:03:24,557 [INFO] LogOutputStream:77 - [STDOUT_REDIRECT] 1 : Invalid condition id : UX_CORESTACK_Condition cause : null
2026-05-26 15:03:24,559 [INFO] LogOutputStream:77 - [STDOUT_REDIRECT] 1 : Invalid condition id : UX_CORESTACK_Condition cause : null
2026-05-26 15:03:24,560 [INFO] LogOutputStream:77 - [STDOUT_REDIRECT] 1 : Invalid condition id : UX_CORESTACK_Condition cause : null
2026-05-26 15:03:24,562 [INFO] LogOutputStream:77 - [STDOUT_REDIRECT] 1 : Invalid condition id : UX_CORESTACK_Condition cause : null
2026-05-26 15:03:24,564 [WARN] PackLoader:240 - Cannot read IP mode file for STMicroelectronics.X-CUBE-AZRTOS-WL.2.0.0
2026-05-26 15:03:24,583 [WARN] PackLoader:240 - Cannot read IP mode file for STMicroelectronics.X-CUBE-AZRTOS-H7RS.1.2.0
2026-05-26 15:03:24,593 [WARN] PackLoader:240 - Cannot read IP mode file for STMicroelectronics.X-CUBE-BLE2.3.3.0
2026-05-26 15:03:24,646 [WARN] PackLoader:240 - Cannot read IP mode file for Infineon.AIROC-Wi-Fi-Bluetooth-STM32.1.8.0
2026-05-26 15:03:24,658 [WARN] PackLoader:240 - Cannot read IP mode file for STMicroelectronics.X-CUBE-NFC9.1.0.0
2026-05-26 15:03:24,665 [WARN] PackLoader:240 - Cannot read IP mode file for wolfSSL.I-CUBE-wolfSSL.5.8.2
2026-05-26 15:03:24,671 [WARN] PackLoader:240 - Cannot read IP mode file for STMicroelectronics.X-CUBE-BLE1.7.1.0
2026-05-26 15:03:24,677 [WARN] PackLoader:240 - Cannot read IP mode file for wolfSSL.I-CUBE-wolfMQTT.1.19.2
2026-05-26 15:03:24,679 [ERROR] Engine:466 - C:\Users\NIVYA\.stm32cubemx\thirdparties\pdsc\STMicroelectronics.X-CUBE-FREERTOS.1.4.0.pdsc: PDSC version is not supported
2026-05-26 15:03:24,686 [WARN] PackLoader:240 - Cannot read IP mode file for STMicroelectronics.X-CUBE-EEPRMA1.5.2.0
2026-05-26 15:03:24,694 [WARN] PackLoader:240 - Cannot read IP mode file for Cesanta.I-CUBE-Mongoose.7.20.0
2026-05-26 15:03:24,698 [ERROR] Engine:466 - C:\Users\NIVYA\.stm32cubemx\thirdparties\pdsc\STMicroelectronics.X-CUBE-ST67W61.1.1.0.pdsc: PDSC version is not supported
2026-05-26 15:03:24,702 [ERROR] Engine:466 - C:\Users\NIVYA\.stm32cubemx\thirdparties\pdsc\STMicroelectronics.FP-SNS-STAIOTCFT.1.1.0.pdsc: PDSC version is not supported
2026-05-26 15:03:24,795 [WARN] PackLoader:240 - Cannot read IP mode file for STMicroelectronics.X-CUBE-MEMS1.12.0.0
2026-05-26 15:03:24,955 [WARN] PackLoader:240 - Cannot read IP mode file for STMicroelectronics.X-CUBE-AZRTOS-G0.1.1.0
2026-05-26 15:03:24,966 [WARN] PackLoader:240 - Cannot read IP mode file for STMicroelectronics.X-CUBE-NFC4.3.0.0
2026-05-26 15:03:24,978 [WARN] PackLoader:240 - Cannot read IP mode file for EmbeddedOffice.I-CUBE-FS-RTOS.1.0.1
2026-05-26 15:03:24,986 [WARN] PackLoader:240 - Cannot read IP mode file for STMicroelectronics.X-CUBE-WB05N.2.0.0
2026-05-26 15:03:24,993 [WARN] PackLoader:240 - Cannot read IP mode file for wolfSSL.I-CUBE-wolfTPM.3.8.0
2026-05-26 15:03:25,002 [WARN] PackLoader:240 - Cannot read IP mode file for STMicroelectronics.X-CUBE-TCPP.4.2.0
2026-05-26 15:03:25,012 [WARN] PackLoader:240 - Cannot read IP mode file for RealThread.X-CUBE-RT-Thread_Nano.4.1.1
2026-05-26 15:03:25,019 [WARN] PackLoader:240 - Cannot read IP mode file for STMicroelectronics.FP-ATR-SIGFOX1.3.2.0
2026-05-26 15:03:25,022 [ERROR] Engine:466 - C:\Users\NIVYA\.stm32cubemx\thirdparties\pdsc\STMicroelectronics.X-CUBE-FREERTOS.1.5.0.pdsc: PDSC version is not supported
2026-05-26 15:03:25,031 [WARN] PackLoader:240 - Cannot read IP mode file for ITTIA_DB.I-CUBE-ITTIADB.8.9.0
2026-05-26 15:03:25,039 [WARN] PackLoader:240 - Cannot read IP mode file for STMicroelectronics.X-CUBE-NFC6.3.2.0
2026-05-26 15:03:25,050 [WARN] PackLoader:240 - Cannot read IP mode file for STMicroelectronics.X-CUBE-AI.10.2.0
2026-05-26 15:03:25,099 [WARN] PackLoader:240 - Cannot read IP mode file for STMicroelectronics.X-CUBE-MEMS1.12.1.0
2026-05-26 15:03:25,242 [WARN] PackLoader:240 - Cannot read IP mode file for SEGGER.I-CUBE-embOS.1.3.1
2026-05-26 15:03:25,267 [ERROR] LogOutputStream:75 - [STDERR_REDIRECT] [Fatal Error] :1:1: Premature end of file.
2026-05-26 15:03:25,268 [ERROR] LogOutputStream:75 - [STDERR_REDIRECT] 
2026-05-26 15:03:25,314 [WARN] PackLoader:240 - Cannot read IP mode file for STMicroelectronics.X-CUBE-ALGOBUILD.1.4.0
2026-05-26 15:03:25,322 [WARN] PackLoader:240 - Cannot read IP mode file for STMicroelectronics.X-CUBE-PM33A1.1.0.0
2026-05-26 15:03:25,350 [WARN] PackLoader:240 - Cannot read IP mode file for STMicroelectronics.X-CUBE-AZRTOS-F4.1.1.0
2026-05-26 15:03:25,363 [WARN] PackLoader:240 - Cannot read IP mode file for STMicroelectronics.X-CUBE-ISPU.2.1.0
2026-05-26 15:03:25,372 [ERROR] Engine:466 - C:\Users\NIVYA\.stm32cubemx\thirdparties\pdsc\STMicroelectronics.X-CUBE-IPS.3.2.0.pdsc: PDSC version is not supported
2026-05-26 15:03:25,380 [WARN] PackLoader:240 - Cannot read IP mode file for STMicroelectronics.eDS-WB_DPC_TT-BIDIR.2.1.1
2026-05-26 15:03:25,391 [WARN] PackLoader:240 - Cannot read IP mode file for STMicroelectronics.X-CUBE-NFC12.1.0.0
2026-05-26 15:03:25,422 [WARN] PackLoader:240 - Cannot read IP mode file for STMicroelectronics.X-CUBE-AZRTOS-L5.2.0.0
2026-05-26 15:03:25,437 [WARN] PackLoader:240 - Cannot read IP mode file for STMicroelectronics.X-CUBE-NFC6.3.1.0
2026-05-26 15:03:25,450 [WARN] PackLoader:240 - Cannot read IP mode file for STMicroelectronics.X-CUBE-ALGOBUILD.1.5.0
2026-05-26 15:03:25,456 [WARN] PackLoader:240 - Cannot read IP mode file for STMicroelectronics.eDS-WB_DPC_VIENNA.1.2.0
2026-05-26 15:03:25,463 [WARN] PackLoader:240 - Cannot read IP mode file for STMicroelectronics.eDS-WB_DPC_3PH2L-BIDIR.1.1.1
2026-05-26 15:03:25,468 [ERROR] Engine:466 - C:\Users\NIVYA\.stm32cubemx\thirdparties\pdsc\STMicroelectronics.X-CUBE-ST67W61.1.3.0.pdsc: PDSC version is not supported
2026-05-26 15:03:25,479 [WARN] PackLoader:240 - Cannot read IP mode file for STMicroelectronics.X-CUBE-TOUCHGFX.4.26.0
2026-05-26 15:03:25,483 [WARN] PackLoader:240 - Cannot read IP mode file for STMicroelectronics.X-CUBE-TOUCHGFX.4.26.1
2026-05-26 15:03:25,522 [WARN] PackLoader:240 - Cannot read IP mode file for STMicroelectronics.FP-SNS-STAIOTCFT.1.0.0
2026-05-26 15:03:25,531 [WARN] PackLoader:240 - Cannot read IP mode file for STMicroelectronics.X-CUBE-DPower.1.3.0
2026-05-26 15:03:25,551 [WARN] ConditionMgr:438 - getConditionDescription Invalid condition id : LAN8742 Phy interface Condition cause : null
2026-05-26 15:03:25,552 [WARN] PackLoader:240 - Cannot read IP mode file for STMicroelectronics.X-CUBE-AZRTOS-L4.2.0.0
2026-05-26 15:03:25,554 [WARN] ConditionMgr:1044 - genDependencies : Invalid condition id : LAN8742 Phy interface Condition cause : null
2026-05-26 15:03:25,555 [WARN] ConditionMgr:1044 - genDependencies : Invalid condition id : LAN8742 Phy interface Condition cause : null
2026-05-26 15:03:25,556 [WARN] ConditionMgr:1044 - genDependencies : Invalid condition id : LAN8742 Phy interface Condition cause : null
2026-05-26 15:03:25,568 [WARN] PackLoader:240 - Cannot read IP mode file for STMicroelectronics.X-CUBE-SFXS2LP1.4.0.0
2026-05-26 15:03:25,576 [WARN] PackLoader:240 - Cannot read IP mode file for STMicroelectronics.X-CUBE-WB05N.2.1.0
2026-05-26 15:03:25,582 [ERROR] Engine:466 - C:\Users\NIVYA\.stm32cubemx\thirdparties\pdsc\STMicroelectronics.X-CUBE-ST67W61.1.2.0.pdsc: PDSC version is not supported
2026-05-26 15:03:25,597 [WARN] PackLoader:240 - Cannot read IP mode file for STMicroelectronics.X-CUBE-BLEMGR.4.1.0
2026-05-26 15:03:25,617 [WARN] ConditionMgr:438 - getConditionDescription Invalid condition id : UX DEVICE CLASS RTOS Condition cause : null
2026-05-26 15:03:25,617 [WARN] ConditionMgr:438 - getConditionDescription Invalid condition id : UX DEVICE CLASS RTOS Condition cause : null
2026-05-26 15:03:25,620 [WARN] PackLoader:240 - Cannot read IP mode file for STMicroelectronics.X-CUBE-AZRTOS-WB.2.0.0
2026-05-26 15:03:25,621 [WARN] ConditionMgr:1044 - genDependencies : Invalid condition id : UX DEVICE CLASS RTOS Condition cause : null
2026-05-26 15:03:25,621 [WARN] ConditionMgr:1044 - genDependencies : Invalid condition id : UX DEVICE CLASS RTOS Condition cause : null
2026-05-26 15:03:25,622 [WARN] ConditionMgr:1044 - genDependencies : Invalid condition id : UX DEVICE CLASS RTOS Condition cause : null
2026-05-26 15:03:25,622 [WARN] ConditionMgr:1044 - genDependencies : Invalid condition id : UX DEVICE CLASS RTOS Condition cause : null
2026-05-26 15:03:25,623 [WARN] ConditionMgr:1044 - genDependencies : Invalid condition id : UX DEVICE CLASS RTOS Condition cause : null
2026-05-26 15:03:25,632 [WARN] ConditionMgr:438 - getConditionDescription Invalid condition id : Cortex-A Device cause : null
2026-05-26 15:03:25,647 [WARN] ConditionMgr:1044 - genDependencies : Invalid condition id : Cortex-A Device cause : null
2026-05-26 15:03:25,648 [WARN] ConditionMgr:1044 - genDependencies : Invalid condition id : Cortex-A Device cause : null
2026-05-26 15:03:25,648 [WARN] ConditionMgr:1044 - genDependencies : Invalid condition id : Cortex-A Device cause : null
2026-05-26 15:03:25,659 [WARN] PackLoader:240 - Cannot read IP mode file for STMicroelectronics.X-CUBE-STSE01.2.0.0
2026-05-26 15:03:25,674 [WARN] PackLoader:240 - Cannot read IP mode file for STMicroelectronics.X-CUBE-SUBG2.5.0.0
2026-05-26 15:03:25,727 [WARN] PackLoader:240 - Cannot read IP mode file for STMicroelectronics.X-CUBE-AZRTOS-G4.2.0.0
2026-05-26 15:03:25,739 [WARN] PackLoader:240 - Cannot read IP mode file for wolfSSL.I-CUBE-wolfSSH.1.4.20
2026-05-26 15:03:25,749 [WARN] PackLoader:240 - Cannot read IP mode file for STMicroelectronics.X-CUBE-NFC7.2.0.0
2026-05-26 15:03:25,757 [WARN] PackLoader:240 - Cannot read IP mode file for STMicroelectronics.X-CUBE-ALS.1.0.2
2026-05-26 15:03:25,770 [WARN] PackLoader:240 - Cannot read IP mode file for STMicroelectronics.X-CUBE-STSE01.1.0.0
2026-05-26 15:03:25,796 [WARN] PackLoader:240 - Cannot read IP mode file for STMicroelectronics.X-CUBE-TOF1.3.4.3
2026-05-26 15:03:25,853 [INFO] ThirdParty:978 - Integrity check success = true
2026-05-26 15:03:25,854 [INFO] IntegrityCheckThread:100 - exiting critical section [integrity check]
2026-05-26 15:03:25,855 [INFO] IntegrityCheckThread:103 - End integrity checks thread
2026-05-26 15:03:26,241 [ERROR] LogOutputStream:75 - [STDERR_REDIRECT] [Fatal Error] :1:1: Premature end of file.
2026-05-26 15:03:26,241 [ERROR] LogOutputStream:75 - [STDERR_REDIRECT] 
2026-05-26 15:03:27,242 [ERROR] LogOutputStream:75 - [STDERR_REDIRECT] [Fatal Error] :1:1: Premature end of file.
2026-05-26 15:03:27,242 [ERROR] LogOutputStream:75 - [STDERR_REDIRECT] 
2026-05-26 15:03:28,238 [ERROR] LogOutputStream:75 - [STDERR_REDIRECT] [Fatal Error] :1:1: Premature end of file.
2026-05-26 15:03:28,239 [ERROR] LogOutputStream:75 - [STDERR_REDIRECT] 
2026-05-26 15:03:29,243 [ERROR] LogOutputStream:75 - [STDERR_REDIRECT] [Fatal Error] :1:1: Premature end of file.
2026-05-26 15:03:29,243 [ERROR] LogOutputStream:75 - [STDERR_REDIRECT] 
2026-05-26 15:03:30,239 [ERROR] LogOutputStream:75 - [STDERR_REDIRECT] [Fatal Error] :1:1: Premature end of file.
2026-05-26 15:03:30,239 [ERROR] LogOutputStream:75 - [STDERR_REDIRECT] 
2026-05-26 15:03:31,250 [ERROR] LogOutputStream:75 - [STDERR_REDIRECT] [Fatal Error] :1:1: Premature end of file.
2026-05-26 15:03:31,251 [ERROR] LogOutputStream:75 - [STDERR_REDIRECT] 
2026-05-26 15:03:32,247 [ERROR] LogOutputStream:75 - [STDERR_REDIRECT] [Fatal Error] :1:1: Premature end of file.
2026-05-26 15:03:32,247 [ERROR] LogOutputStream:75 - [STDERR_REDIRECT] 
2026-05-26 15:03:33,233 [ERROR] LogOutputStream:75 - [STDERR_REDIRECT] [Fatal Error] :1:1: Premature end of file.
2026-05-26 15:03:33,234 [ERROR] LogOutputStream:75 - [STDERR_REDIRECT] 
2026-05-26 15:03:34,242 [ERROR] LogOutputStream:75 - [STDERR_REDIRECT] [Fatal Error] :1:1: Premature end of file.
2026-05-26 15:03:34,243 [ERROR] LogOutputStream:75 - [STDERR_REDIRECT] 
2026-05-26 15:03:34,693 [INFO] DbMcusAds:53 - JSON generation date=Mon Apr 27 13:44:29 IST 2026 (1777277669924)
2026-05-26 15:03:34,718 [ERROR] TargetSelectorAdapter:267 - Unable to refresh data
2026-05-26 15:03:35,031 [INFO] ApiDb:581 - Connected to CubeFinder SQLite database (C:\Users\NIVYA\.stmcufinder\plugins\mcufinder\mcu\cube-finder-db.db)
2026-05-26 15:03:35,164 [INFO] ApiDb:668 - CubeFinder database Data Model version=2.1
2026-05-26 15:03:35,164 [INFO] ApiDb:669 - CubeFinder database Configuration version=3.0.42
2026-05-26 15:03:35,164 [INFO] ApiDb:670 - CubeFinder database generation date=2026-05-06 (1778060171)
2026-05-26 15:03:35,164 [INFO] ApiDb:671 - CubeFinder database FW Pack versions=[FP-ATR-ASTRA1_V2.0.0, FP-SNS-FLIGHT1_V5.1.0, FP-SNS-MOTENV1_V5.1.0, FP-SNS-MOTENVWB1_V1.5.0, FP-SNS-SMARTAG2_V1.2.0, FP-SNS-STBOX1_V2.1.0, STM32Cube_FW_C0_V1.4.0, STM32Cube_FW_F4_V1.28.3, STM32Cube_FW_F7_V1.17.4, STM32Cube_FW_G0_V1.6.3, STM32Cube_FW_G4_V1.6.2, STM32Cube_FW_H5_V1.6.0, STM32Cube_FW_H7RS_V1.3.0, STM32Cube_FW_H7_V1.13.0, STM32Cube_FW_L0_V1.12.2, STM32Cube_FW_L4_V1.18.2, STM32Cube_FW_L5_V1.6.0, STM32Cube_FW_N6_V1.3.0, STM32Cube_FW_U0_V1.3.0, STM32Cube_FW_U3_V1.3.0, STM32Cube_FW_U5_V1.8.0, STM32Cube_FW_WB0_V1.4.0, STM32Cube_FW_WBA_V1.9.0, STM32Cube_FW_WB_V1.24.0, STM32Cube_FW_WL3_V1.4.0, STM32Cube_FW_WL_V1.5.0, X-CUBE-ALGOBUILD_V1.4.0, X-CUBE-ALS_V1.0.2, X-CUBE-AZRTOS-F4_V1.1.0, X-CUBE-AZRTOS-F7_V1.1.0, X-CUBE-AZRTOS-G0_V1.1.0, X-CUBE-AZRTOS-G4_V2.0.0, X-CUBE-AZRTOS-H7RS_V1.1.0, X-CUBE-AZRTOS-H7_V3.5.0, X-CUBE-AZRTOS-L4_V2.0.0, X-CUBE-AZRTOS-L5_V2.0.0, X-CUBE-AZRTOS-WB_V2.0.0, X-CUBE-AZRTOS-WL_V2.0.0, X-CUBE-BLE1_V7.1.0, X-CUBE-BLE2_V3.3.0, X-CUBE-BLEMGR_V4.1.0, X-CUBE-EEPRMA1_V5.2.0, X-CUBE-FREERTOS_V1.5.0, X-CUBE-GNSS1_V6.0.0, X-CUBE-MEMS1_V12.0.0, X-CUBE-NFC4_V3.0.0, X-CUBE-NFC7_V2.0.0, X-CUBE-SFXS2LP1_V4.0.0, X-CUBE-ST67W61_V1.2.0, X-CUBE-SUBG2_V5.0.0, X-CUBE-TOF1_V3.4.3]
2026-05-26 15:03:35,236 [ERROR] LogOutputStream:75 - [STDERR_REDIRECT] [Fatal Error] :1:1: Premature end of file.
2026-05-26 15:03:35,237 [ERROR] LogOutputStream:75 - [STDERR_REDIRECT] 
2026-05-26 15:03:35,264 [INFO] DbBoardsSqlite:226 - include board P-NUCLEO-WB55-NUCLEO as a kit item of type 'Nucleo-64'
2026-05-26 15:03:35,264 [INFO] DbBoardsSqlite:226 - include board P-NUCLEO-WB55-USBDONGLE as a kit item of type 'Nucleo USB Dongle'
2026-05-26 15:03:35,265 [INFO] DbBoardsSqlite:226 - include board STEVAL-IDP005V1 as a kit item of type 'Evaluation Board'
2026-05-26 15:03:35,265 [INFO] DbBoardsSqlite:226 - include board STEVAL-IDP005V2 as a kit item of type 'Evaluation Board'
2026-05-26 15:03:35,382 [INFO] ApiDb:240 - Found 895 in-development CPN: [B-G473E-ZEST1S, B-WB1M-WPAN1, B-WBA5M-WPAN, B-WL5M-SUBG1, NUCLEO-C031C6, NUCLEO-C051C8, NUCLEO-C071RB, NUCLEO-C092RC, NUCLEO-H503RB, NUCLEO-H533RE, NUCLEO-H563ZI, NUCLEO-H7S3L8, NUCLEO-N657X0-Q, NUCLEO-U031R8, NUCLEO-U083RC, NUCLEO-U385RG-Q, NUCLEO-U545RE-Q, NUCLEO-U5A5ZJ-Q, NUCLEO-WB05KZ, NUCLEO-WB07CC, NUCLEO-WB09KE, NUCLEO-WBA52CG, NUCLEO-WBA55CG, NUCLEO-WBA65RI, NUCLEO-WL33CC1, NUCLEO-WL33CC2, STEVAL-PROTEUS1, STEVAL-SMARTAG2, STEVAL-STWINBX1, STM320518-EVAL, STM32C0116-DK, STM32C011D6Y3TR, STM32C011D6Y6TR, STM32C011F4P3, STM32C011F4P6, STM32C011F4U3, STM32C011F4U6TR, STM32C011F6P3, STM32C011F6P6, STM32C011F6U3, STM32C011F6U6TR, STM32C011J4M3, STM32C011J4M6, STM32C011J6M3, STM32C011J6M6, STM32C0316-DK, STM32C031C4T3, STM32C031C4T6, STM32C031C4U3, STM32C031C4U6, STM32C031C6T3, STM32C031C6T6, STM32C031C6U3, STM32C031C6U6, STM32C031F4P3, STM32C031F4P6, STM32C031F6P3, STM32C031F6P6, STM32C031G4U3, STM32C031G4U6, STM32C031G6U3, STM32C031G6U6, STM32C031K4T3, STM32C031K4T6, STM32C031K4U3, STM32C031K4U6, STM32C031K6T3, STM32C031K6T6, STM32C031K6U3, STM32C031K6U6, STM32C051C6T6, STM32C051C6U6, STM32C051C8T6, STM32C051C8U6, STM32C051D8Y6TR, STM32C051F6P6, STM32C051F8P6, STM32C051G6U6, STM32C051G8U6, STM32C051K6T6, STM32C051K6U6, STM32C051K8T6, STM32C071C8T6, STM32C071C8T6N, STM32C071C8U6, STM32C071C8U6N, STM32C071CBT6, STM32C071CBT6N, STM32C071CBU6, STM32C071CBU6N, STM32C071F8P6, STM32C071F8P6N, STM32C071FBP6, STM32C071FBP6N, STM32C071FBY6TR, STM32C071G8U6, STM32C071G8U6N, STM32C071GBU6, STM32C071GBU6N, STM32C071K8T6, STM32C071K8T6N, STM32C071K8U6, STM32C071K8U6N, STM32C071KBT6, STM32C071KBT6N, STM32C071KBU6, STM32C071KBU6N, STM32C071R8T6, STM32C071R8T6N, STM32C071RBI6N, STM32C071RBT6, STM32C071RBT6N, STM32C091CBT6, STM32C091CBU6, STM32C091CCT6, STM32C091CCU6, STM32C091ECY6TR, STM32C091FBP6, STM32C091FCP6, STM32C091GBU6, STM32C091GCU6, STM32C091KBT6, STM32C091KBU6, STM32C091KCT6, STM32C091KCU6, STM32C091RBT6, STM32C091RCI6, STM32C091RCT6, STM32C092CBT6, STM32C092CBU6, STM32C092CCT6, STM32C092CCU6, STM32C092ECY6TR, STM32C092FBP6, STM32C092FCP6, STM32C092GBU6, STM32C092GCU6, STM32C092KBT6, STM32C092KBU6, STM32C092KCT6, STM32C092KCU6, STM32C092RBT6, STM32C092RCI6, STM32C092RCT6, STM32G071K8TXN, STM32G071K8UXN, STM32G081GBU6N, STM32G081KBT6N, STM32G081KBUXN, STM32G0B1CCT6N, STM32G0B1KCT6, STM32G0B1NEY6TR, STM32G0B1RCT6N, STM32G0C1CCT6, STM32G0C1CCT6N, STM32G0C1CCU6N, STM32G0C1CET6N, STM32G0C1CEU6N, STM32G0C1KCT6, STM32G0C1NEY6TR, STM32G0C1RCI6N, STM32G0C1RCT6N, STM32G0C1REI6N, STM32G0C1RET6N, STM32G0C1VCI6, STM32G0C1VEI6, STM32G411C6T3, STM32G411C6T6, STM32G411C6U3, STM32G411C6U6, STM32G411C8T3, STM32G411C8T6, STM32G411C8U3, STM32G411C8U6, STM32G411CBT3, STM32G411CBT6, STM32G411CBU3, STM32G411CBU6, STM32G411CCT3, STM32G411CCT6, STM32G411CCU3, STM32G411CCU6, STM32G411K6T3, STM32G411K6T6, STM32G411K6U3, STM32G411K6U6, STM32G411K8T3, STM32G411K8T6, STM32G411K8U3, STM32G411K8U6, STM32G411KBT3, STM32G411KBT6, STM32G411KBU3, STM32G411KBU6, STM32G411M6T3, STM32G411M6T6, STM32G411M8T3, STM32G411M8T6, STM32G411MBT3, STM32G411MBT6, STM32G411MCT3, STM32G411MCT6, STM32G411R6T3, STM32G411R6T6, STM32G411R8T3, STM32G411R8T6, STM32G411RBT3, STM32G411RBT6, STM32G411RCT3, STM32G411RCT6, STM32G414CBT3, STM32G414CBT6, STM32G414CBU3, STM32G414CBU6, STM32G414CCT3, STM32G414CCT6, STM32G414CCU3, STM32G414CCU6, STM32G414MBT3, STM32G414MBT6, STM32G414MCT3, STM32G414MCT6, STM32G414RBT3, STM32G414RBT6, STM32G414RCT3, STM32G414RCT6, STM32G414VBT3, STM32G414VBT6, STM32G414VCT3, STM32G414VCT6, STM32G431CBT3Z, STM32G431RBT3Z, STM32G471CCT6, STM32G471CCU6, STM32G471CET3, STM32G471CET6, STM32G471CEU3, STM32G471CEU6, STM32G471MCT6, STM32G471MET3, STM32G471MET6, STM32G471MEY6TR, STM32G471QCT6, STM32G471QET3, STM32G471RCT6, STM32G471RET3, STM32G471RET6, STM32G471VCH6, STM32G471VCI6, STM32G471VCT6, STM32G471VEH3, STM32G471VEH6, STM32G471VEI3, STM32G471VEI6, STM32G471VET3, STM32G471VET6, STM32G473QET3Z, STM32G473RET3Z, STM32G474CCT6, STM32G491RET3Z, STM32H503CBT6, STM32H503CBU6, STM32H503EBY6TR, STM32H503KBU6, STM32H503RBT6, STM32H523CCT6, STM32H523CCU6, STM32H523CET6, STM32H523CEU6, STM32H523HEY6TR, STM32H523RCT6, STM32H523RET6, STM32H523VCI6, STM32H523VCT6, STM32H523VEI6, STM32H523VET6, STM32H523ZCJ6, STM32H523ZCT6, STM32H523ZEJ6, STM32H523ZET6, STM32H533CET6, STM32H533CEU6, STM32H533HEY6TR, STM32H533RET6, STM32H533VEI6, STM32H533VET6, STM32H533ZEJ6, STM32H533ZET6, STM32H562AGI6, STM32H562AII6, STM32H562IGK6, STM32H562IGT6, STM32H562IIK6, STM32H562IIT6, STM32H562RGT6, STM32H562RGV6, STM32H562RIT6, STM32H562RIV6, STM32H562VGT6, STM32H562VIT6, STM32H562ZGT6, STM32H562ZIT6, STM32H563AGI6, STM32H563AII3Q, STM32H563AII6, STM32H563IGK6, STM32H563IGT6, STM32H563IIK3Q, STM32H563IIK6, STM32H563IIT3Q, STM32H563IIT6, STM32H563MIY3QTR, STM32H563RGT6, STM32H563RGV6, STM32H563RIT6, STM32H563RIV6, STM32H563VGT6, STM32H563VIT3Q, STM32H563VIT6, STM32H563ZGT6, STM32H563ZIT3Q, STM32H563ZIT6, STM32H573AII3Q, STM32H573AII6, STM32H573I-DK, STM32H573IIK3Q, STM32H573IIK6, STM32H573IIT3Q, STM32H573IIT6, STM32H573MIY3QTR, STM32H573RIT6, STM32H573RIV6, STM32H573VIT3Q, STM32H573VIT6, STM32H573ZIT3Q, STM32H573ZIT6, STM32H7R3A8I6, STM32H7R3I8K6, STM32H7R3I8T6, STM32H7R3L8H6, STM32H7R3L8H6H, STM32H7R3R8V6, STM32H7R3V8H6, STM32H7R3V8T6, STM32H7R3V8Y6TR, STM32H7R3Z8J6, STM32H7R3Z8T6, STM32H7R7A8I6, STM32H7R7I8K6, STM32H7R7I8T6, STM32H7R7L8H6, STM32H7R7L8H6H, STM32H7R7Z8J6, STM32H7S3A8I6, STM32H7S3I8K6, STM32H7S3I8T6, STM32H7S3L8H6, STM32H7S3L8H6H, STM32H7S3R8V6, STM32H7S3V8H6, STM32H7S3V8T6, STM32H7S3V8Y6TR, STM32H7S3Z8J6, STM32H7S3Z8T6, STM32H7S78-DK, STM32H7S7A8I6, STM32H7S7I8K6, STM32H7S7I8T6, STM32H7S7L8H6, STM32H7S7L8H6H, STM32H7S7Z8J6, STM32L4R5QGI6STR, STM32MP131AAE3, STM32MP131AAF3, STM32MP131AAG3, STM32MP131CAE3, STM32MP131CAF3, STM32MP131CAG3, STM32MP131DAE7, STM32MP131DAF7, STM32MP131DAG7, STM32MP131FAE7, STM32MP131FAF7, STM32MP131FAG7, STM32MP133AAE3, STM32MP133AAF3, STM32MP133AAG3, STM32MP133CAE3, STM32MP133CAF3, STM32MP133CAG3, STM32MP133DAE7, STM32MP133DAF7, STM32MP133DAG7, STM32MP133FAE7, STM32MP133FAF7, STM32MP133FAG7, STM32MP135AAE3, STM32MP135AAF3, STM32MP135AAG3, STM32MP135CAE3, STM32MP135CAF3, STM32MP135CAG3, STM32MP135DAE7, STM32MP135DAF7, STM32MP135DAG7, STM32MP135F-DK, STM32MP135FAE7, STM32MP135FAF7, STM32MP135FAF7T, STM32MP135FAF7U, STM32MP135FAG7, STM32MP231AAJ3, STM32MP231AAK3, STM32MP231AAL3, STM32MP231CAJ3, STM32MP231CAK3, STM32MP231CAL3, STM32MP231DAJ3, STM32MP231DAK3, STM32MP231DAL3, STM32MP231FAJ3, STM32MP231FAK3, STM32MP231FAL3, STM32MP233AAJ3, STM32MP233AAK3, STM32MP233AAL3, STM32MP233CAJ3, STM32MP233CAK3, STM32MP233CAL3, STM32MP233DAJ3, STM32MP233DAK3, STM32MP233DAL3, STM32MP233FAJ3, STM32MP233FAK3, STM32MP233FAL3, STM32MP235AAJ3, STM32MP235AAK3, STM32MP235AAL3, STM32MP235CAJ3, STM32MP235CAK3, STM32MP235CAL3, STM32MP235DAJ3, STM32MP235DAK3, STM32MP235DAL3, STM32MP235FAJ3, STM32MP235FAK3, STM32MP235FAL3, STM32MP251AAI3, STM32MP251AAJ3, STM32MP251AAK3, STM32MP251AAL3, STM32MP251CAI3, STM32MP251CAJ3, STM32MP251CAK3, STM32MP251CAL3, STM32MP251DAI3, STM32MP251DAJ3, STM32MP251DAK3, STM32MP251DAL3, STM32MP251FAI3, STM32MP251FAJ3, STM32MP251FAK3, STM32MP251FAL3, STM32MP253AAI3, STM32MP253AAJ3, STM32MP253AAK3, STM32MP253AAL3, STM32MP253CAI3, STM32MP253CAJ3, STM32MP253CAK3, STM32MP253CAL3, STM32MP253DAI3, STM32MP253DAJ3, STM32MP253DAK3, STM32MP253DAL3, STM32MP253FAI3, STM32MP253FAJ3, STM32MP253FAK3, STM32MP253FAL3, STM32MP255AAI3, STM32MP255AAJ3, STM32MP255AAK3, STM32MP255AAL3, STM32MP255CAI3, STM32MP255CAJ3, STM32MP255CAK3, STM32MP255CAL3, STM32MP255DAI3, STM32MP255DAJ3, STM32MP255DAK3, STM32MP255DAL3, STM32MP255FAI3, STM32MP255FAJ3, STM32MP255FAK3, STM32MP255FAL3, STM32MP257AAI3, STM32MP257AAJ3, STM32MP257AAK3, STM32MP257AAL3, STM32MP257CAI3, STM32MP257CAJ3, STM32MP257CAK3, STM32MP257CAL3, STM32MP257DAI3, STM32MP257DAJ3, STM32MP257DAK3, STM32MP257DAL3, STM32MP257F-DK, STM32MP257F-EV1, STM32MP257FAI3, STM32MP257FAJ3, STM32MP257FAK3, STM32MP257FAL3, STM32N645A0H3Q, STM32N645B0H3Q, STM32N645I0H3Q, STM32N645L0H3Q, STM32N645X0H3Q, STM32N645Z0H3Q, STM32N647A0H3Q, STM32N647B0H3Q, STM32N647I0H3Q, STM32N647L0H3Q, STM32N647X0H3Q, STM32N647Z0H3Q, STM32N655A0H3Q, STM32N655B0H3Q, STM32N655I0H3Q, STM32N655L0H3Q, STM32N655X0H3Q, STM32N655Z0H3Q, STM32N6570-DK, STM32N657A0H3Q, STM32N657B0H3Q, STM32N657I0H3Q, STM32N657L0H3Q, STM32N657X0H3Q, STM32N657Z0H3Q, STM32U031C6T6, STM32U031C6U6, STM32U031C8T6, STM32U031C8U6, STM32U031F4P6, STM32U031F6P6, STM32U031F8P6, STM32U031G6Y6TR, STM32U031G8Y6TR, STM32U031K4U6, STM32U031K6U6, STM32U031K8U6, STM32U031R6I6, STM32U031R6T6, STM32U031R8I6, STM32U031R8T6, STM32U073C8T6, STM32U073C8U6, STM32U073CBT6, STM32U073CBU6, STM32U073CCT6, STM32U073CCU6, STM32U073H8Y6TR, STM32U073HBY6TR, STM32U073HCY6TR, STM32U073K8U6, STM32U073KBU6, STM32U073KCU6, STM32U073M8I6, STM32U073M8T6, STM32U073MBI6, STM32U073MBT6, STM32U073MCI6, STM32U073MCT6, STM32U073R8I6, STM32U073R8T6, STM32U073RBI6, STM32U073RBT6, STM32U073RCI6, STM32U073RCT6, STM32U083C-DK, STM32U083CCT6, STM32U083CCU6, STM32U083HCY6TR, STM32U083KCU6, STM32U083MCI6, STM32U083MCT6, STM32U083RCI6, STM32U083RCT6, STM32U375CET6, STM32U375CET6Q, STM32U375CEU6, STM32U375CEU6Q, STM32U375CEY6QTR, STM32U375CGT6, STM32U375CGT6Q, STM32U375CGU6, STM32U375CGU6Q, STM32U375CGY6QTR, STM32U375KEU6, STM32U375KGU6, STM32U375REI6, STM32U375REI6Q, STM32U375RET6, STM32U375RET6Q, STM32U375REY6GTR, STM32U375REY6QTR, STM32U375RGI6, STM32U375RGI6Q, STM32U375RGT6, STM32U375RGT6Q, STM32U375RGY6GTR, STM32U375RGY6QTR, STM32U375VEI6, STM32U375VEI6Q, STM32U375VET6, STM32U375VET6Q, STM32U375VGI6, STM32U375VGI6Q, STM32U375VGT6, STM32U375VGT6Q, STM32U385CGT6, STM32U385CGT6Q, STM32U385CGU6, STM32U385CGU6Q, STM32U385CGY6QTR, STM32U385KGU6, STM32U385RGI6, STM32U385RGI6Q, STM32U385RGT6, STM32U385RGT6Q, STM32U385RGY6GTR, STM32U385RGY6QTR, STM32U385VGI6, STM32U385VGI6Q, STM32U385VGT6, STM32U385VGT6Q, STM32U535CBT6, STM32U535CBT6Q, STM32U535CBU6, STM32U535CBU6Q, STM32U535CCT6, STM32U535CCT6Q, STM32U535CCU6, STM32U535CCU6Q, STM32U535CET6, STM32U535CET6Q, STM32U535CEU6, STM32U535CEU6Q, STM32U535JEY6QTR, STM32U535NCY6QTR, STM32U535NEY6QTR, STM32U535RBI6, STM32U535RBI6Q, STM32U535RBT6, STM32U535RBT6Q, STM32U535RCI6, STM32U535RCI6Q, STM32U535RCT6, STM32U535RCT6Q, STM32U535REI6, STM32U535REI6Q, STM32U535RET6, STM32U535RET6Q, STM32U535VCI6, STM32U535VCI6Q, STM32U535VCT6, STM32U535VCT6Q, STM32U535VEI6, STM32U535VEI6Q, STM32U535VET6, STM32U535VET6Q, STM32U545CET6, STM32U545CET6Q, STM32U545CEU6, STM32U545CEU6Q, STM32U545JEY6QTR, STM32U545NEY6QTR, STM32U545REI6, STM32U545REI6Q, STM32U545RET6, STM32U545RET6Q, STM32U545VEI6, STM32U545VEI6Q, STM32U545VET6, STM32U545VET6Q, STM32U595AIH6, STM32U595AIH6Q, STM32U595AJH6, STM32U595AJH6Q, STM32U595QII6, STM32U595QII6Q, STM32U595QJI6, STM32U595QJI6Q, STM32U595RIT6, STM32U595RIT6Q, STM32U595RJT6, STM32U595RJT6Q, STM32U595VIT6, STM32U595VIT6Q, STM32U595VJT6, STM32U595VJT6Q, STM32U595ZIT6, STM32U595ZIT6Q, STM32U595ZIY6QTR, STM32U595ZJT6, STM32U595ZJT6Q, STM32U595ZJY6QTR, STM32U599BJY6QTR, STM32U599NIH6Q, STM32U599NJH6Q, STM32U599VIT6Q, STM32U599VJT6, STM32U599VJT6Q, STM32U599ZIT6Q, STM32U599ZIY6QTR, STM32U599ZJT6Q, STM32U599ZJY6QTR, STM32U5A5AJH6, STM32U5A5AJH6Q, STM32U5A5QII3Q , STM32U5A5QJI6, STM32U5A5QJI6Q, STM32U5A5RJT6, STM32U5A5RJT6Q, STM32U5A5VJT6, STM32U5A5VJT6Q, STM32U5A5ZJT6, STM32U5A5ZJT6Q, STM32U5A5ZJY6QTR, STM32U5A9BJY6QTR, STM32U5A9J-DK, STM32U5A9NJH6Q, STM32U5A9VJT6Q, STM32U5A9ZJT6Q, STM32U5A9ZJY6QTR, STM32U5F7VIT6, STM32U5F7VIT6Q, STM32U5F7VJT6, STM32U5F7VJT6Q, STM32U5F9BJY6QTR, STM32U5F9NJH6Q, STM32U5F9VIT6Q, STM32U5F9VJT6Q, STM32U5F9ZIJ6QTR, STM32U5F9ZIT6Q, STM32U5F9ZJJ6QTR, STM32U5F9ZJT6Q, STM32U5G7VJT6, STM32U5G7VJT6Q, STM32U5G9BJY6QTR, STM32U5G9J-DK1, STM32U5G9J-DK2, STM32U5G9NJH6Q, STM32U5G9VJT6Q, STM32U5G9ZJJ6QTR, STM32U5G9ZJT6Q, STM32WB05KZV6TR, STM32WB05KZV7TR, STM32WB05TZF6TR, STM32WB05TZF7TR, STM32WB06CCF6TR, STM32WB06CCF7TR, STM32WB06CCV6TR, STM32WB06CCV7TR, STM32WB06KCV6TR, STM32WB06KCV7TR, STM32WB07CCF6TR, STM32WB07CCF7TR, STM32WB07CCV6TR, STM32WB07CCV7TR, STM32WB07KCV6TR, STM32WB07KCV7TR, STM32WB09KEV6TR, STM32WB09KEV7TR, STM32WB09TEF6TR, STM32WB09TEF7TR, STM32WB1MMCH6, STM32WBA50KGU6, STM32WBA50KGU6TR, STM32WBA52CEU6, STM32WBA52CEU6TR, STM32WBA52CEU7, STM32WBA52CEU7TR, STM32WBA52CGU6, STM32WBA52CGU6TR, STM32WBA52CGU6U, STM32WBA52CGU7, STM32WBA52CGU7TR, STM32WBA52KEU6, STM32WBA52KEU6TR, STM32WBA52KGU6, STM32WBA52KGU6TR, STM32WBA54CEU6, STM32WBA54CEU6TR, STM32WBA54CEU7, STM32WBA54CEU7TR, STM32WBA54CGU6, STM32WBA54CGU6TR, STM32WBA54CGU7, STM32WBA54CGU7TR, STM32WBA54KEU6, STM32WBA54KEU6TR, STM32WBA54KEU7, STM32WBA54KEU7TR, STM32WBA54KGU6, STM32WBA54KGU6TR, STM32WBA54KGU7, STM32WBA54KGU7TR, STM32WBA55CEU6, STM32WBA55CEU6TR, STM32WBA55CEU7, STM32WBA55CEU7TR, STM32WBA55CGU6, STM32WBA55CGU6TR, STM32WBA55CGU6U, STM32WBA55CGU7, STM32WBA55CGU7TR, STM32WBA55G-DK1, STM32WBA55HEF6, STM32WBA55HEF7, STM32WBA55HGF6, STM32WBA55HGF7, STM32WBA55UEI6, STM32WBA55UEI6TR, STM32WBA55UEI7, STM32WBA55UEI7TR, STM32WBA55UGI6, STM32WBA55UGI6TR, STM32WBA55UGI7, STM32WBA55UGI7TR, STM32WBA5MJGH6TR, STM32WBA62CGU6, STM32WBA62CIU6, STM32WBA62MGF6, STM32WBA62MIF6, STM32WBA62PGI6, STM32WBA62PII6, STM32WBA63CGU6, STM32WBA63CGU7, STM32WBA63CIU6, STM32WBA63CIU7, STM32WBA64CGU6, STM32WBA64CGU7, STM32WBA64CIU6, STM32WBA64CIU7, STM32WBA65CGU6, STM32WBA65CGU7, STM32WBA65CIU6, STM32WBA65CIU7, STM32WBA65I-DK1, STM32WBA65MGF6, STM32WBA65MGF7, STM32WBA65MIF6, STM32WBA65MIF7, STM32WBA65PGI6, STM32WBA65PGI7, STM32WBA65PII6, STM32WBA65PII7, STM32WBA65RGV6, STM32WBA65RGV7, STM32WBA65RIV6, STM32WBA65RIV7, STM32WL30K8V6, STM32WL30KBV6, STM32WL31C8V6, STM32WL31CBV6, STM32WL31K8V6, STM32WL31KBV6, STM32WL33C8V6, STM32WL33C8V6TR, STM32WL33C8V7, STM32WL33C8V7TR, STM32WL33CBV6, STM32WL33CBV6TR, STM32WL33CBV7, STM32WL33CBV7TR, STM32WL33CCV6, STM32WL33CCV6TR, STM32WL33CCV7, STM32WL33CCV7A, STM32WL33CCV7ATR, STM32WL33CCV7TR, STM32WL33K8V6, STM32WL33K8V6TR, STM32WL33K8V7, STM32WL33K8V7TR, STM32WL33KBV6, STM32WL33KBV6TR, STM32WL33KBV7, STM32WL33KBV7TR, STM32WL33KCV6, STM32WL33KCV6TR, STM32WL33KCV7, STM32WL33KCV7TR, STM32WL5MOCH6, STM32WL5MOCH6TR]
2026-05-26 15:03:35,387 [INFO] ApiDb:668 - CubeFinder database Data Model version=2.1
2026-05-26 15:03:35,388 [INFO] ApiDb:669 - CubeFinder database Configuration version=3.0.42
2026-05-26 15:03:35,388 [INFO] ApiDb:670 - CubeFinder database generation date=2026-05-06 (1778060171)
2026-05-26 15:03:35,388 [INFO] ApiDb:671 - CubeFinder database FW Pack versions=[FP-ATR-ASTRA1_V2.0.0, FP-SNS-FLIGHT1_V5.1.0, FP-SNS-MOTENV1_V5.1.0, FP-SNS-MOTENVWB1_V1.5.0, FP-SNS-SMARTAG2_V1.2.0, FP-SNS-STBOX1_V2.1.0, STM32Cube_FW_C0_V1.4.0, STM32Cube_FW_F4_V1.28.3, STM32Cube_FW_F7_V1.17.4, STM32Cube_FW_G0_V1.6.3, STM32Cube_FW_G4_V1.6.2, STM32Cube_FW_H5_V1.6.0, STM32Cube_FW_H7RS_V1.3.0, STM32Cube_FW_H7_V1.13.0, STM32Cube_FW_L0_V1.12.2, STM32Cube_FW_L4_V1.18.2, STM32Cube_FW_L5_V1.6.0, STM32Cube_FW_N6_V1.3.0, STM32Cube_FW_U0_V1.3.0, STM32Cube_FW_U3_V1.3.0, STM32Cube_FW_U5_V1.8.0, STM32Cube_FW_WB0_V1.4.0, STM32Cube_FW_WBA_V1.9.0, STM32Cube_FW_WB_V1.24.0, STM32Cube_FW_WL3_V1.4.0, STM32Cube_FW_WL_V1.5.0, X-CUBE-ALGOBUILD_V1.4.0, X-CUBE-ALS_V1.0.2, X-CUBE-AZRTOS-F4_V1.1.0, X-CUBE-AZRTOS-F7_V1.1.0, X-CUBE-AZRTOS-G0_V1.1.0, X-CUBE-AZRTOS-G4_V2.0.0, X-CUBE-AZRTOS-H7RS_V1.1.0, X-CUBE-AZRTOS-H7_V3.5.0, X-CUBE-AZRTOS-L4_V2.0.0, X-CUBE-AZRTOS-L5_V2.0.0, X-CUBE-AZRTOS-WB_V2.0.0, X-CUBE-AZRTOS-WL_V2.0.0, X-CUBE-BLE1_V7.1.0, X-CUBE-BLE2_V3.3.0, X-CUBE-BLEMGR_V4.1.0, X-CUBE-EEPRMA1_V5.2.0, X-CUBE-FREERTOS_V1.5.0, X-CUBE-GNSS1_V6.0.0, X-CUBE-MEMS1_V12.0.0, X-CUBE-NFC4_V3.0.0, X-CUBE-NFC7_V2.0.0, X-CUBE-SFXS2LP1_V4.0.0, X-CUBE-ST67W61_V1.2.0, X-CUBE-SUBG2_V5.0.0, X-CUBE-TOF1_V3.4.3]
2026-05-26 15:03:36,232 [ERROR] LogOutputStream:75 - [STDERR_REDIRECT] [Fatal Error] :1:1: Premature end of file.
2026-05-26 15:03:36,232 [ERROR] LogOutputStream:75 - [STDERR_REDIRECT] 
2026-05-26 15:03:37,224 [ERROR] LogOutputStream:75 - [STDERR_REDIRECT] [Fatal Error] :1:1: Premature end of file.
2026-05-26 15:03:37,224 [ERROR] LogOutputStream:75 - [STDERR_REDIRECT] 
2026-05-26 15:03:38,145 [INFO] ApiDb:240 - Found 895 in-development CPN: [B-G473E-ZEST1S, B-WB1M-WPAN1, B-WBA5M-WPAN, B-WL5M-SUBG1, NUCLEO-C031C6, NUCLEO-C051C8, NUCLEO-C071RB, NUCLEO-C092RC, NUCLEO-H503RB, NUCLEO-H533RE, NUCLEO-H563ZI, NUCLEO-H7S3L8, NUCLEO-N657X0-Q, NUCLEO-U031R8, NUCLEO-U083RC, NUCLEO-U385RG-Q, NUCLEO-U545RE-Q, NUCLEO-U5A5ZJ-Q, NUCLEO-WB05KZ, NUCLEO-WB07CC, NUCLEO-WB09KE, NUCLEO-WBA52CG, NUCLEO-WBA55CG, NUCLEO-WBA65RI, NUCLEO-WL33CC1, NUCLEO-WL33CC2, STEVAL-PROTEUS1, STEVAL-SMARTAG2, STEVAL-STWINBX1, STM320518-EVAL, STM32C0116-DK, STM32C011D6Y3TR, STM32C011D6Y6TR, STM32C011F4P3, STM32C011F4P6, STM32C011F4U3, STM32C011F4U6TR, STM32C011F6P3, STM32C011F6P6, STM32C011F6U3, STM32C011F6U6TR, STM32C011J4M3, STM32C011J4M6, STM32C011J6M3, STM32C011J6M6, STM32C0316-DK, STM32C031C4T3, STM32C031C4T6, STM32C031C4U3, STM32C031C4U6, STM32C031C6T3, STM32C031C6T6, STM32C031C6U3, STM32C031C6U6, STM32C031F4P3, STM32C031F4P6, STM32C031F6P3, STM32C031F6P6, STM32C031G4U3, STM32C031G4U6, STM32C031G6U3, STM32C031G6U6, STM32C031K4T3, STM32C031K4T6, STM32C031K4U3, STM32C031K4U6, STM32C031K6T3, STM32C031K6T6, STM32C031K6U3, STM32C031K6U6, STM32C051C6T6, STM32C051C6U6, STM32C051C8T6, STM32C051C8U6, STM32C051D8Y6TR, STM32C051F6P6, STM32C051F8P6, STM32C051G6U6, STM32C051G8U6, STM32C051K6T6, STM32C051K6U6, STM32C051K8T6, STM32C071C8T6, STM32C071C8T6N, STM32C071C8U6, STM32C071C8U6N, STM32C071CBT6, STM32C071CBT6N, STM32C071CBU6, STM32C071CBU6N, STM32C071F8P6, STM32C071F8P6N, STM32C071FBP6, STM32C071FBP6N, STM32C071FBY6TR, STM32C071G8U6, STM32C071G8U6N, STM32C071GBU6, STM32C071GBU6N, STM32C071K8T6, STM32C071K8T6N, STM32C071K8U6, STM32C071K8U6N, STM32C071KBT6, STM32C071KBT6N, STM32C071KBU6, STM32C071KBU6N, STM32C071R8T6, STM32C071R8T6N, STM32C071RBI6N, STM32C071RBT6, STM32C071RBT6N, STM32C091CBT6, STM32C091CBU6, STM32C091CCT6, STM32C091CCU6, STM32C091ECY6TR, STM32C091FBP6, STM32C091FCP6, STM32C091GBU6, STM32C091GCU6, STM32C091KBT6, STM32C091KBU6, STM32C091KCT6, STM32C091KCU6, STM32C091RBT6, STM32C091RCI6, STM32C091RCT6, STM32C092CBT6, STM32C092CBU6, STM32C092CCT6, STM32C092CCU6, STM32C092ECY6TR, STM32C092FBP6, STM32C092FCP6, STM32C092GBU6, STM32C092GCU6, STM32C092KBT6, STM32C092KBU6, STM32C092KCT6, STM32C092KCU6, STM32C092RBT6, STM32C092RCI6, STM32C092RCT6, STM32G071K8TXN, STM32G071K8UXN, STM32G081GBU6N, STM32G081KBT6N, STM32G081KBUXN, STM32G0B1CCT6N, STM32G0B1KCT6, STM32G0B1NEY6TR, STM32G0B1RCT6N, STM32G0C1CCT6, STM32G0C1CCT6N, STM32G0C1CCU6N, STM32G0C1CET6N, STM32G0C1CEU6N, STM32G0C1KCT6, STM32G0C1NEY6TR, STM32G0C1RCI6N, STM32G0C1RCT6N, STM32G0C1REI6N, STM32G0C1RET6N, STM32G0C1VCI6, STM32G0C1VEI6, STM32G411C6T3, STM32G411C6T6, STM32G411C6U3, STM32G411C6U6, STM32G411C8T3, STM32G411C8T6, STM32G411C8U3, STM32G411C8U6, STM32G411CBT3, STM32G411CBT6, STM32G411CBU3, STM32G411CBU6, STM32G411CCT3, STM32G411CCT6, STM32G411CCU3, STM32G411CCU6, STM32G411K6T3, STM32G411K6T6, STM32G411K6U3, STM32G411K6U6, STM32G411K8T3, STM32G411K8T6, STM32G411K8U3, STM32G411K8U6, STM32G411KBT3, STM32G411KBT6, STM32G411KBU3, STM32G411KBU6, STM32G411M6T3, STM32G411M6T6, STM32G411M8T3, STM32G411M8T6, STM32G411MBT3, STM32G411MBT6, STM32G411MCT3, STM32G411MCT6, STM32G411R6T3, STM32G411R6T6, STM32G411R8T3, STM32G411R8T6, STM32G411RBT3, STM32G411RBT6, STM32G411RCT3, STM32G411RCT6, STM32G414CBT3, STM32G414CBT6, STM32G414CBU3, STM32G414CBU6, STM32G414CCT3, STM32G414CCT6, STM32G414CCU3, STM32G414CCU6, STM32G414MBT3, STM32G414MBT6, STM32G414MCT3, STM32G414MCT6, STM32G414RBT3, STM32G414RBT6, STM32G414RCT3, STM32G414RCT6, STM32G414VBT3, STM32G414VBT6, STM32G414VCT3, STM32G414VCT6, STM32G431CBT3Z, STM32G431RBT3Z, STM32G471CCT6, STM32G471CCU6, STM32G471CET3, STM32G471CET6, STM32G471CEU3, STM32G471CEU6, STM32G471MCT6, STM32G471MET3, STM32G471MET6, STM32G471MEY6TR, STM32G471QCT6, STM32G471QET3, STM32G471RCT6, STM32G471RET3, STM32G471RET6, STM32G471VCH6, STM32G471VCI6, STM32G471VCT6, STM32G471VEH3, STM32G471VEH6, STM32G471VEI3, STM32G471VEI6, STM32G471VET3, STM32G471VET6, STM32G473QET3Z, STM32G473RET3Z, STM32G474CCT6, STM32G491RET3Z, STM32H503CBT6, STM32H503CBU6, STM32H503EBY6TR, STM32H503KBU6, STM32H503RBT6, STM32H523CCT6, STM32H523CCU6, STM32H523CET6, STM32H523CEU6, STM32H523HEY6TR, STM32H523RCT6, STM32H523RET6, STM32H523VCI6, STM32H523VCT6, STM32H523VEI6, STM32H523VET6, STM32H523ZCJ6, STM32H523ZCT6, STM32H523ZEJ6, STM32H523ZET6, STM32H533CET6, STM32H533CEU6, STM32H533HEY6TR, STM32H533RET6, STM32H533VEI6, STM32H533VET6, STM32H533ZEJ6, STM32H533ZET6, STM32H562AGI6, STM32H562AII6, STM32H562IGK6, STM32H562IGT6, STM32H562IIK6, STM32H562IIT6, STM32H562RGT6, STM32H562RGV6, STM32H562RIT6, STM32H562RIV6, STM32H562VGT6, STM32H562VIT6, STM32H562ZGT6, STM32H562ZIT6, STM32H563AGI6, STM32H563AII3Q, STM32H563AII6, STM32H563IGK6, STM32H563IGT6, STM32H563IIK3Q, STM32H563IIK6, STM32H563IIT3Q, STM32H563IIT6, STM32H563MIY3QTR, STM32H563RGT6, STM32H563RGV6, STM32H563RIT6, STM32H563RIV6, STM32H563VGT6, STM32H563VIT3Q, STM32H563VIT6, STM32H563ZGT6, STM32H563ZIT3Q, STM32H563ZIT6, STM32H573AII3Q, STM32H573AII6, STM32H573I-DK, STM32H573IIK3Q, STM32H573IIK6, STM32H573IIT3Q, STM32H573IIT6, STM32H573MIY3QTR, STM32H573RIT6, STM32H573RIV6, STM32H573VIT3Q, STM32H573VIT6, STM32H573ZIT3Q, STM32H573ZIT6, STM32H7R3A8I6, STM32H7R3I8K6, STM32H7R3I8T6, STM32H7R3L8H6, STM32H7R3L8H6H, STM32H7R3R8V6, STM32H7R3V8H6, STM32H7R3V8T6, STM32H7R3V8Y6TR, STM32H7R3Z8J6, STM32H7R3Z8T6, STM32H7R7A8I6, STM32H7R7I8K6, STM32H7R7I8T6, STM32H7R7L8H6, STM32H7R7L8H6H, STM32H7R7Z8J6, STM32H7S3A8I6, STM32H7S3I8K6, STM32H7S3I8T6, STM32H7S3L8H6, STM32H7S3L8H6H, STM32H7S3R8V6, STM32H7S3V8H6, STM32H7S3V8T6, STM32H7S3V8Y6TR, STM32H7S3Z8J6, STM32H7S3Z8T6, STM32H7S78-DK, STM32H7S7A8I6, STM32H7S7I8K6, STM32H7S7I8T6, STM32H7S7L8H6, STM32H7S7L8H6H, STM32H7S7Z8J6, STM32L4R5QGI6STR, STM32MP131AAE3, STM32MP131AAF3, STM32MP131AAG3, STM32MP131CAE3, STM32MP131CAF3, STM32MP131CAG3, STM32MP131DAE7, STM32MP131DAF7, STM32MP131DAG7, STM32MP131FAE7, STM32MP131FAF7, STM32MP131FAG7, STM32MP133AAE3, STM32MP133AAF3, STM32MP133AAG3, STM32MP133CAE3, STM32MP133CAF3, STM32MP133CAG3, STM32MP133DAE7, STM32MP133DAF7, STM32MP133DAG7, STM32MP133FAE7, STM32MP133FAF7, STM32MP133FAG7, STM32MP135AAE3, STM32MP135AAF3, STM32MP135AAG3, STM32MP135CAE3, STM32MP135CAF3, STM32MP135CAG3, STM32MP135DAE7, STM32MP135DAF7, STM32MP135DAG7, STM32MP135F-DK, STM32MP135FAE7, STM32MP135FAF7, STM32MP135FAF7T, STM32MP135FAF7U, STM32MP135FAG7, STM32MP231AAJ3, STM32MP231AAK3, STM32MP231AAL3, STM32MP231CAJ3, STM32MP231CAK3, STM32MP231CAL3, STM32MP231DAJ3, STM32MP231DAK3, STM32MP231DAL3, STM32MP231FAJ3, STM32MP231FAK3, STM32MP231FAL3, STM32MP233AAJ3, STM32MP233AAK3, STM32MP233AAL3, STM32MP233CAJ3, STM32MP233CAK3, STM32MP233CAL3, STM32MP233DAJ3, STM32MP233DAK3, STM32MP233DAL3, STM32MP233FAJ3, STM32MP233FAK3, STM32MP233FAL3, STM32MP235AAJ3, STM32MP235AAK3, STM32MP235AAL3, STM32MP235CAJ3, STM32MP235CAK3, STM32MP235CAL3, STM32MP235DAJ3, STM32MP235DAK3, STM32MP235DAL3, STM32MP235FAJ3, STM32MP235FAK3, STM32MP235FAL3, STM32MP251AAI3, STM32MP251AAJ3, STM32MP251AAK3, STM32MP251AAL3, STM32MP251CAI3, STM32MP251CAJ3, STM32MP251CAK3, STM32MP251CAL3, STM32MP251DAI3, STM32MP251DAJ3, STM32MP251DAK3, STM32MP251DAL3, STM32MP251FAI3, STM32MP251FAJ3, STM32MP251FAK3, STM32MP251FAL3, STM32MP253AAI3, STM32MP253AAJ3, STM32MP253AAK3, STM32MP253AAL3, STM32MP253CAI3, STM32MP253CAJ3, STM32MP253CAK3, STM32MP253CAL3, STM32MP253DAI3, STM32MP253DAJ3, STM32MP253DAK3, STM32MP253DAL3, STM32MP253FAI3, STM32MP253FAJ3, STM32MP253FAK3, STM32MP253FAL3, STM32MP255AAI3, STM32MP255AAJ3, STM32MP255AAK3, STM32MP255AAL3, STM32MP255CAI3, STM32MP255CAJ3, STM32MP255CAK3, STM32MP255CAL3, STM32MP255DAI3, STM32MP255DAJ3, STM32MP255DAK3, STM32MP255DAL3, STM32MP255FAI3, STM32MP255FAJ3, STM32MP255FAK3, STM32MP255FAL3, STM32MP257AAI3, STM32MP257AAJ3, STM32MP257AAK3, STM32MP257AAL3, STM32MP257CAI3, STM32MP257CAJ3, STM32MP257CAK3, STM32MP257CAL3, STM32MP257DAI3, STM32MP257DAJ3, STM32MP257DAK3, STM32MP257DAL3, STM32MP257F-DK, STM32MP257F-EV1, STM32MP257FAI3, STM32MP257FAJ3, STM32MP257FAK3, STM32MP257FAL3, STM32N645A0H3Q, STM32N645B0H3Q, STM32N645I0H3Q, STM32N645L0H3Q, STM32N645X0H3Q, STM32N645Z0H3Q, STM32N647A0H3Q, STM32N647B0H3Q, STM32N647I0H3Q, STM32N647L0H3Q, STM32N647X0H3Q, STM32N647Z0H3Q, STM32N655A0H3Q, STM32N655B0H3Q, STM32N655I0H3Q, STM32N655L0H3Q, STM32N655X0H3Q, STM32N655Z0H3Q, STM32N6570-DK, STM32N657A0H3Q, STM32N657B0H3Q, STM32N657I0H3Q, STM32N657L0H3Q, STM32N657X0H3Q, STM32N657Z0H3Q, STM32U031C6T6, STM32U031C6U6, STM32U031C8T6, STM32U031C8U6, STM32U031F4P6, STM32U031F6P6, STM32U031F8P6, STM32U031G6Y6TR, STM32U031G8Y6TR, STM32U031K4U6, STM32U031K6U6, STM32U031K8U6, STM32U031R6I6, STM32U031R6T6, STM32U031R8I6, STM32U031R8T6, STM32U073C8T6, STM32U073C8U6, STM32U073CBT6, STM32U073CBU6, STM32U073CCT6, STM32U073CCU6, STM32U073H8Y6TR, STM32U073HBY6TR, STM32U073HCY6TR, STM32U073K8U6, STM32U073KBU6, STM32U073KCU6, STM32U073M8I6, STM32U073M8T6, STM32U073MBI6, STM32U073MBT6, STM32U073MCI6, STM32U073MCT6, STM32U073R8I6, STM32U073R8T6, STM32U073RBI6, STM32U073RBT6, STM32U073RCI6, STM32U073RCT6, STM32U083C-DK, STM32U083CCT6, STM32U083CCU6, STM32U083HCY6TR, STM32U083KCU6, STM32U083MCI6, STM32U083MCT6, STM32U083RCI6, STM32U083RCT6, STM32U375CET6, STM32U375CET6Q, STM32U375CEU6, STM32U375CEU6Q, STM32U375CEY6QTR, STM32U375CGT6, STM32U375CGT6Q, STM32U375CGU6, STM32U375CGU6Q, STM32U375CGY6QTR, STM32U375KEU6, STM32U375KGU6, STM32U375REI6, STM32U375REI6Q, STM32U375RET6, STM32U375RET6Q, STM32U375REY6GTR, STM32U375REY6QTR, STM32U375RGI6, STM32U375RGI6Q, STM32U375RGT6, STM32U375RGT6Q, STM32U375RGY6GTR, STM32U375RGY6QTR, STM32U375VEI6, STM32U375VEI6Q, STM32U375VET6, STM32U375VET6Q, STM32U375VGI6, STM32U375VGI6Q, STM32U375VGT6, STM32U375VGT6Q, STM32U385CGT6, STM32U385CGT6Q, STM32U385CGU6, STM32U385CGU6Q, STM32U385CGY6QTR, STM32U385KGU6, STM32U385RGI6, STM32U385RGI6Q, STM32U385RGT6, STM32U385RGT6Q, STM32U385RGY6GTR, STM32U385RGY6QTR, STM32U385VGI6, STM32U385VGI6Q, STM32U385VGT6, STM32U385VGT6Q, STM32U535CBT6, STM32U535CBT6Q, STM32U535CBU6, STM32U535CBU6Q, STM32U535CCT6, STM32U535CCT6Q, STM32U535CCU6, STM32U535CCU6Q, STM32U535CET6, STM32U535CET6Q, STM32U535CEU6, STM32U535CEU6Q, STM32U535JEY6QTR, STM32U535NCY6QTR, STM32U535NEY6QTR, STM32U535RBI6, STM32U535RBI6Q, STM32U535RBT6, STM32U535RBT6Q, STM32U535RCI6, STM32U535RCI6Q, STM32U535RCT6, STM32U535RCT6Q, STM32U535REI6, STM32U535REI6Q, STM32U535RET6, STM32U535RET6Q, STM32U535VCI6, STM32U535VCI6Q, STM32U535VCT6, STM32U535VCT6Q, STM32U535VEI6, STM32U535VEI6Q, STM32U535VET6, STM32U535VET6Q, STM32U545CET6, STM32U545CET6Q, STM32U545CEU6, STM32U545CEU6Q, STM32U545JEY6QTR, STM32U545NEY6QTR, STM32U545REI6, STM32U545REI6Q, STM32U545RET6, STM32U545RET6Q, STM32U545VEI6, STM32U545VEI6Q, STM32U545VET6, STM32U545VET6Q, STM32U595AIH6, STM32U595AIH6Q, STM32U595AJH6, STM32U595AJH6Q, STM32U595QII6, STM32U595QII6Q, STM32U595QJI6, STM32U595QJI6Q, STM32U595RIT6, STM32U595RIT6Q, STM32U595RJT6, STM32U595RJT6Q, STM32U595VIT6, STM32U595VIT6Q, STM32U595VJT6, STM32U595VJT6Q, STM32U595ZIT6, STM32U595ZIT6Q, STM32U595ZIY6QTR, STM32U595ZJT6, STM32U595ZJT6Q, STM32U595ZJY6QTR, STM32U599BJY6QTR, STM32U599NIH6Q, STM32U599NJH6Q, STM32U599VIT6Q, STM32U599VJT6, STM32U599VJT6Q, STM32U599ZIT6Q, STM32U599ZIY6QTR, STM32U599ZJT6Q, STM32U599ZJY6QTR, STM32U5A5AJH6, STM32U5A5AJH6Q, STM32U5A5QII3Q , STM32U5A5QJI6, STM32U5A5QJI6Q, STM32U5A5RJT6, STM32U5A5RJT6Q, STM32U5A5VJT6, STM32U5A5VJT6Q, STM32U5A5ZJT6, STM32U5A5ZJT6Q, STM32U5A5ZJY6QTR, STM32U5A9BJY6QTR, STM32U5A9J-DK, STM32U5A9NJH6Q, STM32U5A9VJT6Q, STM32U5A9ZJT6Q, STM32U5A9ZJY6QTR, STM32U5F7VIT6, STM32U5F7VIT6Q, STM32U5F7VJT6, STM32U5F7VJT6Q, STM32U5F9BJY6QTR, STM32U5F9NJH6Q, STM32U5F9VIT6Q, STM32U5F9VJT6Q, STM32U5F9ZIJ6QTR, STM32U5F9ZIT6Q, STM32U5F9ZJJ6QTR, STM32U5F9ZJT6Q, STM32U5G7VJT6, STM32U5G7VJT6Q, STM32U5G9BJY6QTR, STM32U5G9J-DK1, STM32U5G9J-DK2, STM32U5G9NJH6Q, STM32U5G9VJT6Q, STM32U5G9ZJJ6QTR, STM32U5G9ZJT6Q, STM32WB05KZV6TR, STM32WB05KZV7TR, STM32WB05TZF6TR, STM32WB05TZF7TR, STM32WB06CCF6TR, STM32WB06CCF7TR, STM32WB06CCV6TR, STM32WB06CCV7TR, STM32WB06KCV6TR, STM32WB06KCV7TR, STM32WB07CCF6TR, STM32WB07CCF7TR, STM32WB07CCV6TR, STM32WB07CCV7TR, STM32WB07KCV6TR, STM32WB07KCV7TR, STM32WB09KEV6TR, STM32WB09KEV7TR, STM32WB09TEF6TR, STM32WB09TEF7TR, STM32WB1MMCH6, STM32WBA50KGU6, STM32WBA50KGU6TR, STM32WBA52CEU6, STM32WBA52CEU6TR, STM32WBA52CEU7, STM32WBA52CEU7TR, STM32WBA52CGU6, STM32WBA52CGU6TR, STM32WBA52CGU6U, STM32WBA52CGU7, STM32WBA52CGU7TR, STM32WBA52KEU6, STM32WBA52KEU6TR, STM32WBA52KGU6, STM32WBA52KGU6TR, STM32WBA54CEU6, STM32WBA54CEU6TR, STM32WBA54CEU7, STM32WBA54CEU7TR, STM32WBA54CGU6, STM32WBA54CGU6TR, STM32WBA54CGU7, STM32WBA54CGU7TR, STM32WBA54KEU6, STM32WBA54KEU6TR, STM32WBA54KEU7, STM32WBA54KEU7TR, STM32WBA54KGU6, STM32WBA54KGU6TR, STM32WBA54KGU7, STM32WBA54KGU7TR, STM32WBA55CEU6, STM32WBA55CEU6TR, STM32WBA55CEU7, STM32WBA55CEU7TR, STM32WBA55CGU6, STM32WBA55CGU6TR, STM32WBA55CGU6U, STM32WBA55CGU7, STM32WBA55CGU7TR, STM32WBA55G-DK1, STM32WBA55HEF6, STM32WBA55HEF7, STM32WBA55HGF6, STM32WBA55HGF7, STM32WBA55UEI6, STM32WBA55UEI6TR, STM32WBA55UEI7, STM32WBA55UEI7TR, STM32WBA55UGI6, STM32WBA55UGI6TR, STM32WBA55UGI7, STM32WBA55UGI7TR, STM32WBA5MJGH6TR, STM32WBA62CGU6, STM32WBA62CIU6, STM32WBA62MGF6, STM32WBA62MIF6, STM32WBA62PGI6, STM32WBA62PII6, STM32WBA63CGU6, STM32WBA63CGU7, STM32WBA63CIU6, STM32WBA63CIU7, STM32WBA64CGU6, STM32WBA64CGU7, STM32WBA64CIU6, STM32WBA64CIU7, STM32WBA65CGU6, STM32WBA65CGU7, STM32WBA65CIU6, STM32WBA65CIU7, STM32WBA65I-DK1, STM32WBA65MGF6, STM32WBA65MGF7, STM32WBA65MIF6, STM32WBA65MIF7, STM32WBA65PGI6, STM32WBA65PGI7, STM32WBA65PII6, STM32WBA65PII7, STM32WBA65RGV6, STM32WBA65RGV7, STM32WBA65RIV6, STM32WBA65RIV7, STM32WL30K8V6, STM32WL30KBV6, STM32WL31C8V6, STM32WL31CBV6, STM32WL31K8V6, STM32WL31KBV6, STM32WL33C8V6, STM32WL33C8V6TR, STM32WL33C8V7, STM32WL33C8V7TR, STM32WL33CBV6, STM32WL33CBV6TR, STM32WL33CBV7, STM32WL33CBV7TR, STM32WL33CCV6, STM32WL33CCV6TR, STM32WL33CCV7, STM32WL33CCV7A, STM32WL33CCV7ATR, STM32WL33CCV7TR, STM32WL33K8V6, STM32WL33K8V6TR, STM32WL33K8V7, STM32WL33K8V7TR, STM32WL33KBV6, STM32WL33KBV6TR, STM32WL33KBV7, STM32WL33KBV7TR, STM32WL33KCV6, STM32WL33KCV6TR, STM32WL33KCV7, STM32WL33KCV7TR, STM32WL5MOCH6, STM32WL5MOCH6TR]
2026-05-26 15:03:38,152 [INFO] DbMcus:218 - Found 5082 MCUs, 4964 are supported
2026-05-26 15:03:38,153 [INFO] ApiDb:423 - Load user favorites file C:\Users\NIVYA/.stm32cubeide/favorites.mcus.txt: 0 item(s)
2026-05-26 15:03:38,153 [INFO] ApiDb:427 - User favorites MCUs=[]
2026-05-26 15:03:38,153 [INFO] DbMcus:224 - Set 0 / 0 favorites MCUs
2026-05-26 15:03:38,239 [ERROR] LogOutputStream:75 - [STDERR_REDIRECT] [Fatal Error] :1:1: Premature end of file.
2026-05-26 15:03:38,240 [ERROR] LogOutputStream:75 - [STDERR_REDIRECT] 
2026-05-26 15:03:38,692 [INFO] BoardInfo:889 - No configuration file found for board NUCLEO-H5E5ZJ
2026-05-26 15:03:38,693 [INFO] DbBoards:161 - Board is not supported: NUCLEO-H5E5ZJ
2026-05-26 15:03:38,733 [INFO] BoardInfo:889 - No configuration file found for board NUCLEO-U3C5ZI-Q
2026-05-26 15:03:38,733 [INFO] DbBoards:161 - Board is not supported: NUCLEO-U3C5ZI-Q
2026-05-26 15:03:38,742 [INFO] BoardInfo:889 - No configuration file found for board NUCLEO-WBA25CE1
2026-05-26 15:03:38,743 [INFO] DbBoards:161 - Board is not supported: NUCLEO-WBA25CE1
2026-05-26 15:03:38,749 [INFO] BoardInfo:889 - No configuration file found for board NUCLEO-WL3RKB1
2026-05-26 15:03:38,750 [INFO] DbBoards:161 - Board is not supported: NUCLEO-WL3RKB1
2026-05-26 15:03:38,751 [INFO] BoardInfo:889 - No configuration file found for board NUCLEO-WL3RKB2
2026-05-26 15:03:38,752 [INFO] DbBoards:161 - Board is not supported: NUCLEO-WL3RKB2
2026-05-26 15:03:38,757 [INFO] BoardInfo:889 - No configuration file found for board P-NUCLEO-WB55
2026-05-26 15:03:38,757 [INFO] DbBoards:161 - Kit is not supported: P-NUCLEO-WB55
2026-05-26 15:03:38,760 [INFO] BoardInfo:889 - No configuration file found for board STEVAL-BFA001V1B
2026-05-26 15:03:38,761 [INFO] DbBoards:161 - Kit is not supported: STEVAL-BFA001V1B
2026-05-26 15:03:38,762 [INFO] BoardInfo:889 - No configuration file found for board STEVAL-BFA001V2B
2026-05-26 15:03:38,763 [INFO] DbBoards:161 - Kit is not supported: STEVAL-BFA001V2B
2026-05-26 15:03:38,838 [INFO] BoardInfo:889 - No configuration file found for board STM32H5F5J-DK
2026-05-26 15:03:38,838 [INFO] DbBoards:161 - Board is not supported: STM32H5F5J-DK
2026-05-26 15:03:38,876 [INFO] BoardInfo:889 - No configuration file found for board STM32MP215F-DK
2026-05-26 15:03:38,876 [INFO] DbBoards:161 - Board is not supported: STM32MP215F-DK
2026-05-26 15:03:38,888 [INFO] DbBoards:168 - Found 218 boards, 208 are supported
2026-05-26 15:03:38,888 [INFO] DbBoards:169 - Found 218 boards, 43 of them is supported for  Bsp
2026-05-26 15:03:38,893 [INFO] ApiDb:423 - Load user favorites file C:\Users\NIVYA/.stm32cubeide/favorites.boards.txt: 0 item(s)
2026-05-26 15:03:38,893 [INFO] ApiDb:427 - User favorites Boards=[]
2026-05-26 15:03:38,893 [INFO] DbBoards:198 - Set 0 / 0 favorites Boards
2026-05-26 15:03:38,893 [INFO] McuFinderGlobals:76 - Set McuFinderConnectedMode to true
2026-05-26 15:03:38,902 [INFO] MultiScanPanel:200 - Auto-refresh data requested => check proxy status ongoing
2026-05-26 15:03:38,904 [INFO] FinderPluginLoader:95 - Searching for filters in installed packs
2026-05-26 15:03:39,228 [ERROR] LogOutputStream:75 - [STDERR_REDIRECT] [Fatal Error] :1:1: Premature end of file.
2026-05-26 15:03:39,228 [ERROR] LogOutputStream:75 - [STDERR_REDIRECT] 
2026-05-26 15:03:40,255 [ERROR] LogOutputStream:75 - [STDERR_REDIRECT] [Fatal Error] :1:1: Premature end of file.
2026-05-26 15:03:40,255 [ERROR] LogOutputStream:75 - [STDERR_REDIRECT] 
2026-05-26 15:03:40,875 [INFO] LoadUrlFilesThread:185 - End of LoadServerUrlFiles without Thread
2026-05-26 15:03:40,889 [INFO] DetailPanel:341 - Set advertising image to C:/Users/NIVYA/STM32Cube/Repository/\en.prom-stm32wba2-stm32-nucleo-board-0426.png
2026-05-26 15:03:41,240 [ERROR] LogOutputStream:75 - [STDERR_REDIRECT] [Fatal Error] :1:1: Premature end of file.
2026-05-26 15:03:41,240 [ERROR] LogOutputStream:75 - [STDERR_REDIRECT] 
2026-05-26 15:03:42,258 [ERROR] LogOutputStream:75 - [STDERR_REDIRECT] [Fatal Error] :1:1: Premature end of file.
2026-05-26 15:03:42,258 [ERROR] LogOutputStream:75 - [STDERR_REDIRECT] 
2026-05-26 15:03:43,269 [ERROR] LogOutputStream:75 - [STDERR_REDIRECT] [Fatal Error] :1:1: Premature end of file.
2026-05-26 15:03:43,271 [ERROR] LogOutputStream:75 - [STDERR_REDIRECT] 
2026-05-26 15:03:44,227 [ERROR] LogOutputStream:75 - [STDERR_REDIRECT] [Fatal Error] :1:1: Premature end of file.
2026-05-26 15:03:44,228 [ERROR] LogOutputStream:75 - [STDERR_REDIRECT] 
2026-05-26 15:03:45,235 [ERROR] LogOutputStream:75 - [STDERR_REDIRECT] [Fatal Error] :1:1: Premature end of file.
2026-05-26 15:03:45,235 [ERROR] LogOutputStream:75 - [STDERR_REDIRECT] 
2026-05-26 15:03:46,246 [ERROR] LogOutputStream:75 - [STDERR_REDIRECT] [Fatal Error] :1:1: Premature end of file.
2026-05-26 15:03:46,247 [ERROR] LogOutputStream:75 - [STDERR_REDIRECT] 
2026-05-26 15:03:47,244 [ERROR] LogOutputStream:75 - [STDERR_REDIRECT] [Fatal Error] :1:1: Premature end of file.
2026-05-26 15:03:47,245 [ERROR] LogOutputStream:75 - [STDERR_REDIRECT] 
2026-05-26 15:03:48,245 [ERROR] LogOutputStream:75 - [STDERR_REDIRECT] [Fatal Error] :1:1: Premature end of file.
2026-05-26 15:03:48,246 [ERROR] LogOutputStream:75 - [STDERR_REDIRECT] 
2026-05-26 15:03:49,242 [ERROR] LogOutputStream:75 - [STDERR_REDIRECT] [Fatal Error] :1:1: Premature end of file.
2026-05-26 15:03:49,242 [ERROR] LogOutputStream:75 - [STDERR_REDIRECT] 
2026-05-26 15:03:50,243 [ERROR] LogOutputStream:75 - [STDERR_REDIRECT] [Fatal Error] :1:1: Premature end of file.
2026-05-26 15:03:50,243 [ERROR] LogOutputStream:75 - [STDERR_REDIRECT] 
2026-05-26 15:03:51,244 [ERROR] LogOutputStream:75 - [STDERR_REDIRECT] [Fatal Error] :1:1: Premature end of file.
2026-05-26 15:03:51,244 [ERROR] LogOutputStream:75 - [STDERR_REDIRECT] 
2026-05-26 15:03:52,237 [ERROR] LogOutputStream:75 - [STDERR_REDIRECT] [Fatal Error] :1:1: Premature end of file.
2026-05-26 15:03:52,237 [ERROR] LogOutputStream:75 - [STDERR_REDIRECT] 
2026-05-26 15:03:53,241 [ERROR] LogOutputStream:75 - [STDERR_REDIRECT] [Fatal Error] :1:1: Premature end of file.
2026-05-26 15:03:53,242 [ERROR] LogOutputStream:75 - [STDERR_REDIRECT] 
2026-05-26 15:03:54,239 [ERROR] LogOutputStream:75 - [STDERR_REDIRECT] [Fatal Error] :1:1: Premature end of file.
2026-05-26 15:03:54,239 [ERROR] LogOutputStream:75 - [STDERR_REDIRECT] 
2026-05-26 15:03:55,242 [ERROR] LogOutputStream:75 - [STDERR_REDIRECT] [Fatal Error] :1:1: Premature end of file.
2026-05-26 15:03:55,242 [ERROR] LogOutputStream:75 - [STDERR_REDIRECT] 
2026-05-26 15:03:56,247 [ERROR] LogOutputStream:75 - [STDERR_REDIRECT] [Fatal Error] :1:1: Premature end of file.
2026-05-26 15:03:56,247 [ERROR] LogOutputStream:75 - [STDERR_REDIRECT] 
2026-05-26 15:03:57,241 [ERROR] LogOutputStream:75 - [STDERR_REDIRECT] [Fatal Error] :1:1: Premature end of file.
2026-05-26 15:03:57,242 [ERROR] LogOutputStream:75 - [STDERR_REDIRECT] 
2026-05-26 15:03:58,265 [ERROR] LogOutputStream:75 - [STDERR_REDIRECT] [Fatal Error] :1:1: Premature end of file.
2026-05-26 15:03:58,266 [ERROR] LogOutputStream:75 - [STDERR_REDIRECT] 
2026-05-26 15:03:59,241 [ERROR] LogOutputStream:75 - [STDERR_REDIRECT] [Fatal Error] :1:1: Premature end of file.
2026-05-26 15:03:59,242 [ERROR] LogOutputStream:75 - [STDERR_REDIRECT] 
2026-05-26 15:04:00,244 [ERROR] LogOutputStream:75 - [STDERR_REDIRECT] [Fatal Error] :1:1: Premature end of file.
2026-05-26 15:04:00,244 [ERROR] LogOutputStream:75 - [STDERR_REDIRECT] 
2026-05-26 15:04:01,249 [ERROR] LogOutputStream:75 - [STDERR_REDIRECT] [Fatal Error] :1:1: Premature end of file.
2026-05-26 15:04:01,250 [ERROR] LogOutputStream:75 - [STDERR_REDIRECT] 
2026-05-26 15:04:02,243 [ERROR] LogOutputStream:75 - [STDERR_REDIRECT] [Fatal Error] :1:1: Premature end of file.
2026-05-26 15:04:02,244 [ERROR] LogOutputStream:75 - [STDERR_REDIRECT] 
2026-05-26 15:04:02,319 [INFO] McuFinderGlobals:76 - Set McuFinderConnectedMode to true
2026-05-26 15:04:02,817 [INFO] ApiDb:448 - Save user favorites file C:\Users\NIVYA/.stm32cubeide/favorites.mcus.txt: 0 item(s)
2026-05-26 15:04:02,817 [INFO] ApiDb:452 - User favorites MCUs=[]
2026-05-26 15:04:03,270 [ERROR] LogOutputStream:75 - [STDERR_REDIRECT] [Fatal Error] :1:1: Premature end of file.
2026-05-26 15:04:03,272 [ERROR] LogOutputStream:75 - [STDERR_REDIRECT] 
2026-05-26 15:04:04,239 [ERROR] LogOutputStream:75 - [STDERR_REDIRECT] [Fatal Error] :1:1: Premature end of file.
2026-05-26 15:04:04,240 [ERROR] LogOutputStream:75 - [STDERR_REDIRECT] 
2026-05-26 15:04:05,242 [ERROR] LogOutputStream:75 - [STDERR_REDIRECT] [Fatal Error] :1:1: Premature end of file.
2026-05-26 15:04:05,242 [ERROR] LogOutputStream:75 - [STDERR_REDIRECT] 
2026-05-26 15:04:06,253 [ERROR] LogOutputStream:75 - [STDERR_REDIRECT] [Fatal Error] :1:1: Premature end of file.
2026-05-26 15:04:06,253 [ERROR] LogOutputStream:75 - [STDERR_REDIRECT] 
2026-05-26 15:04:07,237 [ERROR] LogOutputStream:75 - [STDERR_REDIRECT] [Fatal Error] :1:1: Premature end of file.
2026-05-26 15:04:07,238 [ERROR] LogOutputStream:75 - [STDERR_REDIRECT] 
2026-05-26 15:04:08,239 [ERROR] LogOutputStream:75 - [STDERR_REDIRECT] [Fatal Error] :1:1: Premature end of file.
2026-05-26 15:04:08,239 [ERROR] LogOutputStream:75 - [STDERR_REDIRECT] 
2026-05-26 15:04:09,242 [ERROR] LogOutputStream:75 - [STDERR_REDIRECT] [Fatal Error] :1:1: Premature end of file.
2026-05-26 15:04:09,242 [ERROR] LogOutputStream:75 - [STDERR_REDIRECT] 
2026-05-26 15:04:10,243 [ERROR] LogOutputStream:75 - [STDERR_REDIRECT] [Fatal Error] :1:1: Premature end of file.
2026-05-26 15:04:10,243 [ERROR] LogOutputStream:75 - [STDERR_REDIRECT] 
2026-05-26 15:04:11,251 [ERROR] LogOutputStream:75 - [STDERR_REDIRECT] [Fatal Error] :1:1: Premature end of file.
2026-05-26 15:04:11,251 [ERROR] LogOutputStream:75 - [STDERR_REDIRECT] 
2026-05-26 15:04:12,243 [ERROR] LogOutputStream:75 - [STDERR_REDIRECT] [Fatal Error] :1:1: Premature end of file.
2026-05-26 15:04:12,243 [ERROR] LogOutputStream:75 - [STDERR_REDIRECT] 
2026-05-26 15:04:13,243 [ERROR] LogOutputStream:75 - [STDERR_REDIRECT] [Fatal Error] :1:1: Premature end of file.
2026-05-26 15:04:13,244 [ERROR] LogOutputStream:75 - [STDERR_REDIRECT] 
2026-05-26 15:04:14,243 [ERROR] LogOutputStream:75 - [STDERR_REDIRECT] [Fatal Error] :1:1: Premature end of file.
2026-05-26 15:04:14,243 [ERROR] LogOutputStream:75 - [STDERR_REDIRECT] 
2026-05-26 15:04:15,240 [ERROR] LogOutputStream:75 - [STDERR_REDIRECT] [Fatal Error] :1:1: Premature end of file.
2026-05-26 15:04:15,241 [ERROR] LogOutputStream:75 - [STDERR_REDIRECT] 
2026-05-26 15:04:16,256 [ERROR] LogOutputStream:75 - [STDERR_REDIRECT] [Fatal Error] :1:1: Premature end of file.
2026-05-26 15:04:16,257 [ERROR] LogOutputStream:75 - [STDERR_REDIRECT] 
2026-05-26 15:04:17,245 [ERROR] LogOutputStream:75 - [STDERR_REDIRECT] [Fatal Error] :1:1: Premature end of file.
2026-05-26 15:04:17,245 [ERROR] LogOutputStream:75 - [STDERR_REDIRECT] 
2026-05-26 15:04:18,248 [ERROR] LogOutputStream:75 - [STDERR_REDIRECT] [Fatal Error] :1:1: Premature end of file.
2026-05-26 15:04:18,248 [ERROR] LogOutputStream:75 - [STDERR_REDIRECT] 
2026-05-26 15:04:19,242 [ERROR] LogOutputStream:75 - [STDERR_REDIRECT] [Fatal Error] :1:1: Premature end of file.
2026-05-26 15:04:19,242 [ERROR] LogOutputStream:75 - [STDERR_REDIRECT] 
2026-05-26 15:04:20,240 [ERROR] LogOutputStream:75 - [STDERR_REDIRECT] [Fatal Error] :1:1: Premature end of file.
2026-05-26 15:04:20,241 [ERROR] LogOutputStream:75 - [STDERR_REDIRECT] 
2026-05-26 15:04:21,284 [ERROR] LogOutputStream:75 - [STDERR_REDIRECT] [Fatal Error] :1:1: Premature end of file.
2026-05-26 15:04:21,286 [ERROR] LogOutputStream:75 - [STDERR_REDIRECT] 
2026-05-26 15:04:22,250 [ERROR] LogOutputStream:75 - [STDERR_REDIRECT] [Fatal Error] :1:1: Premature end of file.
2026-05-26 15:04:22,250 [ERROR] LogOutputStream:75 - [STDERR_REDIRECT] 
2026-05-26 15:04:23,250 [ERROR] LogOutputStream:75 - [STDERR_REDIRECT] [Fatal Error] :1:1: Premature end of file.
2026-05-26 15:04:23,250 [ERROR] LogOutputStream:75 - [STDERR_REDIRECT] 
2026-05-26 15:04:24,247 [ERROR] LogOutputStream:75 - [STDERR_REDIRECT] [Fatal Error] :1:1: Premature end of file.
2026-05-26 15:04:24,248 [ERROR] LogOutputStream:75 - [STDERR_REDIRECT] 
2026-05-26 15:04:25,245 [ERROR] LogOutputStream:75 - [STDERR_REDIRECT] [Fatal Error] :1:1: Premature end of file.
2026-05-26 15:04:25,245 [ERROR] LogOutputStream:75 - [STDERR_REDIRECT] 
2026-05-26 15:04:26,243 [ERROR] LogOutputStream:75 - [STDERR_REDIRECT] [Fatal Error] :1:1: Premature end of file.
2026-05-26 15:04:26,243 [ERROR] LogOutputStream:75 - [STDERR_REDIRECT] 
2026-05-26 15:04:27,242 [ERROR] LogOutputStream:75 - [STDERR_REDIRECT] [Fatal Error] :1:1: Premature end of file.
2026-05-26 15:04:27,243 [ERROR] LogOutputStream:75 - [STDERR_REDIRECT] 
2026-05-26 15:04:28,246 [ERROR] LogOutputStream:75 - [STDERR_REDIRECT] [Fatal Error] :1:1: Premature end of file.
2026-05-26 15:04:28,246 [ERROR] LogOutputStream:75 - [STDERR_REDIRECT] 
2026-05-26 15:04:29,242 [ERROR] LogOutputStream:75 - [STDERR_REDIRECT] [Fatal Error] :1:1: Premature end of file.
2026-05-26 15:04:29,242 [ERROR] LogOutputStream:75 - [STDERR_REDIRECT] 
2026-05-26 15:04:30,245 [ERROR] LogOutputStream:75 - [STDERR_REDIRECT] [Fatal Error] :1:1: Premature end of file.
2026-05-26 15:04:30,245 [ERROR] LogOutputStream:75 - [STDERR_REDIRECT] 
2026-05-26 15:04:31,280 [ERROR] LogOutputStream:75 - [STDERR_REDIRECT] [Fatal Error] :1:1: Premature end of file.
2026-05-26 15:04:31,281 [ERROR] LogOutputStream:75 - [STDERR_REDIRECT] 
2026-05-26 15:04:32,249 [ERROR] LogOutputStream:75 - [STDERR_REDIRECT] [Fatal Error] :1:1: Premature end of file.
2026-05-26 15:04:32,249 [ERROR] LogOutputStream:75 - [STDERR_REDIRECT] 
2026-05-26 15:04:33,233 [ERROR] LogOutputStream:75 - [STDERR_REDIRECT] [Fatal Error] :1:1: Premature end of file.
2026-05-26 15:04:33,234 [ERROR] LogOutputStream:75 - [STDERR_REDIRECT] 
2026-05-26 15:04:34,252 [ERROR] LogOutputStream:75 - [STDERR_REDIRECT] [Fatal Error] :1:1: Premature end of file.
2026-05-26 15:04:34,253 [ERROR] LogOutputStream:75 - [STDERR_REDIRECT] 
2026-05-26 15:04:35,237 [ERROR] LogOutputStream:75 - [STDERR_REDIRECT] [Fatal Error] :1:1: Premature end of file.
2026-05-26 15:04:35,237 [ERROR] LogOutputStream:75 - [STDERR_REDIRECT] 
2026-05-26 15:04:36,229 [ERROR] LogOutputStream:75 - [STDERR_REDIRECT] [Fatal Error] :1:1: Premature end of file.
2026-05-26 15:04:36,229 [ERROR] LogOutputStream:75 - [STDERR_REDIRECT] 
2026-05-26 15:04:37,246 [ERROR] LogOutputStream:75 - [STDERR_REDIRECT] [Fatal Error] :1:1: Premature end of file.
2026-05-26 15:04:37,246 [ERROR] LogOutputStream:75 - [STDERR_REDIRECT] 
2026-05-26 15:04:38,231 [ERROR] LogOutputStream:75 - [STDERR_REDIRECT] [Fatal Error] :1:1: Premature end of file.
2026-05-26 15:04:38,231 [ERROR] LogOutputStream:75 - [STDERR_REDIRECT] 
2026-05-26 15:04:39,246 [ERROR] LogOutputStream:75 - [STDERR_REDIRECT] [Fatal Error] :1:1: Premature end of file.
2026-05-26 15:04:39,247 [ERROR] LogOutputStream:75 - [STDERR_REDIRECT] 
2026-05-26 15:04:40,263 [ERROR] LogOutputStream:75 - [STDERR_REDIRECT] [Fatal Error] :1:1: Premature end of file.
2026-05-26 15:04:40,264 [ERROR] LogOutputStream:75 - [STDERR_REDIRECT] 
2026-05-26 15:04:41,234 [ERROR] LogOutputStream:75 - [STDERR_REDIRECT] [Fatal Error] :1:1: Premature end of file.
2026-05-26 15:04:41,234 [ERROR] LogOutputStream:75 - [STDERR_REDIRECT] 
2026-05-26 15:04:42,250 [ERROR] LogOutputStream:75 - [STDERR_REDIRECT] [Fatal Error] :1:1: Premature end of file.
2026-05-26 15:04:42,251 [ERROR] LogOutputStream:75 - [STDERR_REDIRECT] 
2026-05-26 15:04:43,247 [ERROR] LogOutputStream:75 - [STDERR_REDIRECT] [Fatal Error] :1:1: Premature end of file.
2026-05-26 15:04:43,247 [ERROR] LogOutputStream:75 - [STDERR_REDIRECT] 
2026-05-26 15:04:44,241 [ERROR] LogOutputStream:75 - [STDERR_REDIRECT] [Fatal Error] :1:1: Premature end of file.
2026-05-26 15:04:44,242 [ERROR] LogOutputStream:75 - [STDERR_REDIRECT] 
2026-05-26 15:04:45,246 [ERROR] LogOutputStream:75 - [STDERR_REDIRECT] [Fatal Error] :1:1: Premature end of file.
2026-05-26 15:04:45,246 [ERROR] LogOutputStream:75 - [STDERR_REDIRECT] 
2026-05-26 15:04:46,245 [ERROR] LogOutputStream:75 - [STDERR_REDIRECT] [Fatal Error] :1:1: Premature end of file.
2026-05-26 15:04:46,245 [ERROR] LogOutputStream:75 - [STDERR_REDIRECT] 
2026-05-26 15:04:47,243 [ERROR] LogOutputStream:75 - [STDERR_REDIRECT] [Fatal Error] :1:1: Premature end of file.
2026-05-26 15:04:47,243 [ERROR] LogOutputStream:75 - [STDERR_REDIRECT] 
2026-05-26 15:04:48,242 [ERROR] LogOutputStream:75 - [STDERR_REDIRECT] [Fatal Error] :1:1: Premature end of file.
2026-05-26 15:04:48,242 [ERROR] LogOutputStream:75 - [STDERR_REDIRECT] 
2026-05-26 15:04:49,242 [ERROR] LogOutputStream:75 - [STDERR_REDIRECT] [Fatal Error] :1:1: Premature end of file.
2026-05-26 15:04:49,243 [ERROR] LogOutputStream:75 - [STDERR_REDIRECT] 
2026-05-26 15:04:50,244 [ERROR] LogOutputStream:75 - [STDERR_REDIRECT] [Fatal Error] :1:1: Premature end of file.
2026-05-26 15:04:50,245 [ERROR] LogOutputStream:75 - [STDERR_REDIRECT] 
2026-05-26 15:04:51,244 [ERROR] LogOutputStream:75 - [STDERR_REDIRECT] [Fatal Error] :1:1: Premature end of file.
2026-05-26 15:04:51,244 [ERROR] LogOutputStream:75 - [STDERR_REDIRECT] 
2026-05-26 15:04:52,243 [ERROR] LogOutputStream:75 - [STDERR_REDIRECT] [Fatal Error] :1:1: Premature end of file.
2026-05-26 15:04:52,244 [ERROR] LogOutputStream:75 - [STDERR_REDIRECT] 
2026-05-26 15:04:53,247 [ERROR] LogOutputStream:75 - [STDERR_REDIRECT] [Fatal Error] :1:1: Premature end of file.
2026-05-26 15:04:53,247 [ERROR] LogOutputStream:75 - [STDERR_REDIRECT] 
2026-05-26 15:04:54,245 [ERROR] LogOutputStream:75 - [STDERR_REDIRECT] [Fatal Error] :1:1: Premature end of file.
2026-05-26 15:04:54,245 [ERROR] LogOutputStream:75 - [STDERR_REDIRECT] 
2026-05-26 15:04:55,241 [ERROR] LogOutputStream:75 - [STDERR_REDIRECT] [Fatal Error] :1:1: Premature end of file.
2026-05-26 15:04:55,241 [ERROR] LogOutputStream:75 - [STDERR_REDIRECT] 
2026-05-26 15:04:56,245 [ERROR] LogOutputStream:75 - [STDERR_REDIRECT] [Fatal Error] :1:1: Premature end of file.
2026-05-26 15:04:56,245 [ERROR] LogOutputStream:75 - [STDERR_REDIRECT] 
2026-05-26 15:04:57,241 [ERROR] LogOutputStream:75 - [STDERR_REDIRECT] [Fatal Error] :1:1: Premature end of file.
2026-05-26 15:04:57,241 [ERROR] LogOutputStream:75 - [STDERR_REDIRECT] 
2026-05-26 15:04:58,250 [ERROR] LogOutputStream:75 - [STDERR_REDIRECT] [Fatal Error] :1:1: Premature end of file.
2026-05-26 15:04:58,251 [ERROR] LogOutputStream:75 - [STDERR_REDIRECT] 
2026-05-26 15:04:59,251 [ERROR] LogOutputStream:75 - [STDERR_REDIRECT] [Fatal Error] :1:1: Premature end of file.
2026-05-26 15:04:59,252 [ERROR] LogOutputStream:75 - [STDERR_REDIRECT] 
2026-05-26 15:05:00,243 [ERROR] LogOutputStream:75 - [STDERR_REDIRECT] [Fatal Error] :1:1: Premature end of file.
2026-05-26 15:05:00,244 [ERROR] LogOutputStream:75 - [STDERR_REDIRECT] 
2026-05-26 15:05:01,241 [ERROR] LogOutputStream:75 - [STDERR_REDIRECT] [Fatal Error] :1:1: Premature end of file.
2026-05-26 15:05:01,241 [ERROR] LogOutputStream:75 - [STDERR_REDIRECT] 
2026-05-26 15:05:02,244 [ERROR] LogOutputStream:75 - [STDERR_REDIRECT] [Fatal Error] :1:1: Premature end of file.
2026-05-26 15:05:02,244 [ERROR] LogOutputStream:75 - [STDERR_REDIRECT] 
2026-05-26 15:05:03,240 [ERROR] LogOutputStream:75 - [STDERR_REDIRECT] [Fatal Error] :1:1: Premature end of file.
2026-05-26 15:05:03,240 [ERROR] LogOutputStream:75 - [STDERR_REDIRECT] 
2026-05-26 15:05:04,248 [ERROR] LogOutputStream:75 - [STDERR_REDIRECT] [Fatal Error] :1:1: Premature end of file.
2026-05-26 15:05:04,248 [ERROR] LogOutputStream:75 - [STDERR_REDIRECT] 
2026-05-26 15:05:05,261 [ERROR] LogOutputStream:75 - [STDERR_REDIRECT] [Fatal Error] :1:1: Premature end of file.
2026-05-26 15:05:05,261 [ERROR] LogOutputStream:75 - [STDERR_REDIRECT] 
2026-05-26 15:05:06,248 [ERROR] LogOutputStream:75 - [STDERR_REDIRECT] [Fatal Error] :1:1: Premature end of file.
2026-05-26 15:05:06,248 [ERROR] LogOutputStream:75 - [STDERR_REDIRECT] 
2026-05-26 15:05:07,241 [ERROR] LogOutputStream:75 - [STDERR_REDIRECT] [Fatal Error] :1:1: Premature end of file.
2026-05-26 15:05:07,242 [ERROR] LogOutputStream:75 - [STDERR_REDIRECT] 
2026-05-26 15:05:08,242 [ERROR] LogOutputStream:75 - [STDERR_REDIRECT] [Fatal Error] :1:1: Premature end of file.
2026-05-26 15:05:08,242 [ERROR] LogOutputStream:75 - [STDERR_REDIRECT] 
2026-05-26 15:05:09,241 [ERROR] LogOutputStream:75 - [STDERR_REDIRECT] [Fatal Error] :1:1: Premature end of file.
2026-05-26 15:05:09,242 [ERROR] LogOutputStream:75 - [STDERR_REDIRECT] 
2026-05-26 15:05:10,244 [ERROR] LogOutputStream:75 - [STDERR_REDIRECT] [Fatal Error] :1:1: Premature end of file.
2026-05-26 15:05:10,244 [ERROR] LogOutputStream:75 - [STDERR_REDIRECT] 
2026-05-26 15:05:11,245 [ERROR] LogOutputStream:75 - [STDERR_REDIRECT] [Fatal Error] :1:1: Premature end of file.
2026-05-26 15:05:11,246 [ERROR] LogOutputStream:75 - [STDERR_REDIRECT] 
2026-05-26 15:05:12,244 [ERROR] LogOutputStream:75 - [STDERR_REDIRECT] [Fatal Error] :1:1: Premature end of file.
2026-05-26 15:05:12,244 [ERROR] LogOutputStream:75 - [STDERR_REDIRECT] 
2026-05-26 15:05:13,245 [ERROR] LogOutputStream:75 - [STDERR_REDIRECT] [Fatal Error] :1:1: Premature end of file.
2026-05-26 15:05:13,245 [ERROR] LogOutputStream:75 - [STDERR_REDIRECT] 
2026-05-26 15:05:14,245 [ERROR] LogOutputStream:75 - [STDERR_REDIRECT] [Fatal Error] :1:1: Premature end of file.
2026-05-26 15:05:14,245 [ERROR] LogOutputStream:75 - [STDERR_REDIRECT] 
2026-05-26 15:05:15,238 [ERROR] LogOutputStream:75 - [STDERR_REDIRECT] [Fatal Error] :1:1: Premature end of file.
2026-05-26 15:05:15,238 [ERROR] LogOutputStream:75 - [STDERR_REDIRECT] 
2026-05-26 15:05:16,242 [ERROR] LogOutputStream:75 - [STDERR_REDIRECT] [Fatal Error] :1:1: Premature end of file.
2026-05-26 15:05:16,242 [ERROR] LogOutputStream:75 - [STDERR_REDIRECT] 
2026-05-26 15:05:17,253 [ERROR] LogOutputStream:75 - [STDERR_REDIRECT] [Fatal Error] :1:1: Premature end of file.
2026-05-26 15:05:17,253 [ERROR] LogOutputStream:75 - [STDERR_REDIRECT] 
2026-05-26 15:05:18,247 [ERROR] LogOutputStream:75 - [STDERR_REDIRECT] [Fatal Error] :1:1: Premature end of file.
2026-05-26 15:05:18,247 [ERROR] LogOutputStream:75 - [STDERR_REDIRECT] 
2026-05-26 15:05:19,240 [ERROR] LogOutputStream:75 - [STDERR_REDIRECT] [Fatal Error] :1:1: Premature end of file.
2026-05-26 15:05:19,240 [ERROR] LogOutputStream:75 - [STDERR_REDIRECT] 
2026-05-26 15:05:20,243 [ERROR] LogOutputStream:75 - [STDERR_REDIRECT] [Fatal Error] :1:1: Premature end of file.
2026-05-26 15:05:20,243 [ERROR] LogOutputStream:75 - [STDERR_REDIRECT] 
2026-05-26 15:05:21,247 [ERROR] LogOutputStream:75 - [STDERR_REDIRECT] [Fatal Error] :1:1: Premature end of file.
2026-05-26 15:05:21,247 [ERROR] LogOutputStream:75 - [STDERR_REDIRECT] 
2026-05-26 15:05:22,243 [ERROR] LogOutputStream:75 - [STDERR_REDIRECT] [Fatal Error] :1:1: Premature end of file.
2026-05-26 15:05:22,243 [ERROR] LogOutputStream:75 - [STDERR_REDIRECT] 
2026-05-26 15:05:23,240 [ERROR] LogOutputStream:75 - [STDERR_REDIRECT] [Fatal Error] :1:1: Premature end of file.
2026-05-26 15:05:23,241 [ERROR] LogOutputStream:75 - [STDERR_REDIRECT] 
2026-05-26 15:05:24,241 [ERROR] LogOutputStream:75 - [STDERR_REDIRECT] [Fatal Error] :1:1: Premature end of file.
2026-05-26 15:05:24,241 [ERROR] LogOutputStream:75 - [STDERR_REDIRECT] 
2026-05-26 15:05:25,239 [ERROR] LogOutputStream:75 - [STDERR_REDIRECT] [Fatal Error] :1:1: Premature end of file.
2026-05-26 15:05:25,240 [ERROR] LogOutputStream:75 - [STDERR_REDIRECT] 
2026-05-26 15:05:26,243 [ERROR] LogOutputStream:75 - [STDERR_REDIRECT] [Fatal Error] :1:1: Premature end of file.
2026-05-26 15:05:26,243 [ERROR] LogOutputStream:75 - [STDERR_REDIRECT] 
2026-05-26 15:05:27,248 [ERROR] LogOutputStream:75 - [STDERR_REDIRECT] [Fatal Error] :1:1: Premature end of file.
2026-05-26 15:05:27,248 [ERROR] LogOutputStream:75 - [STDERR_REDIRECT] 
2026-05-26 15:05:28,249 [ERROR] LogOutputStream:75 - [STDERR_REDIRECT] [Fatal Error] :1:1: Premature end of file.
2026-05-26 15:05:28,250 [ERROR] LogOutputStream:75 - [STDERR_REDIRECT] 
2026-05-26 15:05:29,243 [ERROR] LogOutputStream:75 - [STDERR_REDIRECT] [Fatal Error] :1:1: Premature end of file.
2026-05-26 15:05:29,244 [ERROR] LogOutputStream:75 - [STDERR_REDIRECT] 
2026-05-26 15:05:30,248 [ERROR] LogOutputStream:75 - [STDERR_REDIRECT] [Fatal Error] :1:1: Premature end of file.
2026-05-26 15:05:30,248 [ERROR] LogOutputStream:75 - [STDERR_REDIRECT] 
2026-05-26 15:05:31,243 [ERROR] LogOutputStream:75 - [STDERR_REDIRECT] [Fatal Error] :1:1: Premature end of file.
2026-05-26 15:05:31,243 [ERROR] LogOutputStream:75 - [STDERR_REDIRECT] 
2026-05-26 15:05:32,243 [ERROR] LogOutputStream:75 - [STDERR_REDIRECT] [Fatal Error] :1:1: Premature end of file.
2026-05-26 15:05:32,244 [ERROR] LogOutputStream:75 - [STDERR_REDIRECT] 
2026-05-26 15:05:33,244 [ERROR] LogOutputStream:75 - [STDERR_REDIRECT] [Fatal Error] :1:1: Premature end of file.
2026-05-26 15:05:33,245 [ERROR] LogOutputStream:75 - [STDERR_REDIRECT] 
2026-05-26 15:05:34,243 [ERROR] LogOutputStream:75 - [STDERR_REDIRECT] [Fatal Error] :1:1: Premature end of file.
2026-05-26 15:05:34,244 [ERROR] LogOutputStream:75 - [STDERR_REDIRECT] 
2026-05-26 15:05:35,242 [ERROR] LogOutputStream:75 - [STDERR_REDIRECT] [Fatal Error] :1:1: Premature end of file.
2026-05-26 15:05:35,242 [ERROR] LogOutputStream:75 - [STDERR_REDIRECT] 
2026-05-26 15:05:36,242 [ERROR] LogOutputStream:75 - [STDERR_REDIRECT] [Fatal Error] :1:1: Premature end of file.
2026-05-26 15:05:36,242 [ERROR] LogOutputStream:75 - [STDERR_REDIRECT] 
2026-05-26 15:05:37,245 [ERROR] LogOutputStream:75 - [STDERR_REDIRECT] [Fatal Error] :1:1: Premature end of file.
2026-05-26 15:05:37,245 [ERROR] LogOutputStream:75 - [STDERR_REDIRECT] 
2026-05-26 15:05:38,240 [ERROR] LogOutputStream:75 - [STDERR_REDIRECT] [Fatal Error] :1:1: Premature end of file.
2026-05-26 15:05:38,240 [ERROR] LogOutputStream:75 - [STDERR_REDIRECT] 
2026-05-26 15:05:39,250 [ERROR] LogOutputStream:75 - [STDERR_REDIRECT] [Fatal Error] :1:1: Premature end of file.
2026-05-26 15:05:39,250 [ERROR] LogOutputStream:75 - [STDERR_REDIRECT] 
2026-05-26 15:05:40,243 [ERROR] LogOutputStream:75 - [STDERR_REDIRECT] [Fatal Error] :1:1: Premature end of file.
2026-05-26 15:05:40,243 [ERROR] LogOutputStream:75 - [STDERR_REDIRECT] 
2026-05-26 15:05:41,245 [ERROR] LogOutputStream:75 - [STDERR_REDIRECT] [Fatal Error] :1:1: Premature end of file.
2026-05-26 15:05:41,245 [ERROR] LogOutputStream:75 - [STDERR_REDIRECT] 
2026-05-26 15:05:41,279 [INFO] MainUpdater:2872 - connection check result : 10
2026-05-26 15:05:41,280 [INFO] McuFinderGlobals:76 - Set McuFinderConnectedMode to true
2026-05-26 15:05:41,745 [INFO] ServerAccessManage:473 - Download File mcusAds.json._tmp_
2026-05-26 15:05:41,878 [INFO] LoadUrlFilesThread:156 - End of LoadUrlFiles Thread
2026-05-26 15:05:42,056 [INFO] ServerAccessManage:473 - Download File cube-finder-db.zip
2026-05-26 15:05:42,242 [ERROR] LogOutputStream:75 - [STDERR_REDIRECT] [Fatal Error] :1:1: Premature end of file.
2026-05-26 15:05:42,242 [ERROR] LogOutputStream:75 - [STDERR_REDIRECT] 
2026-05-26 15:05:43,251 [ERROR] LogOutputStream:75 - [STDERR_REDIRECT] [Fatal Error] :1:1: Premature end of file.
2026-05-26 15:05:43,251 [ERROR] LogOutputStream:75 - [STDERR_REDIRECT] 
2026-05-26 15:05:44,243 [ERROR] LogOutputStream:75 - [STDERR_REDIRECT] [Fatal Error] :1:1: Premature end of file.
2026-05-26 15:05:44,243 [ERROR] LogOutputStream:75 - [STDERR_REDIRECT] 
2026-05-26 15:05:45,246 [ERROR] LogOutputStream:75 - [STDERR_REDIRECT] [Fatal Error] :1:1: Premature end of file.
2026-05-26 15:05:45,246 [ERROR] LogOutputStream:75 - [STDERR_REDIRECT] 
2026-05-26 15:05:46,245 [ERROR] LogOutputStream:75 - [STDERR_REDIRECT] [Fatal Error] :1:1: Premature end of file.
2026-05-26 15:05:46,245 [ERROR] LogOutputStream:75 - [STDERR_REDIRECT] 
2026-05-26 15:05:47,243 [ERROR] LogOutputStream:75 - [STDERR_REDIRECT] [Fatal Error] :1:1: Premature end of file.
2026-05-26 15:05:47,243 [ERROR] LogOutputStream:75 - [STDERR_REDIRECT] 
2026-05-26 15:05:48,244 [ERROR] LogOutputStream:75 - [STDERR_REDIRECT] [Fatal Error] :1:1: Premature end of file.
2026-05-26 15:05:48,244 [ERROR] LogOutputStream:75 - [STDERR_REDIRECT] 
2026-05-26 15:05:49,238 [ERROR] LogOutputStream:75 - [STDERR_REDIRECT] [Fatal Error] :1:1: Premature end of file.
2026-05-26 15:05:49,238 [ERROR] LogOutputStream:75 - [STDERR_REDIRECT] 
2026-05-26 15:05:50,243 [ERROR] LogOutputStream:75 - [STDERR_REDIRECT] [Fatal Error] :1:1: Premature end of file.
2026-05-26 15:05:50,243 [ERROR] LogOutputStream:75 - [STDERR_REDIRECT] 
2026-05-26 15:05:51,245 [ERROR] LogOutputStream:75 - [STDERR_REDIRECT] [Fatal Error] :1:1: Premature end of file.
2026-05-26 15:05:51,245 [ERROR] LogOutputStream:75 - [STDERR_REDIRECT] 
2026-05-26 15:05:52,241 [ERROR] LogOutputStream:75 - [STDERR_REDIRECT] [Fatal Error] :1:1: Premature end of file.
2026-05-26 15:05:52,242 [ERROR] LogOutputStream:75 - [STDERR_REDIRECT] 
2026-05-26 15:05:53,245 [ERROR] LogOutputStream:75 - [STDERR_REDIRECT] [Fatal Error] :1:1: Premature end of file.
2026-05-26 15:05:53,245 [ERROR] LogOutputStream:75 - [STDERR_REDIRECT] 
2026-05-26 15:05:54,251 [ERROR] LogOutputStream:75 - [STDERR_REDIRECT] [Fatal Error] :1:1: Premature end of file.
2026-05-26 15:05:54,251 [ERROR] LogOutputStream:75 - [STDERR_REDIRECT] 
2026-05-26 15:05:55,244 [ERROR] LogOutputStream:75 - [STDERR_REDIRECT] [Fatal Error] :1:1: Premature end of file.
2026-05-26 15:05:55,244 [ERROR] LogOutputStream:75 - [STDERR_REDIRECT] 
2026-05-26 15:05:56,247 [ERROR] LogOutputStream:75 - [STDERR_REDIRECT] [Fatal Error] :1:1: Premature end of file.
2026-05-26 15:05:56,247 [ERROR] LogOutputStream:75 - [STDERR_REDIRECT] 
2026-05-26 15:05:57,243 [ERROR] LogOutputStream:75 - [STDERR_REDIRECT] [Fatal Error] :1:1: Premature end of file.
2026-05-26 15:05:57,243 [ERROR] LogOutputStream:75 - [STDERR_REDIRECT] 
2026-05-26 15:05:58,250 [ERROR] LogOutputStream:75 - [STDERR_REDIRECT] [Fatal Error] :1:1: Premature end of file.
2026-05-26 15:05:58,250 [ERROR] LogOutputStream:75 - [STDERR_REDIRECT] 
2026-05-26 15:05:59,232 [ERROR] LogOutputStream:75 - [STDERR_REDIRECT] [Fatal Error] :1:1: Premature end of file.
2026-05-26 15:05:59,233 [ERROR] LogOutputStream:75 - [STDERR_REDIRECT] 
2026-05-26 15:06:00,245 [ERROR] LogOutputStream:75 - [STDERR_REDIRECT] [Fatal Error] :1:1: Premature end of file.
2026-05-26 15:06:00,245 [ERROR] LogOutputStream:75 - [STDERR_REDIRECT] 
2026-05-26 15:06:01,252 [ERROR] LogOutputStream:75 - [STDERR_REDIRECT] [Fatal Error] :1:1: Premature end of file.
2026-05-26 15:06:01,252 [ERROR] LogOutputStream:75 - [STDERR_REDIRECT] 
2026-05-26 15:06:02,247 [ERROR] LogOutputStream:75 - [STDERR_REDIRECT] [Fatal Error] :1:1: Premature end of file.
2026-05-26 15:06:02,247 [ERROR] LogOutputStream:75 - [STDERR_REDIRECT] 
2026-05-26 15:06:03,243 [ERROR] LogOutputStream:75 - [STDERR_REDIRECT] [Fatal Error] :1:1: Premature end of file.
2026-05-26 15:06:03,244 [ERROR] LogOutputStream:75 - [STDERR_REDIRECT] 
2026-05-26 15:06:04,250 [ERROR] LogOutputStream:75 - [STDERR_REDIRECT] [Fatal Error] :1:1: Premature end of file.
2026-05-26 15:06:04,251 [ERROR] LogOutputStream:75 - [STDERR_REDIRECT] 
2026-05-26 15:06:05,245 [ERROR] LogOutputStream:75 - [STDERR_REDIRECT] [Fatal Error] :1:1: Premature end of file.
2026-05-26 15:06:05,245 [ERROR] LogOutputStream:75 - [STDERR_REDIRECT] 
2026-05-26 15:06:06,248 [ERROR] LogOutputStream:75 - [STDERR_REDIRECT] [Fatal Error] :1:1: Premature end of file.
2026-05-26 15:06:06,249 [ERROR] LogOutputStream:75 - [STDERR_REDIRECT] 
2026-05-26 15:06:07,115 [INFO] FileExtend:242 - Unzip File : cube-finder-db.zip
2026-05-26 15:06:07,115 [INFO] FileExtend:257 - Standard Zip Deflate
2026-05-26 15:06:07,253 [ERROR] LogOutputStream:75 - [STDERR_REDIRECT] [Fatal Error] :1:1: Premature end of file.
2026-05-26 15:06:07,253 [ERROR] LogOutputStream:75 - [STDERR_REDIRECT] 
2026-05-26 15:06:08,210 [INFO] LoadUrlFilesThread:156 - End of LoadUrlFiles Thread
2026-05-26 15:06:08,254 [ERROR] LogOutputStream:75 - [STDERR_REDIRECT] [Fatal Error] :1:1: Premature end of file.
2026-05-26 15:06:08,255 [ERROR] LogOutputStream:75 - [STDERR_REDIRECT] 
2026-05-26 15:06:09,243 [ERROR] LogOutputStream:75 - [STDERR_REDIRECT] [Fatal Error] :1:1: Premature end of file.
2026-05-26 15:06:09,243 [ERROR] LogOutputStream:75 - [STDERR_REDIRECT] 
2026-05-26 15:06:09,508 [INFO] ServerAccessManage:473 - Download File crdb.zip
2026-05-26 15:06:10,240 [ERROR] LogOutputStream:75 - [STDERR_REDIRECT] [Fatal Error] :1:1: Premature end of file.
2026-05-26 15:06:10,240 [ERROR] LogOutputStream:75 - [STDERR_REDIRECT] 
2026-05-26 15:06:11,245 [ERROR] LogOutputStream:75 - [STDERR_REDIRECT] [Fatal Error] :1:1: Premature end of file.
2026-05-26 15:06:11,245 [ERROR] LogOutputStream:75 - [STDERR_REDIRECT] 
2026-05-26 15:06:11,670 [INFO] FileExtend:242 - Unzip File : crdb.zip
2026-05-26 15:06:11,672 [INFO] FileExtend:257 - Standard Zip Deflate
2026-05-26 15:06:11,860 [INFO] LoadUrlFilesThread:156 - End of LoadUrlFiles Thread
2026-05-26 15:06:12,085 [INFO] ServerAccessManage:473 - Download File tutoVideoDB.zip
2026-05-26 15:06:12,240 [ERROR] LogOutputStream:75 - [STDERR_REDIRECT] [Fatal Error] :1:1: Premature end of file.
2026-05-26 15:06:12,240 [ERROR] LogOutputStream:75 - [STDERR_REDIRECT] 
2026-05-26 15:06:12,265 [INFO] FileExtend:242 - Unzip File : tutoVideoDB.zip
2026-05-26 15:06:12,265 [INFO] FileExtend:257 - Standard Zip Deflate
2026-05-26 15:06:12,400 [INFO] LoadUrlFilesThread:156 - End of LoadUrlFiles Thread
2026-05-26 15:06:12,403 [WARN] DbFile:41 - Overriding database path with different value: C:\Users\NIVYA\.stmcufinder\plugins\mcufinder/ => C:\Users\NIVYA\.stmcufinder\plugins\mcufinder
2026-05-26 15:06:12,941 [ERROR] ServerAccessManage:1089 - Problem, file not found on Server
2026-05-26 15:06:12,943 [ERROR] ServerAccessManage:651 - Problem, file not found on Server : api_config.json.
2026-05-26 15:06:13,243 [ERROR] LogOutputStream:75 - [STDERR_REDIRECT] [Fatal Error] :1:1: Premature end of file.
2026-05-26 15:06:13,243 [ERROR] LogOutputStream:75 - [STDERR_REDIRECT] 
2026-05-26 15:06:14,241 [ERROR] LogOutputStream:75 - [STDERR_REDIRECT] [Fatal Error] :1:1: Premature end of file.
2026-05-26 15:06:14,241 [ERROR] LogOutputStream:75 - [STDERR_REDIRECT] 
2026-05-26 15:06:15,246 [ERROR] LogOutputStream:75 - [STDERR_REDIRECT] [Fatal Error] :1:1: Premature end of file.
2026-05-26 15:06:15,246 [ERROR] LogOutputStream:75 - [STDERR_REDIRECT] 
2026-05-26 15:06:16,241 [ERROR] LogOutputStream:75 - [STDERR_REDIRECT] [Fatal Error] :1:1: Premature end of file.
2026-05-26 15:06:16,241 [ERROR] LogOutputStream:75 - [STDERR_REDIRECT] 
2026-05-26 15:06:17,244 [ERROR] LogOutputStream:75 - [STDERR_REDIRECT] [Fatal Error] :1:1: Premature end of file.
2026-05-26 15:06:17,245 [ERROR] LogOutputStream:75 - [STDERR_REDIRECT] 
2026-05-26 15:06:18,257 [ERROR] LogOutputStream:75 - [STDERR_REDIRECT] [Fatal Error] :1:1: Premature end of file.
2026-05-26 15:06:18,258 [ERROR] LogOutputStream:75 - [STDERR_REDIRECT] 
2026-05-26 15:06:19,246 [ERROR] LogOutputStream:75 - [STDERR_REDIRECT] [Fatal Error] :1:1: Premature end of file.
2026-05-26 15:06:19,246 [ERROR] LogOutputStream:75 - [STDERR_REDIRECT] 
2026-05-26 15:06:20,244 [ERROR] LogOutputStream:75 - [STDERR_REDIRECT] [Fatal Error] :1:1: Premature end of file.
2026-05-26 15:06:20,244 [ERROR] LogOutputStream:75 - [STDERR_REDIRECT] 
2026-05-26 15:06:21,250 [ERROR] LogOutputStream:75 - [STDERR_REDIRECT] [Fatal Error] :1:1: Premature end of file.
2026-05-26 15:06:21,251 [ERROR] LogOutputStream:75 - [STDERR_REDIRECT] 
2026-05-26 15:06:22,237 [ERROR] LogOutputStream:75 - [STDERR_REDIRECT] [Fatal Error] :1:1: Premature end of file.
2026-05-26 15:06:22,237 [ERROR] LogOutputStream:75 - [STDERR_REDIRECT] 
2026-05-26 15:06:23,242 [ERROR] LogOutputStream:75 - [STDERR_REDIRECT] [Fatal Error] :1:1: Premature end of file.
2026-05-26 15:06:23,242 [ERROR] LogOutputStream:75 - [STDERR_REDIRECT] 
2026-05-26 15:06:24,240 [ERROR] LogOutputStream:75 - [STDERR_REDIRECT] [Fatal Error] :1:1: Premature end of file.
2026-05-26 15:06:24,240 [ERROR] LogOutputStream:75 - [STDERR_REDIRECT] 
2026-05-26 15:06:25,251 [ERROR] LogOutputStream:75 - [STDERR_REDIRECT] [Fatal Error] :1:1: Premature end of file.
2026-05-26 15:06:25,251 [ERROR] LogOutputStream:75 - [STDERR_REDIRECT] 
2026-05-26 15:06:26,249 [ERROR] LogOutputStream:75 - [STDERR_REDIRECT] [Fatal Error] :1:1: Premature end of file.
2026-05-26 15:06:26,249 [ERROR] LogOutputStream:75 - [STDERR_REDIRECT] 
2026-05-26 15:06:27,257 [ERROR] LogOutputStream:75 - [STDERR_REDIRECT] [Fatal Error] :1:1: Premature end of file.
2026-05-26 15:06:27,259 [ERROR] LogOutputStream:75 - [STDERR_REDIRECT] 
2026-05-26 15:06:28,276 [ERROR] LogOutputStream:75 - [STDERR_REDIRECT] [Fatal Error] :1:1: Premature end of file.
2026-05-26 15:06:28,278 [ERROR] LogOutputStream:75 - [STDERR_REDIRECT] 
2026-05-26 15:06:28,620 [INFO] LoadUrlFilesThread:156 - End of LoadUrlFiles Thread
2026-05-26 15:06:29,254 [ERROR] LogOutputStream:75 - [STDERR_REDIRECT] [Fatal Error] :1:1: Premature end of file.
2026-05-26 15:06:29,254 [ERROR] LogOutputStream:75 - [STDERR_REDIRECT] 
2026-05-26 15:06:30,244 [ERROR] LogOutputStream:75 - [STDERR_REDIRECT] [Fatal Error] :1:1: Premature end of file.
2026-05-26 15:06:30,245 [ERROR] LogOutputStream:75 - [STDERR_REDIRECT] 
2026-05-26 15:06:30,256 [INFO] DbMcusAds:53 - JSON generation date=Mon Apr 27 13:44:29 IST 2026 (1777277669924)
2026-05-26 15:06:30,260 [INFO] ApiDb:448 - Save user favorites file C:\Users\NIVYA/.stm32cubeide/favorites.mcus.txt: 0 item(s)
2026-05-26 15:06:30,261 [INFO] ApiDb:452 - User favorites MCUs=[]
2026-05-26 15:06:30,265 [INFO] ApiDb:581 - Connected to CubeFinder SQLite database (C:\Users\NIVYA\.stmcufinder\plugins\mcufinder\mcu\cube-finder-db.db)
2026-05-26 15:06:30,425 [INFO] ApiDb:668 - CubeFinder database Data Model version=2.1
2026-05-26 15:06:30,426 [INFO] ApiDb:669 - CubeFinder database Configuration version=3.0.42
2026-05-26 15:06:30,426 [INFO] ApiDb:670 - CubeFinder database generation date=2026-05-06 (1778060171)
2026-05-26 15:06:30,426 [INFO] ApiDb:671 - CubeFinder database FW Pack versions=[FP-ATR-ASTRA1_V2.0.0, FP-SNS-FLIGHT1_V5.1.0, FP-SNS-MOTENV1_V5.1.0, FP-SNS-MOTENVWB1_V1.5.0, FP-SNS-SMARTAG2_V1.2.0, FP-SNS-STBOX1_V2.1.0, STM32Cube_FW_C0_V1.4.0, STM32Cube_FW_F4_V1.28.3, STM32Cube_FW_F7_V1.17.4, STM32Cube_FW_G0_V1.6.3, STM32Cube_FW_G4_V1.6.2, STM32Cube_FW_H5_V1.6.0, STM32Cube_FW_H7RS_V1.3.0, STM32Cube_FW_H7_V1.13.0, STM32Cube_FW_L0_V1.12.2, STM32Cube_FW_L4_V1.18.2, STM32Cube_FW_L5_V1.6.0, STM32Cube_FW_N6_V1.3.0, STM32Cube_FW_U0_V1.3.0, STM32Cube_FW_U3_V1.3.0, STM32Cube_FW_U5_V1.8.0, STM32Cube_FW_WB0_V1.4.0, STM32Cube_FW_WBA_V1.9.0, STM32Cube_FW_WB_V1.24.0, STM32Cube_FW_WL3_V1.4.0, STM32Cube_FW_WL_V1.5.0, X-CUBE-ALGOBUILD_V1.4.0, X-CUBE-ALS_V1.0.2, X-CUBE-AZRTOS-F4_V1.1.0, X-CUBE-AZRTOS-F7_V1.1.0, X-CUBE-AZRTOS-G0_V1.1.0, X-CUBE-AZRTOS-G4_V2.0.0, X-CUBE-AZRTOS-H7RS_V1.1.0, X-CUBE-AZRTOS-H7_V3.5.0, X-CUBE-AZRTOS-L4_V2.0.0, X-CUBE-AZRTOS-L5_V2.0.0, X-CUBE-AZRTOS-WB_V2.0.0, X-CUBE-AZRTOS-WL_V2.0.0, X-CUBE-BLE1_V7.1.0, X-CUBE-BLE2_V3.3.0, X-CUBE-BLEMGR_V4.1.0, X-CUBE-EEPRMA1_V5.2.0, X-CUBE-FREERTOS_V1.5.0, X-CUBE-GNSS1_V6.0.0, X-CUBE-MEMS1_V12.0.0, X-CUBE-NFC4_V3.0.0, X-CUBE-NFC7_V2.0.0, X-CUBE-SFXS2LP1_V4.0.0, X-CUBE-ST67W61_V1.2.0, X-CUBE-SUBG2_V5.0.0, X-CUBE-TOF1_V3.4.3]
2026-05-26 15:06:31,250 [ERROR] LogOutputStream:75 - [STDERR_REDIRECT] [Fatal Error] :1:1: Premature end of file.
2026-05-26 15:06:31,250 [ERROR] LogOutputStream:75 - [STDERR_REDIRECT] 
2026-05-26 15:06:32,236 [ERROR] LogOutputStream:75 - [STDERR_REDIRECT] [Fatal Error] :1:1: Premature end of file.
2026-05-26 15:06:32,236 [ERROR] LogOutputStream:75 - [STDERR_REDIRECT] 
2026-05-26 15:06:33,235 [ERROR] LogOutputStream:75 - [STDERR_REDIRECT] [Fatal Error] :1:1: Premature end of file.
2026-05-26 15:06:33,235 [ERROR] LogOutputStream:75 - [STDERR_REDIRECT] 
2026-05-26 15:06:33,715 [INFO] ApiDb:240 - Found 895 in-development CPN: [B-G473E-ZEST1S, B-WB1M-WPAN1, B-WBA5M-WPAN, B-WL5M-SUBG1, NUCLEO-C031C6, NUCLEO-C051C8, NUCLEO-C071RB, NUCLEO-C092RC, NUCLEO-H503RB, NUCLEO-H533RE, NUCLEO-H563ZI, NUCLEO-H7S3L8, NUCLEO-N657X0-Q, NUCLEO-U031R8, NUCLEO-U083RC, NUCLEO-U385RG-Q, NUCLEO-U545RE-Q, NUCLEO-U5A5ZJ-Q, NUCLEO-WB05KZ, NUCLEO-WB07CC, NUCLEO-WB09KE, NUCLEO-WBA52CG, NUCLEO-WBA55CG, NUCLEO-WBA65RI, NUCLEO-WL33CC1, NUCLEO-WL33CC2, STEVAL-PROTEUS1, STEVAL-SMARTAG2, STEVAL-STWINBX1, STM320518-EVAL, STM32C0116-DK, STM32C011D6Y3TR, STM32C011D6Y6TR, STM32C011F4P3, STM32C011F4P6, STM32C011F4U3, STM32C011F4U6TR, STM32C011F6P3, STM32C011F6P6, STM32C011F6U3, STM32C011F6U6TR, STM32C011J4M3, STM32C011J4M6, STM32C011J6M3, STM32C011J6M6, STM32C0316-DK, STM32C031C4T3, STM32C031C4T6, STM32C031C4U3, STM32C031C4U6, STM32C031C6T3, STM32C031C6T6, STM32C031C6U3, STM32C031C6U6, STM32C031F4P3, STM32C031F4P6, STM32C031F6P3, STM32C031F6P6, STM32C031G4U3, STM32C031G4U6, STM32C031G6U3, STM32C031G6U6, STM32C031K4T3, STM32C031K4T6, STM32C031K4U3, STM32C031K4U6, STM32C031K6T3, STM32C031K6T6, STM32C031K6U3, STM32C031K6U6, STM32C051C6T6, STM32C051C6U6, STM32C051C8T6, STM32C051C8U6, STM32C051D8Y6TR, STM32C051F6P6, STM32C051F8P6, STM32C051G6U6, STM32C051G8U6, STM32C051K6T6, STM32C051K6U6, STM32C051K8T6, STM32C071C8T6, STM32C071C8T6N, STM32C071C8U6, STM32C071C8U6N, STM32C071CBT6, STM32C071CBT6N, STM32C071CBU6, STM32C071CBU6N, STM32C071F8P6, STM32C071F8P6N, STM32C071FBP6, STM32C071FBP6N, STM32C071FBY6TR, STM32C071G8U6, STM32C071G8U6N, STM32C071GBU6, STM32C071GBU6N, STM32C071K8T6, STM32C071K8T6N, STM32C071K8U6, STM32C071K8U6N, STM32C071KBT6, STM32C071KBT6N, STM32C071KBU6, STM32C071KBU6N, STM32C071R8T6, STM32C071R8T6N, STM32C071RBI6N, STM32C071RBT6, STM32C071RBT6N, STM32C091CBT6, STM32C091CBU6, STM32C091CCT6, STM32C091CCU6, STM32C091ECY6TR, STM32C091FBP6, STM32C091FCP6, STM32C091GBU6, STM32C091GCU6, STM32C091KBT6, STM32C091KBU6, STM32C091KCT6, STM32C091KCU6, STM32C091RBT6, STM32C091RCI6, STM32C091RCT6, STM32C092CBT6, STM32C092CBU6, STM32C092CCT6, STM32C092CCU6, STM32C092ECY6TR, STM32C092FBP6, STM32C092FCP6, STM32C092GBU6, STM32C092GCU6, STM32C092KBT6, STM32C092KBU6, STM32C092KCT6, STM32C092KCU6, STM32C092RBT6, STM32C092RCI6, STM32C092RCT6, STM32G071K8TXN, STM32G071K8UXN, STM32G081GBU6N, STM32G081KBT6N, STM32G081KBUXN, STM32G0B1CCT6N, STM32G0B1KCT6, STM32G0B1NEY6TR, STM32G0B1RCT6N, STM32G0C1CCT6, STM32G0C1CCT6N, STM32G0C1CCU6N, STM32G0C1CET6N, STM32G0C1CEU6N, STM32G0C1KCT6, STM32G0C1NEY6TR, STM32G0C1RCI6N, STM32G0C1RCT6N, STM32G0C1REI6N, STM32G0C1RET6N, STM32G0C1VCI6, STM32G0C1VEI6, STM32G411C6T3, STM32G411C6T6, STM32G411C6U3, STM32G411C6U6, STM32G411C8T3, STM32G411C8T6, STM32G411C8U3, STM32G411C8U6, STM32G411CBT3, STM32G411CBT6, STM32G411CBU3, STM32G411CBU6, STM32G411CCT3, STM32G411CCT6, STM32G411CCU3, STM32G411CCU6, STM32G411K6T3, STM32G411K6T6, STM32G411K6U3, STM32G411K6U6, STM32G411K8T3, STM32G411K8T6, STM32G411K8U3, STM32G411K8U6, STM32G411KBT3, STM32G411KBT6, STM32G411KBU3, STM32G411KBU6, STM32G411M6T3, STM32G411M6T6, STM32G411M8T3, STM32G411M8T6, STM32G411MBT3, STM32G411MBT6, STM32G411MCT3, STM32G411MCT6, STM32G411R6T3, STM32G411R6T6, STM32G411R8T3, STM32G411R8T6, STM32G411RBT3, STM32G411RBT6, STM32G411RCT3, STM32G411RCT6, STM32G414CBT3, STM32G414CBT6, STM32G414CBU3, STM32G414CBU6, STM32G414CCT3, STM32G414CCT6, STM32G414CCU3, STM32G414CCU6, STM32G414MBT3, STM32G414MBT6, STM32G414MCT3, STM32G414MCT6, STM32G414RBT3, STM32G414RBT6, STM32G414RCT3, STM32G414RCT6, STM32G414VBT3, STM32G414VBT6, STM32G414VCT3, STM32G414VCT6, STM32G431CBT3Z, STM32G431RBT3Z, STM32G471CCT6, STM32G471CCU6, STM32G471CET3, STM32G471CET6, STM32G471CEU3, STM32G471CEU6, STM32G471MCT6, STM32G471MET3, STM32G471MET6, STM32G471MEY6TR, STM32G471QCT6, STM32G471QET3, STM32G471RCT6, STM32G471RET3, STM32G471RET6, STM32G471VCH6, STM32G471VCI6, STM32G471VCT6, STM32G471VEH3, STM32G471VEH6, STM32G471VEI3, STM32G471VEI6, STM32G471VET3, STM32G471VET6, STM32G473QET3Z, STM32G473RET3Z, STM32G474CCT6, STM32G491RET3Z, STM32H503CBT6, STM32H503CBU6, STM32H503EBY6TR, STM32H503KBU6, STM32H503RBT6, STM32H523CCT6, STM32H523CCU6, STM32H523CET6, STM32H523CEU6, STM32H523HEY6TR, STM32H523RCT6, STM32H523RET6, STM32H523VCI6, STM32H523VCT6, STM32H523VEI6, STM32H523VET6, STM32H523ZCJ6, STM32H523ZCT6, STM32H523ZEJ6, STM32H523ZET6, STM32H533CET6, STM32H533CEU6, STM32H533HEY6TR, STM32H533RET6, STM32H533VEI6, STM32H533VET6, STM32H533ZEJ6, STM32H533ZET6, STM32H562AGI6, STM32H562AII6, STM32H562IGK6, STM32H562IGT6, STM32H562IIK6, STM32H562IIT6, STM32H562RGT6, STM32H562RGV6, STM32H562RIT6, STM32H562RIV6, STM32H562VGT6, STM32H562VIT6, STM32H562ZGT6, STM32H562ZIT6, STM32H563AGI6, STM32H563AII3Q, STM32H563AII6, STM32H563IGK6, STM32H563IGT6, STM32H563IIK3Q, STM32H563IIK6, STM32H563IIT3Q, STM32H563IIT6, STM32H563MIY3QTR, STM32H563RGT6, STM32H563RGV6, STM32H563RIT6, STM32H563RIV6, STM32H563VGT6, STM32H563VIT3Q, STM32H563VIT6, STM32H563ZGT6, STM32H563ZIT3Q, STM32H563ZIT6, STM32H573AII3Q, STM32H573AII6, STM32H573I-DK, STM32H573IIK3Q, STM32H573IIK6, STM32H573IIT3Q, STM32H573IIT6, STM32H573MIY3QTR, STM32H573RIT6, STM32H573RIV6, STM32H573VIT3Q, STM32H573VIT6, STM32H573ZIT3Q, STM32H573ZIT6, STM32H7R3A8I6, STM32H7R3I8K6, STM32H7R3I8T6, STM32H7R3L8H6, STM32H7R3L8H6H, STM32H7R3R8V6, STM32H7R3V8H6, STM32H7R3V8T6, STM32H7R3V8Y6TR, STM32H7R3Z8J6, STM32H7R3Z8T6, STM32H7R7A8I6, STM32H7R7I8K6, STM32H7R7I8T6, STM32H7R7L8H6, STM32H7R7L8H6H, STM32H7R7Z8J6, STM32H7S3A8I6, STM32H7S3I8K6, STM32H7S3I8T6, STM32H7S3L8H6, STM32H7S3L8H6H, STM32H7S3R8V6, STM32H7S3V8H6, STM32H7S3V8T6, STM32H7S3V8Y6TR, STM32H7S3Z8J6, STM32H7S3Z8T6, STM32H7S78-DK, STM32H7S7A8I6, STM32H7S7I8K6, STM32H7S7I8T6, STM32H7S7L8H6, STM32H7S7L8H6H, STM32H7S7Z8J6, STM32L4R5QGI6STR, STM32MP131AAE3, STM32MP131AAF3, STM32MP131AAG3, STM32MP131CAE3, STM32MP131CAF3, STM32MP131CAG3, STM32MP131DAE7, STM32MP131DAF7, STM32MP131DAG7, STM32MP131FAE7, STM32MP131FAF7, STM32MP131FAG7, STM32MP133AAE3, STM32MP133AAF3, STM32MP133AAG3, STM32MP133CAE3, STM32MP133CAF3, STM32MP133CAG3, STM32MP133DAE7, STM32MP133DAF7, STM32MP133DAG7, STM32MP133FAE7, STM32MP133FAF7, STM32MP133FAG7, STM32MP135AAE3, STM32MP135AAF3, STM32MP135AAG3, STM32MP135CAE3, STM32MP135CAF3, STM32MP135CAG3, STM32MP135DAE7, STM32MP135DAF7, STM32MP135DAG7, STM32MP135F-DK, STM32MP135FAE7, STM32MP135FAF7, STM32MP135FAF7T, STM32MP135FAF7U, STM32MP135FAG7, STM32MP231AAJ3, STM32MP231AAK3, STM32MP231AAL3, STM32MP231CAJ3, STM32MP231CAK3, STM32MP231CAL3, STM32MP231DAJ3, STM32MP231DAK3, STM32MP231DAL3, STM32MP231FAJ3, STM32MP231FAK3, STM32MP231FAL3, STM32MP233AAJ3, STM32MP233AAK3, STM32MP233AAL3, STM32MP233CAJ3, STM32MP233CAK3, STM32MP233CAL3, STM32MP233DAJ3, STM32MP233DAK3, STM32MP233DAL3, STM32MP233FAJ3, STM32MP233FAK3, STM32MP233FAL3, STM32MP235AAJ3, STM32MP235AAK3, STM32MP235AAL3, STM32MP235CAJ3, STM32MP235CAK3, STM32MP235CAL3, STM32MP235DAJ3, STM32MP235DAK3, STM32MP235DAL3, STM32MP235FAJ3, STM32MP235FAK3, STM32MP235FAL3, STM32MP251AAI3, STM32MP251AAJ3, STM32MP251AAK3, STM32MP251AAL3, STM32MP251CAI3, STM32MP251CAJ3, STM32MP251CAK3, STM32MP251CAL3, STM32MP251DAI3, STM32MP251DAJ3, STM32MP251DAK3, STM32MP251DAL3, STM32MP251FAI3, STM32MP251FAJ3, STM32MP251FAK3, STM32MP251FAL3, STM32MP253AAI3, STM32MP253AAJ3, STM32MP253AAK3, STM32MP253AAL3, STM32MP253CAI3, STM32MP253CAJ3, STM32MP253CAK3, STM32MP253CAL3, STM32MP253DAI3, STM32MP253DAJ3, STM32MP253DAK3, STM32MP253DAL3, STM32MP253FAI3, STM32MP253FAJ3, STM32MP253FAK3, STM32MP253FAL3, STM32MP255AAI3, STM32MP255AAJ3, STM32MP255AAK3, STM32MP255AAL3, STM32MP255CAI3, STM32MP255CAJ3, STM32MP255CAK3, STM32MP255CAL3, STM32MP255DAI3, STM32MP255DAJ3, STM32MP255DAK3, STM32MP255DAL3, STM32MP255FAI3, STM32MP255FAJ3, STM32MP255FAK3, STM32MP255FAL3, STM32MP257AAI3, STM32MP257AAJ3, STM32MP257AAK3, STM32MP257AAL3, STM32MP257CAI3, STM32MP257CAJ3, STM32MP257CAK3, STM32MP257CAL3, STM32MP257DAI3, STM32MP257DAJ3, STM32MP257DAK3, STM32MP257DAL3, STM32MP257F-DK, STM32MP257F-EV1, STM32MP257FAI3, STM32MP257FAJ3, STM32MP257FAK3, STM32MP257FAL3, STM32N645A0H3Q, STM32N645B0H3Q, STM32N645I0H3Q, STM32N645L0H3Q, STM32N645X0H3Q, STM32N645Z0H3Q, STM32N647A0H3Q, STM32N647B0H3Q, STM32N647I0H3Q, STM32N647L0H3Q, STM32N647X0H3Q, STM32N647Z0H3Q, STM32N655A0H3Q, STM32N655B0H3Q, STM32N655I0H3Q, STM32N655L0H3Q, STM32N655X0H3Q, STM32N655Z0H3Q, STM32N6570-DK, STM32N657A0H3Q, STM32N657B0H3Q, STM32N657I0H3Q, STM32N657L0H3Q, STM32N657X0H3Q, STM32N657Z0H3Q, STM32U031C6T6, STM32U031C6U6, STM32U031C8T6, STM32U031C8U6, STM32U031F4P6, STM32U031F6P6, STM32U031F8P6, STM32U031G6Y6TR, STM32U031G8Y6TR, STM32U031K4U6, STM32U031K6U6, STM32U031K8U6, STM32U031R6I6, STM32U031R6T6, STM32U031R8I6, STM32U031R8T6, STM32U073C8T6, STM32U073C8U6, STM32U073CBT6, STM32U073CBU6, STM32U073CCT6, STM32U073CCU6, STM32U073H8Y6TR, STM32U073HBY6TR, STM32U073HCY6TR, STM32U073K8U6, STM32U073KBU6, STM32U073KCU6, STM32U073M8I6, STM32U073M8T6, STM32U073MBI6, STM32U073MBT6, STM32U073MCI6, STM32U073MCT6, STM32U073R8I6, STM32U073R8T6, STM32U073RBI6, STM32U073RBT6, STM32U073RCI6, STM32U073RCT6, STM32U083C-DK, STM32U083CCT6, STM32U083CCU6, STM32U083HCY6TR, STM32U083KCU6, STM32U083MCI6, STM32U083MCT6, STM32U083RCI6, STM32U083RCT6, STM32U375CET6, STM32U375CET6Q, STM32U375CEU6, STM32U375CEU6Q, STM32U375CEY6QTR, STM32U375CGT6, STM32U375CGT6Q, STM32U375CGU6, STM32U375CGU6Q, STM32U375CGY6QTR, STM32U375KEU6, STM32U375KGU6, STM32U375REI6, STM32U375REI6Q, STM32U375RET6, STM32U375RET6Q, STM32U375REY6GTR, STM32U375REY6QTR, STM32U375RGI6, STM32U375RGI6Q, STM32U375RGT6, STM32U375RGT6Q, STM32U375RGY6GTR, STM32U375RGY6QTR, STM32U375VEI6, STM32U375VEI6Q, STM32U375VET6, STM32U375VET6Q, STM32U375VGI6, STM32U375VGI6Q, STM32U375VGT6, STM32U375VGT6Q, STM32U385CGT6, STM32U385CGT6Q, STM32U385CGU6, STM32U385CGU6Q, STM32U385CGY6QTR, STM32U385KGU6, STM32U385RGI6, STM32U385RGI6Q, STM32U385RGT6, STM32U385RGT6Q, STM32U385RGY6GTR, STM32U385RGY6QTR, STM32U385VGI6, STM32U385VGI6Q, STM32U385VGT6, STM32U385VGT6Q, STM32U535CBT6, STM32U535CBT6Q, STM32U535CBU6, STM32U535CBU6Q, STM32U535CCT6, STM32U535CCT6Q, STM32U535CCU6, STM32U535CCU6Q, STM32U535CET6, STM32U535CET6Q, STM32U535CEU6, STM32U535CEU6Q, STM32U535JEY6QTR, STM32U535NCY6QTR, STM32U535NEY6QTR, STM32U535RBI6, STM32U535RBI6Q, STM32U535RBT6, STM32U535RBT6Q, STM32U535RCI6, STM32U535RCI6Q, STM32U535RCT6, STM32U535RCT6Q, STM32U535REI6, STM32U535REI6Q, STM32U535RET6, STM32U535RET6Q, STM32U535VCI6, STM32U535VCI6Q, STM32U535VCT6, STM32U535VCT6Q, STM32U535VEI6, STM32U535VEI6Q, STM32U535VET6, STM32U535VET6Q, STM32U545CET6, STM32U545CET6Q, STM32U545CEU6, STM32U545CEU6Q, STM32U545JEY6QTR, STM32U545NEY6QTR, STM32U545REI6, STM32U545REI6Q, STM32U545RET6, STM32U545RET6Q, STM32U545VEI6, STM32U545VEI6Q, STM32U545VET6, STM32U545VET6Q, STM32U595AIH6, STM32U595AIH6Q, STM32U595AJH6, STM32U595AJH6Q, STM32U595QII6, STM32U595QII6Q, STM32U595QJI6, STM32U595QJI6Q, STM32U595RIT6, STM32U595RIT6Q, STM32U595RJT6, STM32U595RJT6Q, STM32U595VIT6, STM32U595VIT6Q, STM32U595VJT6, STM32U595VJT6Q, STM32U595ZIT6, STM32U595ZIT6Q, STM32U595ZIY6QTR, STM32U595ZJT6, STM32U595ZJT6Q, STM32U595ZJY6QTR, STM32U599BJY6QTR, STM32U599NIH6Q, STM32U599NJH6Q, STM32U599VIT6Q, STM32U599VJT6, STM32U599VJT6Q, STM32U599ZIT6Q, STM32U599ZIY6QTR, STM32U599ZJT6Q, STM32U599ZJY6QTR, STM32U5A5AJH6, STM32U5A5AJH6Q, STM32U5A5QII3Q , STM32U5A5QJI6, STM32U5A5QJI6Q, STM32U5A5RJT6, STM32U5A5RJT6Q, STM32U5A5VJT6, STM32U5A5VJT6Q, STM32U5A5ZJT6, STM32U5A5ZJT6Q, STM32U5A5ZJY6QTR, STM32U5A9BJY6QTR, STM32U5A9J-DK, STM32U5A9NJH6Q, STM32U5A9VJT6Q, STM32U5A9ZJT6Q, STM32U5A9ZJY6QTR, STM32U5F7VIT6, STM32U5F7VIT6Q, STM32U5F7VJT6, STM32U5F7VJT6Q, STM32U5F9BJY6QTR, STM32U5F9NJH6Q, STM32U5F9VIT6Q, STM32U5F9VJT6Q, STM32U5F9ZIJ6QTR, STM32U5F9ZIT6Q, STM32U5F9ZJJ6QTR, STM32U5F9ZJT6Q, STM32U5G7VJT6, STM32U5G7VJT6Q, STM32U5G9BJY6QTR, STM32U5G9J-DK1, STM32U5G9J-DK2, STM32U5G9NJH6Q, STM32U5G9VJT6Q, STM32U5G9ZJJ6QTR, STM32U5G9ZJT6Q, STM32WB05KZV6TR, STM32WB05KZV7TR, STM32WB05TZF6TR, STM32WB05TZF7TR, STM32WB06CCF6TR, STM32WB06CCF7TR, STM32WB06CCV6TR, STM32WB06CCV7TR, STM32WB06KCV6TR, STM32WB06KCV7TR, STM32WB07CCF6TR, STM32WB07CCF7TR, STM32WB07CCV6TR, STM32WB07CCV7TR, STM32WB07KCV6TR, STM32WB07KCV7TR, STM32WB09KEV6TR, STM32WB09KEV7TR, STM32WB09TEF6TR, STM32WB09TEF7TR, STM32WB1MMCH6, STM32WBA50KGU6, STM32WBA50KGU6TR, STM32WBA52CEU6, STM32WBA52CEU6TR, STM32WBA52CEU7, STM32WBA52CEU7TR, STM32WBA52CGU6, STM32WBA52CGU6TR, STM32WBA52CGU6U, STM32WBA52CGU7, STM32WBA52CGU7TR, STM32WBA52KEU6, STM32WBA52KEU6TR, STM32WBA52KGU6, STM32WBA52KGU6TR, STM32WBA54CEU6, STM32WBA54CEU6TR, STM32WBA54CEU7, STM32WBA54CEU7TR, STM32WBA54CGU6, STM32WBA54CGU6TR, STM32WBA54CGU7, STM32WBA54CGU7TR, STM32WBA54KEU6, STM32WBA54KEU6TR, STM32WBA54KEU7, STM32WBA54KEU7TR, STM32WBA54KGU6, STM32WBA54KGU6TR, STM32WBA54KGU7, STM32WBA54KGU7TR, STM32WBA55CEU6, STM32WBA55CEU6TR, STM32WBA55CEU7, STM32WBA55CEU7TR, STM32WBA55CGU6, STM32WBA55CGU6TR, STM32WBA55CGU6U, STM32WBA55CGU7, STM32WBA55CGU7TR, STM32WBA55G-DK1, STM32WBA55HEF6, STM32WBA55HEF7, STM32WBA55HGF6, STM32WBA55HGF7, STM32WBA55UEI6, STM32WBA55UEI6TR, STM32WBA55UEI7, STM32WBA55UEI7TR, STM32WBA55UGI6, STM32WBA55UGI6TR, STM32WBA55UGI7, STM32WBA55UGI7TR, STM32WBA5MJGH6TR, STM32WBA62CGU6, STM32WBA62CIU6, STM32WBA62MGF6, STM32WBA62MIF6, STM32WBA62PGI6, STM32WBA62PII6, STM32WBA63CGU6, STM32WBA63CGU7, STM32WBA63CIU6, STM32WBA63CIU7, STM32WBA64CGU6, STM32WBA64CGU7, STM32WBA64CIU6, STM32WBA64CIU7, STM32WBA65CGU6, STM32WBA65CGU7, STM32WBA65CIU6, STM32WBA65CIU7, STM32WBA65I-DK1, STM32WBA65MGF6, STM32WBA65MGF7, STM32WBA65MIF6, STM32WBA65MIF7, STM32WBA65PGI6, STM32WBA65PGI7, STM32WBA65PII6, STM32WBA65PII7, STM32WBA65RGV6, STM32WBA65RGV7, STM32WBA65RIV6, STM32WBA65RIV7, STM32WL30K8V6, STM32WL30KBV6, STM32WL31C8V6, STM32WL31CBV6, STM32WL31K8V6, STM32WL31KBV6, STM32WL33C8V6, STM32WL33C8V6TR, STM32WL33C8V7, STM32WL33C8V7TR, STM32WL33CBV6, STM32WL33CBV6TR, STM32WL33CBV7, STM32WL33CBV7TR, STM32WL33CCV6, STM32WL33CCV6TR, STM32WL33CCV7, STM32WL33CCV7A, STM32WL33CCV7ATR, STM32WL33CCV7TR, STM32WL33K8V6, STM32WL33K8V6TR, STM32WL33K8V7, STM32WL33K8V7TR, STM32WL33KBV6, STM32WL33KBV6TR, STM32WL33KBV7, STM32WL33KBV7TR, STM32WL33KCV6, STM32WL33KCV6TR, STM32WL33KCV7, STM32WL33KCV7TR, STM32WL5MOCH6, STM32WL5MOCH6TR]
2026-05-26 15:06:33,723 [INFO] DbMcus:218 - Found 5082 MCUs, 4964 are supported
2026-05-26 15:06:33,723 [INFO] ApiDb:423 - Load user favorites file C:\Users\NIVYA/.stm32cubeide/favorites.mcus.txt: 0 item(s)
2026-05-26 15:06:33,723 [INFO] ApiDb:427 - User favorites MCUs=[]
2026-05-26 15:06:33,723 [INFO] DbMcus:224 - Set 0 / 0 favorites MCUs
2026-05-26 15:06:34,246 [ERROR] LogOutputStream:75 - [STDERR_REDIRECT] [Fatal Error] :1:1: Premature end of file.
2026-05-26 15:06:34,246 [ERROR] LogOutputStream:75 - [STDERR_REDIRECT] 
2026-05-26 15:06:34,247 [INFO] ApiDb:448 - Save user favorites file C:\Users\NIVYA/.stm32cubeide/favorites.boards.txt: 0 item(s)
2026-05-26 15:06:34,247 [INFO] ApiDb:452 - User favorites Boards=[]
2026-05-26 15:06:34,250 [INFO] ApiDb:581 - Connected to CubeFinder SQLite database (C:\Users\NIVYA\.stmcufinder\plugins\mcufinder\mcu\cube-finder-db.db)
2026-05-26 15:06:34,414 [INFO] ApiDb:668 - CubeFinder database Data Model version=2.1
2026-05-26 15:06:34,414 [INFO] ApiDb:669 - CubeFinder database Configuration version=3.0.42
2026-05-26 15:06:34,414 [INFO] ApiDb:670 - CubeFinder database generation date=2026-05-06 (1778060171)
2026-05-26 15:06:34,414 [INFO] ApiDb:671 - CubeFinder database FW Pack versions=[FP-ATR-ASTRA1_V2.0.0, FP-SNS-FLIGHT1_V5.1.0, FP-SNS-MOTENV1_V5.1.0, FP-SNS-MOTENVWB1_V1.5.0, FP-SNS-SMARTAG2_V1.2.0, FP-SNS-STBOX1_V2.1.0, STM32Cube_FW_C0_V1.4.0, STM32Cube_FW_F4_V1.28.3, STM32Cube_FW_F7_V1.17.4, STM32Cube_FW_G0_V1.6.3, STM32Cube_FW_G4_V1.6.2, STM32Cube_FW_H5_V1.6.0, STM32Cube_FW_H7RS_V1.3.0, STM32Cube_FW_H7_V1.13.0, STM32Cube_FW_L0_V1.12.2, STM32Cube_FW_L4_V1.18.2, STM32Cube_FW_L5_V1.6.0, STM32Cube_FW_N6_V1.3.0, STM32Cube_FW_U0_V1.3.0, STM32Cube_FW_U3_V1.3.0, STM32Cube_FW_U5_V1.8.0, STM32Cube_FW_WB0_V1.4.0, STM32Cube_FW_WBA_V1.9.0, STM32Cube_FW_WB_V1.24.0, STM32Cube_FW_WL3_V1.4.0, STM32Cube_FW_WL_V1.5.0, X-CUBE-ALGOBUILD_V1.4.0, X-CUBE-ALS_V1.0.2, X-CUBE-AZRTOS-F4_V1.1.0, X-CUBE-AZRTOS-F7_V1.1.0, X-CUBE-AZRTOS-G0_V1.1.0, X-CUBE-AZRTOS-G4_V2.0.0, X-CUBE-AZRTOS-H7RS_V1.1.0, X-CUBE-AZRTOS-H7_V3.5.0, X-CUBE-AZRTOS-L4_V2.0.0, X-CUBE-AZRTOS-L5_V2.0.0, X-CUBE-AZRTOS-WB_V2.0.0, X-CUBE-AZRTOS-WL_V2.0.0, X-CUBE-BLE1_V7.1.0, X-CUBE-BLE2_V3.3.0, X-CUBE-BLEMGR_V4.1.0, X-CUBE-EEPRMA1_V5.2.0, X-CUBE-FREERTOS_V1.5.0, X-CUBE-GNSS1_V6.0.0, X-CUBE-MEMS1_V12.0.0, X-CUBE-NFC4_V3.0.0, X-CUBE-NFC7_V2.0.0, X-CUBE-SFXS2LP1_V4.0.0, X-CUBE-ST67W61_V1.2.0, X-CUBE-SUBG2_V5.0.0, X-CUBE-TOF1_V3.4.3]
2026-05-26 15:06:34,503 [INFO] DbBoardsSqlite:226 - include board P-NUCLEO-WB55-NUCLEO as a kit item of type 'Nucleo-64'
2026-05-26 15:06:34,504 [INFO] DbBoardsSqlite:226 - include board P-NUCLEO-WB55-USBDONGLE as a kit item of type 'Nucleo USB Dongle'
2026-05-26 15:06:34,504 [INFO] DbBoardsSqlite:226 - include board STEVAL-IDP005V1 as a kit item of type 'Evaluation Board'
2026-05-26 15:06:34,504 [INFO] DbBoardsSqlite:226 - include board STEVAL-IDP005V2 as a kit item of type 'Evaluation Board'
2026-05-26 15:06:34,650 [INFO] ApiDb:240 - Found 895 in-development CPN: [B-G473E-ZEST1S, B-WB1M-WPAN1, B-WBA5M-WPAN, B-WL5M-SUBG1, NUCLEO-C031C6, NUCLEO-C051C8, NUCLEO-C071RB, NUCLEO-C092RC, NUCLEO-H503RB, NUCLEO-H533RE, NUCLEO-H563ZI, NUCLEO-H7S3L8, NUCLEO-N657X0-Q, NUCLEO-U031R8, NUCLEO-U083RC, NUCLEO-U385RG-Q, NUCLEO-U545RE-Q, NUCLEO-U5A5ZJ-Q, NUCLEO-WB05KZ, NUCLEO-WB07CC, NUCLEO-WB09KE, NUCLEO-WBA52CG, NUCLEO-WBA55CG, NUCLEO-WBA65RI, NUCLEO-WL33CC1, NUCLEO-WL33CC2, STEVAL-PROTEUS1, STEVAL-SMARTAG2, STEVAL-STWINBX1, STM320518-EVAL, STM32C0116-DK, STM32C011D6Y3TR, STM32C011D6Y6TR, STM32C011F4P3, STM32C011F4P6, STM32C011F4U3, STM32C011F4U6TR, STM32C011F6P3, STM32C011F6P6, STM32C011F6U3, STM32C011F6U6TR, STM32C011J4M3, STM32C011J4M6, STM32C011J6M3, STM32C011J6M6, STM32C0316-DK, STM32C031C4T3, STM32C031C4T6, STM32C031C4U3, STM32C031C4U6, STM32C031C6T3, STM32C031C6T6, STM32C031C6U3, STM32C031C6U6, STM32C031F4P3, STM32C031F4P6, STM32C031F6P3, STM32C031F6P6, STM32C031G4U3, STM32C031G4U6, STM32C031G6U3, STM32C031G6U6, STM32C031K4T3, STM32C031K4T6, STM32C031K4U3, STM32C031K4U6, STM32C031K6T3, STM32C031K6T6, STM32C031K6U3, STM32C031K6U6, STM32C051C6T6, STM32C051C6U6, STM32C051C8T6, STM32C051C8U6, STM32C051D8Y6TR, STM32C051F6P6, STM32C051F8P6, STM32C051G6U6, STM32C051G8U6, STM32C051K6T6, STM32C051K6U6, STM32C051K8T6, STM32C071C8T6, STM32C071C8T6N, STM32C071C8U6, STM32C071C8U6N, STM32C071CBT6, STM32C071CBT6N, STM32C071CBU6, STM32C071CBU6N, STM32C071F8P6, STM32C071F8P6N, STM32C071FBP6, STM32C071FBP6N, STM32C071FBY6TR, STM32C071G8U6, STM32C071G8U6N, STM32C071GBU6, STM32C071GBU6N, STM32C071K8T6, STM32C071K8T6N, STM32C071K8U6, STM32C071K8U6N, STM32C071KBT6, STM32C071KBT6N, STM32C071KBU6, STM32C071KBU6N, STM32C071R8T6, STM32C071R8T6N, STM32C071RBI6N, STM32C071RBT6, STM32C071RBT6N, STM32C091CBT6, STM32C091CBU6, STM32C091CCT6, STM32C091CCU6, STM32C091ECY6TR, STM32C091FBP6, STM32C091FCP6, STM32C091GBU6, STM32C091GCU6, STM32C091KBT6, STM32C091KBU6, STM32C091KCT6, STM32C091KCU6, STM32C091RBT6, STM32C091RCI6, STM32C091RCT6, STM32C092CBT6, STM32C092CBU6, STM32C092CCT6, STM32C092CCU6, STM32C092ECY6TR, STM32C092FBP6, STM32C092FCP6, STM32C092GBU6, STM32C092GCU6, STM32C092KBT6, STM32C092KBU6, STM32C092KCT6, STM32C092KCU6, STM32C092RBT6, STM32C092RCI6, STM32C092RCT6, STM32G071K8TXN, STM32G071K8UXN, STM32G081GBU6N, STM32G081KBT6N, STM32G081KBUXN, STM32G0B1CCT6N, STM32G0B1KCT6, STM32G0B1NEY6TR, STM32G0B1RCT6N, STM32G0C1CCT6, STM32G0C1CCT6N, STM32G0C1CCU6N, STM32G0C1CET6N, STM32G0C1CEU6N, STM32G0C1KCT6, STM32G0C1NEY6TR, STM32G0C1RCI6N, STM32G0C1RCT6N, STM32G0C1REI6N, STM32G0C1RET6N, STM32G0C1VCI6, STM32G0C1VEI6, STM32G411C6T3, STM32G411C6T6, STM32G411C6U3, STM32G411C6U6, STM32G411C8T3, STM32G411C8T6, STM32G411C8U3, STM32G411C8U6, STM32G411CBT3, STM32G411CBT6, STM32G411CBU3, STM32G411CBU6, STM32G411CCT3, STM32G411CCT6, STM32G411CCU3, STM32G411CCU6, STM32G411K6T3, STM32G411K6T6, STM32G411K6U3, STM32G411K6U6, STM32G411K8T3, STM32G411K8T6, STM32G411K8U3, STM32G411K8U6, STM32G411KBT3, STM32G411KBT6, STM32G411KBU3, STM32G411KBU6, STM32G411M6T3, STM32G411M6T6, STM32G411M8T3, STM32G411M8T6, STM32G411MBT3, STM32G411MBT6, STM32G411MCT3, STM32G411MCT6, STM32G411R6T3, STM32G411R6T6, STM32G411R8T3, STM32G411R8T6, STM32G411RBT3, STM32G411RBT6, STM32G411RCT3, STM32G411RCT6, STM32G414CBT3, STM32G414CBT6, STM32G414CBU3, STM32G414CBU6, STM32G414CCT3, STM32G414CCT6, STM32G414CCU3, STM32G414CCU6, STM32G414MBT3, STM32G414MBT6, STM32G414MCT3, STM32G414MCT6, STM32G414RBT3, STM32G414RBT6, STM32G414RCT3, STM32G414RCT6, STM32G414VBT3, STM32G414VBT6, STM32G414VCT3, STM32G414VCT6, STM32G431CBT3Z, STM32G431RBT3Z, STM32G471CCT6, STM32G471CCU6, STM32G471CET3, STM32G471CET6, STM32G471CEU3, STM32G471CEU6, STM32G471MCT6, STM32G471MET3, STM32G471MET6, STM32G471MEY6TR, STM32G471QCT6, STM32G471QET3, STM32G471RCT6, STM32G471RET3, STM32G471RET6, STM32G471VCH6, STM32G471VCI6, STM32G471VCT6, STM32G471VEH3, STM32G471VEH6, STM32G471VEI3, STM32G471VEI6, STM32G471VET3, STM32G471VET6, STM32G473QET3Z, STM32G473RET3Z, STM32G474CCT6, STM32G491RET3Z, STM32H503CBT6, STM32H503CBU6, STM32H503EBY6TR, STM32H503KBU6, STM32H503RBT6, STM32H523CCT6, STM32H523CCU6, STM32H523CET6, STM32H523CEU6, STM32H523HEY6TR, STM32H523RCT6, STM32H523RET6, STM32H523VCI6, STM32H523VCT6, STM32H523VEI6, STM32H523VET6, STM32H523ZCJ6, STM32H523ZCT6, STM32H523ZEJ6, STM32H523ZET6, STM32H533CET6, STM32H533CEU6, STM32H533HEY6TR, STM32H533RET6, STM32H533VEI6, STM32H533VET6, STM32H533ZEJ6, STM32H533ZET6, STM32H562AGI6, STM32H562AII6, STM32H562IGK6, STM32H562IGT6, STM32H562IIK6, STM32H562IIT6, STM32H562RGT6, STM32H562RGV6, STM32H562RIT6, STM32H562RIV6, STM32H562VGT6, STM32H562VIT6, STM32H562ZGT6, STM32H562ZIT6, STM32H563AGI6, STM32H563AII3Q, STM32H563AII6, STM32H563IGK6, STM32H563IGT6, STM32H563IIK3Q, STM32H563IIK6, STM32H563IIT3Q, STM32H563IIT6, STM32H563MIY3QTR, STM32H563RGT6, STM32H563RGV6, STM32H563RIT6, STM32H563RIV6, STM32H563VGT6, STM32H563VIT3Q, STM32H563VIT6, STM32H563ZGT6, STM32H563ZIT3Q, STM32H563ZIT6, STM32H573AII3Q, STM32H573AII6, STM32H573I-DK, STM32H573IIK3Q, STM32H573IIK6, STM32H573IIT3Q, STM32H573IIT6, STM32H573MIY3QTR, STM32H573RIT6, STM32H573RIV6, STM32H573VIT3Q, STM32H573VIT6, STM32H573ZIT3Q, STM32H573ZIT6, STM32H7R3A8I6, STM32H7R3I8K6, STM32H7R3I8T6, STM32H7R3L8H6, STM32H7R3L8H6H, STM32H7R3R8V6, STM32H7R3V8H6, STM32H7R3V8T6, STM32H7R3V8Y6TR, STM32H7R3Z8J6, STM32H7R3Z8T6, STM32H7R7A8I6, STM32H7R7I8K6, STM32H7R7I8T6, STM32H7R7L8H6, STM32H7R7L8H6H, STM32H7R7Z8J6, STM32H7S3A8I6, STM32H7S3I8K6, STM32H7S3I8T6, STM32H7S3L8H6, STM32H7S3L8H6H, STM32H7S3R8V6, STM32H7S3V8H6, STM32H7S3V8T6, STM32H7S3V8Y6TR, STM32H7S3Z8J6, STM32H7S3Z8T6, STM32H7S78-DK, STM32H7S7A8I6, STM32H7S7I8K6, STM32H7S7I8T6, STM32H7S7L8H6, STM32H7S7L8H6H, STM32H7S7Z8J6, STM32L4R5QGI6STR, STM32MP131AAE3, STM32MP131AAF3, STM32MP131AAG3, STM32MP131CAE3, STM32MP131CAF3, STM32MP131CAG3, STM32MP131DAE7, STM32MP131DAF7, STM32MP131DAG7, STM32MP131FAE7, STM32MP131FAF7, STM32MP131FAG7, STM32MP133AAE3, STM32MP133AAF3, STM32MP133AAG3, STM32MP133CAE3, STM32MP133CAF3, STM32MP133CAG3, STM32MP133DAE7, STM32MP133DAF7, STM32MP133DAG7, STM32MP133FAE7, STM32MP133FAF7, STM32MP133FAG7, STM32MP135AAE3, STM32MP135AAF3, STM32MP135AAG3, STM32MP135CAE3, STM32MP135CAF3, STM32MP135CAG3, STM32MP135DAE7, STM32MP135DAF7, STM32MP135DAG7, STM32MP135F-DK, STM32MP135FAE7, STM32MP135FAF7, STM32MP135FAF7T, STM32MP135FAF7U, STM32MP135FAG7, STM32MP231AAJ3, STM32MP231AAK3, STM32MP231AAL3, STM32MP231CAJ3, STM32MP231CAK3, STM32MP231CAL3, STM32MP231DAJ3, STM32MP231DAK3, STM32MP231DAL3, STM32MP231FAJ3, STM32MP231FAK3, STM32MP231FAL3, STM32MP233AAJ3, STM32MP233AAK3, STM32MP233AAL3, STM32MP233CAJ3, STM32MP233CAK3, STM32MP233CAL3, STM32MP233DAJ3, STM32MP233DAK3, STM32MP233DAL3, STM32MP233FAJ3, STM32MP233FAK3, STM32MP233FAL3, STM32MP235AAJ3, STM32MP235AAK3, STM32MP235AAL3, STM32MP235CAJ3, STM32MP235CAK3, STM32MP235CAL3, STM32MP235DAJ3, STM32MP235DAK3, STM32MP235DAL3, STM32MP235FAJ3, STM32MP235FAK3, STM32MP235FAL3, STM32MP251AAI3, STM32MP251AAJ3, STM32MP251AAK3, STM32MP251AAL3, STM32MP251CAI3, STM32MP251CAJ3, STM32MP251CAK3, STM32MP251CAL3, STM32MP251DAI3, STM32MP251DAJ3, STM32MP251DAK3, STM32MP251DAL3, STM32MP251FAI3, STM32MP251FAJ3, STM32MP251FAK3, STM32MP251FAL3, STM32MP253AAI3, STM32MP253AAJ3, STM32MP253AAK3, STM32MP253AAL3, STM32MP253CAI3, STM32MP253CAJ3, STM32MP253CAK3, STM32MP253CAL3, STM32MP253DAI3, STM32MP253DAJ3, STM32MP253DAK3, STM32MP253DAL3, STM32MP253FAI3, STM32MP253FAJ3, STM32MP253FAK3, STM32MP253FAL3, STM32MP255AAI3, STM32MP255AAJ3, STM32MP255AAK3, STM32MP255AAL3, STM32MP255CAI3, STM32MP255CAJ3, STM32MP255CAK3, STM32MP255CAL3, STM32MP255DAI3, STM32MP255DAJ3, STM32MP255DAK3, STM32MP255DAL3, STM32MP255FAI3, STM32MP255FAJ3, STM32MP255FAK3, STM32MP255FAL3, STM32MP257AAI3, STM32MP257AAJ3, STM32MP257AAK3, STM32MP257AAL3, STM32MP257CAI3, STM32MP257CAJ3, STM32MP257CAK3, STM32MP257CAL3, STM32MP257DAI3, STM32MP257DAJ3, STM32MP257DAK3, STM32MP257DAL3, STM32MP257F-DK, STM32MP257F-EV1, STM32MP257FAI3, STM32MP257FAJ3, STM32MP257FAK3, STM32MP257FAL3, STM32N645A0H3Q, STM32N645B0H3Q, STM32N645I0H3Q, STM32N645L0H3Q, STM32N645X0H3Q, STM32N645Z0H3Q, STM32N647A0H3Q, STM32N647B0H3Q, STM32N647I0H3Q, STM32N647L0H3Q, STM32N647X0H3Q, STM32N647Z0H3Q, STM32N655A0H3Q, STM32N655B0H3Q, STM32N655I0H3Q, STM32N655L0H3Q, STM32N655X0H3Q, STM32N655Z0H3Q, STM32N6570-DK, STM32N657A0H3Q, STM32N657B0H3Q, STM32N657I0H3Q, STM32N657L0H3Q, STM32N657X0H3Q, STM32N657Z0H3Q, STM32U031C6T6, STM32U031C6U6, STM32U031C8T6, STM32U031C8U6, STM32U031F4P6, STM32U031F6P6, STM32U031F8P6, STM32U031G6Y6TR, STM32U031G8Y6TR, STM32U031K4U6, STM32U031K6U6, STM32U031K8U6, STM32U031R6I6, STM32U031R6T6, STM32U031R8I6, STM32U031R8T6, STM32U073C8T6, STM32U073C8U6, STM32U073CBT6, STM32U073CBU6, STM32U073CCT6, STM32U073CCU6, STM32U073H8Y6TR, STM32U073HBY6TR, STM32U073HCY6TR, STM32U073K8U6, STM32U073KBU6, STM32U073KCU6, STM32U073M8I6, STM32U073M8T6, STM32U073MBI6, STM32U073MBT6, STM32U073MCI6, STM32U073MCT6, STM32U073R8I6, STM32U073R8T6, STM32U073RBI6, STM32U073RBT6, STM32U073RCI6, STM32U073RCT6, STM32U083C-DK, STM32U083CCT6, STM32U083CCU6, STM32U083HCY6TR, STM32U083KCU6, STM32U083MCI6, STM32U083MCT6, STM32U083RCI6, STM32U083RCT6, STM32U375CET6, STM32U375CET6Q, STM32U375CEU6, STM32U375CEU6Q, STM32U375CEY6QTR, STM32U375CGT6, STM32U375CGT6Q, STM32U375CGU6, STM32U375CGU6Q, STM32U375CGY6QTR, STM32U375KEU6, STM32U375KGU6, STM32U375REI6, STM32U375REI6Q, STM32U375RET6, STM32U375RET6Q, STM32U375REY6GTR, STM32U375REY6QTR, STM32U375RGI6, STM32U375RGI6Q, STM32U375RGT6, STM32U375RGT6Q, STM32U375RGY6GTR, STM32U375RGY6QTR, STM32U375VEI6, STM32U375VEI6Q, STM32U375VET6, STM32U375VET6Q, STM32U375VGI6, STM32U375VGI6Q, STM32U375VGT6, STM32U375VGT6Q, STM32U385CGT6, STM32U385CGT6Q, STM32U385CGU6, STM32U385CGU6Q, STM32U385CGY6QTR, STM32U385KGU6, STM32U385RGI6, STM32U385RGI6Q, STM32U385RGT6, STM32U385RGT6Q, STM32U385RGY6GTR, STM32U385RGY6QTR, STM32U385VGI6, STM32U385VGI6Q, STM32U385VGT6, STM32U385VGT6Q, STM32U535CBT6, STM32U535CBT6Q, STM32U535CBU6, STM32U535CBU6Q, STM32U535CCT6, STM32U535CCT6Q, STM32U535CCU6, STM32U535CCU6Q, STM32U535CET6, STM32U535CET6Q, STM32U535CEU6, STM32U535CEU6Q, STM32U535JEY6QTR, STM32U535NCY6QTR, STM32U535NEY6QTR, STM32U535RBI6, STM32U535RBI6Q, STM32U535RBT6, STM32U535RBT6Q, STM32U535RCI6, STM32U535RCI6Q, STM32U535RCT6, STM32U535RCT6Q, STM32U535REI6, STM32U535REI6Q, STM32U535RET6, STM32U535RET6Q, STM32U535VCI6, STM32U535VCI6Q, STM32U535VCT6, STM32U535VCT6Q, STM32U535VEI6, STM32U535VEI6Q, STM32U535VET6, STM32U535VET6Q, STM32U545CET6, STM32U545CET6Q, STM32U545CEU6, STM32U545CEU6Q, STM32U545JEY6QTR, STM32U545NEY6QTR, STM32U545REI6, STM32U545REI6Q, STM32U545RET6, STM32U545RET6Q, STM32U545VEI6, STM32U545VEI6Q, STM32U545VET6, STM32U545VET6Q, STM32U595AIH6, STM32U595AIH6Q, STM32U595AJH6, STM32U595AJH6Q, STM32U595QII6, STM32U595QII6Q, STM32U595QJI6, STM32U595QJI6Q, STM32U595RIT6, STM32U595RIT6Q, STM32U595RJT6, STM32U595RJT6Q, STM32U595VIT6, STM32U595VIT6Q, STM32U595VJT6, STM32U595VJT6Q, STM32U595ZIT6, STM32U595ZIT6Q, STM32U595ZIY6QTR, STM32U595ZJT6, STM32U595ZJT6Q, STM32U595ZJY6QTR, STM32U599BJY6QTR, STM32U599NIH6Q, STM32U599NJH6Q, STM32U599VIT6Q, STM32U599VJT6, STM32U599VJT6Q, STM32U599ZIT6Q, STM32U599ZIY6QTR, STM32U599ZJT6Q, STM32U599ZJY6QTR, STM32U5A5AJH6, STM32U5A5AJH6Q, STM32U5A5QII3Q , STM32U5A5QJI6, STM32U5A5QJI6Q, STM32U5A5RJT6, STM32U5A5RJT6Q, STM32U5A5VJT6, STM32U5A5VJT6Q, STM32U5A5ZJT6, STM32U5A5ZJT6Q, STM32U5A5ZJY6QTR, STM32U5A9BJY6QTR, STM32U5A9J-DK, STM32U5A9NJH6Q, STM32U5A9VJT6Q, STM32U5A9ZJT6Q, STM32U5A9ZJY6QTR, STM32U5F7VIT6, STM32U5F7VIT6Q, STM32U5F7VJT6, STM32U5F7VJT6Q, STM32U5F9BJY6QTR, STM32U5F9NJH6Q, STM32U5F9VIT6Q, STM32U5F9VJT6Q, STM32U5F9ZIJ6QTR, STM32U5F9ZIT6Q, STM32U5F9ZJJ6QTR, STM32U5F9ZJT6Q, STM32U5G7VJT6, STM32U5G7VJT6Q, STM32U5G9BJY6QTR, STM32U5G9J-DK1, STM32U5G9J-DK2, STM32U5G9NJH6Q, STM32U5G9VJT6Q, STM32U5G9ZJJ6QTR, STM32U5G9ZJT6Q, STM32WB05KZV6TR, STM32WB05KZV7TR, STM32WB05TZF6TR, STM32WB05TZF7TR, STM32WB06CCF6TR, STM32WB06CCF7TR, STM32WB06CCV6TR, STM32WB06CCV7TR, STM32WB06KCV6TR, STM32WB06KCV7TR, STM32WB07CCF6TR, STM32WB07CCF7TR, STM32WB07CCV6TR, STM32WB07CCV7TR, STM32WB07KCV6TR, STM32WB07KCV7TR, STM32WB09KEV6TR, STM32WB09KEV7TR, STM32WB09TEF6TR, STM32WB09TEF7TR, STM32WB1MMCH6, STM32WBA50KGU6, STM32WBA50KGU6TR, STM32WBA52CEU6, STM32WBA52CEU6TR, STM32WBA52CEU7, STM32WBA52CEU7TR, STM32WBA52CGU6, STM32WBA52CGU6TR, STM32WBA52CGU6U, STM32WBA52CGU7, STM32WBA52CGU7TR, STM32WBA52KEU6, STM32WBA52KEU6TR, STM32WBA52KGU6, STM32WBA52KGU6TR, STM32WBA54CEU6, STM32WBA54CEU6TR, STM32WBA54CEU7, STM32WBA54CEU7TR, STM32WBA54CGU6, STM32WBA54CGU6TR, STM32WBA54CGU7, STM32WBA54CGU7TR, STM32WBA54KEU6, STM32WBA54KEU6TR, STM32WBA54KEU7, STM32WBA54KEU7TR, STM32WBA54KGU6, STM32WBA54KGU6TR, STM32WBA54KGU7, STM32WBA54KGU7TR, STM32WBA55CEU6, STM32WBA55CEU6TR, STM32WBA55CEU7, STM32WBA55CEU7TR, STM32WBA55CGU6, STM32WBA55CGU6TR, STM32WBA55CGU6U, STM32WBA55CGU7, STM32WBA55CGU7TR, STM32WBA55G-DK1, STM32WBA55HEF6, STM32WBA55HEF7, STM32WBA55HGF6, STM32WBA55HGF7, STM32WBA55UEI6, STM32WBA55UEI6TR, STM32WBA55UEI7, STM32WBA55UEI7TR, STM32WBA55UGI6, STM32WBA55UGI6TR, STM32WBA55UGI7, STM32WBA55UGI7TR, STM32WBA5MJGH6TR, STM32WBA62CGU6, STM32WBA62CIU6, STM32WBA62MGF6, STM32WBA62MIF6, STM32WBA62PGI6, STM32WBA62PII6, STM32WBA63CGU6, STM32WBA63CGU7, STM32WBA63CIU6, STM32WBA63CIU7, STM32WBA64CGU6, STM32WBA64CGU7, STM32WBA64CIU6, STM32WBA64CIU7, STM32WBA65CGU6, STM32WBA65CGU7, STM32WBA65CIU6, STM32WBA65CIU7, STM32WBA65I-DK1, STM32WBA65MGF6, STM32WBA65MGF7, STM32WBA65MIF6, STM32WBA65MIF7, STM32WBA65PGI6, STM32WBA65PGI7, STM32WBA65PII6, STM32WBA65PII7, STM32WBA65RGV6, STM32WBA65RGV7, STM32WBA65RIV6, STM32WBA65RIV7, STM32WL30K8V6, STM32WL30KBV6, STM32WL31C8V6, STM32WL31CBV6, STM32WL31K8V6, STM32WL31KBV6, STM32WL33C8V6, STM32WL33C8V6TR, STM32WL33C8V7, STM32WL33C8V7TR, STM32WL33CBV6, STM32WL33CBV6TR, STM32WL33CBV7, STM32WL33CBV7TR, STM32WL33CCV6, STM32WL33CCV6TR, STM32WL33CCV7, STM32WL33CCV7A, STM32WL33CCV7ATR, STM32WL33CCV7TR, STM32WL33K8V6, STM32WL33K8V6TR, STM32WL33K8V7, STM32WL33K8V7TR, STM32WL33KBV6, STM32WL33KBV6TR, STM32WL33KBV7, STM32WL33KBV7TR, STM32WL33KCV6, STM32WL33KCV6TR, STM32WL33KCV7, STM32WL33KCV7TR, STM32WL5MOCH6, STM32WL5MOCH6TR]
2026-05-26 15:06:34,785 [INFO] BoardInfo:889 - No configuration file found for board NUCLEO-H5E5ZJ
2026-05-26 15:06:34,790 [INFO] DbBoards:161 - Board is not supported: NUCLEO-H5E5ZJ
2026-05-26 15:06:34,868 [INFO] BoardInfo:889 - No configuration file found for board NUCLEO-U3C5ZI-Q
2026-05-26 15:06:34,868 [INFO] DbBoards:161 - Board is not supported: NUCLEO-U3C5ZI-Q
2026-05-26 15:06:34,885 [INFO] BoardInfo:889 - No configuration file found for board NUCLEO-WBA25CE1
2026-05-26 15:06:34,886 [INFO] DbBoards:161 - Board is not supported: NUCLEO-WBA25CE1
2026-05-26 15:06:34,899 [INFO] BoardInfo:889 - No configuration file found for board NUCLEO-WL3RKB1
2026-05-26 15:06:34,899 [INFO] DbBoards:161 - Board is not supported: NUCLEO-WL3RKB1
2026-05-26 15:06:34,901 [INFO] BoardInfo:889 - No configuration file found for board NUCLEO-WL3RKB2
2026-05-26 15:06:34,902 [INFO] DbBoards:161 - Board is not supported: NUCLEO-WL3RKB2
2026-05-26 15:06:34,913 [INFO] BoardInfo:889 - No configuration file found for board P-NUCLEO-WB55
2026-05-26 15:06:34,913 [INFO] DbBoards:161 - Kit is not supported: P-NUCLEO-WB55
2026-05-26 15:06:34,918 [INFO] BoardInfo:889 - No configuration file found for board STEVAL-BFA001V1B
2026-05-26 15:06:34,919 [INFO] DbBoards:161 - Kit is not supported: STEVAL-BFA001V1B
2026-05-26 15:06:34,920 [INFO] BoardInfo:889 - No configuration file found for board STEVAL-BFA001V2B
2026-05-26 15:06:34,921 [INFO] DbBoards:161 - Kit is not supported: STEVAL-BFA001V2B
2026-05-26 15:06:35,010 [INFO] BoardInfo:889 - No configuration file found for board STM32H5F5J-DK
2026-05-26 15:06:35,010 [INFO] DbBoards:161 - Board is not supported: STM32H5F5J-DK
2026-05-26 15:06:35,065 [INFO] BoardInfo:889 - No configuration file found for board STM32MP215F-DK
2026-05-26 15:06:35,065 [INFO] DbBoards:161 - Board is not supported: STM32MP215F-DK
2026-05-26 15:06:35,082 [INFO] DbBoards:168 - Found 218 boards, 208 are supported
2026-05-26 15:06:35,082 [INFO] DbBoards:169 - Found 218 boards, 43 of them is supported for  Bsp
2026-05-26 15:06:35,089 [INFO] ApiDb:423 - Load user favorites file C:\Users\NIVYA/.stm32cubeide/favorites.boards.txt: 0 item(s)
2026-05-26 15:06:35,089 [INFO] ApiDb:427 - User favorites Boards=[]
2026-05-26 15:06:35,089 [INFO] DbBoards:198 - Set 0 / 0 favorites Boards
2026-05-26 15:06:35,119 [ERROR] TargetSelectorAdapter:267 - Unable to refresh data
2026-05-26 15:06:35,189 [INFO] McuFinderGlobals:76 - Set McuFinderConnectedMode to true
2026-05-26 15:06:35,192 [INFO] MultiScanPanel:200 - Auto-refresh data requested => check proxy status ongoing
2026-05-26 15:06:35,193 [INFO] FinderPluginLoader:95 - Searching for filters in installed packs
2026-05-26 15:06:35,284 [ERROR] LogOutputStream:75 - [STDERR_REDIRECT] [Fatal Error] :1:1: Premature end of file.
2026-05-26 15:06:35,284 [ERROR] LogOutputStream:75 - [STDERR_REDIRECT] 
2026-05-26 15:06:36,277 [ERROR] LogOutputStream:75 - [STDERR_REDIRECT] [Fatal Error] :1:1: Premature end of file.
2026-05-26 15:06:36,277 [ERROR] LogOutputStream:75 - [STDERR_REDIRECT] 
2026-05-26 15:06:36,896 [INFO] LoadUrlFilesThread:185 - End of LoadServerUrlFiles without Thread
2026-05-26 15:06:36,897 [INFO] DetailPanel:341 - Set advertising image to C:/Users/NIVYA/STM32Cube/Repository/\en.prom-stm32wba2-stm32-nucleo-board-0426.png
2026-05-26 15:06:37,336 [ERROR] LogOutputStream:75 - [STDERR_REDIRECT] [Fatal Error] :1:1: Premature end of file.
2026-05-26 15:06:37,337 [ERROR] LogOutputStream:75 - [STDERR_REDIRECT] 
2026-05-26 15:06:38,446 [ERROR] LogOutputStream:75 - [STDERR_REDIRECT] [Fatal Error] :1:1: Premature end of file.
2026-05-26 15:06:38,449 [ERROR] LogOutputStream:75 - [STDERR_REDIRECT] 
2026-05-26 15:06:39,280 [ERROR] LogOutputStream:75 - [STDERR_REDIRECT] [Fatal Error] :1:1: Premature end of file.
2026-05-26 15:06:39,281 [ERROR] LogOutputStream:75 - [STDERR_REDIRECT] 
2026-05-26 15:06:40,345 [ERROR] LogOutputStream:75 - [STDERR_REDIRECT] [Fatal Error] :1:1: Premature end of file.
2026-05-26 15:06:40,346 [ERROR] LogOutputStream:75 - [STDERR_REDIRECT] 
2026-05-26 15:06:41,260 [ERROR] LogOutputStream:75 - [STDERR_REDIRECT] [Fatal Error] :1:1: Premature end of file.
2026-05-26 15:06:41,260 [ERROR] LogOutputStream:75 - [STDERR_REDIRECT] 
2026-05-26 15:06:42,252 [ERROR] LogOutputStream:75 - [STDERR_REDIRECT] [Fatal Error] :1:1: Premature end of file.
2026-05-26 15:06:42,252 [ERROR] LogOutputStream:75 - [STDERR_REDIRECT] 
2026-05-26 15:06:43,269 [ERROR] LogOutputStream:75 - [STDERR_REDIRECT] [Fatal Error] :1:1: Premature end of file.
2026-05-26 15:06:43,269 [ERROR] LogOutputStream:75 - [STDERR_REDIRECT] 
2026-05-26 15:06:44,236 [ERROR] LogOutputStream:75 - [STDERR_REDIRECT] [Fatal Error] :1:1: Premature end of file.
2026-05-26 15:06:44,236 [ERROR] LogOutputStream:75 - [STDERR_REDIRECT] 
2026-05-26 15:06:45,233 [ERROR] LogOutputStream:75 - [STDERR_REDIRECT] [Fatal Error] :1:1: Premature end of file.
2026-05-26 15:06:45,233 [ERROR] LogOutputStream:75 - [STDERR_REDIRECT] 
2026-05-26 15:06:46,236 [ERROR] LogOutputStream:75 - [STDERR_REDIRECT] [Fatal Error] :1:1: Premature end of file.
2026-05-26 15:06:46,237 [ERROR] LogOutputStream:75 - [STDERR_REDIRECT] 
2026-05-26 15:06:47,240 [ERROR] LogOutputStream:75 - [STDERR_REDIRECT] [Fatal Error] :1:1: Premature end of file.
2026-05-26 15:06:47,240 [ERROR] LogOutputStream:75 - [STDERR_REDIRECT] 
2026-05-26 15:06:48,231 [ERROR] LogOutputStream:75 - [STDERR_REDIRECT] [Fatal Error] :1:1: Premature end of file.
2026-05-26 15:06:48,232 [ERROR] LogOutputStream:75 - [STDERR_REDIRECT] 
2026-05-26 15:06:49,230 [ERROR] LogOutputStream:75 - [STDERR_REDIRECT] [Fatal Error] :1:1: Premature end of file.
2026-05-26 15:06:49,230 [ERROR] LogOutputStream:75 - [STDERR_REDIRECT] 
2026-05-26 15:06:50,237 [ERROR] LogOutputStream:75 - [STDERR_REDIRECT] [Fatal Error] :1:1: Premature end of file.
2026-05-26 15:06:50,237 [ERROR] LogOutputStream:75 - [STDERR_REDIRECT] 
2026-05-26 15:06:51,233 [ERROR] LogOutputStream:75 - [STDERR_REDIRECT] [Fatal Error] :1:1: Premature end of file.
2026-05-26 15:06:51,233 [ERROR] LogOutputStream:75 - [STDERR_REDIRECT] 
2026-05-26 15:06:52,235 [ERROR] LogOutputStream:75 - [STDERR_REDIRECT] [Fatal Error] :1:1: Premature end of file.
2026-05-26 15:06:52,235 [ERROR] LogOutputStream:75 - [STDERR_REDIRECT] 
2026-05-26 15:06:53,233 [ERROR] LogOutputStream:75 - [STDERR_REDIRECT] [Fatal Error] :1:1: Premature end of file.
2026-05-26 15:06:53,233 [ERROR] LogOutputStream:75 - [STDERR_REDIRECT] 
2026-05-26 15:06:54,229 [ERROR] LogOutputStream:75 - [STDERR_REDIRECT] [Fatal Error] :1:1: Premature end of file.
2026-05-26 15:06:54,229 [ERROR] LogOutputStream:75 - [STDERR_REDIRECT] 
2026-05-26 15:06:55,234 [ERROR] LogOutputStream:75 - [STDERR_REDIRECT] [Fatal Error] :1:1: Premature end of file.
2026-05-26 15:06:55,235 [ERROR] LogOutputStream:75 - [STDERR_REDIRECT] 
2026-05-26 15:06:56,228 [ERROR] LogOutputStream:75 - [STDERR_REDIRECT] [Fatal Error] :1:1: Premature end of file.
2026-05-26 15:06:56,228 [ERROR] LogOutputStream:75 - [STDERR_REDIRECT] 
2026-05-26 15:06:56,936 [INFO] MultiScanPanel:200 - Auto-refresh data requested => check proxy status ongoing
2026-05-26 15:06:57,103 [INFO] LoadUrlFilesThread:185 - End of LoadServerUrlFiles without Thread
2026-05-26 15:06:57,103 [INFO] DetailPanel:341 - Set advertising image to C:/Users/NIVYA/STM32Cube/Repository/\en.prom-stm32wba2-stm32-nucleo-board-0426.png
2026-05-26 15:06:57,125 [INFO] DbBoards:642 - Loading board mini-images...
2026-05-26 15:06:57,241 [ERROR] LogOutputStream:75 - [STDERR_REDIRECT] [Fatal Error] :1:1: Premature end of file.
2026-05-26 15:06:57,241 [ERROR] LogOutputStream:75 - [STDERR_REDIRECT] 
2026-05-26 15:06:58,289 [ERROR] LogOutputStream:75 - [STDERR_REDIRECT] [Fatal Error] :1:1: Premature end of file.
2026-05-26 15:06:58,289 [ERROR] LogOutputStream:75 - [STDERR_REDIRECT] 
2026-05-26 15:06:59,276 [ERROR] LogOutputStream:75 - [STDERR_REDIRECT] [Fatal Error] :1:1: Premature end of file.
2026-05-26 15:06:59,277 [ERROR] LogOutputStream:75 - [STDERR_REDIRECT] 
2026-05-26 15:07:00,239 [ERROR] LogOutputStream:75 - [STDERR_REDIRECT] [Fatal Error] :1:1: Premature end of file.
2026-05-26 15:07:00,240 [ERROR] LogOutputStream:75 - [STDERR_REDIRECT] 
2026-05-26 15:07:00,266 [INFO] DbBoards:665 - Loaded 218 board mini-images
2026-05-26 15:07:01,271 [ERROR] LogOutputStream:75 - [STDERR_REDIRECT] [Fatal Error] :1:1: Premature end of file.
2026-05-26 15:07:01,271 [ERROR] LogOutputStream:75 - [STDERR_REDIRECT] 
2026-05-26 15:07:02,261 [ERROR] LogOutputStream:75 - [STDERR_REDIRECT] [Fatal Error] :1:1: Premature end of file.
2026-05-26 15:07:02,262 [ERROR] LogOutputStream:75 - [STDERR_REDIRECT] 
2026-05-26 15:07:03,250 [ERROR] LogOutputStream:75 - [STDERR_REDIRECT] [Fatal Error] :1:1: Premature end of file.
2026-05-26 15:07:03,251 [ERROR] LogOutputStream:75 - [STDERR_REDIRECT] 
2026-05-26 15:07:04,286 [ERROR] LogOutputStream:75 - [STDERR_REDIRECT] [Fatal Error] :1:1: Premature end of file.
2026-05-26 15:07:04,286 [ERROR] LogOutputStream:75 - [STDERR_REDIRECT] 
2026-05-26 15:07:05,245 [ERROR] LogOutputStream:75 - [STDERR_REDIRECT] [Fatal Error] :1:1: Premature end of file.
2026-05-26 15:07:05,246 [ERROR] LogOutputStream:75 - [STDERR_REDIRECT] 
2026-05-26 15:07:06,243 [ERROR] LogOutputStream:75 - [STDERR_REDIRECT] [Fatal Error] :1:1: Premature end of file.
2026-05-26 15:07:06,243 [ERROR] LogOutputStream:75 - [STDERR_REDIRECT] 
2026-05-26 15:07:07,255 [ERROR] LogOutputStream:75 - [STDERR_REDIRECT] [Fatal Error] :1:1: Premature end of file.
2026-05-26 15:07:07,256 [ERROR] LogOutputStream:75 - [STDERR_REDIRECT] 
2026-05-26 15:07:08,244 [ERROR] LogOutputStream:75 - [STDERR_REDIRECT] [Fatal Error] :1:1: Premature end of file.
2026-05-26 15:07:08,244 [ERROR] LogOutputStream:75 - [STDERR_REDIRECT] 
2026-05-26 15:07:09,247 [ERROR] LogOutputStream:75 - [STDERR_REDIRECT] [Fatal Error] :1:1: Premature end of file.
2026-05-26 15:07:09,247 [ERROR] LogOutputStream:75 - [STDERR_REDIRECT] 
2026-05-26 15:07:10,260 [ERROR] LogOutputStream:75 - [STDERR_REDIRECT] [Fatal Error] :1:1: Premature end of file.
2026-05-26 15:07:10,260 [ERROR] LogOutputStream:75 - [STDERR_REDIRECT] 
2026-05-26 15:07:11,253 [ERROR] LogOutputStream:75 - [STDERR_REDIRECT] [Fatal Error] :1:1: Premature end of file.
2026-05-26 15:07:11,253 [ERROR] LogOutputStream:75 - [STDERR_REDIRECT] 
2026-05-26 15:07:12,254 [ERROR] LogOutputStream:75 - [STDERR_REDIRECT] [Fatal Error] :1:1: Premature end of file.
2026-05-26 15:07:12,254 [ERROR] LogOutputStream:75 - [STDERR_REDIRECT] 
2026-05-26 15:07:13,248 [ERROR] LogOutputStream:75 - [STDERR_REDIRECT] [Fatal Error] :1:1: Premature end of file.
2026-05-26 15:07:13,248 [ERROR] LogOutputStream:75 - [STDERR_REDIRECT] 
2026-05-26 15:07:14,251 [ERROR] LogOutputStream:75 - [STDERR_REDIRECT] [Fatal Error] :1:1: Premature end of file.
2026-05-26 15:07:14,251 [ERROR] LogOutputStream:75 - [STDERR_REDIRECT] 
2026-05-26 15:07:15,245 [ERROR] LogOutputStream:75 - [STDERR_REDIRECT] [Fatal Error] :1:1: Premature end of file.
2026-05-26 15:07:15,245 [ERROR] LogOutputStream:75 - [STDERR_REDIRECT] 
2026-05-26 15:07:16,249 [ERROR] LogOutputStream:75 - [STDERR_REDIRECT] [Fatal Error] :1:1: Premature end of file.
2026-05-26 15:07:16,249 [ERROR] LogOutputStream:75 - [STDERR_REDIRECT] 
2026-05-26 15:07:17,245 [ERROR] LogOutputStream:75 - [STDERR_REDIRECT] [Fatal Error] :1:1: Premature end of file.
2026-05-26 15:07:17,246 [ERROR] LogOutputStream:75 - [STDERR_REDIRECT] 
2026-05-26 15:07:18,245 [ERROR] LogOutputStream:75 - [STDERR_REDIRECT] [Fatal Error] :1:1: Premature end of file.
2026-05-26 15:07:18,246 [ERROR] LogOutputStream:75 - [STDERR_REDIRECT] 
2026-05-26 15:07:19,247 [ERROR] LogOutputStream:75 - [STDERR_REDIRECT] [Fatal Error] :1:1: Premature end of file.
2026-05-26 15:07:19,247 [ERROR] LogOutputStream:75 - [STDERR_REDIRECT] 
2026-05-26 15:07:20,251 [ERROR] LogOutputStream:75 - [STDERR_REDIRECT] [Fatal Error] :1:1: Premature end of file.
2026-05-26 15:07:20,251 [ERROR] LogOutputStream:75 - [STDERR_REDIRECT] 
2026-05-26 15:07:21,244 [ERROR] LogOutputStream:75 - [STDERR_REDIRECT] [Fatal Error] :1:1: Premature end of file.
2026-05-26 15:07:21,244 [ERROR] LogOutputStream:75 - [STDERR_REDIRECT] 
2026-05-26 15:07:22,247 [ERROR] LogOutputStream:75 - [STDERR_REDIRECT] [Fatal Error] :1:1: Premature end of file.
2026-05-26 15:07:22,247 [ERROR] LogOutputStream:75 - [STDERR_REDIRECT] 
2026-05-26 15:07:23,246 [ERROR] LogOutputStream:75 - [STDERR_REDIRECT] [Fatal Error] :1:1: Premature end of file.
2026-05-26 15:07:23,246 [ERROR] LogOutputStream:75 - [STDERR_REDIRECT] 
2026-05-26 15:07:24,244 [ERROR] LogOutputStream:75 - [STDERR_REDIRECT] [Fatal Error] :1:1: Premature end of file.
2026-05-26 15:07:24,244 [ERROR] LogOutputStream:75 - [STDERR_REDIRECT] 
2026-05-26 15:07:25,245 [ERROR] LogOutputStream:75 - [STDERR_REDIRECT] [Fatal Error] :1:1: Premature end of file.
2026-05-26 15:07:25,245 [ERROR] LogOutputStream:75 - [STDERR_REDIRECT] 
2026-05-26 15:07:26,243 [ERROR] LogOutputStream:75 - [STDERR_REDIRECT] [Fatal Error] :1:1: Premature end of file.
2026-05-26 15:07:26,243 [ERROR] LogOutputStream:75 - [STDERR_REDIRECT] 
2026-05-26 15:07:27,269 [ERROR] LogOutputStream:75 - [STDERR_REDIRECT] [Fatal Error] :1:1: Premature end of file.
2026-05-26 15:07:27,269 [ERROR] LogOutputStream:75 - [STDERR_REDIRECT] 
2026-05-26 15:07:28,279 [ERROR] LogOutputStream:75 - [STDERR_REDIRECT] [Fatal Error] :1:1: Premature end of file.
2026-05-26 15:07:28,279 [ERROR] LogOutputStream:75 - [STDERR_REDIRECT] 
2026-05-26 15:07:29,242 [ERROR] LogOutputStream:75 - [STDERR_REDIRECT] [Fatal Error] :1:1: Premature end of file.
2026-05-26 15:07:29,242 [ERROR] LogOutputStream:75 - [STDERR_REDIRECT] 
2026-05-26 15:07:30,248 [ERROR] LogOutputStream:75 - [STDERR_REDIRECT] [Fatal Error] :1:1: Premature end of file.
2026-05-26 15:07:30,248 [ERROR] LogOutputStream:75 - [STDERR_REDIRECT] 
2026-05-26 15:07:31,245 [ERROR] LogOutputStream:75 - [STDERR_REDIRECT] [Fatal Error] :1:1: Premature end of file.
2026-05-26 15:07:31,245 [ERROR] LogOutputStream:75 - [STDERR_REDIRECT] 
2026-05-26 15:07:32,249 [ERROR] LogOutputStream:75 - [STDERR_REDIRECT] [Fatal Error] :1:1: Premature end of file.
2026-05-26 15:07:32,250 [ERROR] LogOutputStream:75 - [STDERR_REDIRECT] 
2026-05-26 15:07:33,264 [ERROR] LogOutputStream:75 - [STDERR_REDIRECT] [Fatal Error] :1:1: Premature end of file.
2026-05-26 15:07:33,265 [ERROR] LogOutputStream:75 - [STDERR_REDIRECT] 
2026-05-26 15:07:34,275 [ERROR] LogOutputStream:75 - [STDERR_REDIRECT] [Fatal Error] :1:1: Premature end of file.
2026-05-26 15:07:34,275 [ERROR] LogOutputStream:75 - [STDERR_REDIRECT] 
2026-05-26 15:07:35,247 [ERROR] LogOutputStream:75 - [STDERR_REDIRECT] [Fatal Error] :1:1: Premature end of file.
2026-05-26 15:07:35,247 [ERROR] LogOutputStream:75 - [STDERR_REDIRECT] 
2026-05-26 15:07:36,252 [ERROR] LogOutputStream:75 - [STDERR_REDIRECT] [Fatal Error] :1:1: Premature end of file.
2026-05-26 15:07:36,252 [ERROR] LogOutputStream:75 - [STDERR_REDIRECT] 
2026-05-26 15:07:37,235 [ERROR] LogOutputStream:75 - [STDERR_REDIRECT] [Fatal Error] :1:1: Premature end of file.
2026-05-26 15:07:37,235 [ERROR] LogOutputStream:75 - [STDERR_REDIRECT] 
2026-05-26 15:07:38,244 [ERROR] LogOutputStream:75 - [STDERR_REDIRECT] [Fatal Error] :1:1: Premature end of file.
2026-05-26 15:07:38,244 [ERROR] LogOutputStream:75 - [STDERR_REDIRECT] 
2026-05-26 15:07:39,242 [ERROR] LogOutputStream:75 - [STDERR_REDIRECT] [Fatal Error] :1:1: Premature end of file.
2026-05-26 15:07:39,242 [ERROR] LogOutputStream:75 - [STDERR_REDIRECT] 
2026-05-26 15:07:40,244 [ERROR] LogOutputStream:75 - [STDERR_REDIRECT] [Fatal Error] :1:1: Premature end of file.
2026-05-26 15:07:40,244 [ERROR] LogOutputStream:75 - [STDERR_REDIRECT] 
2026-05-26 15:07:41,247 [ERROR] LogOutputStream:75 - [STDERR_REDIRECT] [Fatal Error] :1:1: Premature end of file.
2026-05-26 15:07:41,247 [ERROR] LogOutputStream:75 - [STDERR_REDIRECT] 
2026-05-26 15:07:42,280 [ERROR] LogOutputStream:75 - [STDERR_REDIRECT] [Fatal Error] :1:1: Premature end of file.
2026-05-26 15:07:42,282 [ERROR] LogOutputStream:75 - [STDERR_REDIRECT] 
2026-05-26 15:07:43,256 [ERROR] LogOutputStream:75 - [STDERR_REDIRECT] [Fatal Error] :1:1: Premature end of file.
2026-05-26 15:07:43,256 [ERROR] LogOutputStream:75 - [STDERR_REDIRECT] 
2026-05-26 15:07:44,249 [ERROR] LogOutputStream:75 - [STDERR_REDIRECT] [Fatal Error] :1:1: Premature end of file.
2026-05-26 15:07:44,250 [ERROR] LogOutputStream:75 - [STDERR_REDIRECT] 
2026-05-26 15:07:45,247 [ERROR] LogOutputStream:75 - [STDERR_REDIRECT] [Fatal Error] :1:1: Premature end of file.
2026-05-26 15:07:45,247 [ERROR] LogOutputStream:75 - [STDERR_REDIRECT] 
2026-05-26 15:07:46,247 [ERROR] LogOutputStream:75 - [STDERR_REDIRECT] [Fatal Error] :1:1: Premature end of file.
2026-05-26 15:07:46,248 [ERROR] LogOutputStream:75 - [STDERR_REDIRECT] 
2026-05-26 15:07:47,247 [ERROR] LogOutputStream:75 - [STDERR_REDIRECT] [Fatal Error] :1:1: Premature end of file.
2026-05-26 15:07:47,248 [ERROR] LogOutputStream:75 - [STDERR_REDIRECT] 
2026-05-26 15:07:48,247 [ERROR] LogOutputStream:75 - [STDERR_REDIRECT] [Fatal Error] :1:1: Premature end of file.
2026-05-26 15:07:48,247 [ERROR] LogOutputStream:75 - [STDERR_REDIRECT] 
2026-05-26 15:07:49,245 [ERROR] LogOutputStream:75 - [STDERR_REDIRECT] [Fatal Error] :1:1: Premature end of file.
2026-05-26 15:07:49,245 [ERROR] LogOutputStream:75 - [STDERR_REDIRECT] 
2026-05-26 15:07:50,244 [ERROR] LogOutputStream:75 - [STDERR_REDIRECT] [Fatal Error] :1:1: Premature end of file.
2026-05-26 15:07:50,244 [ERROR] LogOutputStream:75 - [STDERR_REDIRECT] 
2026-05-26 15:07:51,246 [ERROR] LogOutputStream:75 - [STDERR_REDIRECT] [Fatal Error] :1:1: Premature end of file.
2026-05-26 15:07:51,247 [ERROR] LogOutputStream:75 - [STDERR_REDIRECT] 
2026-05-26 15:07:52,245 [ERROR] LogOutputStream:75 - [STDERR_REDIRECT] [Fatal Error] :1:1: Premature end of file.
2026-05-26 15:07:52,245 [ERROR] LogOutputStream:75 - [STDERR_REDIRECT] 
2026-05-26 15:07:53,252 [ERROR] LogOutputStream:75 - [STDERR_REDIRECT] [Fatal Error] :1:1: Premature end of file.
2026-05-26 15:07:53,252 [ERROR] LogOutputStream:75 - [STDERR_REDIRECT] 
2026-05-26 15:07:54,247 [ERROR] LogOutputStream:75 - [STDERR_REDIRECT] [Fatal Error] :1:1: Premature end of file.
2026-05-26 15:07:54,248 [ERROR] LogOutputStream:75 - [STDERR_REDIRECT] 
2026-05-26 15:07:55,248 [ERROR] LogOutputStream:75 - [STDERR_REDIRECT] [Fatal Error] :1:1: Premature end of file.
2026-05-26 15:07:55,248 [ERROR] LogOutputStream:75 - [STDERR_REDIRECT] 
2026-05-26 15:07:56,248 [ERROR] LogOutputStream:75 - [STDERR_REDIRECT] [Fatal Error] :1:1: Premature end of file.
2026-05-26 15:07:56,248 [ERROR] LogOutputStream:75 - [STDERR_REDIRECT] 
2026-05-26 15:07:57,252 [ERROR] LogOutputStream:75 - [STDERR_REDIRECT] [Fatal Error] :1:1: Premature end of file.
2026-05-26 15:07:57,252 [ERROR] LogOutputStream:75 - [STDERR_REDIRECT] 
2026-05-26 15:07:58,266 [ERROR] LogOutputStream:75 - [STDERR_REDIRECT] [Fatal Error] :1:1: Premature end of file.
2026-05-26 15:07:58,268 [ERROR] LogOutputStream:75 - [STDERR_REDIRECT] 
2026-05-26 15:07:59,259 [ERROR] LogOutputStream:75 - [STDERR_REDIRECT] [Fatal Error] :1:1: Premature end of file.
2026-05-26 15:07:59,260 [ERROR] LogOutputStream:75 - [STDERR_REDIRECT] 
2026-05-26 15:08:00,257 [ERROR] LogOutputStream:75 - [STDERR_REDIRECT] [Fatal Error] :1:1: Premature end of file.
2026-05-26 15:08:00,258 [ERROR] LogOutputStream:75 - [STDERR_REDIRECT] 
2026-05-26 15:08:00,692 [INFO] McuFinderGlobals:76 - Set McuFinderConnectedMode to true
2026-05-26 15:08:00,695 [INFO] ApiDb:448 - Save user favorites file C:\Users\NIVYA/.stm32cubeide/favorites.mcus.txt: 0 item(s)
2026-05-26 15:08:00,695 [INFO] ApiDb:452 - User favorites MCUs=[]
2026-05-26 15:08:00,698 [INFO] ApiDb:448 - Save user favorites file C:\Users\NIVYA/.stm32cubeide/favorites.boards.txt: 0 item(s)
2026-05-26 15:08:00,698 [INFO] ApiDb:452 - User favorites Boards=[]
2026-05-26 15:08:01,250 [ERROR] LogOutputStream:75 - [STDERR_REDIRECT] [Fatal Error] :1:1: Premature end of file.
2026-05-26 15:08:01,253 [ERROR] LogOutputStream:75 - [STDERR_REDIRECT] 
2026-05-26 15:08:02,255 [ERROR] LogOutputStream:75 - [STDERR_REDIRECT] [Fatal Error] :1:1: Premature end of file.
2026-05-26 15:08:02,257 [ERROR] LogOutputStream:75 - [STDERR_REDIRECT] 
2026-05-26 15:08:03,247 [ERROR] LogOutputStream:75 - [STDERR_REDIRECT] [Fatal Error] :1:1: Premature end of file.
2026-05-26 15:08:03,247 [ERROR] LogOutputStream:75 - [STDERR_REDIRECT] 
2026-05-26 15:08:04,249 [ERROR] LogOutputStream:75 - [STDERR_REDIRECT] [Fatal Error] :1:1: Premature end of file.
2026-05-26 15:08:04,249 [ERROR] LogOutputStream:75 - [STDERR_REDIRECT] 
2026-05-26 15:08:05,267 [ERROR] LogOutputStream:75 - [STDERR_REDIRECT] [Fatal Error] :1:1: Premature end of file.
2026-05-26 15:08:05,267 [ERROR] LogOutputStream:75 - [STDERR_REDIRECT] 
2026-05-26 15:08:06,261 [ERROR] LogOutputStream:75 - [STDERR_REDIRECT] [Fatal Error] :1:1: Premature end of file.
2026-05-26 15:08:06,261 [ERROR] LogOutputStream:75 - [STDERR_REDIRECT] 
2026-05-26 15:08:07,248 [ERROR] LogOutputStream:75 - [STDERR_REDIRECT] [Fatal Error] :1:1: Premature end of file.
2026-05-26 15:08:07,248 [ERROR] LogOutputStream:75 - [STDERR_REDIRECT] 
2026-05-26 15:08:08,242 [ERROR] LogOutputStream:75 - [STDERR_REDIRECT] [Fatal Error] :1:1: Premature end of file.
2026-05-26 15:08:08,243 [ERROR] LogOutputStream:75 - [STDERR_REDIRECT] 
2026-05-26 15:08:09,241 [ERROR] LogOutputStream:75 - [STDERR_REDIRECT] [Fatal Error] :1:1: Premature end of file.
2026-05-26 15:08:09,242 [ERROR] LogOutputStream:75 - [STDERR_REDIRECT] 
2026-05-26 15:08:10,236 [ERROR] LogOutputStream:75 - [STDERR_REDIRECT] [Fatal Error] :1:1: Premature end of file.
2026-05-26 15:08:10,237 [ERROR] LogOutputStream:75 - [STDERR_REDIRECT] 
2026-05-26 15:08:11,240 [ERROR] LogOutputStream:75 - [STDERR_REDIRECT] [Fatal Error] :1:1: Premature end of file.
2026-05-26 15:08:11,240 [ERROR] LogOutputStream:75 - [STDERR_REDIRECT] 
2026-05-26 15:08:12,249 [ERROR] LogOutputStream:75 - [STDERR_REDIRECT] [Fatal Error] :1:1: Premature end of file.
2026-05-26 15:08:12,250 [ERROR] LogOutputStream:75 - [STDERR_REDIRECT] 
2026-05-26 15:08:13,244 [ERROR] LogOutputStream:75 - [STDERR_REDIRECT] [Fatal Error] :1:1: Premature end of file.
2026-05-26 15:08:13,245 [ERROR] LogOutputStream:75 - [STDERR_REDIRECT] 
2026-05-26 15:08:14,245 [ERROR] LogOutputStream:75 - [STDERR_REDIRECT] [Fatal Error] :1:1: Premature end of file.
2026-05-26 15:08:14,245 [ERROR] LogOutputStream:75 - [STDERR_REDIRECT] 
2026-05-26 15:08:15,247 [ERROR] LogOutputStream:75 - [STDERR_REDIRECT] [Fatal Error] :1:1: Premature end of file.
2026-05-26 15:08:15,248 [ERROR] LogOutputStream:75 - [STDERR_REDIRECT] 
2026-05-26 15:08:16,250 [ERROR] LogOutputStream:75 - [STDERR_REDIRECT] [Fatal Error] :1:1: Premature end of file.
2026-05-26 15:08:16,250 [ERROR] LogOutputStream:75 - [STDERR_REDIRECT] 
2026-05-26 15:08:17,254 [ERROR] LogOutputStream:75 - [STDERR_REDIRECT] [Fatal Error] :1:1: Premature end of file.
2026-05-26 15:08:17,254 [ERROR] LogOutputStream:75 - [STDERR_REDIRECT] 
2026-05-26 15:08:18,252 [ERROR] LogOutputStream:75 - [STDERR_REDIRECT] [Fatal Error] :1:1: Premature end of file.
2026-05-26 15:08:18,252 [ERROR] LogOutputStream:75 - [STDERR_REDIRECT] 
2026-05-26 15:08:19,255 [ERROR] LogOutputStream:75 - [STDERR_REDIRECT] [Fatal Error] :1:1: Premature end of file.
2026-05-26 15:08:19,255 [ERROR] LogOutputStream:75 - [STDERR_REDIRECT] 
2026-05-26 15:08:20,254 [ERROR] LogOutputStream:75 - [STDERR_REDIRECT] [Fatal Error] :1:1: Premature end of file.
2026-05-26 15:08:20,255 [ERROR] LogOutputStream:75 - [STDERR_REDIRECT] 
2026-05-26 15:08:21,263 [ERROR] LogOutputStream:75 - [STDERR_REDIRECT] [Fatal Error] :1:1: Premature end of file.
2026-05-26 15:08:21,263 [ERROR] LogOutputStream:75 - [STDERR_REDIRECT] 
2026-05-26 15:08:22,247 [ERROR] LogOutputStream:75 - [STDERR_REDIRECT] [Fatal Error] :1:1: Premature end of file.
2026-05-26 15:08:22,247 [ERROR] LogOutputStream:75 - [STDERR_REDIRECT] 
2026-05-26 15:08:23,267 [ERROR] LogOutputStream:75 - [STDERR_REDIRECT] [Fatal Error] :1:1: Premature end of file.
2026-05-26 15:08:23,267 [ERROR] LogOutputStream:75 - [STDERR_REDIRECT] 
2026-05-26 15:08:24,254 [ERROR] LogOutputStream:75 - [STDERR_REDIRECT] [Fatal Error] :1:1: Premature end of file.
2026-05-26 15:08:24,255 [ERROR] LogOutputStream:75 - [STDERR_REDIRECT] 
2026-05-26 15:08:25,250 [ERROR] LogOutputStream:75 - [STDERR_REDIRECT] [Fatal Error] :1:1: Premature end of file.
2026-05-26 15:08:25,250 [ERROR] LogOutputStream:75 - [STDERR_REDIRECT] 
2026-05-26 15:08:26,259 [ERROR] LogOutputStream:75 - [STDERR_REDIRECT] [Fatal Error] :1:1: Premature end of file.
2026-05-26 15:08:26,259 [ERROR] LogOutputStream:75 - [STDERR_REDIRECT] 
2026-05-26 15:08:27,251 [ERROR] LogOutputStream:75 - [STDERR_REDIRECT] [Fatal Error] :1:1: Premature end of file.
2026-05-26 15:08:27,251 [ERROR] LogOutputStream:75 - [STDERR_REDIRECT] 
2026-05-26 15:08:28,244 [ERROR] LogOutputStream:75 - [STDERR_REDIRECT] [Fatal Error] :1:1: Premature end of file.
2026-05-26 15:08:28,244 [ERROR] LogOutputStream:75 - [STDERR_REDIRECT] 
2026-05-26 15:08:29,265 [ERROR] LogOutputStream:75 - [STDERR_REDIRECT] [Fatal Error] :1:1: Premature end of file.
2026-05-26 15:08:29,265 [ERROR] LogOutputStream:75 - [STDERR_REDIRECT] 
2026-05-26 15:08:30,246 [ERROR] LogOutputStream:75 - [STDERR_REDIRECT] [Fatal Error] :1:1: Premature end of file.
2026-05-26 15:08:30,246 [ERROR] LogOutputStream:75 - [STDERR_REDIRECT] 
2026-05-26 15:08:31,245 [ERROR] LogOutputStream:75 - [STDERR_REDIRECT] [Fatal Error] :1:1: Premature end of file.
2026-05-26 15:08:31,245 [ERROR] LogOutputStream:75 - [STDERR_REDIRECT] 
2026-05-26 15:08:32,246 [ERROR] LogOutputStream:75 - [STDERR_REDIRECT] [Fatal Error] :1:1: Premature end of file.
2026-05-26 15:08:32,247 [ERROR] LogOutputStream:75 - [STDERR_REDIRECT] 
2026-05-26 15:08:33,252 [ERROR] LogOutputStream:75 - [STDERR_REDIRECT] [Fatal Error] :1:1: Premature end of file.
2026-05-26 15:08:33,252 [ERROR] LogOutputStream:75 - [STDERR_REDIRECT] 
2026-05-26 15:08:34,252 [ERROR] LogOutputStream:75 - [STDERR_REDIRECT] [Fatal Error] :1:1: Premature end of file.
2026-05-26 15:08:34,252 [ERROR] LogOutputStream:75 - [STDERR_REDIRECT] 
2026-05-26 15:08:35,248 [ERROR] LogOutputStream:75 - [STDERR_REDIRECT] [Fatal Error] :1:1: Premature end of file.
2026-05-26 15:08:35,248 [ERROR] LogOutputStream:75 - [STDERR_REDIRECT] 
2026-05-26 15:08:36,246 [ERROR] LogOutputStream:75 - [STDERR_REDIRECT] [Fatal Error] :1:1: Premature end of file.
2026-05-26 15:08:36,247 [ERROR] LogOutputStream:75 - [STDERR_REDIRECT] 
2026-05-26 15:08:37,246 [ERROR] LogOutputStream:75 - [STDERR_REDIRECT] [Fatal Error] :1:1: Premature end of file.
2026-05-26 15:08:37,246 [ERROR] LogOutputStream:75 - [STDERR_REDIRECT] 
2026-05-26 15:08:38,247 [ERROR] LogOutputStream:75 - [STDERR_REDIRECT] [Fatal Error] :1:1: Premature end of file.
2026-05-26 15:08:38,247 [ERROR] LogOutputStream:75 - [STDERR_REDIRECT] 
2026-05-26 15:08:39,246 [ERROR] LogOutputStream:75 - [STDERR_REDIRECT] [Fatal Error] :1:1: Premature end of file.
2026-05-26 15:08:39,247 [ERROR] LogOutputStream:75 - [STDERR_REDIRECT] 
2026-05-26 15:08:40,246 [ERROR] LogOutputStream:75 - [STDERR_REDIRECT] [Fatal Error] :1:1: Premature end of file.
2026-05-26 15:08:40,246 [ERROR] LogOutputStream:75 - [STDERR_REDIRECT] 
2026-05-26 15:08:41,248 [ERROR] LogOutputStream:75 - [STDERR_REDIRECT] [Fatal Error] :1:1: Premature end of file.
2026-05-26 15:08:41,248 [ERROR] LogOutputStream:75 - [STDERR_REDIRECT] 
2026-05-26 15:08:42,249 [ERROR] LogOutputStream:75 - [STDERR_REDIRECT] [Fatal Error] :1:1: Premature end of file.
2026-05-26 15:08:42,249 [ERROR] LogOutputStream:75 - [STDERR_REDIRECT] 
2026-05-26 15:08:43,246 [ERROR] LogOutputStream:75 - [STDERR_REDIRECT] [Fatal Error] :1:1: Premature end of file.
2026-05-26 15:08:43,246 [ERROR] LogOutputStream:75 - [STDERR_REDIRECT] 
2026-05-26 15:08:44,244 [ERROR] LogOutputStream:75 - [STDERR_REDIRECT] [Fatal Error] :1:1: Premature end of file.
2026-05-26 15:08:44,245 [ERROR] LogOutputStream:75 - [STDERR_REDIRECT] 
2026-05-26 15:08:45,247 [ERROR] LogOutputStream:75 - [STDERR_REDIRECT] [Fatal Error] :1:1: Premature end of file.
2026-05-26 15:08:45,247 [ERROR] LogOutputStream:75 - [STDERR_REDIRECT] 
2026-05-26 15:08:46,246 [ERROR] LogOutputStream:75 - [STDERR_REDIRECT] [Fatal Error] :1:1: Premature end of file.
2026-05-26 15:08:46,246 [ERROR] LogOutputStream:75 - [STDERR_REDIRECT] 
2026-05-26 15:08:47,252 [ERROR] LogOutputStream:75 - [STDERR_REDIRECT] [Fatal Error] :1:1: Premature end of file.
2026-05-26 15:08:47,252 [ERROR] LogOutputStream:75 - [STDERR_REDIRECT] 
2026-05-26 15:08:48,255 [ERROR] LogOutputStream:75 - [STDERR_REDIRECT] [Fatal Error] :1:1: Premature end of file.
2026-05-26 15:08:48,255 [ERROR] LogOutputStream:75 - [STDERR_REDIRECT] 
2026-05-26 15:08:49,242 [ERROR] LogOutputStream:75 - [STDERR_REDIRECT] [Fatal Error] :1:1: Premature end of file.
2026-05-26 15:08:49,242 [ERROR] LogOutputStream:75 - [STDERR_REDIRECT] 
2026-05-26 15:08:50,252 [ERROR] LogOutputStream:75 - [STDERR_REDIRECT] [Fatal Error] :1:1: Premature end of file.
2026-05-26 15:08:50,252 [ERROR] LogOutputStream:75 - [STDERR_REDIRECT] 
2026-05-26 15:08:51,247 [ERROR] LogOutputStream:75 - [STDERR_REDIRECT] [Fatal Error] :1:1: Premature end of file.
2026-05-26 15:08:51,247 [ERROR] LogOutputStream:75 - [STDERR_REDIRECT] 
2026-05-26 15:08:52,251 [ERROR] LogOutputStream:75 - [STDERR_REDIRECT] [Fatal Error] :1:1: Premature end of file.
2026-05-26 15:08:52,251 [ERROR] LogOutputStream:75 - [STDERR_REDIRECT] 
2026-05-26 15:08:53,249 [ERROR] LogOutputStream:75 - [STDERR_REDIRECT] [Fatal Error] :1:1: Premature end of file.
2026-05-26 15:08:53,249 [ERROR] LogOutputStream:75 - [STDERR_REDIRECT] 
2026-05-26 15:08:54,253 [ERROR] LogOutputStream:75 - [STDERR_REDIRECT] [Fatal Error] :1:1: Premature end of file.
2026-05-26 15:08:54,253 [ERROR] LogOutputStream:75 - [STDERR_REDIRECT] 
2026-05-26 15:08:55,252 [ERROR] LogOutputStream:75 - [STDERR_REDIRECT] [Fatal Error] :1:1: Premature end of file.
2026-05-26 15:08:55,252 [ERROR] LogOutputStream:75 - [STDERR_REDIRECT] 
2026-05-26 15:08:56,250 [ERROR] LogOutputStream:75 - [STDERR_REDIRECT] [Fatal Error] :1:1: Premature end of file.
2026-05-26 15:08:56,250 [ERROR] LogOutputStream:75 - [STDERR_REDIRECT] 
2026-05-26 15:08:57,251 [ERROR] LogOutputStream:75 - [STDERR_REDIRECT] [Fatal Error] :1:1: Premature end of file.
2026-05-26 15:08:57,251 [ERROR] LogOutputStream:75 - [STDERR_REDIRECT] 
2026-05-26 15:08:58,248 [ERROR] LogOutputStream:75 - [STDERR_REDIRECT] [Fatal Error] :1:1: Premature end of file.
2026-05-26 15:08:58,249 [ERROR] LogOutputStream:75 - [STDERR_REDIRECT] 
2026-05-26 15:08:59,251 [ERROR] LogOutputStream:75 - [STDERR_REDIRECT] [Fatal Error] :1:1: Premature end of file.
2026-05-26 15:08:59,251 [ERROR] LogOutputStream:75 - [STDERR_REDIRECT] 
2026-05-26 15:09:00,253 [ERROR] LogOutputStream:75 - [STDERR_REDIRECT] [Fatal Error] :1:1: Premature end of file.
2026-05-26 15:09:00,253 [ERROR] LogOutputStream:75 - [STDERR_REDIRECT] 
2026-05-26 15:09:01,243 [ERROR] LogOutputStream:75 - [STDERR_REDIRECT] [Fatal Error] :1:1: Premature end of file.
2026-05-26 15:09:01,243 [ERROR] LogOutputStream:75 - [STDERR_REDIRECT] 
2026-05-26 15:09:02,254 [ERROR] LogOutputStream:75 - [STDERR_REDIRECT] [Fatal Error] :1:1: Premature end of file.
2026-05-26 15:09:02,254 [ERROR] LogOutputStream:75 - [STDERR_REDIRECT] 
2026-05-26 15:09:03,257 [ERROR] LogOutputStream:75 - [STDERR_REDIRECT] [Fatal Error] :1:1: Premature end of file.
2026-05-26 15:09:03,258 [ERROR] LogOutputStream:75 - [STDERR_REDIRECT] 
2026-05-26 15:09:04,257 [ERROR] LogOutputStream:75 - [STDERR_REDIRECT] [Fatal Error] :1:1: Premature end of file.
2026-05-26 15:09:04,258 [ERROR] LogOutputStream:75 - [STDERR_REDIRECT] 
2026-05-26 15:09:05,244 [ERROR] LogOutputStream:75 - [STDERR_REDIRECT] [Fatal Error] :1:1: Premature end of file.
2026-05-26 15:09:05,244 [ERROR] LogOutputStream:75 - [STDERR_REDIRECT] 
2026-05-26 15:09:06,247 [ERROR] LogOutputStream:75 - [STDERR_REDIRECT] [Fatal Error] :1:1: Premature end of file.
2026-05-26 15:09:06,247 [ERROR] LogOutputStream:75 - [STDERR_REDIRECT] 
2026-05-26 15:09:07,246 [ERROR] LogOutputStream:75 - [STDERR_REDIRECT] [Fatal Error] :1:1: Premature end of file.
2026-05-26 15:09:07,248 [ERROR] LogOutputStream:75 - [STDERR_REDIRECT] 
2026-05-26 15:09:08,244 [ERROR] LogOutputStream:75 - [STDERR_REDIRECT] [Fatal Error] :1:1: Premature end of file.
2026-05-26 15:09:08,244 [ERROR] LogOutputStream:75 - [STDERR_REDIRECT] 
2026-05-26 15:09:09,257 [ERROR] LogOutputStream:75 - [STDERR_REDIRECT] [Fatal Error] :1:1: Premature end of file.
2026-05-26 15:09:09,257 [ERROR] LogOutputStream:75 - [STDERR_REDIRECT] 
2026-05-26 15:09:10,245 [ERROR] LogOutputStream:75 - [STDERR_REDIRECT] [Fatal Error] :1:1: Premature end of file.
2026-05-26 15:09:10,245 [ERROR] LogOutputStream:75 - [STDERR_REDIRECT] 
2026-05-26 15:09:11,267 [ERROR] LogOutputStream:75 - [STDERR_REDIRECT] [Fatal Error] :1:1: Premature end of file.
2026-05-26 15:09:11,267 [ERROR] LogOutputStream:75 - [STDERR_REDIRECT] 
2026-05-26 15:09:12,247 [ERROR] LogOutputStream:75 - [STDERR_REDIRECT] [Fatal Error] :1:1: Premature end of file.
2026-05-26 15:09:12,248 [ERROR] LogOutputStream:75 - [STDERR_REDIRECT] 
2026-05-26 15:09:13,253 [ERROR] LogOutputStream:75 - [STDERR_REDIRECT] [Fatal Error] :1:1: Premature end of file.
2026-05-26 15:09:13,255 [ERROR] LogOutputStream:75 - [STDERR_REDIRECT] 
2026-05-26 15:09:14,246 [ERROR] LogOutputStream:75 - [STDERR_REDIRECT] [Fatal Error] :1:1: Premature end of file.
2026-05-26 15:09:14,247 [ERROR] LogOutputStream:75 - [STDERR_REDIRECT] 
2026-05-26 15:09:15,245 [ERROR] LogOutputStream:75 - [STDERR_REDIRECT] [Fatal Error] :1:1: Premature end of file.
2026-05-26 15:09:15,246 [ERROR] LogOutputStream:75 - [STDERR_REDIRECT] 
2026-05-26 15:09:16,248 [ERROR] LogOutputStream:75 - [STDERR_REDIRECT] [Fatal Error] :1:1: Premature end of file.
2026-05-26 15:09:16,248 [ERROR] LogOutputStream:75 - [STDERR_REDIRECT] 
2026-05-26 15:09:17,279 [ERROR] LogOutputStream:75 - [STDERR_REDIRECT] [Fatal Error] :1:1: Premature end of file.
2026-05-26 15:09:17,281 [ERROR] LogOutputStream:75 - [STDERR_REDIRECT] 
2026-05-26 15:09:18,248 [ERROR] LogOutputStream:75 - [STDERR_REDIRECT] [Fatal Error] :1:1: Premature end of file.
2026-05-26 15:09:18,248 [ERROR] LogOutputStream:75 - [STDERR_REDIRECT] 
2026-05-26 15:09:19,250 [ERROR] LogOutputStream:75 - [STDERR_REDIRECT] [Fatal Error] :1:1: Premature end of file.
2026-05-26 15:09:19,251 [ERROR] LogOutputStream:75 - [STDERR_REDIRECT] 
2026-05-26 15:09:20,249 [ERROR] LogOutputStream:75 - [STDERR_REDIRECT] [Fatal Error] :1:1: Premature end of file.
2026-05-26 15:09:20,249 [ERROR] LogOutputStream:75 - [STDERR_REDIRECT] 
2026-05-26 15:09:21,247 [ERROR] LogOutputStream:75 - [STDERR_REDIRECT] [Fatal Error] :1:1: Premature end of file.
2026-05-26 15:09:21,247 [ERROR] LogOutputStream:75 - [STDERR_REDIRECT] 
2026-05-26 15:09:22,247 [ERROR] LogOutputStream:75 - [STDERR_REDIRECT] [Fatal Error] :1:1: Premature end of file.
2026-05-26 15:09:22,247 [ERROR] LogOutputStream:75 - [STDERR_REDIRECT] 
2026-05-26 15:09:23,248 [ERROR] LogOutputStream:75 - [STDERR_REDIRECT] [Fatal Error] :1:1: Premature end of file.
2026-05-26 15:09:23,249 [ERROR] LogOutputStream:75 - [STDERR_REDIRECT] 
2026-05-26 15:09:24,247 [ERROR] LogOutputStream:75 - [STDERR_REDIRECT] [Fatal Error] :1:1: Premature end of file.
2026-05-26 15:09:24,247 [ERROR] LogOutputStream:75 - [STDERR_REDIRECT] 
2026-05-26 15:09:25,248 [ERROR] LogOutputStream:75 - [STDERR_REDIRECT] [Fatal Error] :1:1: Premature end of file.
2026-05-26 15:09:25,248 [ERROR] LogOutputStream:75 - [STDERR_REDIRECT] 
2026-05-26 15:09:26,247 [ERROR] LogOutputStream:75 - [STDERR_REDIRECT] [Fatal Error] :1:1: Premature end of file.
2026-05-26 15:09:26,247 [ERROR] LogOutputStream:75 - [STDERR_REDIRECT] 
2026-05-26 15:09:27,250 [ERROR] LogOutputStream:75 - [STDERR_REDIRECT] [Fatal Error] :1:1: Premature end of file.
2026-05-26 15:09:27,250 [ERROR] LogOutputStream:75 - [STDERR_REDIRECT] 
2026-05-26 15:09:28,253 [ERROR] LogOutputStream:75 - [STDERR_REDIRECT] [Fatal Error] :1:1: Premature end of file.
2026-05-26 15:09:28,253 [ERROR] LogOutputStream:75 - [STDERR_REDIRECT] 
2026-05-26 15:09:29,258 [ERROR] LogOutputStream:75 - [STDERR_REDIRECT] [Fatal Error] :1:1: Premature end of file.
2026-05-26 15:09:29,258 [ERROR] LogOutputStream:75 - [STDERR_REDIRECT] 
2026-05-26 15:09:30,259 [ERROR] LogOutputStream:75 - [STDERR_REDIRECT] [Fatal Error] :1:1: Premature end of file.
2026-05-26 15:09:30,260 [ERROR] LogOutputStream:75 - [STDERR_REDIRECT] 
2026-05-26 15:09:31,250 [ERROR] LogOutputStream:75 - [STDERR_REDIRECT] [Fatal Error] :1:1: Premature end of file.
2026-05-26 15:09:31,251 [ERROR] LogOutputStream:75 - [STDERR_REDIRECT] 
2026-05-26 15:09:32,266 [ERROR] LogOutputStream:75 - [STDERR_REDIRECT] [Fatal Error] :1:1: Premature end of file.
2026-05-26 15:09:32,266 [ERROR] LogOutputStream:75 - [STDERR_REDIRECT] 
2026-05-26 15:09:33,256 [ERROR] LogOutputStream:75 - [STDERR_REDIRECT] [Fatal Error] :1:1: Premature end of file.
2026-05-26 15:09:33,256 [ERROR] LogOutputStream:75 - [STDERR_REDIRECT] 
2026-05-26 15:09:34,247 [ERROR] LogOutputStream:75 - [STDERR_REDIRECT] [Fatal Error] :1:1: Premature end of file.
2026-05-26 15:09:34,247 [ERROR] LogOutputStream:75 - [STDERR_REDIRECT] 
2026-05-26 15:09:35,250 [ERROR] LogOutputStream:75 - [STDERR_REDIRECT] [Fatal Error] :1:1: Premature end of file.
2026-05-26 15:09:35,250 [ERROR] LogOutputStream:75 - [STDERR_REDIRECT] 
2026-05-26 15:09:36,248 [ERROR] LogOutputStream:75 - [STDERR_REDIRECT] [Fatal Error] :1:1: Premature end of file.
2026-05-26 15:09:36,248 [ERROR] LogOutputStream:75 - [STDERR_REDIRECT] 
2026-05-26 15:09:37,251 [ERROR] LogOutputStream:75 - [STDERR_REDIRECT] [Fatal Error] :1:1: Premature end of file.
2026-05-26 15:09:37,251 [ERROR] LogOutputStream:75 - [STDERR_REDIRECT] 
2026-05-26 15:09:38,254 [ERROR] LogOutputStream:75 - [STDERR_REDIRECT] [Fatal Error] :1:1: Premature end of file.
2026-05-26 15:09:38,254 [ERROR] LogOutputStream:75 - [STDERR_REDIRECT] 
2026-05-26 15:09:39,260 [ERROR] LogOutputStream:75 - [STDERR_REDIRECT] [Fatal Error] :1:1: Premature end of file.
2026-05-26 15:09:39,261 [ERROR] LogOutputStream:75 - [STDERR_REDIRECT] 
2026-05-26 15:09:40,257 [ERROR] LogOutputStream:75 - [STDERR_REDIRECT] [Fatal Error] :1:1: Premature end of file.
2026-05-26 15:09:40,257 [ERROR] LogOutputStream:75 - [STDERR_REDIRECT] 
2026-05-26 15:09:41,231 [ERROR] LogOutputStream:75 - [STDERR_REDIRECT] [Fatal Error] :1:1: Premature end of file.
2026-05-26 15:09:41,231 [ERROR] LogOutputStream:75 - [STDERR_REDIRECT] 
2026-05-26 15:09:42,247 [ERROR] LogOutputStream:75 - [STDERR_REDIRECT] [Fatal Error] :1:1: Premature end of file.
2026-05-26 15:09:42,247 [ERROR] LogOutputStream:75 - [STDERR_REDIRECT] 
2026-05-26 15:09:43,240 [ERROR] LogOutputStream:75 - [STDERR_REDIRECT] [Fatal Error] :1:1: Premature end of file.
2026-05-26 15:09:43,241 [ERROR] LogOutputStream:75 - [STDERR_REDIRECT] 
2026-05-26 15:09:44,252 [ERROR] LogOutputStream:75 - [STDERR_REDIRECT] [Fatal Error] :1:1: Premature end of file.
2026-05-26 15:09:44,252 [ERROR] LogOutputStream:75 - [STDERR_REDIRECT] 
2026-05-26 15:09:45,262 [ERROR] LogOutputStream:75 - [STDERR_REDIRECT] [Fatal Error] :1:1: Premature end of file.
2026-05-26 15:09:45,262 [ERROR] LogOutputStream:75 - [STDERR_REDIRECT] 
2026-05-26 15:09:46,242 [ERROR] LogOutputStream:75 - [STDERR_REDIRECT] [Fatal Error] :1:1: Premature end of file.
2026-05-26 15:09:46,243 [ERROR] LogOutputStream:75 - [STDERR_REDIRECT] 
2026-05-26 15:09:47,247 [ERROR] LogOutputStream:75 - [STDERR_REDIRECT] [Fatal Error] :1:1: Premature end of file.
2026-05-26 15:09:47,247 [ERROR] LogOutputStream:75 - [STDERR_REDIRECT] 
2026-05-26 15:09:48,255 [ERROR] LogOutputStream:75 - [STDERR_REDIRECT] [Fatal Error] :1:1: Premature end of file.
2026-05-26 15:09:48,255 [ERROR] LogOutputStream:75 - [STDERR_REDIRECT] 
2026-05-26 15:09:49,251 [ERROR] LogOutputStream:75 - [STDERR_REDIRECT] [Fatal Error] :1:1: Premature end of file.
2026-05-26 15:09:49,251 [ERROR] LogOutputStream:75 - [STDERR_REDIRECT] 
2026-05-26 15:09:50,251 [ERROR] LogOutputStream:75 - [STDERR_REDIRECT] [Fatal Error] :1:1: Premature end of file.
2026-05-26 15:09:50,252 [ERROR] LogOutputStream:75 - [STDERR_REDIRECT] 
2026-05-26 15:09:51,248 [ERROR] LogOutputStream:75 - [STDERR_REDIRECT] [Fatal Error] :1:1: Premature end of file.
2026-05-26 15:09:51,249 [ERROR] LogOutputStream:75 - [STDERR_REDIRECT] 
2026-05-26 15:09:52,250 [ERROR] LogOutputStream:75 - [STDERR_REDIRECT] [Fatal Error] :1:1: Premature end of file.
2026-05-26 15:09:52,251 [ERROR] LogOutputStream:75 - [STDERR_REDIRECT] 
2026-05-26 15:09:53,274 [ERROR] LogOutputStream:75 - [STDERR_REDIRECT] [Fatal Error] :1:1: Premature end of file.
2026-05-26 15:09:53,276 [ERROR] LogOutputStream:75 - [STDERR_REDIRECT] 
2026-05-26 15:09:54,248 [ERROR] LogOutputStream:75 - [STDERR_REDIRECT] [Fatal Error] :1:1: Premature end of file.
2026-05-26 15:09:54,248 [ERROR] LogOutputStream:75 - [STDERR_REDIRECT] 
2026-05-26 15:09:55,247 [ERROR] LogOutputStream:75 - [STDERR_REDIRECT] [Fatal Error] :1:1: Premature end of file.
2026-05-26 15:09:55,248 [ERROR] LogOutputStream:75 - [STDERR_REDIRECT] 
2026-05-26 15:09:56,251 [ERROR] LogOutputStream:75 - [STDERR_REDIRECT] [Fatal Error] :1:1: Premature end of file.
2026-05-26 15:09:56,252 [ERROR] LogOutputStream:75 - [STDERR_REDIRECT] 
2026-05-26 15:09:57,247 [ERROR] LogOutputStream:75 - [STDERR_REDIRECT] [Fatal Error] :1:1: Premature end of file.
2026-05-26 15:09:57,247 [ERROR] LogOutputStream:75 - [STDERR_REDIRECT] 
2026-05-26 15:09:58,252 [ERROR] LogOutputStream:75 - [STDERR_REDIRECT] [Fatal Error] :1:1: Premature end of file.
2026-05-26 15:09:58,253 [ERROR] LogOutputStream:75 - [STDERR_REDIRECT] 
2026-05-26 15:09:59,259 [ERROR] LogOutputStream:75 - [STDERR_REDIRECT] [Fatal Error] :1:1: Premature end of file.
2026-05-26 15:09:59,259 [ERROR] LogOutputStream:75 - [STDERR_REDIRECT] 
2026-05-26 15:10:00,259 [ERROR] LogOutputStream:75 - [STDERR_REDIRECT] [Fatal Error] :1:1: Premature end of file.
2026-05-26 15:10:00,260 [ERROR] LogOutputStream:75 - [STDERR_REDIRECT] 
2026-05-26 15:10:01,253 [ERROR] LogOutputStream:75 - [STDERR_REDIRECT] [Fatal Error] :1:1: Premature end of file.
2026-05-26 15:10:01,254 [ERROR] LogOutputStream:75 - [STDERR_REDIRECT] 
2026-05-26 15:10:02,247 [ERROR] LogOutputStream:75 - [STDERR_REDIRECT] [Fatal Error] :1:1: Premature end of file.
2026-05-26 15:10:02,248 [ERROR] LogOutputStream:75 - [STDERR_REDIRECT] 
2026-05-26 15:10:03,262 [ERROR] LogOutputStream:75 - [STDERR_REDIRECT] [Fatal Error] :1:1: Premature end of file.
2026-05-26 15:10:03,262 [ERROR] LogOutputStream:75 - [STDERR_REDIRECT] 
2026-05-26 15:10:04,252 [ERROR] LogOutputStream:75 - [STDERR_REDIRECT] [Fatal Error] :1:1: Premature end of file.
2026-05-26 15:10:04,254 [ERROR] LogOutputStream:75 - [STDERR_REDIRECT] 
2026-05-26 15:10:05,248 [ERROR] LogOutputStream:75 - [STDERR_REDIRECT] [Fatal Error] :1:1: Premature end of file.
2026-05-26 15:10:05,249 [ERROR] LogOutputStream:75 - [STDERR_REDIRECT] 
2026-05-26 15:10:06,243 [ERROR] LogOutputStream:75 - [STDERR_REDIRECT] [Fatal Error] :1:1: Premature end of file.
2026-05-26 15:10:06,243 [ERROR] LogOutputStream:75 - [STDERR_REDIRECT] 
2026-05-26 15:10:07,245 [ERROR] LogOutputStream:75 - [STDERR_REDIRECT] [Fatal Error] :1:1: Premature end of file.
2026-05-26 15:10:07,247 [ERROR] LogOutputStream:75 - [STDERR_REDIRECT] 
2026-05-26 15:10:08,254 [ERROR] LogOutputStream:75 - [STDERR_REDIRECT] [Fatal Error] :1:1: Premature end of file.
2026-05-26 15:10:08,254 [ERROR] LogOutputStream:75 - [STDERR_REDIRECT] 
2026-05-26 15:10:09,268 [ERROR] LogOutputStream:75 - [STDERR_REDIRECT] [Fatal Error] :1:1: Premature end of file.
2026-05-26 15:10:09,268 [ERROR] LogOutputStream:75 - [STDERR_REDIRECT] 
2026-05-26 15:10:10,243 [ERROR] LogOutputStream:75 - [STDERR_REDIRECT] [Fatal Error] :1:1: Premature end of file.
2026-05-26 15:10:10,244 [ERROR] LogOutputStream:75 - [STDERR_REDIRECT] 
2026-05-26 15:10:11,265 [ERROR] LogOutputStream:75 - [STDERR_REDIRECT] [Fatal Error] :1:1: Premature end of file.
2026-05-26 15:10:11,265 [ERROR] LogOutputStream:75 - [STDERR_REDIRECT] 
2026-05-26 15:10:12,247 [ERROR] LogOutputStream:75 - [STDERR_REDIRECT] [Fatal Error] :1:1: Premature end of file.
2026-05-26 15:10:12,247 [ERROR] LogOutputStream:75 - [STDERR_REDIRECT] 
2026-05-26 15:10:13,249 [ERROR] LogOutputStream:75 - [STDERR_REDIRECT] [Fatal Error] :1:1: Premature end of file.
2026-05-26 15:10:13,249 [ERROR] LogOutputStream:75 - [STDERR_REDIRECT] 
2026-05-26 15:10:14,253 [ERROR] LogOutputStream:75 - [STDERR_REDIRECT] [Fatal Error] :1:1: Premature end of file.
2026-05-26 15:10:14,253 [ERROR] LogOutputStream:75 - [STDERR_REDIRECT] 
2026-05-26 15:10:15,252 [ERROR] LogOutputStream:75 - [STDERR_REDIRECT] [Fatal Error] :1:1: Premature end of file.
2026-05-26 15:10:15,253 [ERROR] LogOutputStream:75 - [STDERR_REDIRECT] 
2026-05-26 15:10:16,251 [ERROR] LogOutputStream:75 - [STDERR_REDIRECT] [Fatal Error] :1:1: Premature end of file.
2026-05-26 15:10:16,252 [ERROR] LogOutputStream:75 - [STDERR_REDIRECT] 
2026-05-26 15:10:17,252 [ERROR] LogOutputStream:75 - [STDERR_REDIRECT] [Fatal Error] :1:1: Premature end of file.
2026-05-26 15:10:17,252 [ERROR] LogOutputStream:75 - [STDERR_REDIRECT] 
2026-05-26 15:10:18,233 [ERROR] LogOutputStream:75 - [STDERR_REDIRECT] [Fatal Error] :1:1: Premature end of file.
2026-05-26 15:10:18,233 [ERROR] LogOutputStream:75 - [STDERR_REDIRECT] 
2026-05-26 15:10:19,229 [ERROR] LogOutputStream:75 - [STDERR_REDIRECT] [Fatal Error] :1:1: Premature end of file.
2026-05-26 15:10:19,229 [ERROR] LogOutputStream:75 - [STDERR_REDIRECT] 
2026-05-26 15:10:20,229 [ERROR] LogOutputStream:75 - [STDERR_REDIRECT] [Fatal Error] :1:1: Premature end of file.
2026-05-26 15:10:20,229 [ERROR] LogOutputStream:75 - [STDERR_REDIRECT] 
2026-05-26 15:10:21,229 [ERROR] LogOutputStream:75 - [STDERR_REDIRECT] [Fatal Error] :1:1: Premature end of file.
2026-05-26 15:10:21,230 [ERROR] LogOutputStream:75 - [STDERR_REDIRECT] 
2026-05-26 15:10:22,264 [ERROR] LogOutputStream:75 - [STDERR_REDIRECT] [Fatal Error] :1:1: Premature end of file.
2026-05-26 15:10:22,264 [ERROR] LogOutputStream:75 - [STDERR_REDIRECT] 
2026-05-26 15:10:23,259 [ERROR] LogOutputStream:75 - [STDERR_REDIRECT] [Fatal Error] :1:1: Premature end of file.
2026-05-26 15:10:23,260 [ERROR] LogOutputStream:75 - [STDERR_REDIRECT] 
2026-05-26 15:10:24,258 [ERROR] LogOutputStream:75 - [STDERR_REDIRECT] [Fatal Error] :1:1: Premature end of file.
2026-05-26 15:10:24,258 [ERROR] LogOutputStream:75 - [STDERR_REDIRECT] 
2026-05-26 15:10:25,249 [ERROR] LogOutputStream:75 - [STDERR_REDIRECT] [Fatal Error] :1:1: Premature end of file.
2026-05-26 15:10:25,249 [ERROR] LogOutputStream:75 - [STDERR_REDIRECT] 
2026-05-26 15:10:26,247 [ERROR] LogOutputStream:75 - [STDERR_REDIRECT] [Fatal Error] :1:1: Premature end of file.
2026-05-26 15:10:26,247 [ERROR] LogOutputStream:75 - [STDERR_REDIRECT] 
2026-05-26 15:10:27,243 [ERROR] LogOutputStream:75 - [STDERR_REDIRECT] [Fatal Error] :1:1: Premature end of file.
2026-05-26 15:10:27,243 [ERROR] LogOutputStream:75 - [STDERR_REDIRECT] 
2026-05-26 15:10:28,245 [ERROR] LogOutputStream:75 - [STDERR_REDIRECT] [Fatal Error] :1:1: Premature end of file.
2026-05-26 15:10:28,245 [ERROR] LogOutputStream:75 - [STDERR_REDIRECT] 
2026-05-26 15:10:29,261 [ERROR] LogOutputStream:75 - [STDERR_REDIRECT] [Fatal Error] :1:1: Premature end of file.
2026-05-26 15:10:29,262 [ERROR] LogOutputStream:75 - [STDERR_REDIRECT] 
2026-05-26 15:10:30,254 [ERROR] LogOutputStream:75 - [STDERR_REDIRECT] [Fatal Error] :1:1: Premature end of file.
2026-05-26 15:10:30,255 [ERROR] LogOutputStream:75 - [STDERR_REDIRECT] 
2026-05-26 15:10:31,248 [ERROR] LogOutputStream:75 - [STDERR_REDIRECT] [Fatal Error] :1:1: Premature end of file.
2026-05-26 15:10:31,248 [ERROR] LogOutputStream:75 - [STDERR_REDIRECT] 
2026-05-26 15:10:32,246 [ERROR] LogOutputStream:75 - [STDERR_REDIRECT] [Fatal Error] :1:1: Premature end of file.
2026-05-26 15:10:32,246 [ERROR] LogOutputStream:75 - [STDERR_REDIRECT] 
2026-05-26 15:10:33,248 [ERROR] LogOutputStream:75 - [STDERR_REDIRECT] [Fatal Error] :1:1: Premature end of file.
2026-05-26 15:10:33,248 [ERROR] LogOutputStream:75 - [STDERR_REDIRECT] 
2026-05-26 15:10:34,242 [ERROR] LogOutputStream:75 - [STDERR_REDIRECT] [Fatal Error] :1:1: Premature end of file.
2026-05-26 15:10:34,242 [ERROR] LogOutputStream:75 - [STDERR_REDIRECT] 
2026-05-26 15:10:35,246 [ERROR] LogOutputStream:75 - [STDERR_REDIRECT] [Fatal Error] :1:1: Premature end of file.
2026-05-26 15:10:35,246 [ERROR] LogOutputStream:75 - [STDERR_REDIRECT] 
2026-05-26 15:10:36,247 [ERROR] LogOutputStream:75 - [STDERR_REDIRECT] [Fatal Error] :1:1: Premature end of file.
2026-05-26 15:10:36,247 [ERROR] LogOutputStream:75 - [STDERR_REDIRECT] 
2026-05-26 15:10:37,247 [ERROR] LogOutputStream:75 - [STDERR_REDIRECT] [Fatal Error] :1:1: Premature end of file.
2026-05-26 15:10:37,247 [ERROR] LogOutputStream:75 - [STDERR_REDIRECT] 
2026-05-26 15:10:38,244 [ERROR] LogOutputStream:75 - [STDERR_REDIRECT] [Fatal Error] :1:1: Premature end of file.
2026-05-26 15:10:38,244 [ERROR] LogOutputStream:75 - [STDERR_REDIRECT] 
2026-05-26 15:10:39,253 [ERROR] LogOutputStream:75 - [STDERR_REDIRECT] [Fatal Error] :1:1: Premature end of file.
2026-05-26 15:10:39,253 [ERROR] LogOutputStream:75 - [STDERR_REDIRECT] 
2026-05-26 15:10:40,250 [ERROR] LogOutputStream:75 - [STDERR_REDIRECT] [Fatal Error] :1:1: Premature end of file.
2026-05-26 15:10:40,251 [ERROR] LogOutputStream:75 - [STDERR_REDIRECT] 
2026-05-26 15:10:41,244 [ERROR] LogOutputStream:75 - [STDERR_REDIRECT] [Fatal Error] :1:1: Premature end of file.
2026-05-26 15:10:41,244 [ERROR] LogOutputStream:75 - [STDERR_REDIRECT] 
2026-05-26 15:10:42,247 [ERROR] LogOutputStream:75 - [STDERR_REDIRECT] [Fatal Error] :1:1: Premature end of file.
2026-05-26 15:10:42,247 [ERROR] LogOutputStream:75 - [STDERR_REDIRECT] 
2026-05-26 15:10:43,254 [ERROR] LogOutputStream:75 - [STDERR_REDIRECT] [Fatal Error] :1:1: Premature end of file.
2026-05-26 15:10:43,254 [ERROR] LogOutputStream:75 - [STDERR_REDIRECT] 
2026-05-26 15:10:44,251 [ERROR] LogOutputStream:75 - [STDERR_REDIRECT] [Fatal Error] :1:1: Premature end of file.
2026-05-26 15:10:44,251 [ERROR] LogOutputStream:75 - [STDERR_REDIRECT] 
2026-05-26 15:10:45,271 [ERROR] LogOutputStream:75 - [STDERR_REDIRECT] [Fatal Error] :1:1: Premature end of file.
2026-05-26 15:10:45,271 [ERROR] LogOutputStream:75 - [STDERR_REDIRECT] 
2026-05-26 15:10:46,245 [ERROR] LogOutputStream:75 - [STDERR_REDIRECT] [Fatal Error] :1:1: Premature end of file.
2026-05-26 15:10:46,245 [ERROR] LogOutputStream:75 - [STDERR_REDIRECT] 
2026-05-26 15:10:47,245 [ERROR] LogOutputStream:75 - [STDERR_REDIRECT] [Fatal Error] :1:1: Premature end of file.
2026-05-26 15:10:47,245 [ERROR] LogOutputStream:75 - [STDERR_REDIRECT] 
2026-05-26 15:10:48,250 [ERROR] LogOutputStream:75 - [STDERR_REDIRECT] [Fatal Error] :1:1: Premature end of file.
2026-05-26 15:10:48,250 [ERROR] LogOutputStream:75 - [STDERR_REDIRECT] 
2026-05-26 15:10:49,248 [ERROR] LogOutputStream:75 - [STDERR_REDIRECT] [Fatal Error] :1:1: Premature end of file.
2026-05-26 15:10:49,248 [ERROR] LogOutputStream:75 - [STDERR_REDIRECT] 
2026-05-26 15:10:50,252 [ERROR] LogOutputStream:75 - [STDERR_REDIRECT] [Fatal Error] :1:1: Premature end of file.
2026-05-26 15:10:50,252 [ERROR] LogOutputStream:75 - [STDERR_REDIRECT] 
2026-05-26 15:10:51,247 [ERROR] LogOutputStream:75 - [STDERR_REDIRECT] [Fatal Error] :1:1: Premature end of file.
2026-05-26 15:10:51,247 [ERROR] LogOutputStream:75 - [STDERR_REDIRECT] 
2026-05-26 15:10:52,245 [ERROR] LogOutputStream:75 - [STDERR_REDIRECT] [Fatal Error] :1:1: Premature end of file.
2026-05-26 15:10:52,246 [ERROR] LogOutputStream:75 - [STDERR_REDIRECT] 
2026-05-26 15:10:53,250 [ERROR] LogOutputStream:75 - [STDERR_REDIRECT] [Fatal Error] :1:1: Premature end of file.
2026-05-26 15:10:53,251 [ERROR] LogOutputStream:75 - [STDERR_REDIRECT] 
2026-05-26 15:10:54,246 [ERROR] LogOutputStream:75 - [STDERR_REDIRECT] [Fatal Error] :1:1: Premature end of file.
2026-05-26 15:10:54,246 [ERROR] LogOutputStream:75 - [STDERR_REDIRECT] 
2026-05-26 15:10:55,252 [ERROR] LogOutputStream:75 - [STDERR_REDIRECT] [Fatal Error] :1:1: Premature end of file.
2026-05-26 15:10:55,253 [ERROR] LogOutputStream:75 - [STDERR_REDIRECT] 
2026-05-26 15:10:56,247 [ERROR] LogOutputStream:75 - [STDERR_REDIRECT] [Fatal Error] :1:1: Premature end of file.
2026-05-26 15:10:56,247 [ERROR] LogOutputStream:75 - [STDERR_REDIRECT] 
2026-05-26 15:10:57,249 [ERROR] LogOutputStream:75 - [STDERR_REDIRECT] [Fatal Error] :1:1: Premature end of file.
2026-05-26 15:10:57,249 [ERROR] LogOutputStream:75 - [STDERR_REDIRECT] 
2026-05-26 15:10:58,251 [ERROR] LogOutputStream:75 - [STDERR_REDIRECT] [Fatal Error] :1:1: Premature end of file.
2026-05-26 15:10:58,252 [ERROR] LogOutputStream:75 - [STDERR_REDIRECT] 
2026-05-26 15:10:59,250 [ERROR] LogOutputStream:75 - [STDERR_REDIRECT] [Fatal Error] :1:1: Premature end of file.
2026-05-26 15:10:59,250 [ERROR] LogOutputStream:75 - [STDERR_REDIRECT] 
2026-05-26 15:11:00,248 [ERROR] LogOutputStream:75 - [STDERR_REDIRECT] [Fatal Error] :1:1: Premature end of file.
2026-05-26 15:11:00,248 [ERROR] LogOutputStream:75 - [STDERR_REDIRECT] 
2026-05-26 15:11:01,251 [ERROR] LogOutputStream:75 - [STDERR_REDIRECT] [Fatal Error] :1:1: Premature end of file.
2026-05-26 15:11:01,252 [ERROR] LogOutputStream:75 - [STDERR_REDIRECT] 
2026-05-26 15:11:02,244 [ERROR] LogOutputStream:75 - [STDERR_REDIRECT] [Fatal Error] :1:1: Premature end of file.
2026-05-26 15:11:02,244 [ERROR] LogOutputStream:75 - [STDERR_REDIRECT] 
2026-05-26 15:11:03,262 [ERROR] LogOutputStream:75 - [STDERR_REDIRECT] [Fatal Error] :1:1: Premature end of file.
2026-05-26 15:11:03,262 [ERROR] LogOutputStream:75 - [STDERR_REDIRECT] 
2026-05-26 15:11:04,245 [ERROR] LogOutputStream:75 - [STDERR_REDIRECT] [Fatal Error] :1:1: Premature end of file.
2026-05-26 15:11:04,246 [ERROR] LogOutputStream:75 - [STDERR_REDIRECT] 
2026-05-26 15:11:05,329 [ERROR] LogOutputStream:75 - [STDERR_REDIRECT] [Fatal Error] :1:1: Premature end of file.
2026-05-26 15:11:05,329 [ERROR] LogOutputStream:75 - [STDERR_REDIRECT] 
2026-05-26 15:11:06,250 [ERROR] LogOutputStream:75 - [STDERR_REDIRECT] [Fatal Error] :1:1: Premature end of file.
2026-05-26 15:11:06,250 [ERROR] LogOutputStream:75 - [STDERR_REDIRECT] 
2026-05-26 15:11:07,258 [ERROR] LogOutputStream:75 - [STDERR_REDIRECT] [Fatal Error] :1:1: Premature end of file.
2026-05-26 15:11:07,258 [ERROR] LogOutputStream:75 - [STDERR_REDIRECT] 
2026-05-26 15:11:08,252 [ERROR] LogOutputStream:75 - [STDERR_REDIRECT] [Fatal Error] :1:1: Premature end of file.
2026-05-26 15:11:08,254 [ERROR] LogOutputStream:75 - [STDERR_REDIRECT] 
2026-05-26 15:11:09,262 [ERROR] LogOutputStream:75 - [STDERR_REDIRECT] [Fatal Error] :1:1: Premature end of file.
2026-05-26 15:11:09,262 [ERROR] LogOutputStream:75 - [STDERR_REDIRECT] 
2026-05-26 15:11:10,251 [ERROR] LogOutputStream:75 - [STDERR_REDIRECT] [Fatal Error] :1:1: Premature end of file.
2026-05-26 15:11:10,252 [ERROR] LogOutputStream:75 - [STDERR_REDIRECT] 
2026-05-26 15:11:11,251 [ERROR] LogOutputStream:75 - [STDERR_REDIRECT] [Fatal Error] :1:1: Premature end of file.
2026-05-26 15:11:11,251 [ERROR] LogOutputStream:75 - [STDERR_REDIRECT] 
2026-05-26 15:11:12,255 [ERROR] LogOutputStream:75 - [STDERR_REDIRECT] [Fatal Error] :1:1: Premature end of file.
2026-05-26 15:11:12,256 [ERROR] LogOutputStream:75 - [STDERR_REDIRECT] 
2026-05-26 15:11:13,253 [ERROR] LogOutputStream:75 - [STDERR_REDIRECT] [Fatal Error] :1:1: Premature end of file.
2026-05-26 15:11:13,253 [ERROR] LogOutputStream:75 - [STDERR_REDIRECT] 
2026-05-26 15:11:14,247 [ERROR] LogOutputStream:75 - [STDERR_REDIRECT] [Fatal Error] :1:1: Premature end of file.
2026-05-26 15:11:14,249 [ERROR] LogOutputStream:75 - [STDERR_REDIRECT] 
2026-05-26 15:11:15,248 [ERROR] LogOutputStream:75 - [STDERR_REDIRECT] [Fatal Error] :1:1: Premature end of file.
2026-05-26 15:11:15,248 [ERROR] LogOutputStream:75 - [STDERR_REDIRECT] 
2026-05-26 15:11:16,253 [ERROR] LogOutputStream:75 - [STDERR_REDIRECT] [Fatal Error] :1:1: Premature end of file.
2026-05-26 15:11:16,253 [ERROR] LogOutputStream:75 - [STDERR_REDIRECT] 
2026-05-26 15:11:17,265 [ERROR] LogOutputStream:75 - [STDERR_REDIRECT] [Fatal Error] :1:1: Premature end of file.
2026-05-26 15:11:17,265 [ERROR] LogOutputStream:75 - [STDERR_REDIRECT] 
2026-05-26 15:11:18,260 [ERROR] LogOutputStream:75 - [STDERR_REDIRECT] [Fatal Error] :1:1: Premature end of file.
2026-05-26 15:11:18,260 [ERROR] LogOutputStream:75 - [STDERR_REDIRECT] 
2026-05-26 15:11:19,249 [ERROR] LogOutputStream:75 - [STDERR_REDIRECT] [Fatal Error] :1:1: Premature end of file.
2026-05-26 15:11:19,249 [ERROR] LogOutputStream:75 - [STDERR_REDIRECT] 
2026-05-26 15:11:20,250 [ERROR] LogOutputStream:75 - [STDERR_REDIRECT] [Fatal Error] :1:1: Premature end of file.
2026-05-26 15:11:20,250 [ERROR] LogOutputStream:75 - [STDERR_REDIRECT] 
2026-05-26 15:11:21,251 [ERROR] LogOutputStream:75 - [STDERR_REDIRECT] [Fatal Error] :1:1: Premature end of file.
2026-05-26 15:11:21,252 [ERROR] LogOutputStream:75 - [STDERR_REDIRECT] 
2026-05-26 15:11:22,246 [ERROR] LogOutputStream:75 - [STDERR_REDIRECT] [Fatal Error] :1:1: Premature end of file.
2026-05-26 15:11:22,247 [ERROR] LogOutputStream:75 - [STDERR_REDIRECT] 
2026-05-26 15:11:23,245 [ERROR] LogOutputStream:75 - [STDERR_REDIRECT] [Fatal Error] :1:1: Premature end of file.
2026-05-26 15:11:23,246 [ERROR] LogOutputStream:75 - [STDERR_REDIRECT] 
2026-05-26 15:11:24,267 [ERROR] LogOutputStream:75 - [STDERR_REDIRECT] [Fatal Error] :1:1: Premature end of file.
2026-05-26 15:11:24,267 [ERROR] LogOutputStream:75 - [STDERR_REDIRECT] 
2026-05-26 15:11:25,263 [ERROR] LogOutputStream:75 - [STDERR_REDIRECT] [Fatal Error] :1:1: Premature end of file.
2026-05-26 15:11:25,263 [ERROR] LogOutputStream:75 - [STDERR_REDIRECT] 
2026-05-26 15:11:26,258 [ERROR] LogOutputStream:75 - [STDERR_REDIRECT] [Fatal Error] :1:1: Premature end of file.
2026-05-26 15:11:26,258 [ERROR] LogOutputStream:75 - [STDERR_REDIRECT] 
2026-05-26 15:11:27,264 [ERROR] LogOutputStream:75 - [STDERR_REDIRECT] [Fatal Error] :1:1: Premature end of file.
2026-05-26 15:11:27,265 [ERROR] LogOutputStream:75 - [STDERR_REDIRECT] 
2026-05-26 15:11:28,258 [ERROR] LogOutputStream:75 - [STDERR_REDIRECT] [Fatal Error] :1:1: Premature end of file.
2026-05-26 15:11:28,258 [ERROR] LogOutputStream:75 - [STDERR_REDIRECT] 
2026-05-26 15:11:29,254 [ERROR] LogOutputStream:75 - [STDERR_REDIRECT] [Fatal Error] :1:1: Premature end of file.
2026-05-26 15:11:29,255 [ERROR] LogOutputStream:75 - [STDERR_REDIRECT] 
2026-05-26 15:11:30,251 [ERROR] LogOutputStream:75 - [STDERR_REDIRECT] [Fatal Error] :1:1: Premature end of file.
2026-05-26 15:11:30,251 [ERROR] LogOutputStream:75 - [STDERR_REDIRECT] 
2026-05-26 15:11:31,254 [ERROR] LogOutputStream:75 - [STDERR_REDIRECT] [Fatal Error] :1:1: Premature end of file.
2026-05-26 15:11:31,255 [ERROR] LogOutputStream:75 - [STDERR_REDIRECT] 
2026-05-26 15:11:32,268 [ERROR] LogOutputStream:75 - [STDERR_REDIRECT] [Fatal Error] :1:1: Premature end of file.
2026-05-26 15:11:32,269 [ERROR] LogOutputStream:75 - [STDERR_REDIRECT] 
2026-05-26 15:11:33,246 [ERROR] LogOutputStream:75 - [STDERR_REDIRECT] [Fatal Error] :1:1: Premature end of file.
2026-05-26 15:11:33,246 [ERROR] LogOutputStream:75 - [STDERR_REDIRECT] 
2026-05-26 15:11:34,259 [ERROR] LogOutputStream:75 - [STDERR_REDIRECT] [Fatal Error] :1:1: Premature end of file.
2026-05-26 15:11:34,259 [ERROR] LogOutputStream:75 - [STDERR_REDIRECT] 
2026-05-26 15:11:35,245 [ERROR] LogOutputStream:75 - [STDERR_REDIRECT] [Fatal Error] :1:1: Premature end of file.
2026-05-26 15:11:35,246 [ERROR] LogOutputStream:75 - [STDERR_REDIRECT] 
2026-05-26 15:11:36,247 [ERROR] LogOutputStream:75 - [STDERR_REDIRECT] [Fatal Error] :1:1: Premature end of file.
2026-05-26 15:11:36,248 [ERROR] LogOutputStream:75 - [STDERR_REDIRECT] 
2026-05-26 15:11:37,247 [ERROR] LogOutputStream:75 - [STDERR_REDIRECT] [Fatal Error] :1:1: Premature end of file.
2026-05-26 15:11:37,247 [ERROR] LogOutputStream:75 - [STDERR_REDIRECT] 
2026-05-26 15:11:38,246 [ERROR] LogOutputStream:75 - [STDERR_REDIRECT] [Fatal Error] :1:1: Premature end of file.
2026-05-26 15:11:38,246 [ERROR] LogOutputStream:75 - [STDERR_REDIRECT] 
2026-05-26 15:11:39,244 [ERROR] LogOutputStream:75 - [STDERR_REDIRECT] [Fatal Error] :1:1: Premature end of file.
2026-05-26 15:11:39,244 [ERROR] LogOutputStream:75 - [STDERR_REDIRECT] 
2026-05-26 15:11:40,253 [ERROR] LogOutputStream:75 - [STDERR_REDIRECT] [Fatal Error] :1:1: Premature end of file.
2026-05-26 15:11:40,253 [ERROR] LogOutputStream:75 - [STDERR_REDIRECT] 
2026-05-26 15:11:41,244 [ERROR] LogOutputStream:75 - [STDERR_REDIRECT] [Fatal Error] :1:1: Premature end of file.
2026-05-26 15:11:41,244 [ERROR] LogOutputStream:75 - [STDERR_REDIRECT] 
2026-05-26 15:11:42,250 [ERROR] LogOutputStream:75 - [STDERR_REDIRECT] [Fatal Error] :1:1: Premature end of file.
2026-05-26 15:11:42,250 [ERROR] LogOutputStream:75 - [STDERR_REDIRECT] 
2026-05-26 15:11:43,248 [ERROR] LogOutputStream:75 - [STDERR_REDIRECT] [Fatal Error] :1:1: Premature end of file.
2026-05-26 15:11:43,248 [ERROR] LogOutputStream:75 - [STDERR_REDIRECT] 
2026-05-26 15:11:44,269 [ERROR] LogOutputStream:75 - [STDERR_REDIRECT] [Fatal Error] :1:1: Premature end of file.
2026-05-26 15:11:44,269 [ERROR] LogOutputStream:75 - [STDERR_REDIRECT] 
2026-05-26 15:11:45,250 [ERROR] LogOutputStream:75 - [STDERR_REDIRECT] [Fatal Error] :1:1: Premature end of file.
2026-05-26 15:11:45,251 [ERROR] LogOutputStream:75 - [STDERR_REDIRECT] 
2026-05-26 15:11:46,249 [ERROR] LogOutputStream:75 - [STDERR_REDIRECT] [Fatal Error] :1:1: Premature end of file.
2026-05-26 15:11:46,250 [ERROR] LogOutputStream:75 - [STDERR_REDIRECT] 
2026-05-26 15:11:47,245 [ERROR] LogOutputStream:75 - [STDERR_REDIRECT] [Fatal Error] :1:1: Premature end of file.
2026-05-26 15:11:47,245 [ERROR] LogOutputStream:75 - [STDERR_REDIRECT] 
2026-05-26 15:11:48,244 [ERROR] LogOutputStream:75 - [STDERR_REDIRECT] [Fatal Error] :1:1: Premature end of file.
2026-05-26 15:11:48,244 [ERROR] LogOutputStream:75 - [STDERR_REDIRECT] 
2026-05-26 15:11:49,248 [ERROR] LogOutputStream:75 - [STDERR_REDIRECT] [Fatal Error] :1:1: Premature end of file.
2026-05-26 15:11:49,248 [ERROR] LogOutputStream:75 - [STDERR_REDIRECT] 
2026-05-26 15:11:50,245 [ERROR] LogOutputStream:75 - [STDERR_REDIRECT] [Fatal Error] :1:1: Premature end of file.
2026-05-26 15:11:50,245 [ERROR] LogOutputStream:75 - [STDERR_REDIRECT] 
2026-05-26 15:11:51,247 [ERROR] LogOutputStream:75 - [STDERR_REDIRECT] [Fatal Error] :1:1: Premature end of file.
2026-05-26 15:11:51,247 [ERROR] LogOutputStream:75 - [STDERR_REDIRECT] 
2026-05-26 15:11:52,245 [ERROR] LogOutputStream:75 - [STDERR_REDIRECT] [Fatal Error] :1:1: Premature end of file.
2026-05-26 15:11:52,245 [ERROR] LogOutputStream:75 - [STDERR_REDIRECT] 
2026-05-26 15:11:53,244 [ERROR] LogOutputStream:75 - [STDERR_REDIRECT] [Fatal Error] :1:1: Premature end of file.
2026-05-26 15:11:53,244 [ERROR] LogOutputStream:75 - [STDERR_REDIRECT] 
2026-05-26 15:11:54,248 [ERROR] LogOutputStream:75 - [STDERR_REDIRECT] [Fatal Error] :1:1: Premature end of file.
2026-05-26 15:11:54,248 [ERROR] LogOutputStream:75 - [STDERR_REDIRECT] 
2026-05-26 15:11:55,247 [ERROR] LogOutputStream:75 - [STDERR_REDIRECT] [Fatal Error] :1:1: Premature end of file.
2026-05-26 15:11:55,248 [ERROR] LogOutputStream:75 - [STDERR_REDIRECT] 
2026-05-26 15:11:56,244 [ERROR] LogOutputStream:75 - [STDERR_REDIRECT] [Fatal Error] :1:1: Premature end of file.
2026-05-26 15:11:56,244 [ERROR] LogOutputStream:75 - [STDERR_REDIRECT] 
2026-05-26 15:11:57,248 [ERROR] LogOutputStream:75 - [STDERR_REDIRECT] [Fatal Error] :1:1: Premature end of file.
2026-05-26 15:11:57,248 [ERROR] LogOutputStream:75 - [STDERR_REDIRECT] 
2026-05-26 15:11:58,243 [ERROR] LogOutputStream:75 - [STDERR_REDIRECT] [Fatal Error] :1:1: Premature end of file.
2026-05-26 15:11:58,244 [ERROR] LogOutputStream:75 - [STDERR_REDIRECT] 
2026-05-26 15:11:59,245 [ERROR] LogOutputStream:75 - [STDERR_REDIRECT] [Fatal Error] :1:1: Premature end of file.
2026-05-26 15:11:59,245 [ERROR] LogOutputStream:75 - [STDERR_REDIRECT] 
2026-05-26 15:12:00,246 [ERROR] LogOutputStream:75 - [STDERR_REDIRECT] [Fatal Error] :1:1: Premature end of file.
2026-05-26 15:12:00,246 [ERROR] LogOutputStream:75 - [STDERR_REDIRECT] 
2026-05-26 15:12:01,255 [ERROR] LogOutputStream:75 - [STDERR_REDIRECT] [Fatal Error] :1:1: Premature end of file.
2026-05-26 15:12:01,255 [ERROR] LogOutputStream:75 - [STDERR_REDIRECT] 
2026-05-26 15:12:02,259 [ERROR] LogOutputStream:75 - [STDERR_REDIRECT] [Fatal Error] :1:1: Premature end of file.
2026-05-26 15:12:02,259 [ERROR] LogOutputStream:75 - [STDERR_REDIRECT] 
2026-05-26 15:12:03,246 [ERROR] LogOutputStream:75 - [STDERR_REDIRECT] [Fatal Error] :1:1: Premature end of file.
2026-05-26 15:12:03,246 [ERROR] LogOutputStream:75 - [STDERR_REDIRECT] 
2026-05-26 15:12:04,245 [ERROR] LogOutputStream:75 - [STDERR_REDIRECT] [Fatal Error] :1:1: Premature end of file.
2026-05-26 15:12:04,245 [ERROR] LogOutputStream:75 - [STDERR_REDIRECT] 
2026-05-26 15:12:05,246 [ERROR] LogOutputStream:75 - [STDERR_REDIRECT] [Fatal Error] :1:1: Premature end of file.
2026-05-26 15:12:05,246 [ERROR] LogOutputStream:75 - [STDERR_REDIRECT] 
2026-05-26 15:12:06,242 [ERROR] LogOutputStream:75 - [STDERR_REDIRECT] [Fatal Error] :1:1: Premature end of file.
2026-05-26 15:12:06,242 [ERROR] LogOutputStream:75 - [STDERR_REDIRECT] 
2026-05-26 15:12:07,247 [ERROR] LogOutputStream:75 - [STDERR_REDIRECT] [Fatal Error] :1:1: Premature end of file.
2026-05-26 15:12:07,247 [ERROR] LogOutputStream:75 - [STDERR_REDIRECT] 
2026-05-26 15:12:08,246 [ERROR] LogOutputStream:75 - [STDERR_REDIRECT] [Fatal Error] :1:1: Premature end of file.
2026-05-26 15:12:08,246 [ERROR] LogOutputStream:75 - [STDERR_REDIRECT] 
2026-05-26 15:12:09,244 [ERROR] LogOutputStream:75 - [STDERR_REDIRECT] [Fatal Error] :1:1: Premature end of file.
2026-05-26 15:12:09,244 [ERROR] LogOutputStream:75 - [STDERR_REDIRECT] 
2026-05-26 15:12:10,244 [ERROR] LogOutputStream:75 - [STDERR_REDIRECT] [Fatal Error] :1:1: Premature end of file.
2026-05-26 15:12:10,245 [ERROR] LogOutputStream:75 - [STDERR_REDIRECT] 
2026-05-26 15:12:11,255 [ERROR] LogOutputStream:75 - [STDERR_REDIRECT] [Fatal Error] :1:1: Premature end of file.
2026-05-26 15:12:11,255 [ERROR] LogOutputStream:75 - [STDERR_REDIRECT] 
2026-05-26 15:12:12,244 [ERROR] LogOutputStream:75 - [STDERR_REDIRECT] [Fatal Error] :1:1: Premature end of file.
2026-05-26 15:12:12,244 [ERROR] LogOutputStream:75 - [STDERR_REDIRECT] 
2026-05-26 15:12:13,247 [ERROR] LogOutputStream:75 - [STDERR_REDIRECT] [Fatal Error] :1:1: Premature end of file.
2026-05-26 15:12:13,247 [ERROR] LogOutputStream:75 - [STDERR_REDIRECT] 
2026-05-26 15:12:14,242 [ERROR] LogOutputStream:75 - [STDERR_REDIRECT] [Fatal Error] :1:1: Premature end of file.
2026-05-26 15:12:14,242 [ERROR] LogOutputStream:75 - [STDERR_REDIRECT] 
2026-05-26 15:12:15,250 [ERROR] LogOutputStream:75 - [STDERR_REDIRECT] [Fatal Error] :1:1: Premature end of file.
2026-05-26 15:12:15,250 [ERROR] LogOutputStream:75 - [STDERR_REDIRECT] 
2026-05-26 15:12:16,251 [ERROR] LogOutputStream:75 - [STDERR_REDIRECT] [Fatal Error] :1:1: Premature end of file.
2026-05-26 15:12:16,252 [ERROR] LogOutputStream:75 - [STDERR_REDIRECT] 
2026-05-26 15:12:17,247 [ERROR] LogOutputStream:75 - [STDERR_REDIRECT] [Fatal Error] :1:1: Premature end of file.
2026-05-26 15:12:17,247 [ERROR] LogOutputStream:75 - [STDERR_REDIRECT] 
2026-05-26 15:12:18,246 [ERROR] LogOutputStream:75 - [STDERR_REDIRECT] [Fatal Error] :1:1: Premature end of file.
2026-05-26 15:12:18,246 [ERROR] LogOutputStream:75 - [STDERR_REDIRECT] 
2026-05-26 15:12:19,240 [ERROR] LogOutputStream:75 - [STDERR_REDIRECT] [Fatal Error] :1:1: Premature end of file.
2026-05-26 15:12:19,241 [ERROR] LogOutputStream:75 - [STDERR_REDIRECT] 
2026-05-26 15:12:20,252 [ERROR] LogOutputStream:75 - [STDERR_REDIRECT] [Fatal Error] :1:1: Premature end of file.
2026-05-26 15:12:20,252 [ERROR] LogOutputStream:75 - [STDERR_REDIRECT] 
2026-05-26 15:12:21,270 [ERROR] LogOutputStream:75 - [STDERR_REDIRECT] [Fatal Error] :1:1: Premature end of file.
2026-05-26 15:12:21,272 [ERROR] LogOutputStream:75 - [STDERR_REDIRECT] 
2026-05-26 15:12:22,258 [ERROR] LogOutputStream:75 - [STDERR_REDIRECT] [Fatal Error] :1:1: Premature end of file.
2026-05-26 15:12:22,258 [ERROR] LogOutputStream:75 - [STDERR_REDIRECT] 
2026-05-26 15:12:23,251 [ERROR] LogOutputStream:75 - [STDERR_REDIRECT] [Fatal Error] :1:1: Premature end of file.
2026-05-26 15:12:23,253 [ERROR] LogOutputStream:75 - [STDERR_REDIRECT] 
2026-05-26 15:12:24,250 [ERROR] LogOutputStream:75 - [STDERR_REDIRECT] [Fatal Error] :1:1: Premature end of file.
2026-05-26 15:12:24,251 [ERROR] LogOutputStream:75 - [STDERR_REDIRECT] 
2026-05-26 15:12:25,278 [ERROR] LogOutputStream:75 - [STDERR_REDIRECT] [Fatal Error] :1:1: Premature end of file.
2026-05-26 15:12:25,278 [ERROR] LogOutputStream:75 - [STDERR_REDIRECT] 
2026-05-26 15:12:26,246 [ERROR] LogOutputStream:75 - [STDERR_REDIRECT] [Fatal Error] :1:1: Premature end of file.
2026-05-26 15:12:26,246 [ERROR] LogOutputStream:75 - [STDERR_REDIRECT] 
2026-05-26 15:12:27,257 [ERROR] LogOutputStream:75 - [STDERR_REDIRECT] [Fatal Error] :1:1: Premature end of file.
2026-05-26 15:12:27,258 [ERROR] LogOutputStream:75 - [STDERR_REDIRECT] 
2026-05-26 15:12:28,265 [ERROR] LogOutputStream:75 - [STDERR_REDIRECT] [Fatal Error] :1:1: Premature end of file.
2026-05-26 15:12:28,265 [ERROR] LogOutputStream:75 - [STDERR_REDIRECT] 
2026-05-26 15:12:29,267 [ERROR] LogOutputStream:75 - [STDERR_REDIRECT] [Fatal Error] :1:1: Premature end of file.
2026-05-26 15:12:29,267 [ERROR] LogOutputStream:75 - [STDERR_REDIRECT] 
2026-05-26 15:12:30,261 [ERROR] LogOutputStream:75 - [STDERR_REDIRECT] [Fatal Error] :1:1: Premature end of file.
2026-05-26 15:12:30,262 [ERROR] LogOutputStream:75 - [STDERR_REDIRECT] 
2026-05-26 15:12:31,264 [ERROR] LogOutputStream:75 - [STDERR_REDIRECT] [Fatal Error] :1:1: Premature end of file.
2026-05-26 15:12:31,264 [ERROR] LogOutputStream:75 - [STDERR_REDIRECT] 
2026-05-26 15:12:32,275 [ERROR] LogOutputStream:75 - [STDERR_REDIRECT] [Fatal Error] :1:1: Premature end of file.
2026-05-26 15:12:32,275 [ERROR] LogOutputStream:75 - [STDERR_REDIRECT] 
2026-05-26 15:12:33,253 [ERROR] LogOutputStream:75 - [STDERR_REDIRECT] [Fatal Error] :1:1: Premature end of file.
2026-05-26 15:12:33,254 [ERROR] LogOutputStream:75 - [STDERR_REDIRECT] 
2026-05-26 15:12:34,254 [ERROR] LogOutputStream:75 - [STDERR_REDIRECT] [Fatal Error] :1:1: Premature end of file.
2026-05-26 15:12:34,254 [ERROR] LogOutputStream:75 - [STDERR_REDIRECT] 
2026-05-26 15:12:35,260 [ERROR] LogOutputStream:75 - [STDERR_REDIRECT] [Fatal Error] :1:1: Premature end of file.
2026-05-26 15:12:35,260 [ERROR] LogOutputStream:75 - [STDERR_REDIRECT] 
2026-05-26 15:12:36,260 [ERROR] LogOutputStream:75 - [STDERR_REDIRECT] [Fatal Error] :1:1: Premature end of file.
2026-05-26 15:12:36,260 [ERROR] LogOutputStream:75 - [STDERR_REDIRECT] 
2026-05-26 15:12:37,252 [ERROR] LogOutputStream:75 - [STDERR_REDIRECT] [Fatal Error] :1:1: Premature end of file.
2026-05-26 15:12:37,252 [ERROR] LogOutputStream:75 - [STDERR_REDIRECT] 
2026-05-26 15:12:38,261 [ERROR] LogOutputStream:75 - [STDERR_REDIRECT] [Fatal Error] :1:1: Premature end of file.
2026-05-26 15:12:38,262 [ERROR] LogOutputStream:75 - [STDERR_REDIRECT] 
2026-05-26 15:12:39,251 [ERROR] LogOutputStream:75 - [STDERR_REDIRECT] [Fatal Error] :1:1: Premature end of file.
2026-05-26 15:12:39,251 [ERROR] LogOutputStream:75 - [STDERR_REDIRECT] 
2026-05-26 15:12:40,250 [ERROR] LogOutputStream:75 - [STDERR_REDIRECT] [Fatal Error] :1:1: Premature end of file.
2026-05-26 15:12:40,251 [ERROR] LogOutputStream:75 - [STDERR_REDIRECT] 
2026-05-26 15:12:41,246 [ERROR] LogOutputStream:75 - [STDERR_REDIRECT] [Fatal Error] :1:1: Premature end of file.
2026-05-26 15:12:41,246 [ERROR] LogOutputStream:75 - [STDERR_REDIRECT] 
2026-05-26 15:12:42,270 [ERROR] LogOutputStream:75 - [STDERR_REDIRECT] [Fatal Error] :1:1: Premature end of file.
2026-05-26 15:12:42,271 [ERROR] LogOutputStream:75 - [STDERR_REDIRECT] 
2026-05-26 15:12:43,245 [ERROR] LogOutputStream:75 - [STDERR_REDIRECT] [Fatal Error] :1:1: Premature end of file.
2026-05-26 15:12:43,245 [ERROR] LogOutputStream:75 - [STDERR_REDIRECT] 
2026-05-26 15:12:44,242 [ERROR] LogOutputStream:75 - [STDERR_REDIRECT] [Fatal Error] :1:1: Premature end of file.
2026-05-26 15:12:44,242 [ERROR] LogOutputStream:75 - [STDERR_REDIRECT] 
2026-05-26 15:12:45,247 [ERROR] LogOutputStream:75 - [STDERR_REDIRECT] [Fatal Error] :1:1: Premature end of file.
2026-05-26 15:12:45,247 [ERROR] LogOutputStream:75 - [STDERR_REDIRECT] 
2026-05-26 15:12:46,245 [ERROR] LogOutputStream:75 - [STDERR_REDIRECT] [Fatal Error] :1:1: Premature end of file.
2026-05-26 15:12:46,245 [ERROR] LogOutputStream:75 - [STDERR_REDIRECT] 
2026-05-26 15:12:47,250 [ERROR] LogOutputStream:75 - [STDERR_REDIRECT] [Fatal Error] :1:1: Premature end of file.
2026-05-26 15:12:47,252 [ERROR] LogOutputStream:75 - [STDERR_REDIRECT] 
2026-05-26 15:12:48,247 [ERROR] LogOutputStream:75 - [STDERR_REDIRECT] [Fatal Error] :1:1: Premature end of file.
2026-05-26 15:12:48,248 [ERROR] LogOutputStream:75 - [STDERR_REDIRECT] 
2026-05-26 15:12:49,245 [ERROR] LogOutputStream:75 - [STDERR_REDIRECT] [Fatal Error] :1:1: Premature end of file.
2026-05-26 15:12:49,245 [ERROR] LogOutputStream:75 - [STDERR_REDIRECT] 
2026-05-26 15:12:50,248 [ERROR] LogOutputStream:75 - [STDERR_REDIRECT] [Fatal Error] :1:1: Premature end of file.
2026-05-26 15:12:50,248 [ERROR] LogOutputStream:75 - [STDERR_REDIRECT] 
2026-05-26 15:12:51,248 [ERROR] LogOutputStream:75 - [STDERR_REDIRECT] [Fatal Error] :1:1: Premature end of file.
2026-05-26 15:12:51,248 [ERROR] LogOutputStream:75 - [STDERR_REDIRECT] 
2026-05-26 15:12:52,246 [ERROR] LogOutputStream:75 - [STDERR_REDIRECT] [Fatal Error] :1:1: Premature end of file.
2026-05-26 15:12:52,246 [ERROR] LogOutputStream:75 - [STDERR_REDIRECT] 
2026-05-26 15:12:53,252 [ERROR] LogOutputStream:75 - [STDERR_REDIRECT] [Fatal Error] :1:1: Premature end of file.
2026-05-26 15:12:53,252 [ERROR] LogOutputStream:75 - [STDERR_REDIRECT] 
2026-05-26 15:12:54,245 [ERROR] LogOutputStream:75 - [STDERR_REDIRECT] [Fatal Error] :1:1: Premature end of file.
2026-05-26 15:12:54,245 [ERROR] LogOutputStream:75 - [STDERR_REDIRECT] 
2026-05-26 15:12:55,247 [ERROR] LogOutputStream:75 - [STDERR_REDIRECT] [Fatal Error] :1:1: Premature end of file.
2026-05-26 15:12:55,247 [ERROR] LogOutputStream:75 - [STDERR_REDIRECT] 
2026-05-26 15:12:56,245 [ERROR] LogOutputStream:75 - [STDERR_REDIRECT] [Fatal Error] :1:1: Premature end of file.
2026-05-26 15:12:56,245 [ERROR] LogOutputStream:75 - [STDERR_REDIRECT] 
2026-05-26 15:12:57,250 [ERROR] LogOutputStream:75 - [STDERR_REDIRECT] [Fatal Error] :1:1: Premature end of file.
2026-05-26 15:12:57,250 [ERROR] LogOutputStream:75 - [STDERR_REDIRECT] 
2026-05-26 15:12:58,244 [ERROR] LogOutputStream:75 - [STDERR_REDIRECT] [Fatal Error] :1:1: Premature end of file.
2026-05-26 15:12:58,245 [ERROR] LogOutputStream:75 - [STDERR_REDIRECT] 
2026-05-26 15:12:59,269 [ERROR] LogOutputStream:75 - [STDERR_REDIRECT] [Fatal Error] :1:1: Premature end of file.
2026-05-26 15:12:59,269 [ERROR] LogOutputStream:75 - [STDERR_REDIRECT] 
2026-05-26 15:13:00,245 [ERROR] LogOutputStream:75 - [STDERR_REDIRECT] [Fatal Error] :1:1: Premature end of file.
2026-05-26 15:13:00,245 [ERROR] LogOutputStream:75 - [STDERR_REDIRECT] 
2026-05-26 15:13:01,249 [ERROR] LogOutputStream:75 - [STDERR_REDIRECT] [Fatal Error] :1:1: Premature end of file.
2026-05-26 15:13:01,249 [ERROR] LogOutputStream:75 - [STDERR_REDIRECT] 
2026-05-26 15:13:02,244 [ERROR] LogOutputStream:75 - [STDERR_REDIRECT] [Fatal Error] :1:1: Premature end of file.
2026-05-26 15:13:02,244 [ERROR] LogOutputStream:75 - [STDERR_REDIRECT] 
2026-05-26 15:13:03,254 [ERROR] LogOutputStream:75 - [STDERR_REDIRECT] [Fatal Error] :1:1: Premature end of file.
2026-05-26 15:13:03,254 [ERROR] LogOutputStream:75 - [STDERR_REDIRECT] 
2026-05-26 15:13:04,252 [ERROR] LogOutputStream:75 - [STDERR_REDIRECT] [Fatal Error] :1:1: Premature end of file.
2026-05-26 15:13:04,252 [ERROR] LogOutputStream:75 - [STDERR_REDIRECT] 
2026-05-26 15:13:05,246 [ERROR] LogOutputStream:75 - [STDERR_REDIRECT] [Fatal Error] :1:1: Premature end of file.
2026-05-26 15:13:05,247 [ERROR] LogOutputStream:75 - [STDERR_REDIRECT] 
2026-05-26 15:13:06,244 [ERROR] LogOutputStream:75 - [STDERR_REDIRECT] [Fatal Error] :1:1: Premature end of file.
2026-05-26 15:13:06,245 [ERROR] LogOutputStream:75 - [STDERR_REDIRECT] 
2026-05-26 15:13:07,245 [ERROR] LogOutputStream:75 - [STDERR_REDIRECT] [Fatal Error] :1:1: Premature end of file.
2026-05-26 15:13:07,246 [ERROR] LogOutputStream:75 - [STDERR_REDIRECT] 
2026-05-26 15:13:08,261 [ERROR] LogOutputStream:75 - [STDERR_REDIRECT] [Fatal Error] :1:1: Premature end of file.
2026-05-26 15:13:08,261 [ERROR] LogOutputStream:75 - [STDERR_REDIRECT] 
2026-05-26 15:13:09,254 [ERROR] LogOutputStream:75 - [STDERR_REDIRECT] [Fatal Error] :1:1: Premature end of file.
2026-05-26 15:13:09,254 [ERROR] LogOutputStream:75 - [STDERR_REDIRECT] 
2026-05-26 15:13:10,258 [ERROR] LogOutputStream:75 - [STDERR_REDIRECT] [Fatal Error] :1:1: Premature end of file.
2026-05-26 15:13:10,258 [ERROR] LogOutputStream:75 - [STDERR_REDIRECT] 
2026-05-26 15:13:11,243 [ERROR] LogOutputStream:75 - [STDERR_REDIRECT] [Fatal Error] :1:1: Premature end of file.
2026-05-26 15:13:11,243 [ERROR] LogOutputStream:75 - [STDERR_REDIRECT] 
2026-05-26 15:13:12,246 [ERROR] LogOutputStream:75 - [STDERR_REDIRECT] [Fatal Error] :1:1: Premature end of file.
2026-05-26 15:13:12,246 [ERROR] LogOutputStream:75 - [STDERR_REDIRECT] 
2026-05-26 15:13:13,244 [ERROR] LogOutputStream:75 - [STDERR_REDIRECT] [Fatal Error] :1:1: Premature end of file.
2026-05-26 15:13:13,244 [ERROR] LogOutputStream:75 - [STDERR_REDIRECT] 
2026-05-26 15:13:14,249 [ERROR] LogOutputStream:75 - [STDERR_REDIRECT] [Fatal Error] :1:1: Premature end of file.
2026-05-26 15:13:14,249 [ERROR] LogOutputStream:75 - [STDERR_REDIRECT] 
2026-05-26 15:13:15,253 [ERROR] LogOutputStream:75 - [STDERR_REDIRECT] [Fatal Error] :1:1: Premature end of file.
2026-05-26 15:13:15,253 [ERROR] LogOutputStream:75 - [STDERR_REDIRECT] 
2026-05-26 15:13:16,247 [ERROR] LogOutputStream:75 - [STDERR_REDIRECT] [Fatal Error] :1:1: Premature end of file.
2026-05-26 15:13:16,247 [ERROR] LogOutputStream:75 - [STDERR_REDIRECT] 
2026-05-26 15:13:17,245 [ERROR] LogOutputStream:75 - [STDERR_REDIRECT] [Fatal Error] :1:1: Premature end of file.
2026-05-26 15:13:17,246 [ERROR] LogOutputStream:75 - [STDERR_REDIRECT] 
2026-05-26 15:13:18,244 [ERROR] LogOutputStream:75 - [STDERR_REDIRECT] [Fatal Error] :1:1: Premature end of file.
2026-05-26 15:13:18,244 [ERROR] LogOutputStream:75 - [STDERR_REDIRECT] 
2026-05-26 15:13:19,246 [ERROR] LogOutputStream:75 - [STDERR_REDIRECT] [Fatal Error] :1:1: Premature end of file.
2026-05-26 15:13:19,247 [ERROR] LogOutputStream:75 - [STDERR_REDIRECT] 
2026-05-26 15:13:20,244 [ERROR] LogOutputStream:75 - [STDERR_REDIRECT] [Fatal Error] :1:1: Premature end of file.
2026-05-26 15:13:20,244 [ERROR] LogOutputStream:75 - [STDERR_REDIRECT] 
2026-05-26 15:13:21,260 [ERROR] LogOutputStream:75 - [STDERR_REDIRECT] [Fatal Error] :1:1: Premature end of file.
2026-05-26 15:13:21,260 [ERROR] LogOutputStream:75 - [STDERR_REDIRECT] 
2026-05-26 15:13:22,244 [ERROR] LogOutputStream:75 - [STDERR_REDIRECT] [Fatal Error] :1:1: Premature end of file.
2026-05-26 15:13:22,244 [ERROR] LogOutputStream:75 - [STDERR_REDIRECT] 
2026-05-26 15:13:23,242 [ERROR] LogOutputStream:75 - [STDERR_REDIRECT] [Fatal Error] :1:1: Premature end of file.
2026-05-26 15:13:23,243 [ERROR] LogOutputStream:75 - [STDERR_REDIRECT] 
2026-05-26 15:13:24,250 [ERROR] LogOutputStream:75 - [STDERR_REDIRECT] [Fatal Error] :1:1: Premature end of file.
2026-05-26 15:13:24,251 [ERROR] LogOutputStream:75 - [STDERR_REDIRECT] 
2026-05-26 15:13:25,267 [ERROR] LogOutputStream:75 - [STDERR_REDIRECT] [Fatal Error] :1:1: Premature end of file.
2026-05-26 15:13:25,268 [ERROR] LogOutputStream:75 - [STDERR_REDIRECT] 
2026-05-26 15:13:26,248 [ERROR] LogOutputStream:75 - [STDERR_REDIRECT] [Fatal Error] :1:1: Premature end of file.
2026-05-26 15:13:26,249 [ERROR] LogOutputStream:75 - [STDERR_REDIRECT] 
2026-05-26 15:13:27,252 [ERROR] LogOutputStream:75 - [STDERR_REDIRECT] [Fatal Error] :1:1: Premature end of file.
2026-05-26 15:13:27,252 [ERROR] LogOutputStream:75 - [STDERR_REDIRECT] 
2026-05-26 15:13:28,246 [ERROR] LogOutputStream:75 - [STDERR_REDIRECT] [Fatal Error] :1:1: Premature end of file.
2026-05-26 15:13:28,246 [ERROR] LogOutputStream:75 - [STDERR_REDIRECT] 
2026-05-26 15:13:29,247 [ERROR] LogOutputStream:75 - [STDERR_REDIRECT] [Fatal Error] :1:1: Premature end of file.
2026-05-26 15:13:29,247 [ERROR] LogOutputStream:75 - [STDERR_REDIRECT] 
2026-05-26 15:13:30,249 [ERROR] LogOutputStream:75 - [STDERR_REDIRECT] [Fatal Error] :1:1: Premature end of file.
2026-05-26 15:13:30,249 [ERROR] LogOutputStream:75 - [STDERR_REDIRECT] 
2026-05-26 15:13:31,245 [ERROR] LogOutputStream:75 - [STDERR_REDIRECT] [Fatal Error] :1:1: Premature end of file.
2026-05-26 15:13:31,246 [ERROR] LogOutputStream:75 - [STDERR_REDIRECT] 
2026-05-26 15:13:32,242 [ERROR] LogOutputStream:75 - [STDERR_REDIRECT] [Fatal Error] :1:1: Premature end of file.
2026-05-26 15:13:32,242 [ERROR] LogOutputStream:75 - [STDERR_REDIRECT] 
2026-05-26 15:13:33,245 [ERROR] LogOutputStream:75 - [STDERR_REDIRECT] [Fatal Error] :1:1: Premature end of file.
2026-05-26 15:13:33,245 [ERROR] LogOutputStream:75 - [STDERR_REDIRECT] 
2026-05-26 15:13:34,243 [ERROR] LogOutputStream:75 - [STDERR_REDIRECT] [Fatal Error] :1:1: Premature end of file.
2026-05-26 15:13:34,243 [ERROR] LogOutputStream:75 - [STDERR_REDIRECT] 
2026-05-26 15:13:35,253 [ERROR] LogOutputStream:75 - [STDERR_REDIRECT] [Fatal Error] :1:1: Premature end of file.
2026-05-26 15:13:35,253 [ERROR] LogOutputStream:75 - [STDERR_REDIRECT] 
2026-05-26 15:13:36,244 [ERROR] LogOutputStream:75 - [STDERR_REDIRECT] [Fatal Error] :1:1: Premature end of file.
2026-05-26 15:13:36,244 [ERROR] LogOutputStream:75 - [STDERR_REDIRECT] 
2026-05-26 15:13:37,255 [ERROR] LogOutputStream:75 - [STDERR_REDIRECT] [Fatal Error] :1:1: Premature end of file.
2026-05-26 15:13:37,256 [ERROR] LogOutputStream:75 - [STDERR_REDIRECT] 
2026-05-26 15:13:38,246 [ERROR] LogOutputStream:75 - [STDERR_REDIRECT] [Fatal Error] :1:1: Premature end of file.
2026-05-26 15:13:38,246 [ERROR] LogOutputStream:75 - [STDERR_REDIRECT] 
2026-05-26 15:13:39,246 [ERROR] LogOutputStream:75 - [STDERR_REDIRECT] [Fatal Error] :1:1: Premature end of file.
2026-05-26 15:13:39,246 [ERROR] LogOutputStream:75 - [STDERR_REDIRECT] 
2026-05-26 15:13:40,245 [ERROR] LogOutputStream:75 - [STDERR_REDIRECT] [Fatal Error] :1:1: Premature end of file.
2026-05-26 15:13:40,245 [ERROR] LogOutputStream:75 - [STDERR_REDIRECT] 
2026-05-26 15:13:41,248 [ERROR] LogOutputStream:75 - [STDERR_REDIRECT] [Fatal Error] :1:1: Premature end of file.
2026-05-26 15:13:41,248 [ERROR] LogOutputStream:75 - [STDERR_REDIRECT] 
2026-05-26 15:13:42,256 [ERROR] LogOutputStream:75 - [STDERR_REDIRECT] [Fatal Error] :1:1: Premature end of file.
2026-05-26 15:13:42,256 [ERROR] LogOutputStream:75 - [STDERR_REDIRECT] 
2026-05-26 15:13:43,243 [ERROR] LogOutputStream:75 - [STDERR_REDIRECT] [Fatal Error] :1:1: Premature end of file.
2026-05-26 15:13:43,243 [ERROR] LogOutputStream:75 - [STDERR_REDIRECT] 
2026-05-26 15:13:44,252 [ERROR] LogOutputStream:75 - [STDERR_REDIRECT] [Fatal Error] :1:1: Premature end of file.
2026-05-26 15:13:44,252 [ERROR] LogOutputStream:75 - [STDERR_REDIRECT] 
2026-05-26 15:13:45,244 [ERROR] LogOutputStream:75 - [STDERR_REDIRECT] [Fatal Error] :1:1: Premature end of file.
2026-05-26 15:13:45,244 [ERROR] LogOutputStream:75 - [STDERR_REDIRECT] 
2026-05-26 15:13:46,260 [ERROR] LogOutputStream:75 - [STDERR_REDIRECT] [Fatal Error] :1:1: Premature end of file.
2026-05-26 15:13:46,260 [ERROR] LogOutputStream:75 - [STDERR_REDIRECT] 
2026-05-26 15:13:47,245 [ERROR] LogOutputStream:75 - [STDERR_REDIRECT] [Fatal Error] :1:1: Premature end of file.
2026-05-26 15:13:47,246 [ERROR] LogOutputStream:75 - [STDERR_REDIRECT] 
2026-05-26 15:13:48,249 [ERROR] LogOutputStream:75 - [STDERR_REDIRECT] [Fatal Error] :1:1: Premature end of file.
2026-05-26 15:13:48,249 [ERROR] LogOutputStream:75 - [STDERR_REDIRECT] 
2026-05-26 15:13:49,246 [ERROR] LogOutputStream:75 - [STDERR_REDIRECT] [Fatal Error] :1:1: Premature end of file.
2026-05-26 15:13:49,246 [ERROR] LogOutputStream:75 - [STDERR_REDIRECT] 
2026-05-26 15:13:50,247 [ERROR] LogOutputStream:75 - [STDERR_REDIRECT] [Fatal Error] :1:1: Premature end of file.
2026-05-26 15:13:50,248 [ERROR] LogOutputStream:75 - [STDERR_REDIRECT] 
2026-05-26 15:13:51,242 [ERROR] LogOutputStream:75 - [STDERR_REDIRECT] [Fatal Error] :1:1: Premature end of file.
2026-05-26 15:13:51,242 [ERROR] LogOutputStream:75 - [STDERR_REDIRECT] 
2026-05-26 15:13:52,242 [ERROR] LogOutputStream:75 - [STDERR_REDIRECT] [Fatal Error] :1:1: Premature end of file.
2026-05-26 15:13:52,243 [ERROR] LogOutputStream:75 - [STDERR_REDIRECT] 
2026-05-26 15:13:53,244 [ERROR] LogOutputStream:75 - [STDERR_REDIRECT] [Fatal Error] :1:1: Premature end of file.
2026-05-26 15:13:53,244 [ERROR] LogOutputStream:75 - [STDERR_REDIRECT] 
2026-05-26 15:13:54,257 [ERROR] LogOutputStream:75 - [STDERR_REDIRECT] [Fatal Error] :1:1: Premature end of file.
2026-05-26 15:13:54,257 [ERROR] LogOutputStream:75 - [STDERR_REDIRECT] 
2026-05-26 15:13:55,244 [ERROR] LogOutputStream:75 - [STDERR_REDIRECT] [Fatal Error] :1:1: Premature end of file.
2026-05-26 15:13:55,244 [ERROR] LogOutputStream:75 - [STDERR_REDIRECT] 
2026-05-26 15:13:56,253 [ERROR] LogOutputStream:75 - [STDERR_REDIRECT] [Fatal Error] :1:1: Premature end of file.
2026-05-26 15:13:56,253 [ERROR] LogOutputStream:75 - [STDERR_REDIRECT] 
2026-05-26 15:13:57,247 [ERROR] LogOutputStream:75 - [STDERR_REDIRECT] [Fatal Error] :1:1: Premature end of file.
2026-05-26 15:13:57,247 [ERROR] LogOutputStream:75 - [STDERR_REDIRECT] 
2026-05-26 15:13:58,246 [ERROR] LogOutputStream:75 - [STDERR_REDIRECT] [Fatal Error] :1:1: Premature end of file.
2026-05-26 15:13:58,247 [ERROR] LogOutputStream:75 - [STDERR_REDIRECT] 
2026-05-26 15:13:59,248 [ERROR] LogOutputStream:75 - [STDERR_REDIRECT] [Fatal Error] :1:1: Premature end of file.
2026-05-26 15:13:59,248 [ERROR] LogOutputStream:75 - [STDERR_REDIRECT] 
2026-05-26 15:14:00,246 [ERROR] LogOutputStream:75 - [STDERR_REDIRECT] [Fatal Error] :1:1: Premature end of file.
2026-05-26 15:14:00,246 [ERROR] LogOutputStream:75 - [STDERR_REDIRECT] 
2026-05-26 15:14:01,244 [ERROR] LogOutputStream:75 - [STDERR_REDIRECT] [Fatal Error] :1:1: Premature end of file.
2026-05-26 15:14:01,245 [ERROR] LogOutputStream:75 - [STDERR_REDIRECT] 
2026-05-26 15:14:02,245 [ERROR] LogOutputStream:75 - [STDERR_REDIRECT] [Fatal Error] :1:1: Premature end of file.
2026-05-26 15:14:02,245 [ERROR] LogOutputStream:75 - [STDERR_REDIRECT] 
2026-05-26 15:14:03,245 [ERROR] LogOutputStream:75 - [STDERR_REDIRECT] [Fatal Error] :1:1: Premature end of file.
2026-05-26 15:14:03,245 [ERROR] LogOutputStream:75 - [STDERR_REDIRECT] 
2026-05-26 15:14:04,244 [ERROR] LogOutputStream:75 - [STDERR_REDIRECT] [Fatal Error] :1:1: Premature end of file.
2026-05-26 15:14:04,245 [ERROR] LogOutputStream:75 - [STDERR_REDIRECT] 
2026-05-26 15:14:05,243 [ERROR] LogOutputStream:75 - [STDERR_REDIRECT] [Fatal Error] :1:1: Premature end of file.
2026-05-26 15:14:05,244 [ERROR] LogOutputStream:75 - [STDERR_REDIRECT] 
2026-05-26 15:14:06,247 [ERROR] LogOutputStream:75 - [STDERR_REDIRECT] [Fatal Error] :1:1: Premature end of file.
2026-05-26 15:14:06,247 [ERROR] LogOutputStream:75 - [STDERR_REDIRECT] 
2026-05-26 15:14:07,243 [ERROR] LogOutputStream:75 - [STDERR_REDIRECT] [Fatal Error] :1:1: Premature end of file.
2026-05-26 15:14:07,243 [ERROR] LogOutputStream:75 - [STDERR_REDIRECT] 
2026-05-26 15:14:08,246 [ERROR] LogOutputStream:75 - [STDERR_REDIRECT] [Fatal Error] :1:1: Premature end of file.
2026-05-26 15:14:08,246 [ERROR] LogOutputStream:75 - [STDERR_REDIRECT] 
2026-05-26 15:14:09,246 [ERROR] LogOutputStream:75 - [STDERR_REDIRECT] [Fatal Error] :1:1: Premature end of file.
2026-05-26 15:14:09,246 [ERROR] LogOutputStream:75 - [STDERR_REDIRECT] 
2026-05-26 15:14:10,245 [ERROR] LogOutputStream:75 - [STDERR_REDIRECT] [Fatal Error] :1:1: Premature end of file.
2026-05-26 15:14:10,245 [ERROR] LogOutputStream:75 - [STDERR_REDIRECT] 
2026-05-26 15:14:11,247 [ERROR] LogOutputStream:75 - [STDERR_REDIRECT] [Fatal Error] :1:1: Premature end of file.
2026-05-26 15:14:11,247 [ERROR] LogOutputStream:75 - [STDERR_REDIRECT] 
2026-05-26 15:14:12,248 [ERROR] LogOutputStream:75 - [STDERR_REDIRECT] [Fatal Error] :1:1: Premature end of file.
2026-05-26 15:14:12,248 [ERROR] LogOutputStream:75 - [STDERR_REDIRECT] 
2026-05-26 15:14:13,247 [ERROR] LogOutputStream:75 - [STDERR_REDIRECT] [Fatal Error] :1:1: Premature end of file.
2026-05-26 15:14:13,247 [ERROR] LogOutputStream:75 - [STDERR_REDIRECT] 
2026-05-26 15:14:14,246 [ERROR] LogOutputStream:75 - [STDERR_REDIRECT] [Fatal Error] :1:1: Premature end of file.
2026-05-26 15:14:14,246 [ERROR] LogOutputStream:75 - [STDERR_REDIRECT] 
2026-05-26 15:14:15,246 [ERROR] LogOutputStream:75 - [STDERR_REDIRECT] [Fatal Error] :1:1: Premature end of file.
2026-05-26 15:14:15,246 [ERROR] LogOutputStream:75 - [STDERR_REDIRECT] 
2026-05-26 15:14:16,244 [ERROR] LogOutputStream:75 - [STDERR_REDIRECT] [Fatal Error] :1:1: Premature end of file.
2026-05-26 15:14:16,245 [ERROR] LogOutputStream:75 - [STDERR_REDIRECT] 
2026-05-26 15:14:17,249 [ERROR] LogOutputStream:75 - [STDERR_REDIRECT] [Fatal Error] :1:1: Premature end of file.
2026-05-26 15:14:17,249 [ERROR] LogOutputStream:75 - [STDERR_REDIRECT] 
2026-05-26 15:14:18,246 [ERROR] LogOutputStream:75 - [STDERR_REDIRECT] [Fatal Error] :1:1: Premature end of file.
2026-05-26 15:14:18,246 [ERROR] LogOutputStream:75 - [STDERR_REDIRECT] 
2026-05-26 15:14:19,248 [ERROR] LogOutputStream:75 - [STDERR_REDIRECT] [Fatal Error] :1:1: Premature end of file.
2026-05-26 15:14:19,248 [ERROR] LogOutputStream:75 - [STDERR_REDIRECT] 
2026-05-26 15:14:20,244 [ERROR] LogOutputStream:75 - [STDERR_REDIRECT] [Fatal Error] :1:1: Premature end of file.
2026-05-26 15:14:20,244 [ERROR] LogOutputStream:75 - [STDERR_REDIRECT] 
2026-05-26 15:14:21,251 [ERROR] LogOutputStream:75 - [STDERR_REDIRECT] [Fatal Error] :1:1: Premature end of file.
2026-05-26 15:14:21,251 [ERROR] LogOutputStream:75 - [STDERR_REDIRECT] 
2026-05-26 15:14:22,249 [ERROR] LogOutputStream:75 - [STDERR_REDIRECT] [Fatal Error] :1:1: Premature end of file.
2026-05-26 15:14:22,249 [ERROR] LogOutputStream:75 - [STDERR_REDIRECT] 
2026-05-26 15:14:23,250 [ERROR] LogOutputStream:75 - [STDERR_REDIRECT] [Fatal Error] :1:1: Premature end of file.
2026-05-26 15:14:23,251 [ERROR] LogOutputStream:75 - [STDERR_REDIRECT] 
2026-05-26 15:14:24,244 [ERROR] LogOutputStream:75 - [STDERR_REDIRECT] [Fatal Error] :1:1: Premature end of file.
2026-05-26 15:14:24,244 [ERROR] LogOutputStream:75 - [STDERR_REDIRECT] 
2026-05-26 15:14:25,255 [ERROR] LogOutputStream:75 - [STDERR_REDIRECT] [Fatal Error] :1:1: Premature end of file.
2026-05-26 15:14:25,255 [ERROR] LogOutputStream:75 - [STDERR_REDIRECT] 
2026-05-26 15:14:26,245 [ERROR] LogOutputStream:75 - [STDERR_REDIRECT] [Fatal Error] :1:1: Premature end of file.
2026-05-26 15:14:26,245 [ERROR] LogOutputStream:75 - [STDERR_REDIRECT] 
2026-05-26 15:14:27,243 [ERROR] LogOutputStream:75 - [STDERR_REDIRECT] [Fatal Error] :1:1: Premature end of file.
2026-05-26 15:14:27,243 [ERROR] LogOutputStream:75 - [STDERR_REDIRECT] 
2026-05-26 15:14:28,245 [ERROR] LogOutputStream:75 - [STDERR_REDIRECT] [Fatal Error] :1:1: Premature end of file.
2026-05-26 15:14:28,245 [ERROR] LogOutputStream:75 - [STDERR_REDIRECT] 
2026-05-26 15:14:29,271 [ERROR] LogOutputStream:75 - [STDERR_REDIRECT] [Fatal Error] :1:1: Premature end of file.
2026-05-26 15:14:29,271 [ERROR] LogOutputStream:75 - [STDERR_REDIRECT] 
2026-05-26 15:14:30,247 [ERROR] LogOutputStream:75 - [STDERR_REDIRECT] [Fatal Error] :1:1: Premature end of file.
2026-05-26 15:14:30,248 [ERROR] LogOutputStream:75 - [STDERR_REDIRECT] 
2026-05-26 15:14:31,244 [ERROR] LogOutputStream:75 - [STDERR_REDIRECT] [Fatal Error] :1:1: Premature end of file.
2026-05-26 15:14:31,244 [ERROR] LogOutputStream:75 - [STDERR_REDIRECT] 
2026-05-26 15:14:32,260 [ERROR] LogOutputStream:75 - [STDERR_REDIRECT] [Fatal Error] :1:1: Premature end of file.
2026-05-26 15:14:32,260 [ERROR] LogOutputStream:75 - [STDERR_REDIRECT] 
2026-05-26 15:14:33,244 [ERROR] LogOutputStream:75 - [STDERR_REDIRECT] [Fatal Error] :1:1: Premature end of file.
2026-05-26 15:14:33,244 [ERROR] LogOutputStream:75 - [STDERR_REDIRECT] 
2026-05-26 15:14:34,249 [ERROR] LogOutputStream:75 - [STDERR_REDIRECT] [Fatal Error] :1:1: Premature end of file.
2026-05-26 15:14:34,249 [ERROR] LogOutputStream:75 - [STDERR_REDIRECT] 
2026-05-26 15:14:35,248 [ERROR] LogOutputStream:75 - [STDERR_REDIRECT] [Fatal Error] :1:1: Premature end of file.
2026-05-26 15:14:35,248 [ERROR] LogOutputStream:75 - [STDERR_REDIRECT] 
2026-05-26 15:14:36,244 [ERROR] LogOutputStream:75 - [STDERR_REDIRECT] [Fatal Error] :1:1: Premature end of file.
2026-05-26 15:14:36,244 [ERROR] LogOutputStream:75 - [STDERR_REDIRECT] 
2026-05-26 15:14:37,245 [ERROR] LogOutputStream:75 - [STDERR_REDIRECT] [Fatal Error] :1:1: Premature end of file.
2026-05-26 15:14:37,246 [ERROR] LogOutputStream:75 - [STDERR_REDIRECT] 
2026-05-26 15:14:38,245 [ERROR] LogOutputStream:75 - [STDERR_REDIRECT] [Fatal Error] :1:1: Premature end of file.
2026-05-26 15:14:38,245 [ERROR] LogOutputStream:75 - [STDERR_REDIRECT] 
2026-05-26 15:14:39,246 [ERROR] LogOutputStream:75 - [STDERR_REDIRECT] [Fatal Error] :1:1: Premature end of file.
2026-05-26 15:14:39,246 [ERROR] LogOutputStream:75 - [STDERR_REDIRECT] 
2026-05-26 15:14:40,247 [ERROR] LogOutputStream:75 - [STDERR_REDIRECT] [Fatal Error] :1:1: Premature end of file.
2026-05-26 15:14:40,247 [ERROR] LogOutputStream:75 - [STDERR_REDIRECT] 
2026-05-26 15:14:41,253 [ERROR] LogOutputStream:75 - [STDERR_REDIRECT] [Fatal Error] :1:1: Premature end of file.
2026-05-26 15:14:41,253 [ERROR] LogOutputStream:75 - [STDERR_REDIRECT] 
2026-05-26 15:14:42,246 [ERROR] LogOutputStream:75 - [STDERR_REDIRECT] [Fatal Error] :1:1: Premature end of file.
2026-05-26 15:14:42,246 [ERROR] LogOutputStream:75 - [STDERR_REDIRECT] 
2026-05-26 15:14:43,246 [ERROR] LogOutputStream:75 - [STDERR_REDIRECT] [Fatal Error] :1:1: Premature end of file.
2026-05-26 15:14:43,246 [ERROR] LogOutputStream:75 - [STDERR_REDIRECT] 
2026-05-26 15:14:44,249 [ERROR] LogOutputStream:75 - [STDERR_REDIRECT] [Fatal Error] :1:1: Premature end of file.
2026-05-26 15:14:44,249 [ERROR] LogOutputStream:75 - [STDERR_REDIRECT] 
2026-05-26 15:14:45,251 [ERROR] LogOutputStream:75 - [STDERR_REDIRECT] [Fatal Error] :1:1: Premature end of file.
2026-05-26 15:14:45,251 [ERROR] LogOutputStream:75 - [STDERR_REDIRECT] 
2026-05-26 15:14:46,245 [ERROR] LogOutputStream:75 - [STDERR_REDIRECT] [Fatal Error] :1:1: Premature end of file.
2026-05-26 15:14:46,246 [ERROR] LogOutputStream:75 - [STDERR_REDIRECT] 
2026-05-26 15:14:47,245 [ERROR] LogOutputStream:75 - [STDERR_REDIRECT] [Fatal Error] :1:1: Premature end of file.
2026-05-26 15:14:47,246 [ERROR] LogOutputStream:75 - [STDERR_REDIRECT] 
2026-05-26 15:14:48,249 [ERROR] LogOutputStream:75 - [STDERR_REDIRECT] [Fatal Error] :1:1: Premature end of file.
2026-05-26 15:14:48,249 [ERROR] LogOutputStream:75 - [STDERR_REDIRECT] 
2026-05-26 15:14:49,250 [ERROR] LogOutputStream:75 - [STDERR_REDIRECT] [Fatal Error] :1:1: Premature end of file.
2026-05-26 15:14:49,250 [ERROR] LogOutputStream:75 - [STDERR_REDIRECT] 
2026-05-26 15:14:50,244 [ERROR] LogOutputStream:75 - [STDERR_REDIRECT] [Fatal Error] :1:1: Premature end of file.
2026-05-26 15:14:50,244 [ERROR] LogOutputStream:75 - [STDERR_REDIRECT] 
2026-05-26 15:14:51,260 [ERROR] LogOutputStream:75 - [STDERR_REDIRECT] [Fatal Error] :1:1: Premature end of file.
2026-05-26 15:14:51,260 [ERROR] LogOutputStream:75 - [STDERR_REDIRECT] 
2026-05-26 15:14:52,248 [ERROR] LogOutputStream:75 - [STDERR_REDIRECT] [Fatal Error] :1:1: Premature end of file.
2026-05-26 15:14:52,248 [ERROR] LogOutputStream:75 - [STDERR_REDIRECT] 
2026-05-26 15:14:53,246 [ERROR] LogOutputStream:75 - [STDERR_REDIRECT] [Fatal Error] :1:1: Premature end of file.
2026-05-26 15:14:53,246 [ERROR] LogOutputStream:75 - [STDERR_REDIRECT] 
2026-05-26 15:14:54,247 [ERROR] LogOutputStream:75 - [STDERR_REDIRECT] [Fatal Error] :1:1: Premature end of file.
2026-05-26 15:14:54,247 [ERROR] LogOutputStream:75 - [STDERR_REDIRECT] 
2026-05-26 15:14:55,246 [ERROR] LogOutputStream:75 - [STDERR_REDIRECT] [Fatal Error] :1:1: Premature end of file.
2026-05-26 15:14:55,246 [ERROR] LogOutputStream:75 - [STDERR_REDIRECT] 
2026-05-26 15:14:56,247 [ERROR] LogOutputStream:75 - [STDERR_REDIRECT] [Fatal Error] :1:1: Premature end of file.
2026-05-26 15:14:56,247 [ERROR] LogOutputStream:75 - [STDERR_REDIRECT] 
2026-05-26 15:14:57,245 [ERROR] LogOutputStream:75 - [STDERR_REDIRECT] [Fatal Error] :1:1: Premature end of file.
2026-05-26 15:14:57,245 [ERROR] LogOutputStream:75 - [STDERR_REDIRECT] 
2026-05-26 15:14:58,253 [ERROR] LogOutputStream:75 - [STDERR_REDIRECT] [Fatal Error] :1:1: Premature end of file.
2026-05-26 15:14:58,253 [ERROR] LogOutputStream:75 - [STDERR_REDIRECT] 
2026-05-26 15:14:59,246 [ERROR] LogOutputStream:75 - [STDERR_REDIRECT] [Fatal Error] :1:1: Premature end of file.
2026-05-26 15:14:59,247 [ERROR] LogOutputStream:75 - [STDERR_REDIRECT] 
2026-05-26 15:15:00,246 [ERROR] LogOutputStream:75 - [STDERR_REDIRECT] [Fatal Error] :1:1: Premature end of file.
2026-05-26 15:15:00,246 [ERROR] LogOutputStream:75 - [STDERR_REDIRECT] 
2026-05-26 15:15:01,243 [ERROR] LogOutputStream:75 - [STDERR_REDIRECT] [Fatal Error] :1:1: Premature end of file.
2026-05-26 15:15:01,243 [ERROR] LogOutputStream:75 - [STDERR_REDIRECT] 
2026-05-26 15:15:02,246 [ERROR] LogOutputStream:75 - [STDERR_REDIRECT] [Fatal Error] :1:1: Premature end of file.
2026-05-26 15:15:02,246 [ERROR] LogOutputStream:75 - [STDERR_REDIRECT] 
2026-05-26 15:15:03,252 [ERROR] LogOutputStream:75 - [STDERR_REDIRECT] [Fatal Error] :1:1: Premature end of file.
2026-05-26 15:15:03,252 [ERROR] LogOutputStream:75 - [STDERR_REDIRECT] 
2026-05-26 15:15:04,247 [ERROR] LogOutputStream:75 - [STDERR_REDIRECT] [Fatal Error] :1:1: Premature end of file.
2026-05-26 15:15:04,247 [ERROR] LogOutputStream:75 - [STDERR_REDIRECT] 
2026-05-26 15:15:05,246 [ERROR] LogOutputStream:75 - [STDERR_REDIRECT] [Fatal Error] :1:1: Premature end of file.
2026-05-26 15:15:05,246 [ERROR] LogOutputStream:75 - [STDERR_REDIRECT] 
2026-05-26 15:15:06,269 [ERROR] LogOutputStream:75 - [STDERR_REDIRECT] [Fatal Error] :1:1: Premature end of file.
2026-05-26 15:15:06,269 [ERROR] LogOutputStream:75 - [STDERR_REDIRECT] 
2026-05-26 15:15:07,247 [ERROR] LogOutputStream:75 - [STDERR_REDIRECT] [Fatal Error] :1:1: Premature end of file.
2026-05-26 15:15:07,247 [ERROR] LogOutputStream:75 - [STDERR_REDIRECT] 
2026-05-26 15:15:08,250 [ERROR] LogOutputStream:75 - [STDERR_REDIRECT] [Fatal Error] :1:1: Premature end of file.
2026-05-26 15:15:08,251 [ERROR] LogOutputStream:75 - [STDERR_REDIRECT] 
2026-05-26 15:15:09,245 [ERROR] LogOutputStream:75 - [STDERR_REDIRECT] [Fatal Error] :1:1: Premature end of file.
2026-05-26 15:15:09,245 [ERROR] LogOutputStream:75 - [STDERR_REDIRECT] 
2026-05-26 15:15:10,248 [ERROR] LogOutputStream:75 - [STDERR_REDIRECT] [Fatal Error] :1:1: Premature end of file.
2026-05-26 15:15:10,248 [ERROR] LogOutputStream:75 - [STDERR_REDIRECT] 
2026-05-26 15:15:11,245 [ERROR] LogOutputStream:75 - [STDERR_REDIRECT] [Fatal Error] :1:1: Premature end of file.
2026-05-26 15:15:11,245 [ERROR] LogOutputStream:75 - [STDERR_REDIRECT] 
2026-05-26 15:15:12,246 [ERROR] LogOutputStream:75 - [STDERR_REDIRECT] [Fatal Error] :1:1: Premature end of file.
2026-05-26 15:15:12,246 [ERROR] LogOutputStream:75 - [STDERR_REDIRECT] 
2026-05-26 15:15:13,249 [ERROR] LogOutputStream:75 - [STDERR_REDIRECT] [Fatal Error] :1:1: Premature end of file.
2026-05-26 15:15:13,249 [ERROR] LogOutputStream:75 - [STDERR_REDIRECT] 
2026-05-26 15:15:14,246 [ERROR] LogOutputStream:75 - [STDERR_REDIRECT] [Fatal Error] :1:1: Premature end of file.
2026-05-26 15:15:14,246 [ERROR] LogOutputStream:75 - [STDERR_REDIRECT] 
2026-05-26 15:15:15,249 [ERROR] LogOutputStream:75 - [STDERR_REDIRECT] [Fatal Error] :1:1: Premature end of file.
2026-05-26 15:15:15,249 [ERROR] LogOutputStream:75 - [STDERR_REDIRECT] 
2026-05-26 15:15:16,247 [ERROR] LogOutputStream:75 - [STDERR_REDIRECT] [Fatal Error] :1:1: Premature end of file.
2026-05-26 15:15:16,247 [ERROR] LogOutputStream:75 - [STDERR_REDIRECT] 
2026-05-26 15:15:17,249 [ERROR] LogOutputStream:75 - [STDERR_REDIRECT] [Fatal Error] :1:1: Premature end of file.
2026-05-26 15:15:17,249 [ERROR] LogOutputStream:75 - [STDERR_REDIRECT] 
2026-05-26 15:15:18,250 [ERROR] LogOutputStream:75 - [STDERR_REDIRECT] [Fatal Error] :1:1: Premature end of file.
2026-05-26 15:15:18,250 [ERROR] LogOutputStream:75 - [STDERR_REDIRECT] 
2026-05-26 15:15:19,249 [ERROR] LogOutputStream:75 - [STDERR_REDIRECT] [Fatal Error] :1:1: Premature end of file.
2026-05-26 15:15:19,249 [ERROR] LogOutputStream:75 - [STDERR_REDIRECT] 
2026-05-26 15:15:20,245 [ERROR] LogOutputStream:75 - [STDERR_REDIRECT] [Fatal Error] :1:1: Premature end of file.
2026-05-26 15:15:20,245 [ERROR] LogOutputStream:75 - [STDERR_REDIRECT] 
2026-05-26 15:15:21,244 [ERROR] LogOutputStream:75 - [STDERR_REDIRECT] [Fatal Error] :1:1: Premature end of file.
2026-05-26 15:15:21,244 [ERROR] LogOutputStream:75 - [STDERR_REDIRECT] 
2026-05-26 15:15:22,261 [ERROR] LogOutputStream:75 - [STDERR_REDIRECT] [Fatal Error] :1:1: Premature end of file.
2026-05-26 15:15:22,261 [ERROR] LogOutputStream:75 - [STDERR_REDIRECT] 
2026-05-26 15:15:23,244 [ERROR] LogOutputStream:75 - [STDERR_REDIRECT] [Fatal Error] :1:1: Premature end of file.
2026-05-26 15:15:23,244 [ERROR] LogOutputStream:75 - [STDERR_REDIRECT] 
2026-05-26 15:15:24,256 [ERROR] LogOutputStream:75 - [STDERR_REDIRECT] [Fatal Error] :1:1: Premature end of file.
2026-05-26 15:15:24,256 [ERROR] LogOutputStream:75 - [STDERR_REDIRECT] 
2026-05-26 15:15:25,244 [ERROR] LogOutputStream:75 - [STDERR_REDIRECT] [Fatal Error] :1:1: Premature end of file.
2026-05-26 15:15:25,244 [ERROR] LogOutputStream:75 - [STDERR_REDIRECT] 
2026-05-26 15:15:26,254 [ERROR] LogOutputStream:75 - [STDERR_REDIRECT] [Fatal Error] :1:1: Premature end of file.
2026-05-26 15:15:26,254 [ERROR] LogOutputStream:75 - [STDERR_REDIRECT] 
2026-05-26 15:15:27,254 [ERROR] LogOutputStream:75 - [STDERR_REDIRECT] [Fatal Error] :1:1: Premature end of file.
2026-05-26 15:15:27,254 [ERROR] LogOutputStream:75 - [STDERR_REDIRECT] 
2026-05-26 15:15:28,246 [ERROR] LogOutputStream:75 - [STDERR_REDIRECT] [Fatal Error] :1:1: Premature end of file.
2026-05-26 15:15:28,247 [ERROR] LogOutputStream:75 - [STDERR_REDIRECT] 
2026-05-26 15:15:29,248 [ERROR] LogOutputStream:75 - [STDERR_REDIRECT] [Fatal Error] :1:1: Premature end of file.
2026-05-26 15:15:29,248 [ERROR] LogOutputStream:75 - [STDERR_REDIRECT] 
2026-05-26 15:15:30,249 [ERROR] LogOutputStream:75 - [STDERR_REDIRECT] [Fatal Error] :1:1: Premature end of file.
2026-05-26 15:15:30,249 [ERROR] LogOutputStream:75 - [STDERR_REDIRECT] 
2026-05-26 15:15:31,247 [ERROR] LogOutputStream:75 - [STDERR_REDIRECT] [Fatal Error] :1:1: Premature end of file.
2026-05-26 15:15:31,247 [ERROR] LogOutputStream:75 - [STDERR_REDIRECT] 
2026-05-26 15:15:32,246 [ERROR] LogOutputStream:75 - [STDERR_REDIRECT] [Fatal Error] :1:1: Premature end of file.
2026-05-26 15:15:32,246 [ERROR] LogOutputStream:75 - [STDERR_REDIRECT] 
2026-05-26 15:15:33,250 [ERROR] LogOutputStream:75 - [STDERR_REDIRECT] [Fatal Error] :1:1: Premature end of file.
2026-05-26 15:15:33,250 [ERROR] LogOutputStream:75 - [STDERR_REDIRECT] 
2026-05-26 15:15:34,244 [ERROR] LogOutputStream:75 - [STDERR_REDIRECT] [Fatal Error] :1:1: Premature end of file.
2026-05-26 15:15:34,244 [ERROR] LogOutputStream:75 - [STDERR_REDIRECT] 
2026-05-26 15:15:35,263 [ERROR] LogOutputStream:75 - [STDERR_REDIRECT] [Fatal Error] :1:1: Premature end of file.
2026-05-26 15:15:35,263 [ERROR] LogOutputStream:75 - [STDERR_REDIRECT] 
2026-05-26 15:15:36,247 [ERROR] LogOutputStream:75 - [STDERR_REDIRECT] [Fatal Error] :1:1: Premature end of file.
2026-05-26 15:15:36,248 [ERROR] LogOutputStream:75 - [STDERR_REDIRECT] 
2026-05-26 15:15:37,248 [ERROR] LogOutputStream:75 - [STDERR_REDIRECT] [Fatal Error] :1:1: Premature end of file.
2026-05-26 15:15:37,249 [ERROR] LogOutputStream:75 - [STDERR_REDIRECT] 
2026-05-26 15:15:38,249 [ERROR] LogOutputStream:75 - [STDERR_REDIRECT] [Fatal Error] :1:1: Premature end of file.
2026-05-26 15:15:38,249 [ERROR] LogOutputStream:75 - [STDERR_REDIRECT] 
2026-05-26 15:15:39,252 [ERROR] LogOutputStream:75 - [STDERR_REDIRECT] [Fatal Error] :1:1: Premature end of file.
2026-05-26 15:15:39,253 [ERROR] LogOutputStream:75 - [STDERR_REDIRECT] 
2026-05-26 15:15:40,248 [ERROR] LogOutputStream:75 - [STDERR_REDIRECT] [Fatal Error] :1:1: Premature end of file.
2026-05-26 15:15:40,249 [ERROR] LogOutputStream:75 - [STDERR_REDIRECT] 
2026-05-26 15:15:41,248 [ERROR] LogOutputStream:75 - [STDERR_REDIRECT] [Fatal Error] :1:1: Premature end of file.
2026-05-26 15:15:41,248 [ERROR] LogOutputStream:75 - [STDERR_REDIRECT] 
2026-05-26 15:15:42,249 [ERROR] LogOutputStream:75 - [STDERR_REDIRECT] [Fatal Error] :1:1: Premature end of file.
2026-05-26 15:15:42,249 [ERROR] LogOutputStream:75 - [STDERR_REDIRECT] 
2026-05-26 15:15:43,254 [ERROR] LogOutputStream:75 - [STDERR_REDIRECT] [Fatal Error] :1:1: Premature end of file.
2026-05-26 15:15:43,255 [ERROR] LogOutputStream:75 - [STDERR_REDIRECT] 
2026-05-26 15:15:44,249 [ERROR] LogOutputStream:75 - [STDERR_REDIRECT] [Fatal Error] :1:1: Premature end of file.
2026-05-26 15:15:44,249 [ERROR] LogOutputStream:75 - [STDERR_REDIRECT] 
2026-05-26 15:15:45,245 [ERROR] LogOutputStream:75 - [STDERR_REDIRECT] [Fatal Error] :1:1: Premature end of file.
2026-05-26 15:15:45,245 [ERROR] LogOutputStream:75 - [STDERR_REDIRECT] 
2026-05-26 15:15:46,243 [ERROR] LogOutputStream:75 - [STDERR_REDIRECT] [Fatal Error] :1:1: Premature end of file.
2026-05-26 15:15:46,243 [ERROR] LogOutputStream:75 - [STDERR_REDIRECT] 
2026-05-26 15:15:47,249 [ERROR] LogOutputStream:75 - [STDERR_REDIRECT] [Fatal Error] :1:1: Premature end of file.
2026-05-26 15:15:47,249 [ERROR] LogOutputStream:75 - [STDERR_REDIRECT] 
2026-05-26 15:15:48,247 [ERROR] LogOutputStream:75 - [STDERR_REDIRECT] [Fatal Error] :1:1: Premature end of file.
2026-05-26 15:15:48,247 [ERROR] LogOutputStream:75 - [STDERR_REDIRECT] 
2026-05-26 15:15:49,247 [ERROR] LogOutputStream:75 - [STDERR_REDIRECT] [Fatal Error] :1:1: Premature end of file.
2026-05-26 15:15:49,248 [ERROR] LogOutputStream:75 - [STDERR_REDIRECT] 
2026-05-26 15:15:50,246 [ERROR] LogOutputStream:75 - [STDERR_REDIRECT] [Fatal Error] :1:1: Premature end of file.
2026-05-26 15:15:50,246 [ERROR] LogOutputStream:75 - [STDERR_REDIRECT] 
2026-05-26 15:15:51,248 [ERROR] LogOutputStream:75 - [STDERR_REDIRECT] [Fatal Error] :1:1: Premature end of file.
2026-05-26 15:15:51,248 [ERROR] LogOutputStream:75 - [STDERR_REDIRECT] 
2026-05-26 15:15:52,250 [ERROR] LogOutputStream:75 - [STDERR_REDIRECT] [Fatal Error] :1:1: Premature end of file.
2026-05-26 15:15:52,250 [ERROR] LogOutputStream:75 - [STDERR_REDIRECT] 
2026-05-26 15:15:53,250 [ERROR] LogOutputStream:75 - [STDERR_REDIRECT] [Fatal Error] :1:1: Premature end of file.
2026-05-26 15:15:53,250 [ERROR] LogOutputStream:75 - [STDERR_REDIRECT] 
2026-05-26 15:15:54,247 [ERROR] LogOutputStream:75 - [STDERR_REDIRECT] [Fatal Error] :1:1: Premature end of file.
2026-05-26 15:15:54,248 [ERROR] LogOutputStream:75 - [STDERR_REDIRECT] 
2026-05-26 15:15:55,246 [ERROR] LogOutputStream:75 - [STDERR_REDIRECT] [Fatal Error] :1:1: Premature end of file.
2026-05-26 15:15:55,246 [ERROR] LogOutputStream:75 - [STDERR_REDIRECT] 
2026-05-26 15:15:56,247 [ERROR] LogOutputStream:75 - [STDERR_REDIRECT] [Fatal Error] :1:1: Premature end of file.
2026-05-26 15:15:56,247 [ERROR] LogOutputStream:75 - [STDERR_REDIRECT] 
2026-05-26 15:15:57,250 [ERROR] LogOutputStream:75 - [STDERR_REDIRECT] [Fatal Error] :1:1: Premature end of file.
2026-05-26 15:15:57,250 [ERROR] LogOutputStream:75 - [STDERR_REDIRECT] 
2026-05-26 15:15:58,256 [ERROR] LogOutputStream:75 - [STDERR_REDIRECT] [Fatal Error] :1:1: Premature end of file.
2026-05-26 15:15:58,256 [ERROR] LogOutputStream:75 - [STDERR_REDIRECT] 
2026-05-26 15:15:59,252 [ERROR] LogOutputStream:75 - [STDERR_REDIRECT] [Fatal Error] :1:1: Premature end of file.
2026-05-26 15:15:59,252 [ERROR] LogOutputStream:75 - [STDERR_REDIRECT] 
2026-05-26 15:16:00,244 [ERROR] LogOutputStream:75 - [STDERR_REDIRECT] [Fatal Error] :1:1: Premature end of file.
2026-05-26 15:16:00,244 [ERROR] LogOutputStream:75 - [STDERR_REDIRECT] 
2026-05-26 15:16:01,247 [ERROR] LogOutputStream:75 - [STDERR_REDIRECT] [Fatal Error] :1:1: Premature end of file.
2026-05-26 15:16:01,248 [ERROR] LogOutputStream:75 - [STDERR_REDIRECT] 
2026-05-26 15:16:02,245 [ERROR] LogOutputStream:75 - [STDERR_REDIRECT] [Fatal Error] :1:1: Premature end of file.
2026-05-26 15:16:02,245 [ERROR] LogOutputStream:75 - [STDERR_REDIRECT] 
2026-05-26 15:16:03,248 [ERROR] LogOutputStream:75 - [STDERR_REDIRECT] [Fatal Error] :1:1: Premature end of file.
2026-05-26 15:16:03,250 [ERROR] LogOutputStream:75 - [STDERR_REDIRECT] 
2026-05-26 15:16:04,246 [ERROR] LogOutputStream:75 - [STDERR_REDIRECT] [Fatal Error] :1:1: Premature end of file.
2026-05-26 15:16:04,246 [ERROR] LogOutputStream:75 - [STDERR_REDIRECT] 
2026-05-26 15:16:05,244 [ERROR] LogOutputStream:75 - [STDERR_REDIRECT] [Fatal Error] :1:1: Premature end of file.
2026-05-26 15:16:05,244 [ERROR] LogOutputStream:75 - [STDERR_REDIRECT] 
2026-05-26 15:16:06,265 [ERROR] LogOutputStream:75 - [STDERR_REDIRECT] [Fatal Error] :1:1: Premature end of file.
2026-05-26 15:16:06,266 [ERROR] LogOutputStream:75 - [STDERR_REDIRECT] 
2026-05-26 15:16:07,247 [ERROR] LogOutputStream:75 - [STDERR_REDIRECT] [Fatal Error] :1:1: Premature end of file.
2026-05-26 15:16:07,248 [ERROR] LogOutputStream:75 - [STDERR_REDIRECT] 
2026-05-26 15:16:08,244 [ERROR] LogOutputStream:75 - [STDERR_REDIRECT] [Fatal Error] :1:1: Premature end of file.
2026-05-26 15:16:08,244 [ERROR] LogOutputStream:75 - [STDERR_REDIRECT] 
2026-05-26 15:16:09,246 [ERROR] LogOutputStream:75 - [STDERR_REDIRECT] [Fatal Error] :1:1: Premature end of file.
2026-05-26 15:16:09,246 [ERROR] LogOutputStream:75 - [STDERR_REDIRECT] 
2026-05-26 15:16:10,248 [ERROR] LogOutputStream:75 - [STDERR_REDIRECT] [Fatal Error] :1:1: Premature end of file.
2026-05-26 15:16:10,248 [ERROR] LogOutputStream:75 - [STDERR_REDIRECT] 
2026-05-26 15:16:11,253 [ERROR] LogOutputStream:75 - [STDERR_REDIRECT] [Fatal Error] :1:1: Premature end of file.
2026-05-26 15:16:11,254 [ERROR] LogOutputStream:75 - [STDERR_REDIRECT] 
2026-05-26 15:16:12,248 [ERROR] LogOutputStream:75 - [STDERR_REDIRECT] [Fatal Error] :1:1: Premature end of file.
2026-05-26 15:16:12,248 [ERROR] LogOutputStream:75 - [STDERR_REDIRECT] 
2026-05-26 15:16:13,247 [ERROR] LogOutputStream:75 - [STDERR_REDIRECT] [Fatal Error] :1:1: Premature end of file.
2026-05-26 15:16:13,247 [ERROR] LogOutputStream:75 - [STDERR_REDIRECT] 
2026-05-26 15:16:14,247 [ERROR] LogOutputStream:75 - [STDERR_REDIRECT] [Fatal Error] :1:1: Premature end of file.
2026-05-26 15:16:14,247 [ERROR] LogOutputStream:75 - [STDERR_REDIRECT] 
2026-05-26 15:16:15,246 [ERROR] LogOutputStream:75 - [STDERR_REDIRECT] [Fatal Error] :1:1: Premature end of file.
2026-05-26 15:16:15,246 [ERROR] LogOutputStream:75 - [STDERR_REDIRECT] 
2026-05-26 15:16:16,250 [ERROR] LogOutputStream:75 - [STDERR_REDIRECT] [Fatal Error] :1:1: Premature end of file.
2026-05-26 15:16:16,250 [ERROR] LogOutputStream:75 - [STDERR_REDIRECT] 
2026-05-26 15:16:17,248 [ERROR] LogOutputStream:75 - [STDERR_REDIRECT] [Fatal Error] :1:1: Premature end of file.
2026-05-26 15:16:17,249 [ERROR] LogOutputStream:75 - [STDERR_REDIRECT] 
2026-05-26 15:16:18,248 [ERROR] LogOutputStream:75 - [STDERR_REDIRECT] [Fatal Error] :1:1: Premature end of file.
2026-05-26 15:16:18,249 [ERROR] LogOutputStream:75 - [STDERR_REDIRECT] 
2026-05-26 15:16:19,244 [ERROR] LogOutputStream:75 - [STDERR_REDIRECT] [Fatal Error] :1:1: Premature end of file.
2026-05-26 15:16:19,246 [ERROR] LogOutputStream:75 - [STDERR_REDIRECT] 
2026-05-26 15:16:20,247 [ERROR] LogOutputStream:75 - [STDERR_REDIRECT] [Fatal Error] :1:1: Premature end of file.
2026-05-26 15:16:20,247 [ERROR] LogOutputStream:75 - [STDERR_REDIRECT] 
2026-05-26 15:16:21,242 [ERROR] LogOutputStream:75 - [STDERR_REDIRECT] [Fatal Error] :1:1: Premature end of file.
2026-05-26 15:16:21,244 [ERROR] LogOutputStream:75 - [STDERR_REDIRECT] 
2026-05-26 15:16:22,280 [ERROR] LogOutputStream:75 - [STDERR_REDIRECT] [Fatal Error] :1:1: Premature end of file.
2026-05-26 15:16:22,280 [ERROR] LogOutputStream:75 - [STDERR_REDIRECT] 
2026-05-26 15:16:23,245 [ERROR] LogOutputStream:75 - [STDERR_REDIRECT] [Fatal Error] :1:1: Premature end of file.
2026-05-26 15:16:23,246 [ERROR] LogOutputStream:75 - [STDERR_REDIRECT] 
2026-05-26 15:16:24,246 [ERROR] LogOutputStream:75 - [STDERR_REDIRECT] [Fatal Error] :1:1: Premature end of file.
2026-05-26 15:16:24,246 [ERROR] LogOutputStream:75 - [STDERR_REDIRECT] 
2026-05-26 15:16:25,247 [ERROR] LogOutputStream:75 - [STDERR_REDIRECT] [Fatal Error] :1:1: Premature end of file.
2026-05-26 15:16:25,247 [ERROR] LogOutputStream:75 - [STDERR_REDIRECT] 
2026-05-26 15:16:26,247 [ERROR] LogOutputStream:75 - [STDERR_REDIRECT] [Fatal Error] :1:1: Premature end of file.
2026-05-26 15:16:26,247 [ERROR] LogOutputStream:75 - [STDERR_REDIRECT] 
2026-05-26 15:16:27,247 [ERROR] LogOutputStream:75 - [STDERR_REDIRECT] [Fatal Error] :1:1: Premature end of file.
2026-05-26 15:16:27,247 [ERROR] LogOutputStream:75 - [STDERR_REDIRECT] 
2026-05-26 15:16:28,244 [ERROR] LogOutputStream:75 - [STDERR_REDIRECT] [Fatal Error] :1:1: Premature end of file.
2026-05-26 15:16:28,244 [ERROR] LogOutputStream:75 - [STDERR_REDIRECT] 
2026-05-26 15:16:29,262 [ERROR] LogOutputStream:75 - [STDERR_REDIRECT] [Fatal Error] :1:1: Premature end of file.
2026-05-26 15:16:29,263 [ERROR] LogOutputStream:75 - [STDERR_REDIRECT] 
2026-05-26 15:16:30,246 [ERROR] LogOutputStream:75 - [STDERR_REDIRECT] [Fatal Error] :1:1: Premature end of file.
2026-05-26 15:16:30,246 [ERROR] LogOutputStream:75 - [STDERR_REDIRECT] 
2026-05-26 15:16:31,245 [ERROR] LogOutputStream:75 - [STDERR_REDIRECT] [Fatal Error] :1:1: Premature end of file.
2026-05-26 15:16:31,246 [ERROR] LogOutputStream:75 - [STDERR_REDIRECT] 
2026-05-26 15:16:32,246 [ERROR] LogOutputStream:75 - [STDERR_REDIRECT] [Fatal Error] :1:1: Premature end of file.
2026-05-26 15:16:32,247 [ERROR] LogOutputStream:75 - [STDERR_REDIRECT] 
2026-05-26 15:16:33,246 [ERROR] LogOutputStream:75 - [STDERR_REDIRECT] [Fatal Error] :1:1: Premature end of file.
2026-05-26 15:16:33,246 [ERROR] LogOutputStream:75 - [STDERR_REDIRECT] 
2026-05-26 15:16:34,249 [ERROR] LogOutputStream:75 - [STDERR_REDIRECT] [Fatal Error] :1:1: Premature end of file.
2026-05-26 15:16:34,249 [ERROR] LogOutputStream:75 - [STDERR_REDIRECT] 
2026-05-26 15:16:35,247 [ERROR] LogOutputStream:75 - [STDERR_REDIRECT] [Fatal Error] :1:1: Premature end of file.
2026-05-26 15:16:35,247 [ERROR] LogOutputStream:75 - [STDERR_REDIRECT] 
2026-05-26 15:16:36,251 [ERROR] LogOutputStream:75 - [STDERR_REDIRECT] [Fatal Error] :1:1: Premature end of file.
2026-05-26 15:16:36,251 [ERROR] LogOutputStream:75 - [STDERR_REDIRECT] 
2026-05-26 15:16:37,247 [ERROR] LogOutputStream:75 - [STDERR_REDIRECT] [Fatal Error] :1:1: Premature end of file.
2026-05-26 15:16:37,247 [ERROR] LogOutputStream:75 - [STDERR_REDIRECT] 
2026-05-26 15:16:38,252 [ERROR] LogOutputStream:75 - [STDERR_REDIRECT] [Fatal Error] :1:1: Premature end of file.
2026-05-26 15:16:38,252 [ERROR] LogOutputStream:75 - [STDERR_REDIRECT] 
2026-05-26 15:16:39,247 [ERROR] LogOutputStream:75 - [STDERR_REDIRECT] [Fatal Error] :1:1: Premature end of file.
2026-05-26 15:16:39,247 [ERROR] LogOutputStream:75 - [STDERR_REDIRECT] 
2026-05-26 15:16:40,250 [ERROR] LogOutputStream:75 - [STDERR_REDIRECT] [Fatal Error] :1:1: Premature end of file.
2026-05-26 15:16:40,250 [ERROR] LogOutputStream:75 - [STDERR_REDIRECT] 
2026-05-26 15:16:41,247 [ERROR] LogOutputStream:75 - [STDERR_REDIRECT] [Fatal Error] :1:1: Premature end of file.
2026-05-26 15:16:41,247 [ERROR] LogOutputStream:75 - [STDERR_REDIRECT] 
2026-05-26 15:16:42,245 [ERROR] LogOutputStream:75 - [STDERR_REDIRECT] [Fatal Error] :1:1: Premature end of file.
2026-05-26 15:16:42,245 [ERROR] LogOutputStream:75 - [STDERR_REDIRECT] 
2026-05-26 15:16:43,253 [ERROR] LogOutputStream:75 - [STDERR_REDIRECT] [Fatal Error] :1:1: Premature end of file.
2026-05-26 15:16:43,254 [ERROR] LogOutputStream:75 - [STDERR_REDIRECT] 
2026-05-26 15:16:44,258 [ERROR] LogOutputStream:75 - [STDERR_REDIRECT] [Fatal Error] :1:1: Premature end of file.
2026-05-26 15:16:44,258 [ERROR] LogOutputStream:75 - [STDERR_REDIRECT] 
2026-05-26 15:16:45,245 [ERROR] LogOutputStream:75 - [STDERR_REDIRECT] [Fatal Error] :1:1: Premature end of file.
2026-05-26 15:16:45,245 [ERROR] LogOutputStream:75 - [STDERR_REDIRECT] 
2026-05-26 15:16:46,246 [ERROR] LogOutputStream:75 - [STDERR_REDIRECT] [Fatal Error] :1:1: Premature end of file.
2026-05-26 15:16:46,246 [ERROR] LogOutputStream:75 - [STDERR_REDIRECT] 
2026-05-26 15:16:47,247 [ERROR] LogOutputStream:75 - [STDERR_REDIRECT] [Fatal Error] :1:1: Premature end of file.
2026-05-26 15:16:47,247 [ERROR] LogOutputStream:75 - [STDERR_REDIRECT] 
2026-05-26 15:16:48,247 [ERROR] LogOutputStream:75 - [STDERR_REDIRECT] [Fatal Error] :1:1: Premature end of file.
2026-05-26 15:16:48,247 [ERROR] LogOutputStream:75 - [STDERR_REDIRECT] 
2026-05-26 15:16:49,244 [ERROR] LogOutputStream:75 - [STDERR_REDIRECT] [Fatal Error] :1:1: Premature end of file.
2026-05-26 15:16:49,244 [ERROR] LogOutputStream:75 - [STDERR_REDIRECT] 
2026-05-26 15:16:50,252 [ERROR] LogOutputStream:75 - [STDERR_REDIRECT] [Fatal Error] :1:1: Premature end of file.
2026-05-26 15:16:50,252 [ERROR] LogOutputStream:75 - [STDERR_REDIRECT] 
2026-05-26 15:16:51,247 [ERROR] LogOutputStream:75 - [STDERR_REDIRECT] [Fatal Error] :1:1: Premature end of file.
2026-05-26 15:16:51,248 [ERROR] LogOutputStream:75 - [STDERR_REDIRECT] 
2026-05-26 15:16:52,246 [ERROR] LogOutputStream:75 - [STDERR_REDIRECT] [Fatal Error] :1:1: Premature end of file.
2026-05-26 15:16:52,247 [ERROR] LogOutputStream:75 - [STDERR_REDIRECT] 
2026-05-26 15:16:53,245 [ERROR] LogOutputStream:75 - [STDERR_REDIRECT] [Fatal Error] :1:1: Premature end of file.
2026-05-26 15:16:53,245 [ERROR] LogOutputStream:75 - [STDERR_REDIRECT] 
2026-05-26 15:16:54,244 [ERROR] LogOutputStream:75 - [STDERR_REDIRECT] [Fatal Error] :1:1: Premature end of file.
2026-05-26 15:16:54,244 [ERROR] LogOutputStream:75 - [STDERR_REDIRECT] 
2026-05-26 15:16:55,245 [ERROR] LogOutputStream:75 - [STDERR_REDIRECT] [Fatal Error] :1:1: Premature end of file.
2026-05-26 15:16:55,246 [ERROR] LogOutputStream:75 - [STDERR_REDIRECT] 
2026-05-26 15:16:56,247 [ERROR] LogOutputStream:75 - [STDERR_REDIRECT] [Fatal Error] :1:1: Premature end of file.
2026-05-26 15:16:56,247 [ERROR] LogOutputStream:75 - [STDERR_REDIRECT] 
2026-05-26 15:16:57,242 [ERROR] LogOutputStream:75 - [STDERR_REDIRECT] [Fatal Error] :1:1: Premature end of file.
2026-05-26 15:16:57,242 [ERROR] LogOutputStream:75 - [STDERR_REDIRECT] 
2026-05-26 15:16:58,246 [ERROR] LogOutputStream:75 - [STDERR_REDIRECT] [Fatal Error] :1:1: Premature end of file.
2026-05-26 15:16:58,246 [ERROR] LogOutputStream:75 - [STDERR_REDIRECT] 
2026-05-26 15:16:59,247 [ERROR] LogOutputStream:75 - [STDERR_REDIRECT] [Fatal Error] :1:1: Premature end of file.
2026-05-26 15:16:59,248 [ERROR] LogOutputStream:75 - [STDERR_REDIRECT] 
2026-05-26 15:17:00,246 [ERROR] LogOutputStream:75 - [STDERR_REDIRECT] [Fatal Error] :1:1: Premature end of file.
2026-05-26 15:17:00,246 [ERROR] LogOutputStream:75 - [STDERR_REDIRECT] 
2026-05-26 15:17:01,247 [ERROR] LogOutputStream:75 - [STDERR_REDIRECT] [Fatal Error] :1:1: Premature end of file.
2026-05-26 15:17:01,248 [ERROR] LogOutputStream:75 - [STDERR_REDIRECT] 
2026-05-26 15:17:02,249 [ERROR] LogOutputStream:75 - [STDERR_REDIRECT] [Fatal Error] :1:1: Premature end of file.
2026-05-26 15:17:02,249 [ERROR] LogOutputStream:75 - [STDERR_REDIRECT] 
2026-05-26 15:17:03,248 [ERROR] LogOutputStream:75 - [STDERR_REDIRECT] [Fatal Error] :1:1: Premature end of file.
2026-05-26 15:17:03,248 [ERROR] LogOutputStream:75 - [STDERR_REDIRECT] 
2026-05-26 15:17:04,243 [ERROR] LogOutputStream:75 - [STDERR_REDIRECT] [Fatal Error] :1:1: Premature end of file.
2026-05-26 15:17:04,243 [ERROR] LogOutputStream:75 - [STDERR_REDIRECT] 
2026-05-26 15:17:05,246 [ERROR] LogOutputStream:75 - [STDERR_REDIRECT] [Fatal Error] :1:1: Premature end of file.
2026-05-26 15:17:05,246 [ERROR] LogOutputStream:75 - [STDERR_REDIRECT] 
2026-05-26 15:17:06,244 [ERROR] LogOutputStream:75 - [STDERR_REDIRECT] [Fatal Error] :1:1: Premature end of file.
2026-05-26 15:17:06,244 [ERROR] LogOutputStream:75 - [STDERR_REDIRECT] 
2026-05-26 15:17:07,249 [ERROR] LogOutputStream:75 - [STDERR_REDIRECT] [Fatal Error] :1:1: Premature end of file.
2026-05-26 15:17:07,249 [ERROR] LogOutputStream:75 - [STDERR_REDIRECT] 
2026-05-26 15:17:08,248 [ERROR] LogOutputStream:75 - [STDERR_REDIRECT] [Fatal Error] :1:1: Premature end of file.
2026-05-26 15:17:08,248 [ERROR] LogOutputStream:75 - [STDERR_REDIRECT] 
2026-05-26 15:17:09,243 [ERROR] LogOutputStream:75 - [STDERR_REDIRECT] [Fatal Error] :1:1: Premature end of file.
2026-05-26 15:17:09,243 [ERROR] LogOutputStream:75 - [STDERR_REDIRECT] 
2026-05-26 15:17:10,246 [ERROR] LogOutputStream:75 - [STDERR_REDIRECT] [Fatal Error] :1:1: Premature end of file.
2026-05-26 15:17:10,246 [ERROR] LogOutputStream:75 - [STDERR_REDIRECT] 
2026-05-26 15:17:11,247 [ERROR] LogOutputStream:75 - [STDERR_REDIRECT] [Fatal Error] :1:1: Premature end of file.
2026-05-26 15:17:11,247 [ERROR] LogOutputStream:75 - [STDERR_REDIRECT] 
2026-05-26 15:17:12,245 [ERROR] LogOutputStream:75 - [STDERR_REDIRECT] [Fatal Error] :1:1: Premature end of file.
2026-05-26 15:17:12,245 [ERROR] LogOutputStream:75 - [STDERR_REDIRECT] 
2026-05-26 15:17:13,245 [ERROR] LogOutputStream:75 - [STDERR_REDIRECT] [Fatal Error] :1:1: Premature end of file.
2026-05-26 15:17:13,246 [ERROR] LogOutputStream:75 - [STDERR_REDIRECT] 
2026-05-26 15:17:14,245 [ERROR] LogOutputStream:75 - [STDERR_REDIRECT] [Fatal Error] :1:1: Premature end of file.
2026-05-26 15:17:14,245 [ERROR] LogOutputStream:75 - [STDERR_REDIRECT] 
2026-05-26 15:17:15,246 [ERROR] LogOutputStream:75 - [STDERR_REDIRECT] [Fatal Error] :1:1: Premature end of file.
2026-05-26 15:17:15,246 [ERROR] LogOutputStream:75 - [STDERR_REDIRECT] 
2026-05-26 15:17:16,248 [ERROR] LogOutputStream:75 - [STDERR_REDIRECT] [Fatal Error] :1:1: Premature end of file.
2026-05-26 15:17:16,248 [ERROR] LogOutputStream:75 - [STDERR_REDIRECT] 
2026-05-26 15:17:17,244 [ERROR] LogOutputStream:75 - [STDERR_REDIRECT] [Fatal Error] :1:1: Premature end of file.
2026-05-26 15:17:17,244 [ERROR] LogOutputStream:75 - [STDERR_REDIRECT] 
2026-05-26 15:17:18,244 [ERROR] LogOutputStream:75 - [STDERR_REDIRECT] [Fatal Error] :1:1: Premature end of file.
2026-05-26 15:17:18,246 [ERROR] LogOutputStream:75 - [STDERR_REDIRECT] 
2026-05-26 15:17:19,248 [ERROR] LogOutputStream:75 - [STDERR_REDIRECT] [Fatal Error] :1:1: Premature end of file.
2026-05-26 15:17:19,250 [ERROR] LogOutputStream:75 - [STDERR_REDIRECT] 
2026-05-26 15:17:20,246 [ERROR] LogOutputStream:75 - [STDERR_REDIRECT] [Fatal Error] :1:1: Premature end of file.
2026-05-26 15:17:20,246 [ERROR] LogOutputStream:75 - [STDERR_REDIRECT] 
2026-05-26 15:17:21,252 [ERROR] LogOutputStream:75 - [STDERR_REDIRECT] [Fatal Error] :1:1: Premature end of file.
2026-05-26 15:17:21,252 [ERROR] LogOutputStream:75 - [STDERR_REDIRECT] 
2026-05-26 15:17:22,245 [ERROR] LogOutputStream:75 - [STDERR_REDIRECT] [Fatal Error] :1:1: Premature end of file.
2026-05-26 15:17:22,245 [ERROR] LogOutputStream:75 - [STDERR_REDIRECT] 
2026-05-26 15:17:23,246 [ERROR] LogOutputStream:75 - [STDERR_REDIRECT] [Fatal Error] :1:1: Premature end of file.
2026-05-26 15:17:23,246 [ERROR] LogOutputStream:75 - [STDERR_REDIRECT] 
2026-05-26 15:17:24,246 [ERROR] LogOutputStream:75 - [STDERR_REDIRECT] [Fatal Error] :1:1: Premature end of file.
2026-05-26 15:17:24,246 [ERROR] LogOutputStream:75 - [STDERR_REDIRECT] 
2026-05-26 15:17:25,247 [ERROR] LogOutputStream:75 - [STDERR_REDIRECT] [Fatal Error] :1:1: Premature end of file.
2026-05-26 15:17:25,247 [ERROR] LogOutputStream:75 - [STDERR_REDIRECT] 
2026-05-26 15:17:26,244 [ERROR] LogOutputStream:75 - [STDERR_REDIRECT] [Fatal Error] :1:1: Premature end of file.
2026-05-26 15:17:26,244 [ERROR] LogOutputStream:75 - [STDERR_REDIRECT] 
2026-05-26 15:17:27,245 [ERROR] LogOutputStream:75 - [STDERR_REDIRECT] [Fatal Error] :1:1: Premature end of file.
2026-05-26 15:17:27,245 [ERROR] LogOutputStream:75 - [STDERR_REDIRECT] 
2026-05-26 15:17:28,251 [ERROR] LogOutputStream:75 - [STDERR_REDIRECT] [Fatal Error] :1:1: Premature end of file.
2026-05-26 15:17:28,252 [ERROR] LogOutputStream:75 - [STDERR_REDIRECT] 
2026-05-26 15:17:29,247 [ERROR] LogOutputStream:75 - [STDERR_REDIRECT] [Fatal Error] :1:1: Premature end of file.
2026-05-26 15:17:29,247 [ERROR] LogOutputStream:75 - [STDERR_REDIRECT] 
2026-05-26 15:17:30,244 [ERROR] LogOutputStream:75 - [STDERR_REDIRECT] [Fatal Error] :1:1: Premature end of file.
2026-05-26 15:17:30,244 [ERROR] LogOutputStream:75 - [STDERR_REDIRECT] 
2026-05-26 15:17:31,248 [ERROR] LogOutputStream:75 - [STDERR_REDIRECT] [Fatal Error] :1:1: Premature end of file.
2026-05-26 15:17:31,248 [ERROR] LogOutputStream:75 - [STDERR_REDIRECT] 
2026-05-26 15:17:32,246 [ERROR] LogOutputStream:75 - [STDERR_REDIRECT] [Fatal Error] :1:1: Premature end of file.
2026-05-26 15:17:32,246 [ERROR] LogOutputStream:75 - [STDERR_REDIRECT] 
2026-05-26 15:17:33,248 [ERROR] LogOutputStream:75 - [STDERR_REDIRECT] [Fatal Error] :1:1: Premature end of file.
2026-05-26 15:17:33,248 [ERROR] LogOutputStream:75 - [STDERR_REDIRECT] 
2026-05-26 15:17:34,246 [ERROR] LogOutputStream:75 - [STDERR_REDIRECT] [Fatal Error] :1:1: Premature end of file.
2026-05-26 15:17:34,246 [ERROR] LogOutputStream:75 - [STDERR_REDIRECT] 
2026-05-26 15:17:35,245 [ERROR] LogOutputStream:75 - [STDERR_REDIRECT] [Fatal Error] :1:1: Premature end of file.
2026-05-26 15:17:35,245 [ERROR] LogOutputStream:75 - [STDERR_REDIRECT] 
2026-05-26 15:17:36,247 [ERROR] LogOutputStream:75 - [STDERR_REDIRECT] [Fatal Error] :1:1: Premature end of file.
2026-05-26 15:17:36,247 [ERROR] LogOutputStream:75 - [STDERR_REDIRECT] 
2026-05-26 15:17:37,246 [ERROR] LogOutputStream:75 - [STDERR_REDIRECT] [Fatal Error] :1:1: Premature end of file.
2026-05-26 15:17:37,247 [ERROR] LogOutputStream:75 - [STDERR_REDIRECT] 
2026-05-26 15:17:38,244 [ERROR] LogOutputStream:75 - [STDERR_REDIRECT] [Fatal Error] :1:1: Premature end of file.
2026-05-26 15:17:38,245 [ERROR] LogOutputStream:75 - [STDERR_REDIRECT] 
2026-05-26 15:17:39,247 [ERROR] LogOutputStream:75 - [STDERR_REDIRECT] [Fatal Error] :1:1: Premature end of file.
2026-05-26 15:17:39,247 [ERROR] LogOutputStream:75 - [STDERR_REDIRECT] 
2026-05-26 15:17:40,245 [ERROR] LogOutputStream:75 - [STDERR_REDIRECT] [Fatal Error] :1:1: Premature end of file.
2026-05-26 15:17:40,245 [ERROR] LogOutputStream:75 - [STDERR_REDIRECT] 
2026-05-26 15:17:41,243 [ERROR] LogOutputStream:75 - [STDERR_REDIRECT] [Fatal Error] :1:1: Premature end of file.
2026-05-26 15:17:41,243 [ERROR] LogOutputStream:75 - [STDERR_REDIRECT] 
2026-05-26 15:17:42,269 [ERROR] LogOutputStream:75 - [STDERR_REDIRECT] [Fatal Error] :1:1: Premature end of file.
2026-05-26 15:17:42,272 [ERROR] LogOutputStream:75 - [STDERR_REDIRECT] 
2026-05-26 15:17:43,247 [ERROR] LogOutputStream:75 - [STDERR_REDIRECT] [Fatal Error] :1:1: Premature end of file.
2026-05-26 15:17:43,247 [ERROR] LogOutputStream:75 - [STDERR_REDIRECT] 
2026-05-26 15:17:44,246 [ERROR] LogOutputStream:75 - [STDERR_REDIRECT] [Fatal Error] :1:1: Premature end of file.
2026-05-26 15:17:44,247 [ERROR] LogOutputStream:75 - [STDERR_REDIRECT] 
2026-05-26 15:17:45,248 [ERROR] LogOutputStream:75 - [STDERR_REDIRECT] [Fatal Error] :1:1: Premature end of file.
2026-05-26 15:17:45,248 [ERROR] LogOutputStream:75 - [STDERR_REDIRECT] 
2026-05-26 15:17:46,253 [ERROR] LogOutputStream:75 - [STDERR_REDIRECT] [Fatal Error] :1:1: Premature end of file.
2026-05-26 15:17:46,253 [ERROR] LogOutputStream:75 - [STDERR_REDIRECT] 
2026-05-26 15:17:47,247 [ERROR] LogOutputStream:75 - [STDERR_REDIRECT] [Fatal Error] :1:1: Premature end of file.
2026-05-26 15:17:47,248 [ERROR] LogOutputStream:75 - [STDERR_REDIRECT] 
2026-05-26 15:17:48,248 [ERROR] LogOutputStream:75 - [STDERR_REDIRECT] [Fatal Error] :1:1: Premature end of file.
2026-05-26 15:17:48,249 [ERROR] LogOutputStream:75 - [STDERR_REDIRECT] 
2026-05-26 15:17:49,254 [ERROR] LogOutputStream:75 - [STDERR_REDIRECT] [Fatal Error] :1:1: Premature end of file.
2026-05-26 15:17:49,255 [ERROR] LogOutputStream:75 - [STDERR_REDIRECT] 
2026-05-26 15:17:50,246 [ERROR] LogOutputStream:75 - [STDERR_REDIRECT] [Fatal Error] :1:1: Premature end of file.
2026-05-26 15:17:50,246 [ERROR] LogOutputStream:75 - [STDERR_REDIRECT] 
2026-05-26 15:17:51,247 [ERROR] LogOutputStream:75 - [STDERR_REDIRECT] [Fatal Error] :1:1: Premature end of file.
2026-05-26 15:17:51,247 [ERROR] LogOutputStream:75 - [STDERR_REDIRECT] 
2026-05-26 15:17:52,245 [ERROR] LogOutputStream:75 - [STDERR_REDIRECT] [Fatal Error] :1:1: Premature end of file.
2026-05-26 15:17:52,245 [ERROR] LogOutputStream:75 - [STDERR_REDIRECT] 
2026-05-26 15:17:53,244 [ERROR] LogOutputStream:75 - [STDERR_REDIRECT] [Fatal Error] :1:1: Premature end of file.
2026-05-26 15:17:53,245 [ERROR] LogOutputStream:75 - [STDERR_REDIRECT] 
2026-05-26 15:17:54,251 [ERROR] LogOutputStream:75 - [STDERR_REDIRECT] [Fatal Error] :1:1: Premature end of file.
2026-05-26 15:17:54,251 [ERROR] LogOutputStream:75 - [STDERR_REDIRECT] 
2026-05-26 15:17:55,250 [ERROR] LogOutputStream:75 - [STDERR_REDIRECT] [Fatal Error] :1:1: Premature end of file.
2026-05-26 15:17:55,251 [ERROR] LogOutputStream:75 - [STDERR_REDIRECT] 
2026-05-26 15:17:56,246 [ERROR] LogOutputStream:75 - [STDERR_REDIRECT] [Fatal Error] :1:1: Premature end of file.
2026-05-26 15:17:56,246 [ERROR] LogOutputStream:75 - [STDERR_REDIRECT] 
2026-05-26 15:17:57,244 [ERROR] LogOutputStream:75 - [STDERR_REDIRECT] [Fatal Error] :1:1: Premature end of file.
2026-05-26 15:17:57,244 [ERROR] LogOutputStream:75 - [STDERR_REDIRECT] 
2026-05-26 15:17:58,247 [ERROR] LogOutputStream:75 - [STDERR_REDIRECT] [Fatal Error] :1:1: Premature end of file.
2026-05-26 15:17:58,248 [ERROR] LogOutputStream:75 - [STDERR_REDIRECT] 
2026-05-26 15:17:59,252 [ERROR] LogOutputStream:75 - [STDERR_REDIRECT] [Fatal Error] :1:1: Premature end of file.
2026-05-26 15:17:59,252 [ERROR] LogOutputStream:75 - [STDERR_REDIRECT] 
2026-05-26 15:18:00,246 [ERROR] LogOutputStream:75 - [STDERR_REDIRECT] [Fatal Error] :1:1: Premature end of file.
2026-05-26 15:18:00,246 [ERROR] LogOutputStream:75 - [STDERR_REDIRECT] 
2026-05-26 15:18:01,242 [ERROR] LogOutputStream:75 - [STDERR_REDIRECT] [Fatal Error] :1:1: Premature end of file.
2026-05-26 15:18:01,242 [ERROR] LogOutputStream:75 - [STDERR_REDIRECT] 
2026-05-26 15:18:02,244 [ERROR] LogOutputStream:75 - [STDERR_REDIRECT] [Fatal Error] :1:1: Premature end of file.
2026-05-26 15:18:02,244 [ERROR] LogOutputStream:75 - [STDERR_REDIRECT] 
2026-05-26 15:18:03,247 [ERROR] LogOutputStream:75 - [STDERR_REDIRECT] [Fatal Error] :1:1: Premature end of file.
2026-05-26 15:18:03,247 [ERROR] LogOutputStream:75 - [STDERR_REDIRECT] 
2026-05-26 15:18:04,245 [ERROR] LogOutputStream:75 - [STDERR_REDIRECT] [Fatal Error] :1:1: Premature end of file.
2026-05-26 15:18:04,245 [ERROR] LogOutputStream:75 - [STDERR_REDIRECT] 
2026-05-26 15:18:05,245 [ERROR] LogOutputStream:75 - [STDERR_REDIRECT] [Fatal Error] :1:1: Premature end of file.
2026-05-26 15:18:05,245 [ERROR] LogOutputStream:75 - [STDERR_REDIRECT] 
2026-05-26 15:18:06,245 [ERROR] LogOutputStream:75 - [STDERR_REDIRECT] [Fatal Error] :1:1: Premature end of file.
2026-05-26 15:18:06,245 [ERROR] LogOutputStream:75 - [STDERR_REDIRECT] 
2026-05-26 15:18:07,248 [ERROR] LogOutputStream:75 - [STDERR_REDIRECT] [Fatal Error] :1:1: Premature end of file.
2026-05-26 15:18:07,248 [ERROR] LogOutputStream:75 - [STDERR_REDIRECT] 
2026-05-26 15:18:08,246 [ERROR] LogOutputStream:75 - [STDERR_REDIRECT] [Fatal Error] :1:1: Premature end of file.
2026-05-26 15:18:08,246 [ERROR] LogOutputStream:75 - [STDERR_REDIRECT] 
2026-05-26 15:18:09,244 [ERROR] LogOutputStream:75 - [STDERR_REDIRECT] [Fatal Error] :1:1: Premature end of file.
2026-05-26 15:18:09,245 [ERROR] LogOutputStream:75 - [STDERR_REDIRECT] 
2026-05-26 15:18:10,246 [ERROR] LogOutputStream:75 - [STDERR_REDIRECT] [Fatal Error] :1:1: Premature end of file.
2026-05-26 15:18:10,247 [ERROR] LogOutputStream:75 - [STDERR_REDIRECT] 
2026-05-26 15:18:11,250 [ERROR] LogOutputStream:75 - [STDERR_REDIRECT] [Fatal Error] :1:1: Premature end of file.
2026-05-26 15:18:11,250 [ERROR] LogOutputStream:75 - [STDERR_REDIRECT] 
2026-05-26 15:18:12,244 [ERROR] LogOutputStream:75 - [STDERR_REDIRECT] [Fatal Error] :1:1: Premature end of file.
2026-05-26 15:18:12,244 [ERROR] LogOutputStream:75 - [STDERR_REDIRECT] 
2026-05-26 15:18:13,259 [ERROR] LogOutputStream:75 - [STDERR_REDIRECT] [Fatal Error] :1:1: Premature end of file.
2026-05-26 15:18:13,260 [ERROR] LogOutputStream:75 - [STDERR_REDIRECT] 
2026-05-26 15:18:14,245 [ERROR] LogOutputStream:75 - [STDERR_REDIRECT] [Fatal Error] :1:1: Premature end of file.
2026-05-26 15:18:14,246 [ERROR] LogOutputStream:75 - [STDERR_REDIRECT] 
2026-05-26 15:18:15,247 [ERROR] LogOutputStream:75 - [STDERR_REDIRECT] [Fatal Error] :1:1: Premature end of file.
2026-05-26 15:18:15,247 [ERROR] LogOutputStream:75 - [STDERR_REDIRECT] 
2026-05-26 15:18:16,244 [ERROR] LogOutputStream:75 - [STDERR_REDIRECT] [Fatal Error] :1:1: Premature end of file.
2026-05-26 15:18:16,244 [ERROR] LogOutputStream:75 - [STDERR_REDIRECT] 
2026-05-26 15:18:17,244 [ERROR] LogOutputStream:75 - [STDERR_REDIRECT] [Fatal Error] :1:1: Premature end of file.
2026-05-26 15:18:17,246 [ERROR] LogOutputStream:75 - [STDERR_REDIRECT] 
2026-05-26 15:18:18,246 [ERROR] LogOutputStream:75 - [STDERR_REDIRECT] [Fatal Error] :1:1: Premature end of file.
2026-05-26 15:18:18,247 [ERROR] LogOutputStream:75 - [STDERR_REDIRECT] 
2026-05-26 15:18:19,246 [ERROR] LogOutputStream:75 - [STDERR_REDIRECT] [Fatal Error] :1:1: Premature end of file.
2026-05-26 15:18:19,246 [ERROR] LogOutputStream:75 - [STDERR_REDIRECT] 
2026-05-26 15:18:20,251 [ERROR] LogOutputStream:75 - [STDERR_REDIRECT] [Fatal Error] :1:1: Premature end of file.
2026-05-26 15:18:20,251 [ERROR] LogOutputStream:75 - [STDERR_REDIRECT] 
2026-05-26 15:18:21,247 [ERROR] LogOutputStream:75 - [STDERR_REDIRECT] [Fatal Error] :1:1: Premature end of file.
2026-05-26 15:18:21,247 [ERROR] LogOutputStream:75 - [STDERR_REDIRECT] 
2026-05-26 15:18:22,248 [ERROR] LogOutputStream:75 - [STDERR_REDIRECT] [Fatal Error] :1:1: Premature end of file.
2026-05-26 15:18:22,248 [ERROR] LogOutputStream:75 - [STDERR_REDIRECT] 
2026-05-26 15:18:23,245 [ERROR] LogOutputStream:75 - [STDERR_REDIRECT] [Fatal Error] :1:1: Premature end of file.
2026-05-26 15:18:23,246 [ERROR] LogOutputStream:75 - [STDERR_REDIRECT] 
2026-05-26 15:18:24,247 [ERROR] LogOutputStream:75 - [STDERR_REDIRECT] [Fatal Error] :1:1: Premature end of file.
2026-05-26 15:18:24,248 [ERROR] LogOutputStream:75 - [STDERR_REDIRECT] 
2026-05-26 15:18:25,243 [ERROR] LogOutputStream:75 - [STDERR_REDIRECT] [Fatal Error] :1:1: Premature end of file.
2026-05-26 15:18:25,243 [ERROR] LogOutputStream:75 - [STDERR_REDIRECT] 
2026-05-26 15:18:26,244 [ERROR] LogOutputStream:75 - [STDERR_REDIRECT] [Fatal Error] :1:1: Premature end of file.
2026-05-26 15:18:26,244 [ERROR] LogOutputStream:75 - [STDERR_REDIRECT] 
2026-05-26 15:18:27,256 [ERROR] LogOutputStream:75 - [STDERR_REDIRECT] [Fatal Error] :1:1: Premature end of file.
2026-05-26 15:18:27,256 [ERROR] LogOutputStream:75 - [STDERR_REDIRECT] 
2026-05-26 15:18:28,244 [ERROR] LogOutputStream:75 - [STDERR_REDIRECT] [Fatal Error] :1:1: Premature end of file.
2026-05-26 15:18:28,244 [ERROR] LogOutputStream:75 - [STDERR_REDIRECT] 
2026-05-26 15:18:29,256 [ERROR] LogOutputStream:75 - [STDERR_REDIRECT] [Fatal Error] :1:1: Premature end of file.
2026-05-26 15:18:29,257 [ERROR] LogOutputStream:75 - [STDERR_REDIRECT] 
2026-05-26 15:18:30,246 [ERROR] LogOutputStream:75 - [STDERR_REDIRECT] [Fatal Error] :1:1: Premature end of file.
2026-05-26 15:18:30,247 [ERROR] LogOutputStream:75 - [STDERR_REDIRECT] 
2026-05-26 15:18:31,244 [ERROR] LogOutputStream:75 - [STDERR_REDIRECT] [Fatal Error] :1:1: Premature end of file.
2026-05-26 15:18:31,244 [ERROR] LogOutputStream:75 - [STDERR_REDIRECT] 
2026-05-26 15:18:32,258 [ERROR] LogOutputStream:75 - [STDERR_REDIRECT] [Fatal Error] :1:1: Premature end of file.
2026-05-26 15:18:32,258 [ERROR] LogOutputStream:75 - [STDERR_REDIRECT] 
2026-05-26 15:18:33,247 [ERROR] LogOutputStream:75 - [STDERR_REDIRECT] [Fatal Error] :1:1: Premature end of file.
2026-05-26 15:18:33,248 [ERROR] LogOutputStream:75 - [STDERR_REDIRECT] 
2026-05-26 15:18:34,247 [ERROR] LogOutputStream:75 - [STDERR_REDIRECT] [Fatal Error] :1:1: Premature end of file.
2026-05-26 15:18:34,247 [ERROR] LogOutputStream:75 - [STDERR_REDIRECT] 
2026-05-26 15:18:35,244 [ERROR] LogOutputStream:75 - [STDERR_REDIRECT] [Fatal Error] :1:1: Premature end of file.
2026-05-26 15:18:35,244 [ERROR] LogOutputStream:75 - [STDERR_REDIRECT] 
2026-05-26 15:18:36,260 [ERROR] LogOutputStream:75 - [STDERR_REDIRECT] [Fatal Error] :1:1: Premature end of file.
2026-05-26 15:18:36,261 [ERROR] LogOutputStream:75 - [STDERR_REDIRECT] 
2026-05-26 15:18:37,245 [ERROR] LogOutputStream:75 - [STDERR_REDIRECT] [Fatal Error] :1:1: Premature end of file.
2026-05-26 15:18:37,245 [ERROR] LogOutputStream:75 - [STDERR_REDIRECT] 
2026-05-26 15:18:38,250 [ERROR] LogOutputStream:75 - [STDERR_REDIRECT] [Fatal Error] :1:1: Premature end of file.
2026-05-26 15:18:38,250 [ERROR] LogOutputStream:75 - [STDERR_REDIRECT] 
2026-05-26 15:18:39,244 [ERROR] LogOutputStream:75 - [STDERR_REDIRECT] [Fatal Error] :1:1: Premature end of file.
2026-05-26 15:18:39,244 [ERROR] LogOutputStream:75 - [STDERR_REDIRECT] 
2026-05-26 15:18:40,258 [ERROR] LogOutputStream:75 - [STDERR_REDIRECT] [Fatal Error] :1:1: Premature end of file.
2026-05-26 15:18:40,258 [ERROR] LogOutputStream:75 - [STDERR_REDIRECT] 
2026-05-26 15:18:41,247 [ERROR] LogOutputStream:75 - [STDERR_REDIRECT] [Fatal Error] :1:1: Premature end of file.
2026-05-26 15:18:41,247 [ERROR] LogOutputStream:75 - [STDERR_REDIRECT] 
2026-05-26 15:18:42,249 [ERROR] LogOutputStream:75 - [STDERR_REDIRECT] [Fatal Error] :1:1: Premature end of file.
2026-05-26 15:18:42,249 [ERROR] LogOutputStream:75 - [STDERR_REDIRECT] 
2026-05-26 15:18:43,247 [ERROR] LogOutputStream:75 - [STDERR_REDIRECT] [Fatal Error] :1:1: Premature end of file.
2026-05-26 15:18:43,247 [ERROR] LogOutputStream:75 - [STDERR_REDIRECT] 
2026-05-26 15:18:44,248 [ERROR] LogOutputStream:75 - [STDERR_REDIRECT] [Fatal Error] :1:1: Premature end of file.
2026-05-26 15:18:44,248 [ERROR] LogOutputStream:75 - [STDERR_REDIRECT] 
2026-05-26 15:18:45,248 [ERROR] LogOutputStream:75 - [STDERR_REDIRECT] [Fatal Error] :1:1: Premature end of file.
2026-05-26 15:18:45,248 [ERROR] LogOutputStream:75 - [STDERR_REDIRECT] 
2026-05-26 15:18:46,246 [ERROR] LogOutputStream:75 - [STDERR_REDIRECT] [Fatal Error] :1:1: Premature end of file.
2026-05-26 15:18:46,246 [ERROR] LogOutputStream:75 - [STDERR_REDIRECT] 
2026-05-26 15:18:47,243 [ERROR] LogOutputStream:75 - [STDERR_REDIRECT] [Fatal Error] :1:1: Premature end of file.
2026-05-26 15:18:47,243 [ERROR] LogOutputStream:75 - [STDERR_REDIRECT] 
2026-05-26 15:18:48,244 [ERROR] LogOutputStream:75 - [STDERR_REDIRECT] [Fatal Error] :1:1: Premature end of file.
2026-05-26 15:18:48,244 [ERROR] LogOutputStream:75 - [STDERR_REDIRECT] 
2026-05-26 15:18:49,247 [ERROR] LogOutputStream:75 - [STDERR_REDIRECT] [Fatal Error] :1:1: Premature end of file.
2026-05-26 15:18:49,248 [ERROR] LogOutputStream:75 - [STDERR_REDIRECT] 
2026-05-26 15:18:50,246 [ERROR] LogOutputStream:75 - [STDERR_REDIRECT] [Fatal Error] :1:1: Premature end of file.
2026-05-26 15:18:50,246 [ERROR] LogOutputStream:75 - [STDERR_REDIRECT] 
2026-05-26 15:18:51,245 [ERROR] LogOutputStream:75 - [STDERR_REDIRECT] [Fatal Error] :1:1: Premature end of file.
2026-05-26 15:18:51,245 [ERROR] LogOutputStream:75 - [STDERR_REDIRECT] 
2026-05-26 15:18:52,247 [ERROR] LogOutputStream:75 - [STDERR_REDIRECT] [Fatal Error] :1:1: Premature end of file.
2026-05-26 15:18:52,248 [ERROR] LogOutputStream:75 - [STDERR_REDIRECT] 
2026-05-26 15:18:53,246 [ERROR] LogOutputStream:75 - [STDERR_REDIRECT] [Fatal Error] :1:1: Premature end of file.
2026-05-26 15:18:53,246 [ERROR] LogOutputStream:75 - [STDERR_REDIRECT] 
2026-05-26 15:18:54,245 [ERROR] LogOutputStream:75 - [STDERR_REDIRECT] [Fatal Error] :1:1: Premature end of file.
2026-05-26 15:18:54,246 [ERROR] LogOutputStream:75 - [STDERR_REDIRECT] 
2026-05-26 15:18:55,244 [ERROR] LogOutputStream:75 - [STDERR_REDIRECT] [Fatal Error] :1:1: Premature end of file.
2026-05-26 15:18:55,244 [ERROR] LogOutputStream:75 - [STDERR_REDIRECT] 
2026-05-26 15:18:56,245 [ERROR] LogOutputStream:75 - [STDERR_REDIRECT] [Fatal Error] :1:1: Premature end of file.
2026-05-26 15:18:56,245 [ERROR] LogOutputStream:75 - [STDERR_REDIRECT] 
2026-05-26 15:18:57,245 [ERROR] LogOutputStream:75 - [STDERR_REDIRECT] [Fatal Error] :1:1: Premature end of file.
2026-05-26 15:18:57,246 [ERROR] LogOutputStream:75 - [STDERR_REDIRECT] 
2026-05-26 15:18:58,247 [ERROR] LogOutputStream:75 - [STDERR_REDIRECT] [Fatal Error] :1:1: Premature end of file.
2026-05-26 15:18:58,248 [ERROR] LogOutputStream:75 - [STDERR_REDIRECT] 
2026-05-26 15:18:59,242 [ERROR] LogOutputStream:75 - [STDERR_REDIRECT] [Fatal Error] :1:1: Premature end of file.
2026-05-26 15:18:59,242 [ERROR] LogOutputStream:75 - [STDERR_REDIRECT] 
2026-05-26 15:19:00,245 [ERROR] LogOutputStream:75 - [STDERR_REDIRECT] [Fatal Error] :1:1: Premature end of file.
2026-05-26 15:19:00,245 [ERROR] LogOutputStream:75 - [STDERR_REDIRECT] 
2026-05-26 15:19:01,245 [ERROR] LogOutputStream:75 - [STDERR_REDIRECT] [Fatal Error] :1:1: Premature end of file.
2026-05-26 15:19:01,245 [ERROR] LogOutputStream:75 - [STDERR_REDIRECT] 
2026-05-26 15:19:02,244 [ERROR] LogOutputStream:75 - [STDERR_REDIRECT] [Fatal Error] :1:1: Premature end of file.
2026-05-26 15:19:02,244 [ERROR] LogOutputStream:75 - [STDERR_REDIRECT] 
2026-05-26 15:19:03,257 [ERROR] LogOutputStream:75 - [STDERR_REDIRECT] [Fatal Error] :1:1: Premature end of file.
2026-05-26 15:19:03,258 [ERROR] LogOutputStream:75 - [STDERR_REDIRECT] 
2026-05-26 15:19:04,247 [ERROR] LogOutputStream:75 - [STDERR_REDIRECT] [Fatal Error] :1:1: Premature end of file.
2026-05-26 15:19:04,247 [ERROR] LogOutputStream:75 - [STDERR_REDIRECT] 
2026-05-26 15:19:05,255 [ERROR] LogOutputStream:75 - [STDERR_REDIRECT] [Fatal Error] :1:1: Premature end of file.
2026-05-26 15:19:05,255 [ERROR] LogOutputStream:75 - [STDERR_REDIRECT] 
2026-05-26 15:19:06,250 [ERROR] LogOutputStream:75 - [STDERR_REDIRECT] [Fatal Error] :1:1: Premature end of file.
2026-05-26 15:19:06,251 [ERROR] LogOutputStream:75 - [STDERR_REDIRECT] 
2026-05-26 15:19:07,248 [ERROR] LogOutputStream:75 - [STDERR_REDIRECT] [Fatal Error] :1:1: Premature end of file.
2026-05-26 15:19:07,248 [ERROR] LogOutputStream:75 - [STDERR_REDIRECT] 
2026-05-26 15:19:08,248 [ERROR] LogOutputStream:75 - [STDERR_REDIRECT] [Fatal Error] :1:1: Premature end of file.
2026-05-26 15:19:08,248 [ERROR] LogOutputStream:75 - [STDERR_REDIRECT] 
2026-05-26 15:19:09,247 [ERROR] LogOutputStream:75 - [STDERR_REDIRECT] [Fatal Error] :1:1: Premature end of file.
2026-05-26 15:19:09,247 [ERROR] LogOutputStream:75 - [STDERR_REDIRECT] 
2026-05-26 15:19:10,247 [ERROR] LogOutputStream:75 - [STDERR_REDIRECT] [Fatal Error] :1:1: Premature end of file.
2026-05-26 15:19:10,247 [ERROR] LogOutputStream:75 - [STDERR_REDIRECT] 
2026-05-26 15:19:11,243 [ERROR] LogOutputStream:75 - [STDERR_REDIRECT] [Fatal Error] :1:1: Premature end of file.
2026-05-26 15:19:11,243 [ERROR] LogOutputStream:75 - [STDERR_REDIRECT] 
2026-05-26 15:19:12,248 [ERROR] LogOutputStream:75 - [STDERR_REDIRECT] [Fatal Error] :1:1: Premature end of file.
2026-05-26 15:19:12,248 [ERROR] LogOutputStream:75 - [STDERR_REDIRECT] 
2026-05-26 15:19:13,250 [ERROR] LogOutputStream:75 - [STDERR_REDIRECT] [Fatal Error] :1:1: Premature end of file.
2026-05-26 15:19:13,250 [ERROR] LogOutputStream:75 - [STDERR_REDIRECT] 
2026-05-26 15:19:14,248 [ERROR] LogOutputStream:75 - [STDERR_REDIRECT] [Fatal Error] :1:1: Premature end of file.
2026-05-26 15:19:14,249 [ERROR] LogOutputStream:75 - [STDERR_REDIRECT] 
2026-05-26 15:19:15,246 [ERROR] LogOutputStream:75 - [STDERR_REDIRECT] [Fatal Error] :1:1: Premature end of file.
2026-05-26 15:19:15,246 [ERROR] LogOutputStream:75 - [STDERR_REDIRECT] 
2026-05-26 15:19:16,247 [ERROR] LogOutputStream:75 - [STDERR_REDIRECT] [Fatal Error] :1:1: Premature end of file.
2026-05-26 15:19:16,247 [ERROR] LogOutputStream:75 - [STDERR_REDIRECT] 
2026-05-26 15:19:17,248 [ERROR] LogOutputStream:75 - [STDERR_REDIRECT] [Fatal Error] :1:1: Premature end of file.
2026-05-26 15:19:17,249 [ERROR] LogOutputStream:75 - [STDERR_REDIRECT] 
2026-05-26 15:19:18,247 [ERROR] LogOutputStream:75 - [STDERR_REDIRECT] [Fatal Error] :1:1: Premature end of file.
2026-05-26 15:19:18,247 [ERROR] LogOutputStream:75 - [STDERR_REDIRECT] 
2026-05-26 15:19:19,249 [ERROR] LogOutputStream:75 - [STDERR_REDIRECT] [Fatal Error] :1:1: Premature end of file.
2026-05-26 15:19:19,249 [ERROR] LogOutputStream:75 - [STDERR_REDIRECT] 
2026-05-26 15:19:20,247 [ERROR] LogOutputStream:75 - [STDERR_REDIRECT] [Fatal Error] :1:1: Premature end of file.
2026-05-26 15:19:20,247 [ERROR] LogOutputStream:75 - [STDERR_REDIRECT] 
2026-05-26 15:19:21,245 [ERROR] LogOutputStream:75 - [STDERR_REDIRECT] [Fatal Error] :1:1: Premature end of file.
2026-05-26 15:19:21,245 [ERROR] LogOutputStream:75 - [STDERR_REDIRECT] 
2026-05-26 15:19:22,245 [ERROR] LogOutputStream:75 - [STDERR_REDIRECT] [Fatal Error] :1:1: Premature end of file.
2026-05-26 15:19:22,245 [ERROR] LogOutputStream:75 - [STDERR_REDIRECT] 
2026-05-26 15:19:23,244 [ERROR] LogOutputStream:75 - [STDERR_REDIRECT] [Fatal Error] :1:1: Premature end of file.
2026-05-26 15:19:23,244 [ERROR] LogOutputStream:75 - [STDERR_REDIRECT] 
2026-05-26 15:19:24,248 [ERROR] LogOutputStream:75 - [STDERR_REDIRECT] [Fatal Error] :1:1: Premature end of file.
2026-05-26 15:19:24,248 [ERROR] LogOutputStream:75 - [STDERR_REDIRECT] 
2026-05-26 15:19:25,248 [ERROR] LogOutputStream:75 - [STDERR_REDIRECT] [Fatal Error] :1:1: Premature end of file.
2026-05-26 15:19:25,249 [ERROR] LogOutputStream:75 - [STDERR_REDIRECT] 
2026-05-26 15:19:26,250 [ERROR] LogOutputStream:75 - [STDERR_REDIRECT] [Fatal Error] :1:1: Premature end of file.
2026-05-26 15:19:26,250 [ERROR] LogOutputStream:75 - [STDERR_REDIRECT] 
2026-05-26 15:19:27,249 [ERROR] LogOutputStream:75 - [STDERR_REDIRECT] [Fatal Error] :1:1: Premature end of file.
2026-05-26 15:19:27,249 [ERROR] LogOutputStream:75 - [STDERR_REDIRECT] 
2026-05-26 15:19:28,246 [ERROR] LogOutputStream:75 - [STDERR_REDIRECT] [Fatal Error] :1:1: Premature end of file.
2026-05-26 15:19:28,246 [ERROR] LogOutputStream:75 - [STDERR_REDIRECT] 
2026-05-26 15:19:29,250 [ERROR] LogOutputStream:75 - [STDERR_REDIRECT] [Fatal Error] :1:1: Premature end of file.
2026-05-26 15:19:29,250 [ERROR] LogOutputStream:75 - [STDERR_REDIRECT] 
2026-05-26 15:19:30,244 [ERROR] LogOutputStream:75 - [STDERR_REDIRECT] [Fatal Error] :1:1: Premature end of file.
2026-05-26 15:19:30,244 [ERROR] LogOutputStream:75 - [STDERR_REDIRECT] 
2026-05-26 15:19:31,254 [ERROR] LogOutputStream:75 - [STDERR_REDIRECT] [Fatal Error] :1:1: Premature end of file.
2026-05-26 15:19:31,254 [ERROR] LogOutputStream:75 - [STDERR_REDIRECT] 
2026-05-26 15:19:32,251 [ERROR] LogOutputStream:75 - [STDERR_REDIRECT] [Fatal Error] :1:1: Premature end of file.
2026-05-26 15:19:32,251 [ERROR] LogOutputStream:75 - [STDERR_REDIRECT] 
2026-05-26 15:19:33,243 [ERROR] LogOutputStream:75 - [STDERR_REDIRECT] [Fatal Error] :1:1: Premature end of file.
2026-05-26 15:19:33,243 [ERROR] LogOutputStream:75 - [STDERR_REDIRECT] 
2026-05-26 15:19:34,245 [ERROR] LogOutputStream:75 - [STDERR_REDIRECT] [Fatal Error] :1:1: Premature end of file.
2026-05-26 15:19:34,247 [ERROR] LogOutputStream:75 - [STDERR_REDIRECT] 
2026-05-26 15:19:35,251 [ERROR] LogOutputStream:75 - [STDERR_REDIRECT] [Fatal Error] :1:1: Premature end of file.
2026-05-26 15:19:35,251 [ERROR] LogOutputStream:75 - [STDERR_REDIRECT] 
2026-05-26 15:19:36,248 [ERROR] LogOutputStream:75 - [STDERR_REDIRECT] [Fatal Error] :1:1: Premature end of file.
2026-05-26 15:19:36,248 [ERROR] LogOutputStream:75 - [STDERR_REDIRECT] 
2026-05-26 15:19:37,247 [ERROR] LogOutputStream:75 - [STDERR_REDIRECT] [Fatal Error] :1:1: Premature end of file.
2026-05-26 15:19:37,247 [ERROR] LogOutputStream:75 - [STDERR_REDIRECT] 
2026-05-26 15:19:38,278 [ERROR] LogOutputStream:75 - [STDERR_REDIRECT] [Fatal Error] :1:1: Premature end of file.
2026-05-26 15:19:38,279 [ERROR] LogOutputStream:75 - [STDERR_REDIRECT] 
2026-05-26 15:19:39,248 [ERROR] LogOutputStream:75 - [STDERR_REDIRECT] [Fatal Error] :1:1: Premature end of file.
2026-05-26 15:19:39,248 [ERROR] LogOutputStream:75 - [STDERR_REDIRECT] 
2026-05-26 15:19:40,249 [ERROR] LogOutputStream:75 - [STDERR_REDIRECT] [Fatal Error] :1:1: Premature end of file.
2026-05-26 15:19:40,250 [ERROR] LogOutputStream:75 - [STDERR_REDIRECT] 
2026-05-26 15:19:41,248 [ERROR] LogOutputStream:75 - [STDERR_REDIRECT] [Fatal Error] :1:1: Premature end of file.
2026-05-26 15:19:41,248 [ERROR] LogOutputStream:75 - [STDERR_REDIRECT] 
2026-05-26 15:19:42,249 [ERROR] LogOutputStream:75 - [STDERR_REDIRECT] [Fatal Error] :1:1: Premature end of file.
2026-05-26 15:19:42,249 [ERROR] LogOutputStream:75 - [STDERR_REDIRECT] 
2026-05-26 15:19:43,247 [ERROR] LogOutputStream:75 - [STDERR_REDIRECT] [Fatal Error] :1:1: Premature end of file.
2026-05-26 15:19:43,247 [ERROR] LogOutputStream:75 - [STDERR_REDIRECT] 
2026-05-26 15:19:44,245 [ERROR] LogOutputStream:75 - [STDERR_REDIRECT] [Fatal Error] :1:1: Premature end of file.
2026-05-26 15:19:44,245 [ERROR] LogOutputStream:75 - [STDERR_REDIRECT] 
2026-05-26 15:19:45,254 [ERROR] LogOutputStream:75 - [STDERR_REDIRECT] [Fatal Error] :1:1: Premature end of file.
2026-05-26 15:19:45,254 [ERROR] LogOutputStream:75 - [STDERR_REDIRECT] 
2026-05-26 15:19:46,283 [ERROR] LogOutputStream:75 - [STDERR_REDIRECT] [Fatal Error] :1:1: Premature end of file.
2026-05-26 15:19:46,283 [ERROR] LogOutputStream:75 - [STDERR_REDIRECT] 
2026-05-26 15:19:47,246 [ERROR] LogOutputStream:75 - [STDERR_REDIRECT] [Fatal Error] :1:1: Premature end of file.
2026-05-26 15:19:47,246 [ERROR] LogOutputStream:75 - [STDERR_REDIRECT] 
2026-05-26 15:19:48,251 [ERROR] LogOutputStream:75 - [STDERR_REDIRECT] [Fatal Error] :1:1: Premature end of file.
2026-05-26 15:19:48,253 [ERROR] LogOutputStream:75 - [STDERR_REDIRECT] 
2026-05-26 15:19:49,251 [ERROR] LogOutputStream:75 - [STDERR_REDIRECT] [Fatal Error] :1:1: Premature end of file.
2026-05-26 15:19:49,251 [ERROR] LogOutputStream:75 - [STDERR_REDIRECT] 
2026-05-26 15:19:50,249 [ERROR] LogOutputStream:75 - [STDERR_REDIRECT] [Fatal Error] :1:1: Premature end of file.
2026-05-26 15:19:50,249 [ERROR] LogOutputStream:75 - [STDERR_REDIRECT] 
2026-05-26 15:19:51,251 [ERROR] LogOutputStream:75 - [STDERR_REDIRECT] [Fatal Error] :1:1: Premature end of file.
2026-05-26 15:19:51,251 [ERROR] LogOutputStream:75 - [STDERR_REDIRECT] 
2026-05-26 15:19:52,245 [ERROR] LogOutputStream:75 - [STDERR_REDIRECT] [Fatal Error] :1:1: Premature end of file.
2026-05-26 15:19:52,246 [ERROR] LogOutputStream:75 - [STDERR_REDIRECT] 
2026-05-26 15:19:53,250 [ERROR] LogOutputStream:75 - [STDERR_REDIRECT] [Fatal Error] :1:1: Premature end of file.
2026-05-26 15:19:53,250 [ERROR] LogOutputStream:75 - [STDERR_REDIRECT] 
2026-05-26 15:19:54,247 [ERROR] LogOutputStream:75 - [STDERR_REDIRECT] [Fatal Error] :1:1: Premature end of file.
2026-05-26 15:19:54,247 [ERROR] LogOutputStream:75 - [STDERR_REDIRECT] 
2026-05-26 15:19:55,248 [ERROR] LogOutputStream:75 - [STDERR_REDIRECT] [Fatal Error] :1:1: Premature end of file.
2026-05-26 15:19:55,248 [ERROR] LogOutputStream:75 - [STDERR_REDIRECT] 
2026-05-26 15:19:56,249 [ERROR] LogOutputStream:75 - [STDERR_REDIRECT] [Fatal Error] :1:1: Premature end of file.
2026-05-26 15:19:56,249 [ERROR] LogOutputStream:75 - [STDERR_REDIRECT] 
2026-05-26 15:19:57,246 [ERROR] LogOutputStream:75 - [STDERR_REDIRECT] [Fatal Error] :1:1: Premature end of file.
2026-05-26 15:19:57,246 [ERROR] LogOutputStream:75 - [STDERR_REDIRECT] 
2026-05-26 15:19:58,278 [ERROR] LogOutputStream:75 - [STDERR_REDIRECT] [Fatal Error] :1:1: Premature end of file.
2026-05-26 15:19:58,278 [ERROR] LogOutputStream:75 - [STDERR_REDIRECT] 
2026-05-26 15:19:59,247 [ERROR] LogOutputStream:75 - [STDERR_REDIRECT] [Fatal Error] :1:1: Premature end of file.
2026-05-26 15:19:59,247 [ERROR] LogOutputStream:75 - [STDERR_REDIRECT] 
2026-05-26 15:20:00,247 [ERROR] LogOutputStream:75 - [STDERR_REDIRECT] [Fatal Error] :1:1: Premature end of file.
2026-05-26 15:20:00,247 [ERROR] LogOutputStream:75 - [STDERR_REDIRECT] 
2026-05-26 15:20:01,247 [ERROR] LogOutputStream:75 - [STDERR_REDIRECT] [Fatal Error] :1:1: Premature end of file.
2026-05-26 15:20:01,247 [ERROR] LogOutputStream:75 - [STDERR_REDIRECT] 
2026-05-26 15:20:02,280 [ERROR] LogOutputStream:75 - [STDERR_REDIRECT] [Fatal Error] :1:1: Premature end of file.
2026-05-26 15:20:02,280 [ERROR] LogOutputStream:75 - [STDERR_REDIRECT] 
2026-05-26 15:20:03,253 [ERROR] LogOutputStream:75 - [STDERR_REDIRECT] [Fatal Error] :1:1: Premature end of file.
2026-05-26 15:20:03,253 [ERROR] LogOutputStream:75 - [STDERR_REDIRECT] 
2026-05-26 15:20:04,246 [ERROR] LogOutputStream:75 - [STDERR_REDIRECT] [Fatal Error] :1:1: Premature end of file.
2026-05-26 15:20:04,246 [ERROR] LogOutputStream:75 - [STDERR_REDIRECT] 
2026-05-26 15:20:05,249 [ERROR] LogOutputStream:75 - [STDERR_REDIRECT] [Fatal Error] :1:1: Premature end of file.
2026-05-26 15:20:05,250 [ERROR] LogOutputStream:75 - [STDERR_REDIRECT] 
2026-05-26 15:20:06,280 [ERROR] LogOutputStream:75 - [STDERR_REDIRECT] [Fatal Error] :1:1: Premature end of file.
2026-05-26 15:20:06,280 [ERROR] LogOutputStream:75 - [STDERR_REDIRECT] 
2026-05-26 15:20:07,246 [ERROR] LogOutputStream:75 - [STDERR_REDIRECT] [Fatal Error] :1:1: Premature end of file.
2026-05-26 15:20:07,246 [ERROR] LogOutputStream:75 - [STDERR_REDIRECT] 
2026-05-26 15:20:08,247 [ERROR] LogOutputStream:75 - [STDERR_REDIRECT] [Fatal Error] :1:1: Premature end of file.
2026-05-26 15:20:08,247 [ERROR] LogOutputStream:75 - [STDERR_REDIRECT] 
2026-05-26 15:20:09,247 [ERROR] LogOutputStream:75 - [STDERR_REDIRECT] [Fatal Error] :1:1: Premature end of file.
2026-05-26 15:20:09,247 [ERROR] LogOutputStream:75 - [STDERR_REDIRECT] 
2026-05-26 15:20:10,247 [ERROR] LogOutputStream:75 - [STDERR_REDIRECT] [Fatal Error] :1:1: Premature end of file.
2026-05-26 15:20:10,247 [ERROR] LogOutputStream:75 - [STDERR_REDIRECT] 
2026-05-26 15:20:11,251 [ERROR] LogOutputStream:75 - [STDERR_REDIRECT] [Fatal Error] :1:1: Premature end of file.
2026-05-26 15:20:11,252 [ERROR] LogOutputStream:75 - [STDERR_REDIRECT] 
2026-05-26 15:20:12,244 [ERROR] LogOutputStream:75 - [STDERR_REDIRECT] [Fatal Error] :1:1: Premature end of file.
2026-05-26 15:20:12,244 [ERROR] LogOutputStream:75 - [STDERR_REDIRECT] 
2026-05-26 15:20:13,252 [ERROR] LogOutputStream:75 - [STDERR_REDIRECT] [Fatal Error] :1:1: Premature end of file.
2026-05-26 15:20:13,252 [ERROR] LogOutputStream:75 - [STDERR_REDIRECT] 
2026-05-26 15:20:14,246 [ERROR] LogOutputStream:75 - [STDERR_REDIRECT] [Fatal Error] :1:1: Premature end of file.
2026-05-26 15:20:14,246 [ERROR] LogOutputStream:75 - [STDERR_REDIRECT] 
2026-05-26 15:20:15,249 [ERROR] LogOutputStream:75 - [STDERR_REDIRECT] [Fatal Error] :1:1: Premature end of file.
2026-05-26 15:20:15,249 [ERROR] LogOutputStream:75 - [STDERR_REDIRECT] 
2026-05-26 15:20:16,249 [ERROR] LogOutputStream:75 - [STDERR_REDIRECT] [Fatal Error] :1:1: Premature end of file.
2026-05-26 15:20:16,250 [ERROR] LogOutputStream:75 - [STDERR_REDIRECT] 
2026-05-26 15:20:17,249 [ERROR] LogOutputStream:75 - [STDERR_REDIRECT] [Fatal Error] :1:1: Premature end of file.
2026-05-26 15:20:17,250 [ERROR] LogOutputStream:75 - [STDERR_REDIRECT] 
2026-05-26 15:20:18,246 [ERROR] LogOutputStream:75 - [STDERR_REDIRECT] [Fatal Error] :1:1: Premature end of file.
2026-05-26 15:20:18,246 [ERROR] LogOutputStream:75 - [STDERR_REDIRECT] 
2026-05-26 15:20:19,244 [ERROR] LogOutputStream:75 - [STDERR_REDIRECT] [Fatal Error] :1:1: Premature end of file.
2026-05-26 15:20:19,244 [ERROR] LogOutputStream:75 - [STDERR_REDIRECT] 
2026-05-26 15:20:20,256 [ERROR] LogOutputStream:75 - [STDERR_REDIRECT] [Fatal Error] :1:1: Premature end of file.
2026-05-26 15:20:20,256 [ERROR] LogOutputStream:75 - [STDERR_REDIRECT] 
2026-05-26 15:20:21,247 [ERROR] LogOutputStream:75 - [STDERR_REDIRECT] [Fatal Error] :1:1: Premature end of file.
2026-05-26 15:20:21,247 [ERROR] LogOutputStream:75 - [STDERR_REDIRECT] 
2026-05-26 15:20:22,249 [ERROR] LogOutputStream:75 - [STDERR_REDIRECT] [Fatal Error] :1:1: Premature end of file.
2026-05-26 15:20:22,250 [ERROR] LogOutputStream:75 - [STDERR_REDIRECT] 
2026-05-26 15:20:23,250 [ERROR] LogOutputStream:75 - [STDERR_REDIRECT] [Fatal Error] :1:1: Premature end of file.
2026-05-26 15:20:23,250 [ERROR] LogOutputStream:75 - [STDERR_REDIRECT] 
2026-05-26 15:20:24,256 [ERROR] LogOutputStream:75 - [STDERR_REDIRECT] [Fatal Error] :1:1: Premature end of file.
2026-05-26 15:20:24,257 [ERROR] LogOutputStream:75 - [STDERR_REDIRECT] 
2026-05-26 15:20:25,247 [ERROR] LogOutputStream:75 - [STDERR_REDIRECT] [Fatal Error] :1:1: Premature end of file.
2026-05-26 15:20:25,247 [ERROR] LogOutputStream:75 - [STDERR_REDIRECT] 
2026-05-26 15:20:26,247 [ERROR] LogOutputStream:75 - [STDERR_REDIRECT] [Fatal Error] :1:1: Premature end of file.
2026-05-26 15:20:26,249 [ERROR] LogOutputStream:75 - [STDERR_REDIRECT] 
2026-05-26 15:20:27,244 [ERROR] LogOutputStream:75 - [STDERR_REDIRECT] [Fatal Error] :1:1: Premature end of file.
2026-05-26 15:20:27,244 [ERROR] LogOutputStream:75 - [STDERR_REDIRECT] 
2026-05-26 15:20:28,251 [ERROR] LogOutputStream:75 - [STDERR_REDIRECT] [Fatal Error] :1:1: Premature end of file.
2026-05-26 15:20:28,251 [ERROR] LogOutputStream:75 - [STDERR_REDIRECT] 
2026-05-26 15:20:29,245 [ERROR] LogOutputStream:75 - [STDERR_REDIRECT] [Fatal Error] :1:1: Premature end of file.
2026-05-26 15:20:29,245 [ERROR] LogOutputStream:75 - [STDERR_REDIRECT] 
2026-05-26 15:20:30,246 [ERROR] LogOutputStream:75 - [STDERR_REDIRECT] [Fatal Error] :1:1: Premature end of file.
2026-05-26 15:20:30,246 [ERROR] LogOutputStream:75 - [STDERR_REDIRECT] 
2026-05-26 15:20:31,248 [ERROR] LogOutputStream:75 - [STDERR_REDIRECT] [Fatal Error] :1:1: Premature end of file.
2026-05-26 15:20:31,248 [ERROR] LogOutputStream:75 - [STDERR_REDIRECT] 
2026-05-26 15:20:32,244 [ERROR] LogOutputStream:75 - [STDERR_REDIRECT] [Fatal Error] :1:1: Premature end of file.
2026-05-26 15:20:32,244 [ERROR] LogOutputStream:75 - [STDERR_REDIRECT] 
2026-05-26 15:20:33,251 [ERROR] LogOutputStream:75 - [STDERR_REDIRECT] [Fatal Error] :1:1: Premature end of file.
2026-05-26 15:20:33,253 [ERROR] LogOutputStream:75 - [STDERR_REDIRECT] 
2026-05-26 15:20:34,246 [ERROR] LogOutputStream:75 - [STDERR_REDIRECT] [Fatal Error] :1:1: Premature end of file.
2026-05-26 15:20:34,247 [ERROR] LogOutputStream:75 - [STDERR_REDIRECT] 
2026-05-26 15:20:35,250 [ERROR] LogOutputStream:75 - [STDERR_REDIRECT] [Fatal Error] :1:1: Premature end of file.
2026-05-26 15:20:35,250 [ERROR] LogOutputStream:75 - [STDERR_REDIRECT] 
2026-05-26 15:20:36,246 [ERROR] LogOutputStream:75 - [STDERR_REDIRECT] [Fatal Error] :1:1: Premature end of file.
2026-05-26 15:20:36,246 [ERROR] LogOutputStream:75 - [STDERR_REDIRECT] 
2026-05-26 15:20:37,250 [ERROR] LogOutputStream:75 - [STDERR_REDIRECT] [Fatal Error] :1:1: Premature end of file.
2026-05-26 15:20:37,250 [ERROR] LogOutputStream:75 - [STDERR_REDIRECT] 
2026-05-26 15:20:38,245 [ERROR] LogOutputStream:75 - [STDERR_REDIRECT] [Fatal Error] :1:1: Premature end of file.
2026-05-26 15:20:38,245 [ERROR] LogOutputStream:75 - [STDERR_REDIRECT] 
2026-05-26 15:20:39,255 [ERROR] LogOutputStream:75 - [STDERR_REDIRECT] [Fatal Error] :1:1: Premature end of file.
2026-05-26 15:20:39,255 [ERROR] LogOutputStream:75 - [STDERR_REDIRECT] 
2026-05-26 15:20:40,249 [ERROR] LogOutputStream:75 - [STDERR_REDIRECT] [Fatal Error] :1:1: Premature end of file.
2026-05-26 15:20:40,249 [ERROR] LogOutputStream:75 - [STDERR_REDIRECT] 
2026-05-26 15:20:41,246 [ERROR] LogOutputStream:75 - [STDERR_REDIRECT] [Fatal Error] :1:1: Premature end of file.
2026-05-26 15:20:41,246 [ERROR] LogOutputStream:75 - [STDERR_REDIRECT] 
2026-05-26 15:20:42,246 [ERROR] LogOutputStream:75 - [STDERR_REDIRECT] [Fatal Error] :1:1: Premature end of file.
2026-05-26 15:20:42,246 [ERROR] LogOutputStream:75 - [STDERR_REDIRECT] 
2026-05-26 15:20:43,247 [ERROR] LogOutputStream:75 - [STDERR_REDIRECT] [Fatal Error] :1:1: Premature end of file.
2026-05-26 15:20:43,249 [ERROR] LogOutputStream:75 - [STDERR_REDIRECT] 
2026-05-26 15:20:44,255 [ERROR] LogOutputStream:75 - [STDERR_REDIRECT] [Fatal Error] :1:1: Premature end of file.
2026-05-26 15:20:44,256 [ERROR] LogOutputStream:75 - [STDERR_REDIRECT] 
2026-05-26 15:20:45,249 [ERROR] LogOutputStream:75 - [STDERR_REDIRECT] [Fatal Error] :1:1: Premature end of file.
2026-05-26 15:20:45,250 [ERROR] LogOutputStream:75 - [STDERR_REDIRECT] 
2026-05-26 15:20:46,249 [ERROR] LogOutputStream:75 - [STDERR_REDIRECT] [Fatal Error] :1:1: Premature end of file.
2026-05-26 15:20:46,249 [ERROR] LogOutputStream:75 - [STDERR_REDIRECT] 
2026-05-26 15:20:47,248 [ERROR] LogOutputStream:75 - [STDERR_REDIRECT] [Fatal Error] :1:1: Premature end of file.
2026-05-26 15:20:47,249 [ERROR] LogOutputStream:75 - [STDERR_REDIRECT] 
2026-05-26 15:20:48,247 [ERROR] LogOutputStream:75 - [STDERR_REDIRECT] [Fatal Error] :1:1: Premature end of file.
2026-05-26 15:20:48,247 [ERROR] LogOutputStream:75 - [STDERR_REDIRECT] 
2026-05-26 15:20:49,249 [ERROR] LogOutputStream:75 - [STDERR_REDIRECT] [Fatal Error] :1:1: Premature end of file.
2026-05-26 15:20:49,249 [ERROR] LogOutputStream:75 - [STDERR_REDIRECT] 
2026-05-26 15:20:50,258 [ERROR] LogOutputStream:75 - [STDERR_REDIRECT] [Fatal Error] :1:1: Premature end of file.
2026-05-26 15:20:50,258 [ERROR] LogOutputStream:75 - [STDERR_REDIRECT] 
2026-05-26 15:20:51,247 [ERROR] LogOutputStream:75 - [STDERR_REDIRECT] [Fatal Error] :1:1: Premature end of file.
2026-05-26 15:20:51,247 [ERROR] LogOutputStream:75 - [STDERR_REDIRECT] 
2026-05-26 15:20:52,245 [ERROR] LogOutputStream:75 - [STDERR_REDIRECT] [Fatal Error] :1:1: Premature end of file.
2026-05-26 15:20:52,246 [ERROR] LogOutputStream:75 - [STDERR_REDIRECT] 
2026-05-26 15:20:53,254 [ERROR] LogOutputStream:75 - [STDERR_REDIRECT] [Fatal Error] :1:1: Premature end of file.
2026-05-26 15:20:53,254 [ERROR] LogOutputStream:75 - [STDERR_REDIRECT] 
2026-05-26 15:20:54,252 [ERROR] LogOutputStream:75 - [STDERR_REDIRECT] [Fatal Error] :1:1: Premature end of file.
2026-05-26 15:20:54,252 [ERROR] LogOutputStream:75 - [STDERR_REDIRECT] 
2026-05-26 15:20:55,244 [ERROR] LogOutputStream:75 - [STDERR_REDIRECT] [Fatal Error] :1:1: Premature end of file.
2026-05-26 15:20:55,245 [ERROR] LogOutputStream:75 - [STDERR_REDIRECT] 
2026-05-26 15:20:56,250 [ERROR] LogOutputStream:75 - [STDERR_REDIRECT] [Fatal Error] :1:1: Premature end of file.
2026-05-26 15:20:56,250 [ERROR] LogOutputStream:75 - [STDERR_REDIRECT] 
2026-05-26 15:20:57,255 [ERROR] LogOutputStream:75 - [STDERR_REDIRECT] [Fatal Error] :1:1: Premature end of file.
2026-05-26 15:20:57,255 [ERROR] LogOutputStream:75 - [STDERR_REDIRECT] 
2026-05-26 15:20:58,249 [ERROR] LogOutputStream:75 - [STDERR_REDIRECT] [Fatal Error] :1:1: Premature end of file.
2026-05-26 15:20:58,249 [ERROR] LogOutputStream:75 - [STDERR_REDIRECT] 
2026-05-26 15:20:59,248 [ERROR] LogOutputStream:75 - [STDERR_REDIRECT] [Fatal Error] :1:1: Premature end of file.
2026-05-26 15:20:59,248 [ERROR] LogOutputStream:75 - [STDERR_REDIRECT] 
2026-05-26 15:21:00,250 [ERROR] LogOutputStream:75 - [STDERR_REDIRECT] [Fatal Error] :1:1: Premature end of file.
2026-05-26 15:21:00,251 [ERROR] LogOutputStream:75 - [STDERR_REDIRECT] 
2026-05-26 15:21:01,249 [ERROR] LogOutputStream:75 - [STDERR_REDIRECT] [Fatal Error] :1:1: Premature end of file.
2026-05-26 15:21:01,249 [ERROR] LogOutputStream:75 - [STDERR_REDIRECT] 
2026-05-26 15:21:02,247 [ERROR] LogOutputStream:75 - [STDERR_REDIRECT] [Fatal Error] :1:1: Premature end of file.
2026-05-26 15:21:02,247 [ERROR] LogOutputStream:75 - [STDERR_REDIRECT] 
2026-05-26 15:21:03,245 [ERROR] LogOutputStream:75 - [STDERR_REDIRECT] [Fatal Error] :1:1: Premature end of file.
2026-05-26 15:21:03,245 [ERROR] LogOutputStream:75 - [STDERR_REDIRECT] 
2026-05-26 15:21:04,246 [ERROR] LogOutputStream:75 - [STDERR_REDIRECT] [Fatal Error] :1:1: Premature end of file.
2026-05-26 15:21:04,246 [ERROR] LogOutputStream:75 - [STDERR_REDIRECT] 
2026-05-26 15:21:05,247 [ERROR] LogOutputStream:75 - [STDERR_REDIRECT] [Fatal Error] :1:1: Premature end of file.
2026-05-26 15:21:05,247 [ERROR] LogOutputStream:75 - [STDERR_REDIRECT] 
2026-05-26 15:21:06,251 [ERROR] LogOutputStream:75 - [STDERR_REDIRECT] [Fatal Error] :1:1: Premature end of file.
2026-05-26 15:21:06,252 [ERROR] LogOutputStream:75 - [STDERR_REDIRECT] 
2026-05-26 15:21:07,249 [ERROR] LogOutputStream:75 - [STDERR_REDIRECT] [Fatal Error] :1:1: Premature end of file.
2026-05-26 15:21:07,250 [ERROR] LogOutputStream:75 - [STDERR_REDIRECT] 
2026-05-26 15:21:08,253 [ERROR] LogOutputStream:75 - [STDERR_REDIRECT] [Fatal Error] :1:1: Premature end of file.
2026-05-26 15:21:08,254 [ERROR] LogOutputStream:75 - [STDERR_REDIRECT] 
2026-05-26 15:21:09,261 [ERROR] LogOutputStream:75 - [STDERR_REDIRECT] [Fatal Error] :1:1: Premature end of file.
2026-05-26 15:21:09,261 [ERROR] LogOutputStream:75 - [STDERR_REDIRECT] 
2026-05-26 15:21:10,247 [ERROR] LogOutputStream:75 - [STDERR_REDIRECT] [Fatal Error] :1:1: Premature end of file.
2026-05-26 15:21:10,248 [ERROR] LogOutputStream:75 - [STDERR_REDIRECT] 
2026-05-26 15:21:11,247 [ERROR] LogOutputStream:75 - [STDERR_REDIRECT] [Fatal Error] :1:1: Premature end of file.
2026-05-26 15:21:11,248 [ERROR] LogOutputStream:75 - [STDERR_REDIRECT] 
2026-05-26 15:21:12,243 [ERROR] LogOutputStream:75 - [STDERR_REDIRECT] [Fatal Error] :1:1: Premature end of file.
2026-05-26 15:21:12,243 [ERROR] LogOutputStream:75 - [STDERR_REDIRECT] 
2026-05-26 15:21:13,251 [ERROR] LogOutputStream:75 - [STDERR_REDIRECT] [Fatal Error] :1:1: Premature end of file.
2026-05-26 15:21:13,251 [ERROR] LogOutputStream:75 - [STDERR_REDIRECT] 
2026-05-26 15:21:14,246 [ERROR] LogOutputStream:75 - [STDERR_REDIRECT] [Fatal Error] :1:1: Premature end of file.
2026-05-26 15:21:14,246 [ERROR] LogOutputStream:75 - [STDERR_REDIRECT] 
2026-05-26 15:21:15,244 [ERROR] LogOutputStream:75 - [STDERR_REDIRECT] [Fatal Error] :1:1: Premature end of file.
2026-05-26 15:21:15,245 [ERROR] LogOutputStream:75 - [STDERR_REDIRECT] 
2026-05-26 15:21:16,259 [ERROR] LogOutputStream:75 - [STDERR_REDIRECT] [Fatal Error] :1:1: Premature end of file.
2026-05-26 15:21:16,259 [ERROR] LogOutputStream:75 - [STDERR_REDIRECT] 
2026-05-26 15:21:17,250 [ERROR] LogOutputStream:75 - [STDERR_REDIRECT] [Fatal Error] :1:1: Premature end of file.
2026-05-26 15:21:17,250 [ERROR] LogOutputStream:75 - [STDERR_REDIRECT] 
2026-05-26 15:21:18,247 [ERROR] LogOutputStream:75 - [STDERR_REDIRECT] [Fatal Error] :1:1: Premature end of file.
2026-05-26 15:21:18,248 [ERROR] LogOutputStream:75 - [STDERR_REDIRECT] 
2026-05-26 15:21:19,247 [ERROR] LogOutputStream:75 - [STDERR_REDIRECT] [Fatal Error] :1:1: Premature end of file.
2026-05-26 15:21:19,247 [ERROR] LogOutputStream:75 - [STDERR_REDIRECT] 
2026-05-26 15:21:20,251 [ERROR] LogOutputStream:75 - [STDERR_REDIRECT] [Fatal Error] :1:1: Premature end of file.
2026-05-26 15:21:20,251 [ERROR] LogOutputStream:75 - [STDERR_REDIRECT] 
2026-05-26 15:21:21,246 [ERROR] LogOutputStream:75 - [STDERR_REDIRECT] [Fatal Error] :1:1: Premature end of file.
2026-05-26 15:21:21,247 [ERROR] LogOutputStream:75 - [STDERR_REDIRECT] 
2026-05-26 15:21:22,251 [ERROR] LogOutputStream:75 - [STDERR_REDIRECT] [Fatal Error] :1:1: Premature end of file.
2026-05-26 15:21:22,251 [ERROR] LogOutputStream:75 - [STDERR_REDIRECT] 
2026-05-26 15:21:23,244 [ERROR] LogOutputStream:75 - [STDERR_REDIRECT] [Fatal Error] :1:1: Premature end of file.
2026-05-26 15:21:23,244 [ERROR] LogOutputStream:75 - [STDERR_REDIRECT] 
2026-05-26 15:21:24,260 [ERROR] LogOutputStream:75 - [STDERR_REDIRECT] [Fatal Error] :1:1: Premature end of file.
2026-05-26 15:21:24,260 [ERROR] LogOutputStream:75 - [STDERR_REDIRECT] 
2026-05-26 15:21:25,245 [ERROR] LogOutputStream:75 - [STDERR_REDIRECT] [Fatal Error] :1:1: Premature end of file.
2026-05-26 15:21:25,245 [ERROR] LogOutputStream:75 - [STDERR_REDIRECT] 
2026-05-26 15:21:26,246 [ERROR] LogOutputStream:75 - [STDERR_REDIRECT] [Fatal Error] :1:1: Premature end of file.
2026-05-26 15:21:26,246 [ERROR] LogOutputStream:75 - [STDERR_REDIRECT] 
2026-05-26 15:21:27,245 [ERROR] LogOutputStream:75 - [STDERR_REDIRECT] [Fatal Error] :1:1: Premature end of file.
2026-05-26 15:21:27,245 [ERROR] LogOutputStream:75 - [STDERR_REDIRECT] 
2026-05-26 15:21:28,247 [ERROR] LogOutputStream:75 - [STDERR_REDIRECT] [Fatal Error] :1:1: Premature end of file.
2026-05-26 15:21:28,248 [ERROR] LogOutputStream:75 - [STDERR_REDIRECT] 
2026-05-26 15:21:29,247 [ERROR] LogOutputStream:75 - [STDERR_REDIRECT] [Fatal Error] :1:1: Premature end of file.
2026-05-26 15:21:29,247 [ERROR] LogOutputStream:75 - [STDERR_REDIRECT] 
2026-05-26 15:21:30,244 [ERROR] LogOutputStream:75 - [STDERR_REDIRECT] [Fatal Error] :1:1: Premature end of file.
2026-05-26 15:21:30,244 [ERROR] LogOutputStream:75 - [STDERR_REDIRECT] 
2026-05-26 15:21:31,257 [ERROR] LogOutputStream:75 - [STDERR_REDIRECT] [Fatal Error] :1:1: Premature end of file.
2026-05-26 15:21:31,258 [ERROR] LogOutputStream:75 - [STDERR_REDIRECT] 
2026-05-26 15:21:32,248 [ERROR] LogOutputStream:75 - [STDERR_REDIRECT] [Fatal Error] :1:1: Premature end of file.
2026-05-26 15:21:32,248 [ERROR] LogOutputStream:75 - [STDERR_REDIRECT] 
2026-05-26 15:21:33,251 [ERROR] LogOutputStream:75 - [STDERR_REDIRECT] [Fatal Error] :1:1: Premature end of file.
2026-05-26 15:21:33,251 [ERROR] LogOutputStream:75 - [STDERR_REDIRECT] 
2026-05-26 15:21:34,249 [ERROR] LogOutputStream:75 - [STDERR_REDIRECT] [Fatal Error] :1:1: Premature end of file.
2026-05-26 15:21:34,249 [ERROR] LogOutputStream:75 - [STDERR_REDIRECT] 
2026-05-26 15:21:35,246 [ERROR] LogOutputStream:75 - [STDERR_REDIRECT] [Fatal Error] :1:1: Premature end of file.
2026-05-26 15:21:35,246 [ERROR] LogOutputStream:75 - [STDERR_REDIRECT] 
2026-05-26 15:21:36,250 [ERROR] LogOutputStream:75 - [STDERR_REDIRECT] [Fatal Error] :1:1: Premature end of file.
2026-05-26 15:21:36,251 [ERROR] LogOutputStream:75 - [STDERR_REDIRECT] 
2026-05-26 15:21:37,247 [ERROR] LogOutputStream:75 - [STDERR_REDIRECT] [Fatal Error] :1:1: Premature end of file.
2026-05-26 15:21:37,247 [ERROR] LogOutputStream:75 - [STDERR_REDIRECT] 
2026-05-26 15:21:38,245 [ERROR] LogOutputStream:75 - [STDERR_REDIRECT] [Fatal Error] :1:1: Premature end of file.
2026-05-26 15:21:38,245 [ERROR] LogOutputStream:75 - [STDERR_REDIRECT] 
2026-05-26 15:21:39,244 [ERROR] LogOutputStream:75 - [STDERR_REDIRECT] [Fatal Error] :1:1: Premature end of file.
2026-05-26 15:21:39,244 [ERROR] LogOutputStream:75 - [STDERR_REDIRECT] 
2026-05-26 15:21:40,255 [ERROR] LogOutputStream:75 - [STDERR_REDIRECT] [Fatal Error] :1:1: Premature end of file.
2026-05-26 15:21:40,255 [ERROR] LogOutputStream:75 - [STDERR_REDIRECT] 
2026-05-26 15:21:41,250 [ERROR] LogOutputStream:75 - [STDERR_REDIRECT] [Fatal Error] :1:1: Premature end of file.
2026-05-26 15:21:41,251 [ERROR] LogOutputStream:75 - [STDERR_REDIRECT] 
2026-05-26 15:21:42,247 [ERROR] LogOutputStream:75 - [STDERR_REDIRECT] [Fatal Error] :1:1: Premature end of file.
2026-05-26 15:21:42,247 [ERROR] LogOutputStream:75 - [STDERR_REDIRECT] 
2026-05-26 15:21:43,246 [ERROR] LogOutputStream:75 - [STDERR_REDIRECT] [Fatal Error] :1:1: Premature end of file.
2026-05-26 15:21:43,246 [ERROR] LogOutputStream:75 - [STDERR_REDIRECT] 
2026-05-26 15:21:44,246 [ERROR] LogOutputStream:75 - [STDERR_REDIRECT] [Fatal Error] :1:1: Premature end of file.
2026-05-26 15:21:44,246 [ERROR] LogOutputStream:75 - [STDERR_REDIRECT] 
2026-05-26 15:21:45,247 [ERROR] LogOutputStream:75 - [STDERR_REDIRECT] [Fatal Error] :1:1: Premature end of file.
2026-05-26 15:21:45,247 [ERROR] LogOutputStream:75 - [STDERR_REDIRECT] 
2026-05-26 15:21:46,253 [ERROR] LogOutputStream:75 - [STDERR_REDIRECT] [Fatal Error] :1:1: Premature end of file.
2026-05-26 15:21:46,253 [ERROR] LogOutputStream:75 - [STDERR_REDIRECT] 
2026-05-26 15:21:47,255 [ERROR] LogOutputStream:75 - [STDERR_REDIRECT] [Fatal Error] :1:1: Premature end of file.
2026-05-26 15:21:47,255 [ERROR] LogOutputStream:75 - [STDERR_REDIRECT] 
2026-05-26 15:21:48,245 [ERROR] LogOutputStream:75 - [STDERR_REDIRECT] [Fatal Error] :1:1: Premature end of file.
2026-05-26 15:21:48,245 [ERROR] LogOutputStream:75 - [STDERR_REDIRECT] 
2026-05-26 15:21:49,245 [ERROR] LogOutputStream:75 - [STDERR_REDIRECT] [Fatal Error] :1:1: Premature end of file.
2026-05-26 15:21:49,245 [ERROR] LogOutputStream:75 - [STDERR_REDIRECT] 
2026-05-26 15:21:50,246 [ERROR] LogOutputStream:75 - [STDERR_REDIRECT] [Fatal Error] :1:1: Premature end of file.
2026-05-26 15:21:50,246 [ERROR] LogOutputStream:75 - [STDERR_REDIRECT] 
2026-05-26 15:21:51,247 [ERROR] LogOutputStream:75 - [STDERR_REDIRECT] [Fatal Error] :1:1: Premature end of file.
2026-05-26 15:21:51,247 [ERROR] LogOutputStream:75 - [STDERR_REDIRECT] 
2026-05-26 15:21:52,244 [ERROR] LogOutputStream:75 - [STDERR_REDIRECT] [Fatal Error] :1:1: Premature end of file.
2026-05-26 15:21:52,244 [ERROR] LogOutputStream:75 - [STDERR_REDIRECT] 
2026-05-26 15:21:53,257 [ERROR] LogOutputStream:75 - [STDERR_REDIRECT] [Fatal Error] :1:1: Premature end of file.
2026-05-26 15:21:53,257 [ERROR] LogOutputStream:75 - [STDERR_REDIRECT] 
2026-05-26 15:21:54,252 [ERROR] LogOutputStream:75 - [STDERR_REDIRECT] [Fatal Error] :1:1: Premature end of file.
2026-05-26 15:21:54,253 [ERROR] LogOutputStream:75 - [STDERR_REDIRECT] 
2026-05-26 15:21:55,247 [ERROR] LogOutputStream:75 - [STDERR_REDIRECT] [Fatal Error] :1:1: Premature end of file.
2026-05-26 15:21:55,247 [ERROR] LogOutputStream:75 - [STDERR_REDIRECT] 
2026-05-26 15:21:56,246 [ERROR] LogOutputStream:75 - [STDERR_REDIRECT] [Fatal Error] :1:1: Premature end of file.
2026-05-26 15:21:56,247 [ERROR] LogOutputStream:75 - [STDERR_REDIRECT] 
2026-05-26 15:21:57,246 [ERROR] LogOutputStream:75 - [STDERR_REDIRECT] [Fatal Error] :1:1: Premature end of file.
2026-05-26 15:21:57,247 [ERROR] LogOutputStream:75 - [STDERR_REDIRECT] 
2026-05-26 15:21:58,250 [ERROR] LogOutputStream:75 - [STDERR_REDIRECT] [Fatal Error] :1:1: Premature end of file.
2026-05-26 15:21:58,250 [ERROR] LogOutputStream:75 - [STDERR_REDIRECT] 
2026-05-26 15:21:59,246 [ERROR] LogOutputStream:75 - [STDERR_REDIRECT] [Fatal Error] :1:1: Premature end of file.
2026-05-26 15:21:59,246 [ERROR] LogOutputStream:75 - [STDERR_REDIRECT] 
2026-05-26 15:22:00,244 [ERROR] LogOutputStream:75 - [STDERR_REDIRECT] [Fatal Error] :1:1: Premature end of file.
2026-05-26 15:22:00,244 [ERROR] LogOutputStream:75 - [STDERR_REDIRECT] 
2026-05-26 15:22:01,249 [ERROR] LogOutputStream:75 - [STDERR_REDIRECT] [Fatal Error] :1:1: Premature end of file.
2026-05-26 15:22:01,249 [ERROR] LogOutputStream:75 - [STDERR_REDIRECT] 
2026-05-26 15:22:02,250 [ERROR] LogOutputStream:75 - [STDERR_REDIRECT] [Fatal Error] :1:1: Premature end of file.
2026-05-26 15:22:02,250 [ERROR] LogOutputStream:75 - [STDERR_REDIRECT] 
2026-05-26 15:22:03,246 [ERROR] LogOutputStream:75 - [STDERR_REDIRECT] [Fatal Error] :1:1: Premature end of file.
2026-05-26 15:22:03,246 [ERROR] LogOutputStream:75 - [STDERR_REDIRECT] 
2026-05-26 15:22:04,248 [ERROR] LogOutputStream:75 - [STDERR_REDIRECT] [Fatal Error] :1:1: Premature end of file.
2026-05-26 15:22:04,248 [ERROR] LogOutputStream:75 - [STDERR_REDIRECT] 
2026-05-26 15:22:05,247 [ERROR] LogOutputStream:75 - [STDERR_REDIRECT] [Fatal Error] :1:1: Premature end of file.
2026-05-26 15:22:05,247 [ERROR] LogOutputStream:75 - [STDERR_REDIRECT] 
2026-05-26 15:22:06,249 [ERROR] LogOutputStream:75 - [STDERR_REDIRECT] [Fatal Error] :1:1: Premature end of file.
2026-05-26 15:22:06,249 [ERROR] LogOutputStream:75 - [STDERR_REDIRECT] 
2026-05-26 15:22:07,247 [ERROR] LogOutputStream:75 - [STDERR_REDIRECT] [Fatal Error] :1:1: Premature end of file.
2026-05-26 15:22:07,247 [ERROR] LogOutputStream:75 - [STDERR_REDIRECT] 
2026-05-26 15:22:08,245 [ERROR] LogOutputStream:75 - [STDERR_REDIRECT] [Fatal Error] :1:1: Premature end of file.
2026-05-26 15:22:08,245 [ERROR] LogOutputStream:75 - [STDERR_REDIRECT] 
2026-05-26 15:22:09,245 [ERROR] LogOutputStream:75 - [STDERR_REDIRECT] [Fatal Error] :1:1: Premature end of file.
2026-05-26 15:22:09,245 [ERROR] LogOutputStream:75 - [STDERR_REDIRECT] 
2026-05-26 15:22:10,281 [ERROR] LogOutputStream:75 - [STDERR_REDIRECT] [Fatal Error] :1:1: Premature end of file.
2026-05-26 15:22:10,281 [ERROR] LogOutputStream:75 - [STDERR_REDIRECT] 
2026-05-26 15:22:11,248 [ERROR] LogOutputStream:75 - [STDERR_REDIRECT] [Fatal Error] :1:1: Premature end of file.
2026-05-26 15:22:11,248 [ERROR] LogOutputStream:75 - [STDERR_REDIRECT] 
2026-05-26 15:22:12,241 [ERROR] LogOutputStream:75 - [STDERR_REDIRECT] [Fatal Error] :1:1: Premature end of file.
2026-05-26 15:22:12,241 [ERROR] LogOutputStream:75 - [STDERR_REDIRECT] 
2026-05-26 15:22:13,247 [ERROR] LogOutputStream:75 - [STDERR_REDIRECT] [Fatal Error] :1:1: Premature end of file.
2026-05-26 15:22:13,247 [ERROR] LogOutputStream:75 - [STDERR_REDIRECT] 
2026-05-26 15:22:14,253 [ERROR] LogOutputStream:75 - [STDERR_REDIRECT] [Fatal Error] :1:1: Premature end of file.
2026-05-26 15:22:14,253 [ERROR] LogOutputStream:75 - [STDERR_REDIRECT] 
2026-05-26 15:22:15,245 [ERROR] LogOutputStream:75 - [STDERR_REDIRECT] [Fatal Error] :1:1: Premature end of file.
2026-05-26 15:22:15,246 [ERROR] LogOutputStream:75 - [STDERR_REDIRECT] 
2026-05-26 15:22:16,244 [ERROR] LogOutputStream:75 - [STDERR_REDIRECT] [Fatal Error] :1:1: Premature end of file.
2026-05-26 15:22:16,244 [ERROR] LogOutputStream:75 - [STDERR_REDIRECT] 
2026-05-26 15:22:17,247 [ERROR] LogOutputStream:75 - [STDERR_REDIRECT] [Fatal Error] :1:1: Premature end of file.
2026-05-26 15:22:17,247 [ERROR] LogOutputStream:75 - [STDERR_REDIRECT] 
2026-05-26 15:22:18,248 [ERROR] LogOutputStream:75 - [STDERR_REDIRECT] [Fatal Error] :1:1: Premature end of file.
2026-05-26 15:22:18,248 [ERROR] LogOutputStream:75 - [STDERR_REDIRECT] 
2026-05-26 15:22:19,245 [ERROR] LogOutputStream:75 - [STDERR_REDIRECT] [Fatal Error] :1:1: Premature end of file.
2026-05-26 15:22:19,245 [ERROR] LogOutputStream:75 - [STDERR_REDIRECT] 
2026-05-26 15:22:20,244 [ERROR] LogOutputStream:75 - [STDERR_REDIRECT] [Fatal Error] :1:1: Premature end of file.
2026-05-26 15:22:20,244 [ERROR] LogOutputStream:75 - [STDERR_REDIRECT] 
2026-05-26 15:22:21,243 [ERROR] LogOutputStream:75 - [STDERR_REDIRECT] [Fatal Error] :1:1: Premature end of file.
2026-05-26 15:22:21,243 [ERROR] LogOutputStream:75 - [STDERR_REDIRECT] 
2026-05-26 15:22:22,246 [ERROR] LogOutputStream:75 - [STDERR_REDIRECT] [Fatal Error] :1:1: Premature end of file.
2026-05-26 15:22:22,247 [ERROR] LogOutputStream:75 - [STDERR_REDIRECT] 
2026-05-26 15:22:23,243 [ERROR] LogOutputStream:75 - [STDERR_REDIRECT] [Fatal Error] :1:1: Premature end of file.
2026-05-26 15:22:23,243 [ERROR] LogOutputStream:75 - [STDERR_REDIRECT] 
2026-05-26 15:22:24,246 [ERROR] LogOutputStream:75 - [STDERR_REDIRECT] [Fatal Error] :1:1: Premature end of file.
2026-05-26 15:22:24,247 [ERROR] LogOutputStream:75 - [STDERR_REDIRECT] 
2026-05-26 15:22:25,254 [ERROR] LogOutputStream:75 - [STDERR_REDIRECT] [Fatal Error] :1:1: Premature end of file.
2026-05-26 15:22:25,254 [ERROR] LogOutputStream:75 - [STDERR_REDIRECT] 
2026-05-26 15:22:26,249 [ERROR] LogOutputStream:75 - [STDERR_REDIRECT] [Fatal Error] :1:1: Premature end of file.
2026-05-26 15:22:26,249 [ERROR] LogOutputStream:75 - [STDERR_REDIRECT] 
2026-05-26 15:22:27,245 [ERROR] LogOutputStream:75 - [STDERR_REDIRECT] [Fatal Error] :1:1: Premature end of file.
2026-05-26 15:22:27,245 [ERROR] LogOutputStream:75 - [STDERR_REDIRECT] 
2026-05-26 15:22:28,245 [ERROR] LogOutputStream:75 - [STDERR_REDIRECT] [Fatal Error] :1:1: Premature end of file.
2026-05-26 15:22:28,245 [ERROR] LogOutputStream:75 - [STDERR_REDIRECT] 
2026-05-26 15:22:29,248 [ERROR] LogOutputStream:75 - [STDERR_REDIRECT] [Fatal Error] :1:1: Premature end of file.
2026-05-26 15:22:29,249 [ERROR] LogOutputStream:75 - [STDERR_REDIRECT] 
2026-05-26 15:22:30,247 [ERROR] LogOutputStream:75 - [STDERR_REDIRECT] [Fatal Error] :1:1: Premature end of file.
2026-05-26 15:22:30,247 [ERROR] LogOutputStream:75 - [STDERR_REDIRECT] 
2026-05-26 15:22:31,245 [ERROR] LogOutputStream:75 - [STDERR_REDIRECT] [Fatal Error] :1:1: Premature end of file.
2026-05-26 15:22:31,245 [ERROR] LogOutputStream:75 - [STDERR_REDIRECT] 
2026-05-26 15:22:32,245 [ERROR] LogOutputStream:75 - [STDERR_REDIRECT] [Fatal Error] :1:1: Premature end of file.
2026-05-26 15:22:32,245 [ERROR] LogOutputStream:75 - [STDERR_REDIRECT] 
2026-05-26 15:22:33,246 [ERROR] LogOutputStream:75 - [STDERR_REDIRECT] [Fatal Error] :1:1: Premature end of file.
2026-05-26 15:22:33,246 [ERROR] LogOutputStream:75 - [STDERR_REDIRECT] 
2026-05-26 15:22:34,245 [ERROR] LogOutputStream:75 - [STDERR_REDIRECT] [Fatal Error] :1:1: Premature end of file.
2026-05-26 15:22:34,245 [ERROR] LogOutputStream:75 - [STDERR_REDIRECT] 
2026-05-26 15:22:35,247 [ERROR] LogOutputStream:75 - [STDERR_REDIRECT] [Fatal Error] :1:1: Premature end of file.
2026-05-26 15:22:35,247 [ERROR] LogOutputStream:75 - [STDERR_REDIRECT] 
2026-05-26 15:22:36,244 [ERROR] LogOutputStream:75 - [STDERR_REDIRECT] [Fatal Error] :1:1: Premature end of file.
2026-05-26 15:22:36,244 [ERROR] LogOutputStream:75 - [STDERR_REDIRECT] 
2026-05-26 15:22:37,244 [ERROR] LogOutputStream:75 - [STDERR_REDIRECT] [Fatal Error] :1:1: Premature end of file.
2026-05-26 15:22:37,244 [ERROR] LogOutputStream:75 - [STDERR_REDIRECT] 
2026-05-26 15:22:38,250 [ERROR] LogOutputStream:75 - [STDERR_REDIRECT] [Fatal Error] :1:1: Premature end of file.
2026-05-26 15:22:38,250 [ERROR] LogOutputStream:75 - [STDERR_REDIRECT] 
2026-05-26 15:22:39,248 [ERROR] LogOutputStream:75 - [STDERR_REDIRECT] [Fatal Error] :1:1: Premature end of file.
2026-05-26 15:22:39,248 [ERROR] LogOutputStream:75 - [STDERR_REDIRECT] 
2026-05-26 15:22:40,248 [ERROR] LogOutputStream:75 - [STDERR_REDIRECT] [Fatal Error] :1:1: Premature end of file.
2026-05-26 15:22:40,249 [ERROR] LogOutputStream:75 - [STDERR_REDIRECT] 
2026-05-26 15:22:41,249 [ERROR] LogOutputStream:75 - [STDERR_REDIRECT] [Fatal Error] :1:1: Premature end of file.
2026-05-26 15:22:41,249 [ERROR] LogOutputStream:75 - [STDERR_REDIRECT] 
2026-05-26 15:22:42,248 [ERROR] LogOutputStream:75 - [STDERR_REDIRECT] [Fatal Error] :1:1: Premature end of file.
2026-05-26 15:22:42,248 [ERROR] LogOutputStream:75 - [STDERR_REDIRECT] 
2026-05-26 15:22:43,245 [ERROR] LogOutputStream:75 - [STDERR_REDIRECT] [Fatal Error] :1:1: Premature end of file.
2026-05-26 15:22:43,245 [ERROR] LogOutputStream:75 - [STDERR_REDIRECT] 
2026-05-26 15:22:44,258 [ERROR] LogOutputStream:75 - [STDERR_REDIRECT] [Fatal Error] :1:1: Premature end of file.
2026-05-26 15:22:44,258 [ERROR] LogOutputStream:75 - [STDERR_REDIRECT] 
2026-05-26 15:22:45,253 [ERROR] LogOutputStream:75 - [STDERR_REDIRECT] [Fatal Error] :1:1: Premature end of file.
2026-05-26 15:22:45,255 [ERROR] LogOutputStream:75 - [STDERR_REDIRECT] 
2026-05-26 15:22:46,259 [ERROR] LogOutputStream:75 - [STDERR_REDIRECT] [Fatal Error] :1:1: Premature end of file.
2026-05-26 15:22:46,259 [ERROR] LogOutputStream:75 - [STDERR_REDIRECT] 
2026-05-26 15:22:47,246 [ERROR] LogOutputStream:75 - [STDERR_REDIRECT] [Fatal Error] :1:1: Premature end of file.
2026-05-26 15:22:47,246 [ERROR] LogOutputStream:75 - [STDERR_REDIRECT] 
2026-05-26 15:22:48,260 [ERROR] LogOutputStream:75 - [STDERR_REDIRECT] [Fatal Error] :1:1: Premature end of file.
2026-05-26 15:22:48,260 [ERROR] LogOutputStream:75 - [STDERR_REDIRECT] 
2026-05-26 15:22:49,263 [ERROR] LogOutputStream:75 - [STDERR_REDIRECT] [Fatal Error] :1:1: Premature end of file.
2026-05-26 15:22:49,264 [ERROR] LogOutputStream:75 - [STDERR_REDIRECT] 
2026-05-26 15:22:50,245 [ERROR] LogOutputStream:75 - [STDERR_REDIRECT] [Fatal Error] :1:1: Premature end of file.
2026-05-26 15:22:50,245 [ERROR] LogOutputStream:75 - [STDERR_REDIRECT] 
2026-05-26 15:22:51,251 [ERROR] LogOutputStream:75 - [STDERR_REDIRECT] [Fatal Error] :1:1: Premature end of file.
2026-05-26 15:22:51,251 [ERROR] LogOutputStream:75 - [STDERR_REDIRECT] 
2026-05-26 15:22:52,255 [ERROR] LogOutputStream:75 - [STDERR_REDIRECT] [Fatal Error] :1:1: Premature end of file.
2026-05-26 15:22:52,255 [ERROR] LogOutputStream:75 - [STDERR_REDIRECT] 
2026-05-26 15:22:53,249 [ERROR] LogOutputStream:75 - [STDERR_REDIRECT] [Fatal Error] :1:1: Premature end of file.
2026-05-26 15:22:53,249 [ERROR] LogOutputStream:75 - [STDERR_REDIRECT] 
2026-05-26 15:22:54,256 [ERROR] LogOutputStream:75 - [STDERR_REDIRECT] [Fatal Error] :1:1: Premature end of file.
2026-05-26 15:22:54,257 [ERROR] LogOutputStream:75 - [STDERR_REDIRECT] 
2026-05-26 15:22:55,257 [ERROR] LogOutputStream:75 - [STDERR_REDIRECT] [Fatal Error] :1:1: Premature end of file.
2026-05-26 15:22:55,257 [ERROR] LogOutputStream:75 - [STDERR_REDIRECT] 
2026-05-26 15:22:56,264 [ERROR] LogOutputStream:75 - [STDERR_REDIRECT] [Fatal Error] :1:1: Premature end of file.
2026-05-26 15:22:56,264 [ERROR] LogOutputStream:75 - [STDERR_REDIRECT] 
2026-05-26 15:22:57,261 [ERROR] LogOutputStream:75 - [STDERR_REDIRECT] [Fatal Error] :1:1: Premature end of file.
2026-05-26 15:22:57,262 [ERROR] LogOutputStream:75 - [STDERR_REDIRECT] 
2026-05-26 15:22:58,253 [ERROR] LogOutputStream:75 - [STDERR_REDIRECT] [Fatal Error] :1:1: Premature end of file.
2026-05-26 15:22:58,253 [ERROR] LogOutputStream:75 - [STDERR_REDIRECT] 
2026-05-26 15:22:59,258 [ERROR] LogOutputStream:75 - [STDERR_REDIRECT] [Fatal Error] :1:1: Premature end of file.
2026-05-26 15:22:59,258 [ERROR] LogOutputStream:75 - [STDERR_REDIRECT] 
2026-05-26 15:23:00,254 [ERROR] LogOutputStream:75 - [STDERR_REDIRECT] [Fatal Error] :1:1: Premature end of file.
2026-05-26 15:23:00,254 [ERROR] LogOutputStream:75 - [STDERR_REDIRECT] 
2026-05-26 15:23:01,245 [ERROR] LogOutputStream:75 - [STDERR_REDIRECT] [Fatal Error] :1:1: Premature end of file.
2026-05-26 15:23:01,245 [ERROR] LogOutputStream:75 - [STDERR_REDIRECT] 
2026-05-26 15:23:02,259 [ERROR] LogOutputStream:75 - [STDERR_REDIRECT] [Fatal Error] :1:1: Premature end of file.
2026-05-26 15:23:02,259 [ERROR] LogOutputStream:75 - [STDERR_REDIRECT] 
2026-05-26 15:23:03,259 [ERROR] LogOutputStream:75 - [STDERR_REDIRECT] [Fatal Error] :1:1: Premature end of file.
2026-05-26 15:23:03,260 [ERROR] LogOutputStream:75 - [STDERR_REDIRECT] 
2026-05-26 15:23:04,258 [ERROR] LogOutputStream:75 - [STDERR_REDIRECT] [Fatal Error] :1:1: Premature end of file.
2026-05-26 15:23:04,258 [ERROR] LogOutputStream:75 - [STDERR_REDIRECT] 
2026-05-26 15:23:05,263 [ERROR] LogOutputStream:75 - [STDERR_REDIRECT] [Fatal Error] :1:1: Premature end of file.
2026-05-26 15:23:05,263 [ERROR] LogOutputStream:75 - [STDERR_REDIRECT] 
2026-05-26 15:23:06,254 [ERROR] LogOutputStream:75 - [STDERR_REDIRECT] [Fatal Error] :1:1: Premature end of file.
2026-05-26 15:23:06,254 [ERROR] LogOutputStream:75 - [STDERR_REDIRECT] 
2026-05-26 15:23:07,255 [ERROR] LogOutputStream:75 - [STDERR_REDIRECT] [Fatal Error] :1:1: Premature end of file.
2026-05-26 15:23:07,255 [ERROR] LogOutputStream:75 - [STDERR_REDIRECT] 
2026-05-26 15:23:08,246 [ERROR] LogOutputStream:75 - [STDERR_REDIRECT] [Fatal Error] :1:1: Premature end of file.
2026-05-26 15:23:08,246 [ERROR] LogOutputStream:75 - [STDERR_REDIRECT] 
2026-05-26 15:23:09,241 [ERROR] LogOutputStream:75 - [STDERR_REDIRECT] [Fatal Error] :1:1: Premature end of file.
2026-05-26 15:23:09,241 [ERROR] LogOutputStream:75 - [STDERR_REDIRECT] 
2026-05-26 15:23:10,247 [ERROR] LogOutputStream:75 - [STDERR_REDIRECT] [Fatal Error] :1:1: Premature end of file.
2026-05-26 15:23:10,247 [ERROR] LogOutputStream:75 - [STDERR_REDIRECT] 
2026-05-26 15:23:11,242 [ERROR] LogOutputStream:75 - [STDERR_REDIRECT] [Fatal Error] :1:1: Premature end of file.
2026-05-26 15:23:11,242 [ERROR] LogOutputStream:75 - [STDERR_REDIRECT] 
2026-05-26 15:23:12,242 [ERROR] LogOutputStream:75 - [STDERR_REDIRECT] [Fatal Error] :1:1: Premature end of file.
2026-05-26 15:23:12,242 [ERROR] LogOutputStream:75 - [STDERR_REDIRECT] 
2026-05-26 15:23:13,248 [ERROR] LogOutputStream:75 - [STDERR_REDIRECT] [Fatal Error] :1:1: Premature end of file.
2026-05-26 15:23:13,248 [ERROR] LogOutputStream:75 - [STDERR_REDIRECT] 
2026-05-26 15:23:14,245 [ERROR] LogOutputStream:75 - [STDERR_REDIRECT] [Fatal Error] :1:1: Premature end of file.
2026-05-26 15:23:14,245 [ERROR] LogOutputStream:75 - [STDERR_REDIRECT] 
2026-05-26 15:23:15,244 [ERROR] LogOutputStream:75 - [STDERR_REDIRECT] [Fatal Error] :1:1: Premature end of file.
2026-05-26 15:23:15,244 [ERROR] LogOutputStream:75 - [STDERR_REDIRECT] 
2026-05-26 15:23:16,254 [ERROR] LogOutputStream:75 - [STDERR_REDIRECT] [Fatal Error] :1:1: Premature end of file.
2026-05-26 15:23:16,254 [ERROR] LogOutputStream:75 - [STDERR_REDIRECT] 
2026-05-26 15:23:17,250 [ERROR] LogOutputStream:75 - [STDERR_REDIRECT] [Fatal Error] :1:1: Premature end of file.
2026-05-26 15:23:17,250 [ERROR] LogOutputStream:75 - [STDERR_REDIRECT] 
2026-05-26 15:23:18,254 [ERROR] LogOutputStream:75 - [STDERR_REDIRECT] [Fatal Error] :1:1: Premature end of file.
2026-05-26 15:23:18,255 [ERROR] LogOutputStream:75 - [STDERR_REDIRECT] 
2026-05-26 15:23:19,249 [ERROR] LogOutputStream:75 - [STDERR_REDIRECT] [Fatal Error] :1:1: Premature end of file.
2026-05-26 15:23:19,249 [ERROR] LogOutputStream:75 - [STDERR_REDIRECT] 
2026-05-26 15:23:20,285 [ERROR] LogOutputStream:75 - [STDERR_REDIRECT] [Fatal Error] :1:1: Premature end of file.
2026-05-26 15:23:20,285 [ERROR] LogOutputStream:75 - [STDERR_REDIRECT] 
2026-05-26 15:23:21,243 [ERROR] LogOutputStream:75 - [STDERR_REDIRECT] [Fatal Error] :1:1: Premature end of file.
2026-05-26 15:23:21,244 [ERROR] LogOutputStream:75 - [STDERR_REDIRECT] 
2026-05-26 15:23:22,248 [ERROR] LogOutputStream:75 - [STDERR_REDIRECT] [Fatal Error] :1:1: Premature end of file.
2026-05-26 15:23:22,248 [ERROR] LogOutputStream:75 - [STDERR_REDIRECT] 
2026-05-26 15:23:23,251 [ERROR] LogOutputStream:75 - [STDERR_REDIRECT] [Fatal Error] :1:1: Premature end of file.
2026-05-26 15:23:23,251 [ERROR] LogOutputStream:75 - [STDERR_REDIRECT] 
2026-05-26 15:23:24,247 [ERROR] LogOutputStream:75 - [STDERR_REDIRECT] [Fatal Error] :1:1: Premature end of file.
2026-05-26 15:23:24,248 [ERROR] LogOutputStream:75 - [STDERR_REDIRECT] 
2026-05-26 15:23:25,245 [ERROR] LogOutputStream:75 - [STDERR_REDIRECT] [Fatal Error] :1:1: Premature end of file.
2026-05-26 15:23:25,245 [ERROR] LogOutputStream:75 - [STDERR_REDIRECT] 
2026-05-26 15:23:26,245 [ERROR] LogOutputStream:75 - [STDERR_REDIRECT] [Fatal Error] :1:1: Premature end of file.
2026-05-26 15:23:26,245 [ERROR] LogOutputStream:75 - [STDERR_REDIRECT] 
2026-05-26 15:23:27,251 [ERROR] LogOutputStream:75 - [STDERR_REDIRECT] [Fatal Error] :1:1: Premature end of file.
2026-05-26 15:23:27,251 [ERROR] LogOutputStream:75 - [STDERR_REDIRECT] 
2026-05-26 15:23:28,244 [ERROR] LogOutputStream:75 - [STDERR_REDIRECT] [Fatal Error] :1:1: Premature end of file.
2026-05-26 15:23:28,244 [ERROR] LogOutputStream:75 - [STDERR_REDIRECT] 
2026-05-26 15:23:29,258 [ERROR] LogOutputStream:75 - [STDERR_REDIRECT] [Fatal Error] :1:1: Premature end of file.
2026-05-26 15:23:29,258 [ERROR] LogOutputStream:75 - [STDERR_REDIRECT] 
2026-05-26 15:23:30,244 [ERROR] LogOutputStream:75 - [STDERR_REDIRECT] [Fatal Error] :1:1: Premature end of file.
2026-05-26 15:23:30,244 [ERROR] LogOutputStream:75 - [STDERR_REDIRECT] 
2026-05-26 15:23:31,248 [ERROR] LogOutputStream:75 - [STDERR_REDIRECT] [Fatal Error] :1:1: Premature end of file.
2026-05-26 15:23:31,248 [ERROR] LogOutputStream:75 - [STDERR_REDIRECT] 
2026-05-26 15:23:32,246 [ERROR] LogOutputStream:75 - [STDERR_REDIRECT] [Fatal Error] :1:1: Premature end of file.
2026-05-26 15:23:32,246 [ERROR] LogOutputStream:75 - [STDERR_REDIRECT] 
2026-05-26 15:23:33,247 [ERROR] LogOutputStream:75 - [STDERR_REDIRECT] [Fatal Error] :1:1: Premature end of file.
2026-05-26 15:23:33,247 [ERROR] LogOutputStream:75 - [STDERR_REDIRECT] 
2026-05-26 15:23:34,265 [ERROR] LogOutputStream:75 - [STDERR_REDIRECT] [Fatal Error] :1:1: Premature end of file.
2026-05-26 15:23:34,265 [ERROR] LogOutputStream:75 - [STDERR_REDIRECT] 
2026-05-26 15:23:35,267 [ERROR] LogOutputStream:75 - [STDERR_REDIRECT] [Fatal Error] :1:1: Premature end of file.
2026-05-26 15:23:35,268 [ERROR] LogOutputStream:75 - [STDERR_REDIRECT] 
2026-05-26 15:23:36,276 [ERROR] LogOutputStream:75 - [STDERR_REDIRECT] [Fatal Error] :1:1: Premature end of file.
2026-05-26 15:23:36,276 [ERROR] LogOutputStream:75 - [STDERR_REDIRECT] 
2026-05-26 15:23:37,256 [ERROR] LogOutputStream:75 - [STDERR_REDIRECT] [Fatal Error] :1:1: Premature end of file.
2026-05-26 15:23:37,256 [ERROR] LogOutputStream:75 - [STDERR_REDIRECT] 
2026-05-26 15:23:38,259 [ERROR] LogOutputStream:75 - [STDERR_REDIRECT] [Fatal Error] :1:1: Premature end of file.
2026-05-26 15:23:38,260 [ERROR] LogOutputStream:75 - [STDERR_REDIRECT] 
2026-05-26 15:23:39,259 [ERROR] LogOutputStream:75 - [STDERR_REDIRECT] [Fatal Error] :1:1: Premature end of file.
2026-05-26 15:23:39,259 [ERROR] LogOutputStream:75 - [STDERR_REDIRECT] 
2026-05-26 15:23:40,258 [ERROR] LogOutputStream:75 - [STDERR_REDIRECT] [Fatal Error] :1:1: Premature end of file.
2026-05-26 15:23:40,258 [ERROR] LogOutputStream:75 - [STDERR_REDIRECT] 
2026-05-26 15:23:41,262 [ERROR] LogOutputStream:75 - [STDERR_REDIRECT] [Fatal Error] :1:1: Premature end of file.
2026-05-26 15:23:41,262 [ERROR] LogOutputStream:75 - [STDERR_REDIRECT] 
2026-05-26 15:23:42,265 [ERROR] LogOutputStream:75 - [STDERR_REDIRECT] [Fatal Error] :1:1: Premature end of file.
2026-05-26 15:23:42,265 [ERROR] LogOutputStream:75 - [STDERR_REDIRECT] 
2026-05-26 15:23:43,257 [ERROR] LogOutputStream:75 - [STDERR_REDIRECT] [Fatal Error] :1:1: Premature end of file.
2026-05-26 15:23:43,257 [ERROR] LogOutputStream:75 - [STDERR_REDIRECT] 
2026-05-26 15:23:44,248 [ERROR] LogOutputStream:75 - [STDERR_REDIRECT] [Fatal Error] :1:1: Premature end of file.
2026-05-26 15:23:44,248 [ERROR] LogOutputStream:75 - [STDERR_REDIRECT] 
2026-05-26 15:23:45,260 [ERROR] LogOutputStream:75 - [STDERR_REDIRECT] [Fatal Error] :1:1: Premature end of file.
2026-05-26 15:23:45,261 [ERROR] LogOutputStream:75 - [STDERR_REDIRECT] 
2026-05-26 15:23:46,252 [ERROR] LogOutputStream:75 - [STDERR_REDIRECT] [Fatal Error] :1:1: Premature end of file.
2026-05-26 15:23:46,252 [ERROR] LogOutputStream:75 - [STDERR_REDIRECT] 
2026-05-26 15:23:47,246 [ERROR] LogOutputStream:75 - [STDERR_REDIRECT] [Fatal Error] :1:1: Premature end of file.
2026-05-26 15:23:47,246 [ERROR] LogOutputStream:75 - [STDERR_REDIRECT] 
2026-05-26 15:23:48,255 [ERROR] LogOutputStream:75 - [STDERR_REDIRECT] [Fatal Error] :1:1: Premature end of file.
2026-05-26 15:23:48,255 [ERROR] LogOutputStream:75 - [STDERR_REDIRECT] 
2026-05-26 15:23:49,251 [ERROR] LogOutputStream:75 - [STDERR_REDIRECT] [Fatal Error] :1:1: Premature end of file.
2026-05-26 15:23:49,251 [ERROR] LogOutputStream:75 - [STDERR_REDIRECT] 
2026-05-26 15:23:50,249 [ERROR] LogOutputStream:75 - [STDERR_REDIRECT] [Fatal Error] :1:1: Premature end of file.
2026-05-26 15:23:50,249 [ERROR] LogOutputStream:75 - [STDERR_REDIRECT] 
2026-05-26 15:23:51,253 [ERROR] LogOutputStream:75 - [STDERR_REDIRECT] [Fatal Error] :1:1: Premature end of file.
2026-05-26 15:23:51,253 [ERROR] LogOutputStream:75 - [STDERR_REDIRECT] 
2026-05-26 15:23:52,244 [ERROR] LogOutputStream:75 - [STDERR_REDIRECT] [Fatal Error] :1:1: Premature end of file.
2026-05-26 15:23:52,245 [ERROR] LogOutputStream:75 - [STDERR_REDIRECT] 
2026-05-26 15:23:53,253 [ERROR] LogOutputStream:75 - [STDERR_REDIRECT] [Fatal Error] :1:1: Premature end of file.
2026-05-26 15:23:53,253 [ERROR] LogOutputStream:75 - [STDERR_REDIRECT] 
2026-05-26 15:23:54,254 [ERROR] LogOutputStream:75 - [STDERR_REDIRECT] [Fatal Error] :1:1: Premature end of file.
2026-05-26 15:23:54,255 [ERROR] LogOutputStream:75 - [STDERR_REDIRECT] 
2026-05-26 15:23:55,041 [INFO] MainUpdater:2872 - connection check result : 10
2026-05-26 15:23:55,042 [INFO] McuFinderGlobals:76 - Set McuFinderConnectedMode to true
2026-05-26 15:23:55,294 [ERROR] LogOutputStream:75 - [STDERR_REDIRECT] [Fatal Error] :1:1: Premature end of file.
2026-05-26 15:23:55,294 [ERROR] LogOutputStream:75 - [STDERR_REDIRECT] 
2026-05-26 15:23:55,497 [INFO] ServerAccessManage:473 - Download File mcusAds.json._tmp_
2026-05-26 15:23:55,649 [INFO] LoadUrlFilesThread:156 - End of LoadUrlFiles Thread
2026-05-26 15:23:56,059 [INFO] ServerAccessManage:473 - Download File cube-finder-db.zip
2026-05-26 15:23:56,264 [ERROR] LogOutputStream:75 - [STDERR_REDIRECT] [Fatal Error] :1:1: Premature end of file.
2026-05-26 15:23:56,264 [ERROR] LogOutputStream:75 - [STDERR_REDIRECT] 
2026-05-26 15:23:57,250 [ERROR] LogOutputStream:75 - [STDERR_REDIRECT] [Fatal Error] :1:1: Premature end of file.
2026-05-26 15:23:57,250 [ERROR] LogOutputStream:75 - [STDERR_REDIRECT] 
2026-05-26 15:23:57,724 [ERROR] ServerAccessManage:651 - User Cancel Download : cube-finder-db.zip.
2026-05-26 15:23:57,854 [INFO] LoadUrlFilesThread:156 - End of LoadUrlFiles Thread
2026-05-26 15:23:58,248 [ERROR] LogOutputStream:75 - [STDERR_REDIRECT] [Fatal Error] :1:1: Premature end of file.
2026-05-26 15:23:58,248 [ERROR] LogOutputStream:75 - [STDERR_REDIRECT] 
2026-05-26 15:23:59,249 [ERROR] LogOutputStream:75 - [STDERR_REDIRECT] [Fatal Error] :1:1: Premature end of file.
2026-05-26 15:23:59,250 [ERROR] LogOutputStream:75 - [STDERR_REDIRECT] 
2026-05-26 15:23:59,779 [INFO] DbMcusAds:53 - JSON generation date=Mon Apr 27 13:44:29 IST 2026 (1777277669924)
2026-05-26 15:23:59,786 [INFO] ApiDb:448 - Save user favorites file C:\Users\NIVYA/.stm32cubeide/favorites.mcus.txt: 0 item(s)
2026-05-26 15:23:59,787 [INFO] ApiDb:452 - User favorites MCUs=[]
2026-05-26 15:23:59,790 [INFO] ApiDb:581 - Connected to CubeFinder SQLite database (C:\Users\NIVYA\.stmcufinder\plugins\mcufinder\mcu\cube-finder-db.db)
2026-05-26 15:23:59,997 [INFO] ApiDb:668 - CubeFinder database Data Model version=2.1
2026-05-26 15:23:59,997 [INFO] ApiDb:669 - CubeFinder database Configuration version=3.0.42
2026-05-26 15:23:59,997 [INFO] ApiDb:670 - CubeFinder database generation date=2026-05-06 (1778060171)
2026-05-26 15:23:59,997 [INFO] ApiDb:671 - CubeFinder database FW Pack versions=[FP-ATR-ASTRA1_V2.0.0, FP-SNS-FLIGHT1_V5.1.0, FP-SNS-MOTENV1_V5.1.0, FP-SNS-MOTENVWB1_V1.5.0, FP-SNS-SMARTAG2_V1.2.0, FP-SNS-STBOX1_V2.1.0, STM32Cube_FW_C0_V1.4.0, STM32Cube_FW_F4_V1.28.3, STM32Cube_FW_F7_V1.17.4, STM32Cube_FW_G0_V1.6.3, STM32Cube_FW_G4_V1.6.2, STM32Cube_FW_H5_V1.6.0, STM32Cube_FW_H7RS_V1.3.0, STM32Cube_FW_H7_V1.13.0, STM32Cube_FW_L0_V1.12.2, STM32Cube_FW_L4_V1.18.2, STM32Cube_FW_L5_V1.6.0, STM32Cube_FW_N6_V1.3.0, STM32Cube_FW_U0_V1.3.0, STM32Cube_FW_U3_V1.3.0, STM32Cube_FW_U5_V1.8.0, STM32Cube_FW_WB0_V1.4.0, STM32Cube_FW_WBA_V1.9.0, STM32Cube_FW_WB_V1.24.0, STM32Cube_FW_WL3_V1.4.0, STM32Cube_FW_WL_V1.5.0, X-CUBE-ALGOBUILD_V1.4.0, X-CUBE-ALS_V1.0.2, X-CUBE-AZRTOS-F4_V1.1.0, X-CUBE-AZRTOS-F7_V1.1.0, X-CUBE-AZRTOS-G0_V1.1.0, X-CUBE-AZRTOS-G4_V2.0.0, X-CUBE-AZRTOS-H7RS_V1.1.0, X-CUBE-AZRTOS-H7_V3.5.0, X-CUBE-AZRTOS-L4_V2.0.0, X-CUBE-AZRTOS-L5_V2.0.0, X-CUBE-AZRTOS-WB_V2.0.0, X-CUBE-AZRTOS-WL_V2.0.0, X-CUBE-BLE1_V7.1.0, X-CUBE-BLE2_V3.3.0, X-CUBE-BLEMGR_V4.1.0, X-CUBE-EEPRMA1_V5.2.0, X-CUBE-FREERTOS_V1.5.0, X-CUBE-GNSS1_V6.0.0, X-CUBE-MEMS1_V12.0.0, X-CUBE-NFC4_V3.0.0, X-CUBE-NFC7_V2.0.0, X-CUBE-SFXS2LP1_V4.0.0, X-CUBE-ST67W61_V1.2.0, X-CUBE-SUBG2_V5.0.0, X-CUBE-TOF1_V3.4.3]
2026-05-26 15:24:00,249 [ERROR] LogOutputStream:75 - [STDERR_REDIRECT] [Fatal Error] :1:1: Premature end of file.
2026-05-26 15:24:00,249 [ERROR] LogOutputStream:75 - [STDERR_REDIRECT] 
2026-05-26 15:24:01,240 [ERROR] LogOutputStream:75 - [STDERR_REDIRECT] [Fatal Error] :1:1: Premature end of file.
2026-05-26 15:24:01,240 [ERROR] LogOutputStream:75 - [STDERR_REDIRECT] 
2026-05-26 15:24:02,236 [ERROR] LogOutputStream:75 - [STDERR_REDIRECT] [Fatal Error] :1:1: Premature end of file.
2026-05-26 15:24:02,237 [ERROR] LogOutputStream:75 - [STDERR_REDIRECT] 
2026-05-26 15:24:03,229 [ERROR] LogOutputStream:75 - [STDERR_REDIRECT] [Fatal Error] :1:1: Premature end of file.
2026-05-26 15:24:03,229 [ERROR] LogOutputStream:75 - [STDERR_REDIRECT] 
2026-05-26 15:24:03,647 [INFO] ApiDb:240 - Found 895 in-development CPN: [B-G473E-ZEST1S, B-WB1M-WPAN1, B-WBA5M-WPAN, B-WL5M-SUBG1, NUCLEO-C031C6, NUCLEO-C051C8, NUCLEO-C071RB, NUCLEO-C092RC, NUCLEO-H503RB, NUCLEO-H533RE, NUCLEO-H563ZI, NUCLEO-H7S3L8, NUCLEO-N657X0-Q, NUCLEO-U031R8, NUCLEO-U083RC, NUCLEO-U385RG-Q, NUCLEO-U545RE-Q, NUCLEO-U5A5ZJ-Q, NUCLEO-WB05KZ, NUCLEO-WB07CC, NUCLEO-WB09KE, NUCLEO-WBA52CG, NUCLEO-WBA55CG, NUCLEO-WBA65RI, NUCLEO-WL33CC1, NUCLEO-WL33CC2, STEVAL-PROTEUS1, STEVAL-SMARTAG2, STEVAL-STWINBX1, STM320518-EVAL, STM32C0116-DK, STM32C011D6Y3TR, STM32C011D6Y6TR, STM32C011F4P3, STM32C011F4P6, STM32C011F4U3, STM32C011F4U6TR, STM32C011F6P3, STM32C011F6P6, STM32C011F6U3, STM32C011F6U6TR, STM32C011J4M3, STM32C011J4M6, STM32C011J6M3, STM32C011J6M6, STM32C0316-DK, STM32C031C4T3, STM32C031C4T6, STM32C031C4U3, STM32C031C4U6, STM32C031C6T3, STM32C031C6T6, STM32C031C6U3, STM32C031C6U6, STM32C031F4P3, STM32C031F4P6, STM32C031F6P3, STM32C031F6P6, STM32C031G4U3, STM32C031G4U6, STM32C031G6U3, STM32C031G6U6, STM32C031K4T3, STM32C031K4T6, STM32C031K4U3, STM32C031K4U6, STM32C031K6T3, STM32C031K6T6, STM32C031K6U3, STM32C031K6U6, STM32C051C6T6, STM32C051C6U6, STM32C051C8T6, STM32C051C8U6, STM32C051D8Y6TR, STM32C051F6P6, STM32C051F8P6, STM32C051G6U6, STM32C051G8U6, STM32C051K6T6, STM32C051K6U6, STM32C051K8T6, STM32C071C8T6, STM32C071C8T6N, STM32C071C8U6, STM32C071C8U6N, STM32C071CBT6, STM32C071CBT6N, STM32C071CBU6, STM32C071CBU6N, STM32C071F8P6, STM32C071F8P6N, STM32C071FBP6, STM32C071FBP6N, STM32C071FBY6TR, STM32C071G8U6, STM32C071G8U6N, STM32C071GBU6, STM32C071GBU6N, STM32C071K8T6, STM32C071K8T6N, STM32C071K8U6, STM32C071K8U6N, STM32C071KBT6, STM32C071KBT6N, STM32C071KBU6, STM32C071KBU6N, STM32C071R8T6, STM32C071R8T6N, STM32C071RBI6N, STM32C071RBT6, STM32C071RBT6N, STM32C091CBT6, STM32C091CBU6, STM32C091CCT6, STM32C091CCU6, STM32C091ECY6TR, STM32C091FBP6, STM32C091FCP6, STM32C091GBU6, STM32C091GCU6, STM32C091KBT6, STM32C091KBU6, STM32C091KCT6, STM32C091KCU6, STM32C091RBT6, STM32C091RCI6, STM32C091RCT6, STM32C092CBT6, STM32C092CBU6, STM32C092CCT6, STM32C092CCU6, STM32C092ECY6TR, STM32C092FBP6, STM32C092FCP6, STM32C092GBU6, STM32C092GCU6, STM32C092KBT6, STM32C092KBU6, STM32C092KCT6, STM32C092KCU6, STM32C092RBT6, STM32C092RCI6, STM32C092RCT6, STM32G071K8TXN, STM32G071K8UXN, STM32G081GBU6N, STM32G081KBT6N, STM32G081KBUXN, STM32G0B1CCT6N, STM32G0B1KCT6, STM32G0B1NEY6TR, STM32G0B1RCT6N, STM32G0C1CCT6, STM32G0C1CCT6N, STM32G0C1CCU6N, STM32G0C1CET6N, STM32G0C1CEU6N, STM32G0C1KCT6, STM32G0C1NEY6TR, STM32G0C1RCI6N, STM32G0C1RCT6N, STM32G0C1REI6N, STM32G0C1RET6N, STM32G0C1VCI6, STM32G0C1VEI6, STM32G411C6T3, STM32G411C6T6, STM32G411C6U3, STM32G411C6U6, STM32G411C8T3, STM32G411C8T6, STM32G411C8U3, STM32G411C8U6, STM32G411CBT3, STM32G411CBT6, STM32G411CBU3, STM32G411CBU6, STM32G411CCT3, STM32G411CCT6, STM32G411CCU3, STM32G411CCU6, STM32G411K6T3, STM32G411K6T6, STM32G411K6U3, STM32G411K6U6, STM32G411K8T3, STM32G411K8T6, STM32G411K8U3, STM32G411K8U6, STM32G411KBT3, STM32G411KBT6, STM32G411KBU3, STM32G411KBU6, STM32G411M6T3, STM32G411M6T6, STM32G411M8T3, STM32G411M8T6, STM32G411MBT3, STM32G411MBT6, STM32G411MCT3, STM32G411MCT6, STM32G411R6T3, STM32G411R6T6, STM32G411R8T3, STM32G411R8T6, STM32G411RBT3, STM32G411RBT6, STM32G411RCT3, STM32G411RCT6, STM32G414CBT3, STM32G414CBT6, STM32G414CBU3, STM32G414CBU6, STM32G414CCT3, STM32G414CCT6, STM32G414CCU3, STM32G414CCU6, STM32G414MBT3, STM32G414MBT6, STM32G414MCT3, STM32G414MCT6, STM32G414RBT3, STM32G414RBT6, STM32G414RCT3, STM32G414RCT6, STM32G414VBT3, STM32G414VBT6, STM32G414VCT3, STM32G414VCT6, STM32G431CBT3Z, STM32G431RBT3Z, STM32G471CCT6, STM32G471CCU6, STM32G471CET3, STM32G471CET6, STM32G471CEU3, STM32G471CEU6, STM32G471MCT6, STM32G471MET3, STM32G471MET6, STM32G471MEY6TR, STM32G471QCT6, STM32G471QET3, STM32G471RCT6, STM32G471RET3, STM32G471RET6, STM32G471VCH6, STM32G471VCI6, STM32G471VCT6, STM32G471VEH3, STM32G471VEH6, STM32G471VEI3, STM32G471VEI6, STM32G471VET3, STM32G471VET6, STM32G473QET3Z, STM32G473RET3Z, STM32G474CCT6, STM32G491RET3Z, STM32H503CBT6, STM32H503CBU6, STM32H503EBY6TR, STM32H503KBU6, STM32H503RBT6, STM32H523CCT6, STM32H523CCU6, STM32H523CET6, STM32H523CEU6, STM32H523HEY6TR, STM32H523RCT6, STM32H523RET6, STM32H523VCI6, STM32H523VCT6, STM32H523VEI6, STM32H523VET6, STM32H523ZCJ6, STM32H523ZCT6, STM32H523ZEJ6, STM32H523ZET6, STM32H533CET6, STM32H533CEU6, STM32H533HEY6TR, STM32H533RET6, STM32H533VEI6, STM32H533VET6, STM32H533ZEJ6, STM32H533ZET6, STM32H562AGI6, STM32H562AII6, STM32H562IGK6, STM32H562IGT6, STM32H562IIK6, STM32H562IIT6, STM32H562RGT6, STM32H562RGV6, STM32H562RIT6, STM32H562RIV6, STM32H562VGT6, STM32H562VIT6, STM32H562ZGT6, STM32H562ZIT6, STM32H563AGI6, STM32H563AII3Q, STM32H563AII6, STM32H563IGK6, STM32H563IGT6, STM32H563IIK3Q, STM32H563IIK6, STM32H563IIT3Q, STM32H563IIT6, STM32H563MIY3QTR, STM32H563RGT6, STM32H563RGV6, STM32H563RIT6, STM32H563RIV6, STM32H563VGT6, STM32H563VIT3Q, STM32H563VIT6, STM32H563ZGT6, STM32H563ZIT3Q, STM32H563ZIT6, STM32H573AII3Q, STM32H573AII6, STM32H573I-DK, STM32H573IIK3Q, STM32H573IIK6, STM32H573IIT3Q, STM32H573IIT6, STM32H573MIY3QTR, STM32H573RIT6, STM32H573RIV6, STM32H573VIT3Q, STM32H573VIT6, STM32H573ZIT3Q, STM32H573ZIT6, STM32H7R3A8I6, STM32H7R3I8K6, STM32H7R3I8T6, STM32H7R3L8H6, STM32H7R3L8H6H, STM32H7R3R8V6, STM32H7R3V8H6, STM32H7R3V8T6, STM32H7R3V8Y6TR, STM32H7R3Z8J6, STM32H7R3Z8T6, STM32H7R7A8I6, STM32H7R7I8K6, STM32H7R7I8T6, STM32H7R7L8H6, STM32H7R7L8H6H, STM32H7R7Z8J6, STM32H7S3A8I6, STM32H7S3I8K6, STM32H7S3I8T6, STM32H7S3L8H6, STM32H7S3L8H6H, STM32H7S3R8V6, STM32H7S3V8H6, STM32H7S3V8T6, STM32H7S3V8Y6TR, STM32H7S3Z8J6, STM32H7S3Z8T6, STM32H7S78-DK, STM32H7S7A8I6, STM32H7S7I8K6, STM32H7S7I8T6, STM32H7S7L8H6, STM32H7S7L8H6H, STM32H7S7Z8J6, STM32L4R5QGI6STR, STM32MP131AAE3, STM32MP131AAF3, STM32MP131AAG3, STM32MP131CAE3, STM32MP131CAF3, STM32MP131CAG3, STM32MP131DAE7, STM32MP131DAF7, STM32MP131DAG7, STM32MP131FAE7, STM32MP131FAF7, STM32MP131FAG7, STM32MP133AAE3, STM32MP133AAF3, STM32MP133AAG3, STM32MP133CAE3, STM32MP133CAF3, STM32MP133CAG3, STM32MP133DAE7, STM32MP133DAF7, STM32MP133DAG7, STM32MP133FAE7, STM32MP133FAF7, STM32MP133FAG7, STM32MP135AAE3, STM32MP135AAF3, STM32MP135AAG3, STM32MP135CAE3, STM32MP135CAF3, STM32MP135CAG3, STM32MP135DAE7, STM32MP135DAF7, STM32MP135DAG7, STM32MP135F-DK, STM32MP135FAE7, STM32MP135FAF7, STM32MP135FAF7T, STM32MP135FAF7U, STM32MP135FAG7, STM32MP231AAJ3, STM32MP231AAK3, STM32MP231AAL3, STM32MP231CAJ3, STM32MP231CAK3, STM32MP231CAL3, STM32MP231DAJ3, STM32MP231DAK3, STM32MP231DAL3, STM32MP231FAJ3, STM32MP231FAK3, STM32MP231FAL3, STM32MP233AAJ3, STM32MP233AAK3, STM32MP233AAL3, STM32MP233CAJ3, STM32MP233CAK3, STM32MP233CAL3, STM32MP233DAJ3, STM32MP233DAK3, STM32MP233DAL3, STM32MP233FAJ3, STM32MP233FAK3, STM32MP233FAL3, STM32MP235AAJ3, STM32MP235AAK3, STM32MP235AAL3, STM32MP235CAJ3, STM32MP235CAK3, STM32MP235CAL3, STM32MP235DAJ3, STM32MP235DAK3, STM32MP235DAL3, STM32MP235FAJ3, STM32MP235FAK3, STM32MP235FAL3, STM32MP251AAI3, STM32MP251AAJ3, STM32MP251AAK3, STM32MP251AAL3, STM32MP251CAI3, STM32MP251CAJ3, STM32MP251CAK3, STM32MP251CAL3, STM32MP251DAI3, STM32MP251DAJ3, STM32MP251DAK3, STM32MP251DAL3, STM32MP251FAI3, STM32MP251FAJ3, STM32MP251FAK3, STM32MP251FAL3, STM32MP253AAI3, STM32MP253AAJ3, STM32MP253AAK3, STM32MP253AAL3, STM32MP253CAI3, STM32MP253CAJ3, STM32MP253CAK3, STM32MP253CAL3, STM32MP253DAI3, STM32MP253DAJ3, STM32MP253DAK3, STM32MP253DAL3, STM32MP253FAI3, STM32MP253FAJ3, STM32MP253FAK3, STM32MP253FAL3, STM32MP255AAI3, STM32MP255AAJ3, STM32MP255AAK3, STM32MP255AAL3, STM32MP255CAI3, STM32MP255CAJ3, STM32MP255CAK3, STM32MP255CAL3, STM32MP255DAI3, STM32MP255DAJ3, STM32MP255DAK3, STM32MP255DAL3, STM32MP255FAI3, STM32MP255FAJ3, STM32MP255FAK3, STM32MP255FAL3, STM32MP257AAI3, STM32MP257AAJ3, STM32MP257AAK3, STM32MP257AAL3, STM32MP257CAI3, STM32MP257CAJ3, STM32MP257CAK3, STM32MP257CAL3, STM32MP257DAI3, STM32MP257DAJ3, STM32MP257DAK3, STM32MP257DAL3, STM32MP257F-DK, STM32MP257F-EV1, STM32MP257FAI3, STM32MP257FAJ3, STM32MP257FAK3, STM32MP257FAL3, STM32N645A0H3Q, STM32N645B0H3Q, STM32N645I0H3Q, STM32N645L0H3Q, STM32N645X0H3Q, STM32N645Z0H3Q, STM32N647A0H3Q, STM32N647B0H3Q, STM32N647I0H3Q, STM32N647L0H3Q, STM32N647X0H3Q, STM32N647Z0H3Q, STM32N655A0H3Q, STM32N655B0H3Q, STM32N655I0H3Q, STM32N655L0H3Q, STM32N655X0H3Q, STM32N655Z0H3Q, STM32N6570-DK, STM32N657A0H3Q, STM32N657B0H3Q, STM32N657I0H3Q, STM32N657L0H3Q, STM32N657X0H3Q, STM32N657Z0H3Q, STM32U031C6T6, STM32U031C6U6, STM32U031C8T6, STM32U031C8U6, STM32U031F4P6, STM32U031F6P6, STM32U031F8P6, STM32U031G6Y6TR, STM32U031G8Y6TR, STM32U031K4U6, STM32U031K6U6, STM32U031K8U6, STM32U031R6I6, STM32U031R6T6, STM32U031R8I6, STM32U031R8T6, STM32U073C8T6, STM32U073C8U6, STM32U073CBT6, STM32U073CBU6, STM32U073CCT6, STM32U073CCU6, STM32U073H8Y6TR, STM32U073HBY6TR, STM32U073HCY6TR, STM32U073K8U6, STM32U073KBU6, STM32U073KCU6, STM32U073M8I6, STM32U073M8T6, STM32U073MBI6, STM32U073MBT6, STM32U073MCI6, STM32U073MCT6, STM32U073R8I6, STM32U073R8T6, STM32U073RBI6, STM32U073RBT6, STM32U073RCI6, STM32U073RCT6, STM32U083C-DK, STM32U083CCT6, STM32U083CCU6, STM32U083HCY6TR, STM32U083KCU6, STM32U083MCI6, STM32U083MCT6, STM32U083RCI6, STM32U083RCT6, STM32U375CET6, STM32U375CET6Q, STM32U375CEU6, STM32U375CEU6Q, STM32U375CEY6QTR, STM32U375CGT6, STM32U375CGT6Q, STM32U375CGU6, STM32U375CGU6Q, STM32U375CGY6QTR, STM32U375KEU6, STM32U375KGU6, STM32U375REI6, STM32U375REI6Q, STM32U375RET6, STM32U375RET6Q, STM32U375REY6GTR, STM32U375REY6QTR, STM32U375RGI6, STM32U375RGI6Q, STM32U375RGT6, STM32U375RGT6Q, STM32U375RGY6GTR, STM32U375RGY6QTR, STM32U375VEI6, STM32U375VEI6Q, STM32U375VET6, STM32U375VET6Q, STM32U375VGI6, STM32U375VGI6Q, STM32U375VGT6, STM32U375VGT6Q, STM32U385CGT6, STM32U385CGT6Q, STM32U385CGU6, STM32U385CGU6Q, STM32U385CGY6QTR, STM32U385KGU6, STM32U385RGI6, STM32U385RGI6Q, STM32U385RGT6, STM32U385RGT6Q, STM32U385RGY6GTR, STM32U385RGY6QTR, STM32U385VGI6, STM32U385VGI6Q, STM32U385VGT6, STM32U385VGT6Q, STM32U535CBT6, STM32U535CBT6Q, STM32U535CBU6, STM32U535CBU6Q, STM32U535CCT6, STM32U535CCT6Q, STM32U535CCU6, STM32U535CCU6Q, STM32U535CET6, STM32U535CET6Q, STM32U535CEU6, STM32U535CEU6Q, STM32U535JEY6QTR, STM32U535NCY6QTR, STM32U535NEY6QTR, STM32U535RBI6, STM32U535RBI6Q, STM32U535RBT6, STM32U535RBT6Q, STM32U535RCI6, STM32U535RCI6Q, STM32U535RCT6, STM32U535RCT6Q, STM32U535REI6, STM32U535REI6Q, STM32U535RET6, STM32U535RET6Q, STM32U535VCI6, STM32U535VCI6Q, STM32U535VCT6, STM32U535VCT6Q, STM32U535VEI6, STM32U535VEI6Q, STM32U535VET6, STM32U535VET6Q, STM32U545CET6, STM32U545CET6Q, STM32U545CEU6, STM32U545CEU6Q, STM32U545JEY6QTR, STM32U545NEY6QTR, STM32U545REI6, STM32U545REI6Q, STM32U545RET6, STM32U545RET6Q, STM32U545VEI6, STM32U545VEI6Q, STM32U545VET6, STM32U545VET6Q, STM32U595AIH6, STM32U595AIH6Q, STM32U595AJH6, STM32U595AJH6Q, STM32U595QII6, STM32U595QII6Q, STM32U595QJI6, STM32U595QJI6Q, STM32U595RIT6, STM32U595RIT6Q, STM32U595RJT6, STM32U595RJT6Q, STM32U595VIT6, STM32U595VIT6Q, STM32U595VJT6, STM32U595VJT6Q, STM32U595ZIT6, STM32U595ZIT6Q, STM32U595ZIY6QTR, STM32U595ZJT6, STM32U595ZJT6Q, STM32U595ZJY6QTR, STM32U599BJY6QTR, STM32U599NIH6Q, STM32U599NJH6Q, STM32U599VIT6Q, STM32U599VJT6, STM32U599VJT6Q, STM32U599ZIT6Q, STM32U599ZIY6QTR, STM32U599ZJT6Q, STM32U599ZJY6QTR, STM32U5A5AJH6, STM32U5A5AJH6Q, STM32U5A5QII3Q , STM32U5A5QJI6, STM32U5A5QJI6Q, STM32U5A5RJT6, STM32U5A5RJT6Q, STM32U5A5VJT6, STM32U5A5VJT6Q, STM32U5A5ZJT6, STM32U5A5ZJT6Q, STM32U5A5ZJY6QTR, STM32U5A9BJY6QTR, STM32U5A9J-DK, STM32U5A9NJH6Q, STM32U5A9VJT6Q, STM32U5A9ZJT6Q, STM32U5A9ZJY6QTR, STM32U5F7VIT6, STM32U5F7VIT6Q, STM32U5F7VJT6, STM32U5F7VJT6Q, STM32U5F9BJY6QTR, STM32U5F9NJH6Q, STM32U5F9VIT6Q, STM32U5F9VJT6Q, STM32U5F9ZIJ6QTR, STM32U5F9ZIT6Q, STM32U5F9ZJJ6QTR, STM32U5F9ZJT6Q, STM32U5G7VJT6, STM32U5G7VJT6Q, STM32U5G9BJY6QTR, STM32U5G9J-DK1, STM32U5G9J-DK2, STM32U5G9NJH6Q, STM32U5G9VJT6Q, STM32U5G9ZJJ6QTR, STM32U5G9ZJT6Q, STM32WB05KZV6TR, STM32WB05KZV7TR, STM32WB05TZF6TR, STM32WB05TZF7TR, STM32WB06CCF6TR, STM32WB06CCF7TR, STM32WB06CCV6TR, STM32WB06CCV7TR, STM32WB06KCV6TR, STM32WB06KCV7TR, STM32WB07CCF6TR, STM32WB07CCF7TR, STM32WB07CCV6TR, STM32WB07CCV7TR, STM32WB07KCV6TR, STM32WB07KCV7TR, STM32WB09KEV6TR, STM32WB09KEV7TR, STM32WB09TEF6TR, STM32WB09TEF7TR, STM32WB1MMCH6, STM32WBA50KGU6, STM32WBA50KGU6TR, STM32WBA52CEU6, STM32WBA52CEU6TR, STM32WBA52CEU7, STM32WBA52CEU7TR, STM32WBA52CGU6, STM32WBA52CGU6TR, STM32WBA52CGU6U, STM32WBA52CGU7, STM32WBA52CGU7TR, STM32WBA52KEU6, STM32WBA52KEU6TR, STM32WBA52KGU6, STM32WBA52KGU6TR, STM32WBA54CEU6, STM32WBA54CEU6TR, STM32WBA54CEU7, STM32WBA54CEU7TR, STM32WBA54CGU6, STM32WBA54CGU6TR, STM32WBA54CGU7, STM32WBA54CGU7TR, STM32WBA54KEU6, STM32WBA54KEU6TR, STM32WBA54KEU7, STM32WBA54KEU7TR, STM32WBA54KGU6, STM32WBA54KGU6TR, STM32WBA54KGU7, STM32WBA54KGU7TR, STM32WBA55CEU6, STM32WBA55CEU6TR, STM32WBA55CEU7, STM32WBA55CEU7TR, STM32WBA55CGU6, STM32WBA55CGU6TR, STM32WBA55CGU6U, STM32WBA55CGU7, STM32WBA55CGU7TR, STM32WBA55G-DK1, STM32WBA55HEF6, STM32WBA55HEF7, STM32WBA55HGF6, STM32WBA55HGF7, STM32WBA55UEI6, STM32WBA55UEI6TR, STM32WBA55UEI7, STM32WBA55UEI7TR, STM32WBA55UGI6, STM32WBA55UGI6TR, STM32WBA55UGI7, STM32WBA55UGI7TR, STM32WBA5MJGH6TR, STM32WBA62CGU6, STM32WBA62CIU6, STM32WBA62MGF6, STM32WBA62MIF6, STM32WBA62PGI6, STM32WBA62PII6, STM32WBA63CGU6, STM32WBA63CGU7, STM32WBA63CIU6, STM32WBA63CIU7, STM32WBA64CGU6, STM32WBA64CGU7, STM32WBA64CIU6, STM32WBA64CIU7, STM32WBA65CGU6, STM32WBA65CGU7, STM32WBA65CIU6, STM32WBA65CIU7, STM32WBA65I-DK1, STM32WBA65MGF6, STM32WBA65MGF7, STM32WBA65MIF6, STM32WBA65MIF7, STM32WBA65PGI6, STM32WBA65PGI7, STM32WBA65PII6, STM32WBA65PII7, STM32WBA65RGV6, STM32WBA65RGV7, STM32WBA65RIV6, STM32WBA65RIV7, STM32WL30K8V6, STM32WL30KBV6, STM32WL31C8V6, STM32WL31CBV6, STM32WL31K8V6, STM32WL31KBV6, STM32WL33C8V6, STM32WL33C8V6TR, STM32WL33C8V7, STM32WL33C8V7TR, STM32WL33CBV6, STM32WL33CBV6TR, STM32WL33CBV7, STM32WL33CBV7TR, STM32WL33CCV6, STM32WL33CCV6TR, STM32WL33CCV7, STM32WL33CCV7A, STM32WL33CCV7ATR, STM32WL33CCV7TR, STM32WL33K8V6, STM32WL33K8V6TR, STM32WL33K8V7, STM32WL33K8V7TR, STM32WL33KBV6, STM32WL33KBV6TR, STM32WL33KBV7, STM32WL33KBV7TR, STM32WL33KCV6, STM32WL33KCV6TR, STM32WL33KCV7, STM32WL33KCV7TR, STM32WL5MOCH6, STM32WL5MOCH6TR]
2026-05-26 15:24:03,650 [INFO] DbMcus:218 - Found 5082 MCUs, 4964 are supported
2026-05-26 15:24:03,651 [INFO] ApiDb:423 - Load user favorites file C:\Users\NIVYA/.stm32cubeide/favorites.mcus.txt: 0 item(s)
2026-05-26 15:24:03,651 [INFO] ApiDb:427 - User favorites MCUs=[]
2026-05-26 15:24:03,651 [INFO] DbMcus:224 - Set 0 / 0 favorites MCUs
2026-05-26 15:24:03,982 [INFO] ApiDb:448 - Save user favorites file C:\Users\NIVYA/.stm32cubeide/favorites.boards.txt: 0 item(s)
2026-05-26 15:24:03,982 [INFO] ApiDb:452 - User favorites Boards=[]
2026-05-26 15:24:03,985 [INFO] ApiDb:581 - Connected to CubeFinder SQLite database (C:\Users\NIVYA\.stmcufinder\plugins\mcufinder\mcu\cube-finder-db.db)
2026-05-26 15:24:04,072 [INFO] ApiDb:668 - CubeFinder database Data Model version=2.1
2026-05-26 15:24:04,072 [INFO] ApiDb:669 - CubeFinder database Configuration version=3.0.42
2026-05-26 15:24:04,072 [INFO] ApiDb:670 - CubeFinder database generation date=2026-05-06 (1778060171)
2026-05-26 15:24:04,072 [INFO] ApiDb:671 - CubeFinder database FW Pack versions=[FP-ATR-ASTRA1_V2.0.0, FP-SNS-FLIGHT1_V5.1.0, FP-SNS-MOTENV1_V5.1.0, FP-SNS-MOTENVWB1_V1.5.0, FP-SNS-SMARTAG2_V1.2.0, FP-SNS-STBOX1_V2.1.0, STM32Cube_FW_C0_V1.4.0, STM32Cube_FW_F4_V1.28.3, STM32Cube_FW_F7_V1.17.4, STM32Cube_FW_G0_V1.6.3, STM32Cube_FW_G4_V1.6.2, STM32Cube_FW_H5_V1.6.0, STM32Cube_FW_H7RS_V1.3.0, STM32Cube_FW_H7_V1.13.0, STM32Cube_FW_L0_V1.12.2, STM32Cube_FW_L4_V1.18.2, STM32Cube_FW_L5_V1.6.0, STM32Cube_FW_N6_V1.3.0, STM32Cube_FW_U0_V1.3.0, STM32Cube_FW_U3_V1.3.0, STM32Cube_FW_U5_V1.8.0, STM32Cube_FW_WB0_V1.4.0, STM32Cube_FW_WBA_V1.9.0, STM32Cube_FW_WB_V1.24.0, STM32Cube_FW_WL3_V1.4.0, STM32Cube_FW_WL_V1.5.0, X-CUBE-ALGOBUILD_V1.4.0, X-CUBE-ALS_V1.0.2, X-CUBE-AZRTOS-F4_V1.1.0, X-CUBE-AZRTOS-F7_V1.1.0, X-CUBE-AZRTOS-G0_V1.1.0, X-CUBE-AZRTOS-G4_V2.0.0, X-CUBE-AZRTOS-H7RS_V1.1.0, X-CUBE-AZRTOS-H7_V3.5.0, X-CUBE-AZRTOS-L4_V2.0.0, X-CUBE-AZRTOS-L5_V2.0.0, X-CUBE-AZRTOS-WB_V2.0.0, X-CUBE-AZRTOS-WL_V2.0.0, X-CUBE-BLE1_V7.1.0, X-CUBE-BLE2_V3.3.0, X-CUBE-BLEMGR_V4.1.0, X-CUBE-EEPRMA1_V5.2.0, X-CUBE-FREERTOS_V1.5.0, X-CUBE-GNSS1_V6.0.0, X-CUBE-MEMS1_V12.0.0, X-CUBE-NFC4_V3.0.0, X-CUBE-NFC7_V2.0.0, X-CUBE-SFXS2LP1_V4.0.0, X-CUBE-ST67W61_V1.2.0, X-CUBE-SUBG2_V5.0.0, X-CUBE-TOF1_V3.4.3]
2026-05-26 15:24:04,158 [INFO] DbBoardsSqlite:226 - include board P-NUCLEO-WB55-NUCLEO as a kit item of type 'Nucleo-64'
2026-05-26 15:24:04,158 [INFO] DbBoardsSqlite:226 - include board P-NUCLEO-WB55-USBDONGLE as a kit item of type 'Nucleo USB Dongle'
2026-05-26 15:24:04,159 [INFO] DbBoardsSqlite:226 - include board STEVAL-IDP005V1 as a kit item of type 'Evaluation Board'
2026-05-26 15:24:04,159 [INFO] DbBoardsSqlite:226 - include board STEVAL-IDP005V2 as a kit item of type 'Evaluation Board'
2026-05-26 15:24:04,224 [ERROR] LogOutputStream:75 - [STDERR_REDIRECT] [Fatal Error] :1:1: Premature end of file.
2026-05-26 15:24:04,224 [ERROR] LogOutputStream:75 - [STDERR_REDIRECT] 
2026-05-26 15:24:04,246 [INFO] ApiDb:240 - Found 895 in-development CPN: [B-G473E-ZEST1S, B-WB1M-WPAN1, B-WBA5M-WPAN, B-WL5M-SUBG1, NUCLEO-C031C6, NUCLEO-C051C8, NUCLEO-C071RB, NUCLEO-C092RC, NUCLEO-H503RB, NUCLEO-H533RE, NUCLEO-H563ZI, NUCLEO-H7S3L8, NUCLEO-N657X0-Q, NUCLEO-U031R8, NUCLEO-U083RC, NUCLEO-U385RG-Q, NUCLEO-U545RE-Q, NUCLEO-U5A5ZJ-Q, NUCLEO-WB05KZ, NUCLEO-WB07CC, NUCLEO-WB09KE, NUCLEO-WBA52CG, NUCLEO-WBA55CG, NUCLEO-WBA65RI, NUCLEO-WL33CC1, NUCLEO-WL33CC2, STEVAL-PROTEUS1, STEVAL-SMARTAG2, STEVAL-STWINBX1, STM320518-EVAL, STM32C0116-DK, STM32C011D6Y3TR, STM32C011D6Y6TR, STM32C011F4P3, STM32C011F4P6, STM32C011F4U3, STM32C011F4U6TR, STM32C011F6P3, STM32C011F6P6, STM32C011F6U3, STM32C011F6U6TR, STM32C011J4M3, STM32C011J4M6, STM32C011J6M3, STM32C011J6M6, STM32C0316-DK, STM32C031C4T3, STM32C031C4T6, STM32C031C4U3, STM32C031C4U6, STM32C031C6T3, STM32C031C6T6, STM32C031C6U3, STM32C031C6U6, STM32C031F4P3, STM32C031F4P6, STM32C031F6P3, STM32C031F6P6, STM32C031G4U3, STM32C031G4U6, STM32C031G6U3, STM32C031G6U6, STM32C031K4T3, STM32C031K4T6, STM32C031K4U3, STM32C031K4U6, STM32C031K6T3, STM32C031K6T6, STM32C031K6U3, STM32C031K6U6, STM32C051C6T6, STM32C051C6U6, STM32C051C8T6, STM32C051C8U6, STM32C051D8Y6TR, STM32C051F6P6, STM32C051F8P6, STM32C051G6U6, STM32C051G8U6, STM32C051K6T6, STM32C051K6U6, STM32C051K8T6, STM32C071C8T6, STM32C071C8T6N, STM32C071C8U6, STM32C071C8U6N, STM32C071CBT6, STM32C071CBT6N, STM32C071CBU6, STM32C071CBU6N, STM32C071F8P6, STM32C071F8P6N, STM32C071FBP6, STM32C071FBP6N, STM32C071FBY6TR, STM32C071G8U6, STM32C071G8U6N, STM32C071GBU6, STM32C071GBU6N, STM32C071K8T6, STM32C071K8T6N, STM32C071K8U6, STM32C071K8U6N, STM32C071KBT6, STM32C071KBT6N, STM32C071KBU6, STM32C071KBU6N, STM32C071R8T6, STM32C071R8T6N, STM32C071RBI6N, STM32C071RBT6, STM32C071RBT6N, STM32C091CBT6, STM32C091CBU6, STM32C091CCT6, STM32C091CCU6, STM32C091ECY6TR, STM32C091FBP6, STM32C091FCP6, STM32C091GBU6, STM32C091GCU6, STM32C091KBT6, STM32C091KBU6, STM32C091KCT6, STM32C091KCU6, STM32C091RBT6, STM32C091RCI6, STM32C091RCT6, STM32C092CBT6, STM32C092CBU6, STM32C092CCT6, STM32C092CCU6, STM32C092ECY6TR, STM32C092FBP6, STM32C092FCP6, STM32C092GBU6, STM32C092GCU6, STM32C092KBT6, STM32C092KBU6, STM32C092KCT6, STM32C092KCU6, STM32C092RBT6, STM32C092RCI6, STM32C092RCT6, STM32G071K8TXN, STM32G071K8UXN, STM32G081GBU6N, STM32G081KBT6N, STM32G081KBUXN, STM32G0B1CCT6N, STM32G0B1KCT6, STM32G0B1NEY6TR, STM32G0B1RCT6N, STM32G0C1CCT6, STM32G0C1CCT6N, STM32G0C1CCU6N, STM32G0C1CET6N, STM32G0C1CEU6N, STM32G0C1KCT6, STM32G0C1NEY6TR, STM32G0C1RCI6N, STM32G0C1RCT6N, STM32G0C1REI6N, STM32G0C1RET6N, STM32G0C1VCI6, STM32G0C1VEI6, STM32G411C6T3, STM32G411C6T6, STM32G411C6U3, STM32G411C6U6, STM32G411C8T3, STM32G411C8T6, STM32G411C8U3, STM32G411C8U6, STM32G411CBT3, STM32G411CBT6, STM32G411CBU3, STM32G411CBU6, STM32G411CCT3, STM32G411CCT6, STM32G411CCU3, STM32G411CCU6, STM32G411K6T3, STM32G411K6T6, STM32G411K6U3, STM32G411K6U6, STM32G411K8T3, STM32G411K8T6, STM32G411K8U3, STM32G411K8U6, STM32G411KBT3, STM32G411KBT6, STM32G411KBU3, STM32G411KBU6, STM32G411M6T3, STM32G411M6T6, STM32G411M8T3, STM32G411M8T6, STM32G411MBT3, STM32G411MBT6, STM32G411MCT3, STM32G411MCT6, STM32G411R6T3, STM32G411R6T6, STM32G411R8T3, STM32G411R8T6, STM32G411RBT3, STM32G411RBT6, STM32G411RCT3, STM32G411RCT6, STM32G414CBT3, STM32G414CBT6, STM32G414CBU3, STM32G414CBU6, STM32G414CCT3, STM32G414CCT6, STM32G414CCU3, STM32G414CCU6, STM32G414MBT3, STM32G414MBT6, STM32G414MCT3, STM32G414MCT6, STM32G414RBT3, STM32G414RBT6, STM32G414RCT3, STM32G414RCT6, STM32G414VBT3, STM32G414VBT6, STM32G414VCT3, STM32G414VCT6, STM32G431CBT3Z, STM32G431RBT3Z, STM32G471CCT6, STM32G471CCU6, STM32G471CET3, STM32G471CET6, STM32G471CEU3, STM32G471CEU6, STM32G471MCT6, STM32G471MET3, STM32G471MET6, STM32G471MEY6TR, STM32G471QCT6, STM32G471QET3, STM32G471RCT6, STM32G471RET3, STM32G471RET6, STM32G471VCH6, STM32G471VCI6, STM32G471VCT6, STM32G471VEH3, STM32G471VEH6, STM32G471VEI3, STM32G471VEI6, STM32G471VET3, STM32G471VET6, STM32G473QET3Z, STM32G473RET3Z, STM32G474CCT6, STM32G491RET3Z, STM32H503CBT6, STM32H503CBU6, STM32H503EBY6TR, STM32H503KBU6, STM32H503RBT6, STM32H523CCT6, STM32H523CCU6, STM32H523CET6, STM32H523CEU6, STM32H523HEY6TR, STM32H523RCT6, STM32H523RET6, STM32H523VCI6, STM32H523VCT6, STM32H523VEI6, STM32H523VET6, STM32H523ZCJ6, STM32H523ZCT6, STM32H523ZEJ6, STM32H523ZET6, STM32H533CET6, STM32H533CEU6, STM32H533HEY6TR, STM32H533RET6, STM32H533VEI6, STM32H533VET6, STM32H533ZEJ6, STM32H533ZET6, STM32H562AGI6, STM32H562AII6, STM32H562IGK6, STM32H562IGT6, STM32H562IIK6, STM32H562IIT6, STM32H562RGT6, STM32H562RGV6, STM32H562RIT6, STM32H562RIV6, STM32H562VGT6, STM32H562VIT6, STM32H562ZGT6, STM32H562ZIT6, STM32H563AGI6, STM32H563AII3Q, STM32H563AII6, STM32H563IGK6, STM32H563IGT6, STM32H563IIK3Q, STM32H563IIK6, STM32H563IIT3Q, STM32H563IIT6, STM32H563MIY3QTR, STM32H563RGT6, STM32H563RGV6, STM32H563RIT6, STM32H563RIV6, STM32H563VGT6, STM32H563VIT3Q, STM32H563VIT6, STM32H563ZGT6, STM32H563ZIT3Q, STM32H563ZIT6, STM32H573AII3Q, STM32H573AII6, STM32H573I-DK, STM32H573IIK3Q, STM32H573IIK6, STM32H573IIT3Q, STM32H573IIT6, STM32H573MIY3QTR, STM32H573RIT6, STM32H573RIV6, STM32H573VIT3Q, STM32H573VIT6, STM32H573ZIT3Q, STM32H573ZIT6, STM32H7R3A8I6, STM32H7R3I8K6, STM32H7R3I8T6, STM32H7R3L8H6, STM32H7R3L8H6H, STM32H7R3R8V6, STM32H7R3V8H6, STM32H7R3V8T6, STM32H7R3V8Y6TR, STM32H7R3Z8J6, STM32H7R3Z8T6, STM32H7R7A8I6, STM32H7R7I8K6, STM32H7R7I8T6, STM32H7R7L8H6, STM32H7R7L8H6H, STM32H7R7Z8J6, STM32H7S3A8I6, STM32H7S3I8K6, STM32H7S3I8T6, STM32H7S3L8H6, STM32H7S3L8H6H, STM32H7S3R8V6, STM32H7S3V8H6, STM32H7S3V8T6, STM32H7S3V8Y6TR, STM32H7S3Z8J6, STM32H7S3Z8T6, STM32H7S78-DK, STM32H7S7A8I6, STM32H7S7I8K6, STM32H7S7I8T6, STM32H7S7L8H6, STM32H7S7L8H6H, STM32H7S7Z8J6, STM32L4R5QGI6STR, STM32MP131AAE3, STM32MP131AAF3, STM32MP131AAG3, STM32MP131CAE3, STM32MP131CAF3, STM32MP131CAG3, STM32MP131DAE7, STM32MP131DAF7, STM32MP131DAG7, STM32MP131FAE7, STM32MP131FAF7, STM32MP131FAG7, STM32MP133AAE3, STM32MP133AAF3, STM32MP133AAG3, STM32MP133CAE3, STM32MP133CAF3, STM32MP133CAG3, STM32MP133DAE7, STM32MP133DAF7, STM32MP133DAG7, STM32MP133FAE7, STM32MP133FAF7, STM32MP133FAG7, STM32MP135AAE3, STM32MP135AAF3, STM32MP135AAG3, STM32MP135CAE3, STM32MP135CAF3, STM32MP135CAG3, STM32MP135DAE7, STM32MP135DAF7, STM32MP135DAG7, STM32MP135F-DK, STM32MP135FAE7, STM32MP135FAF7, STM32MP135FAF7T, STM32MP135FAF7U, STM32MP135FAG7, STM32MP231AAJ3, STM32MP231AAK3, STM32MP231AAL3, STM32MP231CAJ3, STM32MP231CAK3, STM32MP231CAL3, STM32MP231DAJ3, STM32MP231DAK3, STM32MP231DAL3, STM32MP231FAJ3, STM32MP231FAK3, STM32MP231FAL3, STM32MP233AAJ3, STM32MP233AAK3, STM32MP233AAL3, STM32MP233CAJ3, STM32MP233CAK3, STM32MP233CAL3, STM32MP233DAJ3, STM32MP233DAK3, STM32MP233DAL3, STM32MP233FAJ3, STM32MP233FAK3, STM32MP233FAL3, STM32MP235AAJ3, STM32MP235AAK3, STM32MP235AAL3, STM32MP235CAJ3, STM32MP235CAK3, STM32MP235CAL3, STM32MP235DAJ3, STM32MP235DAK3, STM32MP235DAL3, STM32MP235FAJ3, STM32MP235FAK3, STM32MP235FAL3, STM32MP251AAI3, STM32MP251AAJ3, STM32MP251AAK3, STM32MP251AAL3, STM32MP251CAI3, STM32MP251CAJ3, STM32MP251CAK3, STM32MP251CAL3, STM32MP251DAI3, STM32MP251DAJ3, STM32MP251DAK3, STM32MP251DAL3, STM32MP251FAI3, STM32MP251FAJ3, STM32MP251FAK3, STM32MP251FAL3, STM32MP253AAI3, STM32MP253AAJ3, STM32MP253AAK3, STM32MP253AAL3, STM32MP253CAI3, STM32MP253CAJ3, STM32MP253CAK3, STM32MP253CAL3, STM32MP253DAI3, STM32MP253DAJ3, STM32MP253DAK3, STM32MP253DAL3, STM32MP253FAI3, STM32MP253FAJ3, STM32MP253FAK3, STM32MP253FAL3, STM32MP255AAI3, STM32MP255AAJ3, STM32MP255AAK3, STM32MP255AAL3, STM32MP255CAI3, STM32MP255CAJ3, STM32MP255CAK3, STM32MP255CAL3, STM32MP255DAI3, STM32MP255DAJ3, STM32MP255DAK3, STM32MP255DAL3, STM32MP255FAI3, STM32MP255FAJ3, STM32MP255FAK3, STM32MP255FAL3, STM32MP257AAI3, STM32MP257AAJ3, STM32MP257AAK3, STM32MP257AAL3, STM32MP257CAI3, STM32MP257CAJ3, STM32MP257CAK3, STM32MP257CAL3, STM32MP257DAI3, STM32MP257DAJ3, STM32MP257DAK3, STM32MP257DAL3, STM32MP257F-DK, STM32MP257F-EV1, STM32MP257FAI3, STM32MP257FAJ3, STM32MP257FAK3, STM32MP257FAL3, STM32N645A0H3Q, STM32N645B0H3Q, STM32N645I0H3Q, STM32N645L0H3Q, STM32N645X0H3Q, STM32N645Z0H3Q, STM32N647A0H3Q, STM32N647B0H3Q, STM32N647I0H3Q, STM32N647L0H3Q, STM32N647X0H3Q, STM32N647Z0H3Q, STM32N655A0H3Q, STM32N655B0H3Q, STM32N655I0H3Q, STM32N655L0H3Q, STM32N655X0H3Q, STM32N655Z0H3Q, STM32N6570-DK, STM32N657A0H3Q, STM32N657B0H3Q, STM32N657I0H3Q, STM32N657L0H3Q, STM32N657X0H3Q, STM32N657Z0H3Q, STM32U031C6T6, STM32U031C6U6, STM32U031C8T6, STM32U031C8U6, STM32U031F4P6, STM32U031F6P6, STM32U031F8P6, STM32U031G6Y6TR, STM32U031G8Y6TR, STM32U031K4U6, STM32U031K6U6, STM32U031K8U6, STM32U031R6I6, STM32U031R6T6, STM32U031R8I6, STM32U031R8T6, STM32U073C8T6, STM32U073C8U6, STM32U073CBT6, STM32U073CBU6, STM32U073CCT6, STM32U073CCU6, STM32U073H8Y6TR, STM32U073HBY6TR, STM32U073HCY6TR, STM32U073K8U6, STM32U073KBU6, STM32U073KCU6, STM32U073M8I6, STM32U073M8T6, STM32U073MBI6, STM32U073MBT6, STM32U073MCI6, STM32U073MCT6, STM32U073R8I6, STM32U073R8T6, STM32U073RBI6, STM32U073RBT6, STM32U073RCI6, STM32U073RCT6, STM32U083C-DK, STM32U083CCT6, STM32U083CCU6, STM32U083HCY6TR, STM32U083KCU6, STM32U083MCI6, STM32U083MCT6, STM32U083RCI6, STM32U083RCT6, STM32U375CET6, STM32U375CET6Q, STM32U375CEU6, STM32U375CEU6Q, STM32U375CEY6QTR, STM32U375CGT6, STM32U375CGT6Q, STM32U375CGU6, STM32U375CGU6Q, STM32U375CGY6QTR, STM32U375KEU6, STM32U375KGU6, STM32U375REI6, STM32U375REI6Q, STM32U375RET6, STM32U375RET6Q, STM32U375REY6GTR, STM32U375REY6QTR, STM32U375RGI6, STM32U375RGI6Q, STM32U375RGT6, STM32U375RGT6Q, STM32U375RGY6GTR, STM32U375RGY6QTR, STM32U375VEI6, STM32U375VEI6Q, STM32U375VET6, STM32U375VET6Q, STM32U375VGI6, STM32U375VGI6Q, STM32U375VGT6, STM32U375VGT6Q, STM32U385CGT6, STM32U385CGT6Q, STM32U385CGU6, STM32U385CGU6Q, STM32U385CGY6QTR, STM32U385KGU6, STM32U385RGI6, STM32U385RGI6Q, STM32U385RGT6, STM32U385RGT6Q, STM32U385RGY6GTR, STM32U385RGY6QTR, STM32U385VGI6, STM32U385VGI6Q, STM32U385VGT6, STM32U385VGT6Q, STM32U535CBT6, STM32U535CBT6Q, STM32U535CBU6, STM32U535CBU6Q, STM32U535CCT6, STM32U535CCT6Q, STM32U535CCU6, STM32U535CCU6Q, STM32U535CET6, STM32U535CET6Q, STM32U535CEU6, STM32U535CEU6Q, STM32U535JEY6QTR, STM32U535NCY6QTR, STM32U535NEY6QTR, STM32U535RBI6, STM32U535RBI6Q, STM32U535RBT6, STM32U535RBT6Q, STM32U535RCI6, STM32U535RCI6Q, STM32U535RCT6, STM32U535RCT6Q, STM32U535REI6, STM32U535REI6Q, STM32U535RET6, STM32U535RET6Q, STM32U535VCI6, STM32U535VCI6Q, STM32U535VCT6, STM32U535VCT6Q, STM32U535VEI6, STM32U535VEI6Q, STM32U535VET6, STM32U535VET6Q, STM32U545CET6, STM32U545CET6Q, STM32U545CEU6, STM32U545CEU6Q, STM32U545JEY6QTR, STM32U545NEY6QTR, STM32U545REI6, STM32U545REI6Q, STM32U545RET6, STM32U545RET6Q, STM32U545VEI6, STM32U545VEI6Q, STM32U545VET6, STM32U545VET6Q, STM32U595AIH6, STM32U595AIH6Q, STM32U595AJH6, STM32U595AJH6Q, STM32U595QII6, STM32U595QII6Q, STM32U595QJI6, STM32U595QJI6Q, STM32U595RIT6, STM32U595RIT6Q, STM32U595RJT6, STM32U595RJT6Q, STM32U595VIT6, STM32U595VIT6Q, STM32U595VJT6, STM32U595VJT6Q, STM32U595ZIT6, STM32U595ZIT6Q, STM32U595ZIY6QTR, STM32U595ZJT6, STM32U595ZJT6Q, STM32U595ZJY6QTR, STM32U599BJY6QTR, STM32U599NIH6Q, STM32U599NJH6Q, STM32U599VIT6Q, STM32U599VJT6, STM32U599VJT6Q, STM32U599ZIT6Q, STM32U599ZIY6QTR, STM32U599ZJT6Q, STM32U599ZJY6QTR, STM32U5A5AJH6, STM32U5A5AJH6Q, STM32U5A5QII3Q , STM32U5A5QJI6, STM32U5A5QJI6Q, STM32U5A5RJT6, STM32U5A5RJT6Q, STM32U5A5VJT6, STM32U5A5VJT6Q, STM32U5A5ZJT6, STM32U5A5ZJT6Q, STM32U5A5ZJY6QTR, STM32U5A9BJY6QTR, STM32U5A9J-DK, STM32U5A9NJH6Q, STM32U5A9VJT6Q, STM32U5A9ZJT6Q, STM32U5A9ZJY6QTR, STM32U5F7VIT6, STM32U5F7VIT6Q, STM32U5F7VJT6, STM32U5F7VJT6Q, STM32U5F9BJY6QTR, STM32U5F9NJH6Q, STM32U5F9VIT6Q, STM32U5F9VJT6Q, STM32U5F9ZIJ6QTR, STM32U5F9ZIT6Q, STM32U5F9ZJJ6QTR, STM32U5F9ZJT6Q, STM32U5G7VJT6, STM32U5G7VJT6Q, STM32U5G9BJY6QTR, STM32U5G9J-DK1, STM32U5G9J-DK2, STM32U5G9NJH6Q, STM32U5G9VJT6Q, STM32U5G9ZJJ6QTR, STM32U5G9ZJT6Q, STM32WB05KZV6TR, STM32WB05KZV7TR, STM32WB05TZF6TR, STM32WB05TZF7TR, STM32WB06CCF6TR, STM32WB06CCF7TR, STM32WB06CCV6TR, STM32WB06CCV7TR, STM32WB06KCV6TR, STM32WB06KCV7TR, STM32WB07CCF6TR, STM32WB07CCF7TR, STM32WB07CCV6TR, STM32WB07CCV7TR, STM32WB07KCV6TR, STM32WB07KCV7TR, STM32WB09KEV6TR, STM32WB09KEV7TR, STM32WB09TEF6TR, STM32WB09TEF7TR, STM32WB1MMCH6, STM32WBA50KGU6, STM32WBA50KGU6TR, STM32WBA52CEU6, STM32WBA52CEU6TR, STM32WBA52CEU7, STM32WBA52CEU7TR, STM32WBA52CGU6, STM32WBA52CGU6TR, STM32WBA52CGU6U, STM32WBA52CGU7, STM32WBA52CGU7TR, STM32WBA52KEU6, STM32WBA52KEU6TR, STM32WBA52KGU6, STM32WBA52KGU6TR, STM32WBA54CEU6, STM32WBA54CEU6TR, STM32WBA54CEU7, STM32WBA54CEU7TR, STM32WBA54CGU6, STM32WBA54CGU6TR, STM32WBA54CGU7, STM32WBA54CGU7TR, STM32WBA54KEU6, STM32WBA54KEU6TR, STM32WBA54KEU7, STM32WBA54KEU7TR, STM32WBA54KGU6, STM32WBA54KGU6TR, STM32WBA54KGU7, STM32WBA54KGU7TR, STM32WBA55CEU6, STM32WBA55CEU6TR, STM32WBA55CEU7, STM32WBA55CEU7TR, STM32WBA55CGU6, STM32WBA55CGU6TR, STM32WBA55CGU6U, STM32WBA55CGU7, STM32WBA55CGU7TR, STM32WBA55G-DK1, STM32WBA55HEF6, STM32WBA55HEF7, STM32WBA55HGF6, STM32WBA55HGF7, STM32WBA55UEI6, STM32WBA55UEI6TR, STM32WBA55UEI7, STM32WBA55UEI7TR, STM32WBA55UGI6, STM32WBA55UGI6TR, STM32WBA55UGI7, STM32WBA55UGI7TR, STM32WBA5MJGH6TR, STM32WBA62CGU6, STM32WBA62CIU6, STM32WBA62MGF6, STM32WBA62MIF6, STM32WBA62PGI6, STM32WBA62PII6, STM32WBA63CGU6, STM32WBA63CGU7, STM32WBA63CIU6, STM32WBA63CIU7, STM32WBA64CGU6, STM32WBA64CGU7, STM32WBA64CIU6, STM32WBA64CIU7, STM32WBA65CGU6, STM32WBA65CGU7, STM32WBA65CIU6, STM32WBA65CIU7, STM32WBA65I-DK1, STM32WBA65MGF6, STM32WBA65MGF7, STM32WBA65MIF6, STM32WBA65MIF7, STM32WBA65PGI6, STM32WBA65PGI7, STM32WBA65PII6, STM32WBA65PII7, STM32WBA65RGV6, STM32WBA65RGV7, STM32WBA65RIV6, STM32WBA65RIV7, STM32WL30K8V6, STM32WL30KBV6, STM32WL31C8V6, STM32WL31CBV6, STM32WL31K8V6, STM32WL31KBV6, STM32WL33C8V6, STM32WL33C8V6TR, STM32WL33C8V7, STM32WL33C8V7TR, STM32WL33CBV6, STM32WL33CBV6TR, STM32WL33CBV7, STM32WL33CBV7TR, STM32WL33CCV6, STM32WL33CCV6TR, STM32WL33CCV7, STM32WL33CCV7A, STM32WL33CCV7ATR, STM32WL33CCV7TR, STM32WL33K8V6, STM32WL33K8V6TR, STM32WL33K8V7, STM32WL33K8V7TR, STM32WL33KBV6, STM32WL33KBV6TR, STM32WL33KBV7, STM32WL33KBV7TR, STM32WL33KCV6, STM32WL33KCV6TR, STM32WL33KCV7, STM32WL33KCV7TR, STM32WL5MOCH6, STM32WL5MOCH6TR]
2026-05-26 15:24:04,304 [INFO] BoardInfo:889 - No configuration file found for board NUCLEO-H5E5ZJ
2026-05-26 15:24:04,305 [INFO] DbBoards:161 - Board is not supported: NUCLEO-H5E5ZJ
2026-05-26 15:24:04,338 [INFO] BoardInfo:889 - No configuration file found for board NUCLEO-U3C5ZI-Q
2026-05-26 15:24:04,338 [INFO] DbBoards:161 - Board is not supported: NUCLEO-U3C5ZI-Q
2026-05-26 15:24:04,347 [INFO] BoardInfo:889 - No configuration file found for board NUCLEO-WBA25CE1
2026-05-26 15:24:04,347 [INFO] DbBoards:161 - Board is not supported: NUCLEO-WBA25CE1
2026-05-26 15:24:04,354 [INFO] BoardInfo:889 - No configuration file found for board NUCLEO-WL3RKB1
2026-05-26 15:24:04,354 [INFO] DbBoards:161 - Board is not supported: NUCLEO-WL3RKB1
2026-05-26 15:24:04,355 [INFO] BoardInfo:889 - No configuration file found for board NUCLEO-WL3RKB2
2026-05-26 15:24:04,355 [INFO] DbBoards:161 - Board is not supported: NUCLEO-WL3RKB2
2026-05-26 15:24:04,359 [INFO] BoardInfo:889 - No configuration file found for board P-NUCLEO-WB55
2026-05-26 15:24:04,360 [INFO] DbBoards:161 - Kit is not supported: P-NUCLEO-WB55
2026-05-26 15:24:04,363 [INFO] BoardInfo:889 - No configuration file found for board STEVAL-BFA001V1B
2026-05-26 15:24:04,363 [INFO] DbBoards:161 - Kit is not supported: STEVAL-BFA001V1B
2026-05-26 15:24:04,365 [INFO] BoardInfo:889 - No configuration file found for board STEVAL-BFA001V2B
2026-05-26 15:24:04,365 [INFO] DbBoards:161 - Kit is not supported: STEVAL-BFA001V2B
2026-05-26 15:24:04,450 [INFO] BoardInfo:889 - No configuration file found for board STM32H5F5J-DK
2026-05-26 15:24:04,450 [INFO] DbBoards:161 - Board is not supported: STM32H5F5J-DK
2026-05-26 15:24:04,482 [INFO] BoardInfo:889 - No configuration file found for board STM32MP215F-DK
2026-05-26 15:24:04,482 [INFO] DbBoards:161 - Board is not supported: STM32MP215F-DK
2026-05-26 15:24:04,493 [INFO] DbBoards:168 - Found 218 boards, 208 are supported
2026-05-26 15:24:04,493 [INFO] DbBoards:169 - Found 218 boards, 43 of them is supported for  Bsp
2026-05-26 15:24:04,496 [INFO] ApiDb:423 - Load user favorites file C:\Users\NIVYA/.stm32cubeide/favorites.boards.txt: 0 item(s)
2026-05-26 15:24:04,496 [INFO] ApiDb:427 - User favorites Boards=[]
2026-05-26 15:24:04,496 [INFO] DbBoards:198 - Set 0 / 0 favorites Boards
2026-05-26 15:24:04,510 [ERROR] TargetSelectorAdapter:267 - Unable to refresh data
2026-05-26 15:24:05,251 [ERROR] LogOutputStream:75 - [STDERR_REDIRECT] [Fatal Error] :1:1: Premature end of file.
2026-05-26 15:24:05,251 [ERROR] LogOutputStream:75 - [STDERR_REDIRECT] 
2026-05-26 15:24:06,248 [ERROR] LogOutputStream:75 - [STDERR_REDIRECT] [Fatal Error] :1:1: Premature end of file.
2026-05-26 15:24:06,248 [ERROR] LogOutputStream:75 - [STDERR_REDIRECT] 
2026-05-26 15:24:07,245 [ERROR] LogOutputStream:75 - [STDERR_REDIRECT] [Fatal Error] :1:1: Premature end of file.
2026-05-26 15:24:07,245 [ERROR] LogOutputStream:75 - [STDERR_REDIRECT] 
2026-05-26 15:24:08,247 [ERROR] LogOutputStream:75 - [STDERR_REDIRECT] [Fatal Error] :1:1: Premature end of file.
2026-05-26 15:24:08,247 [ERROR] LogOutputStream:75 - [STDERR_REDIRECT] 
2026-05-26 15:24:09,245 [ERROR] LogOutputStream:75 - [STDERR_REDIRECT] [Fatal Error] :1:1: Premature end of file.
2026-05-26 15:24:09,245 [ERROR] LogOutputStream:75 - [STDERR_REDIRECT] 
2026-05-26 15:24:10,248 [ERROR] LogOutputStream:75 - [STDERR_REDIRECT] [Fatal Error] :1:1: Premature end of file.
2026-05-26 15:24:10,248 [ERROR] LogOutputStream:75 - [STDERR_REDIRECT] 
2026-05-26 15:24:11,248 [ERROR] LogOutputStream:75 - [STDERR_REDIRECT] [Fatal Error] :1:1: Premature end of file.
2026-05-26 15:24:11,249 [ERROR] LogOutputStream:75 - [STDERR_REDIRECT] 
2026-05-26 15:24:12,246 [ERROR] LogOutputStream:75 - [STDERR_REDIRECT] [Fatal Error] :1:1: Premature end of file.
2026-05-26 15:24:12,247 [ERROR] LogOutputStream:75 - [STDERR_REDIRECT] 
2026-05-26 15:24:13,245 [ERROR] LogOutputStream:75 - [STDERR_REDIRECT] [Fatal Error] :1:1: Premature end of file.
2026-05-26 15:24:13,246 [ERROR] LogOutputStream:75 - [STDERR_REDIRECT] 
2026-05-26 15:24:14,244 [ERROR] LogOutputStream:75 - [STDERR_REDIRECT] [Fatal Error] :1:1: Premature end of file.
2026-05-26 15:24:14,244 [ERROR] LogOutputStream:75 - [STDERR_REDIRECT] 
2026-05-26 15:24:14,424 [INFO] McuFinderGlobals:76 - Set McuFinderConnectedMode to true
2026-05-26 15:24:14,428 [INFO] MultiScanPanel:200 - Auto-refresh data requested => check proxy status ongoing
2026-05-26 15:24:14,428 [INFO] FinderPluginLoader:95 - Searching for filters in installed packs
2026-05-26 15:24:15,252 [ERROR] LogOutputStream:75 - [STDERR_REDIRECT] [Fatal Error] :1:1: Premature end of file.
2026-05-26 15:24:15,252 [ERROR] LogOutputStream:75 - [STDERR_REDIRECT] 
2026-05-26 15:24:15,305 [INFO] LoadUrlFilesThread:185 - End of LoadServerUrlFiles without Thread
2026-05-26 15:24:15,305 [INFO] DetailPanel:341 - Set advertising image to C:/Users/NIVYA/STM32Cube/Repository/\en.prom-stm32wba2-stm32-nucleo-board-0426.png
2026-05-26 15:24:16,252 [ERROR] LogOutputStream:75 - [STDERR_REDIRECT] [Fatal Error] :1:1: Premature end of file.
2026-05-26 15:24:16,252 [ERROR] LogOutputStream:75 - [STDERR_REDIRECT] 
2026-05-26 15:24:17,229 [ERROR] LogOutputStream:75 - [STDERR_REDIRECT] [Fatal Error] :1:1: Premature end of file.
2026-05-26 15:24:17,229 [ERROR] LogOutputStream:75 - [STDERR_REDIRECT] 
2026-05-26 15:24:18,230 [ERROR] LogOutputStream:75 - [STDERR_REDIRECT] [Fatal Error] :1:1: Premature end of file.
2026-05-26 15:24:18,230 [ERROR] LogOutputStream:75 - [STDERR_REDIRECT] 
2026-05-26 15:24:19,235 [ERROR] LogOutputStream:75 - [STDERR_REDIRECT] [Fatal Error] :1:1: Premature end of file.
2026-05-26 15:24:19,235 [ERROR] LogOutputStream:75 - [STDERR_REDIRECT] 
2026-05-26 15:24:20,246 [ERROR] LogOutputStream:75 - [STDERR_REDIRECT] [Fatal Error] :1:1: Premature end of file.
2026-05-26 15:24:20,247 [ERROR] LogOutputStream:75 - [STDERR_REDIRECT] 
2026-05-26 15:24:21,248 [ERROR] LogOutputStream:75 - [STDERR_REDIRECT] [Fatal Error] :1:1: Premature end of file.
2026-05-26 15:24:21,248 [ERROR] LogOutputStream:75 - [STDERR_REDIRECT] 
2026-05-26 15:24:22,246 [ERROR] LogOutputStream:75 - [STDERR_REDIRECT] [Fatal Error] :1:1: Premature end of file.
2026-05-26 15:24:22,248 [ERROR] LogOutputStream:75 - [STDERR_REDIRECT] 
2026-05-26 15:24:23,247 [ERROR] LogOutputStream:75 - [STDERR_REDIRECT] [Fatal Error] :1:1: Premature end of file.
2026-05-26 15:24:23,247 [ERROR] LogOutputStream:75 - [STDERR_REDIRECT] 
2026-05-26 15:24:24,250 [ERROR] LogOutputStream:75 - [STDERR_REDIRECT] [Fatal Error] :1:1: Premature end of file.
2026-05-26 15:24:24,251 [ERROR] LogOutputStream:75 - [STDERR_REDIRECT] 
2026-05-26 15:24:25,247 [ERROR] LogOutputStream:75 - [STDERR_REDIRECT] [Fatal Error] :1:1: Premature end of file.
2026-05-26 15:24:25,247 [ERROR] LogOutputStream:75 - [STDERR_REDIRECT] 
2026-05-26 15:24:26,245 [ERROR] LogOutputStream:75 - [STDERR_REDIRECT] [Fatal Error] :1:1: Premature end of file.
2026-05-26 15:24:26,246 [ERROR] LogOutputStream:75 - [STDERR_REDIRECT] 
2026-05-26 15:24:27,242 [ERROR] LogOutputStream:75 - [STDERR_REDIRECT] [Fatal Error] :1:1: Premature end of file.
2026-05-26 15:24:27,243 [ERROR] LogOutputStream:75 - [STDERR_REDIRECT] 
2026-05-26 15:24:28,241 [ERROR] LogOutputStream:75 - [STDERR_REDIRECT] [Fatal Error] :1:1: Premature end of file.
2026-05-26 15:24:28,241 [ERROR] LogOutputStream:75 - [STDERR_REDIRECT] 
2026-05-26 15:24:29,248 [ERROR] LogOutputStream:75 - [STDERR_REDIRECT] [Fatal Error] :1:1: Premature end of file.
2026-05-26 15:24:29,248 [ERROR] LogOutputStream:75 - [STDERR_REDIRECT] 
2026-05-26 15:24:30,246 [ERROR] LogOutputStream:75 - [STDERR_REDIRECT] [Fatal Error] :1:1: Premature end of file.
2026-05-26 15:24:30,246 [ERROR] LogOutputStream:75 - [STDERR_REDIRECT] 
2026-05-26 15:24:31,244 [ERROR] LogOutputStream:75 - [STDERR_REDIRECT] [Fatal Error] :1:1: Premature end of file.
2026-05-26 15:24:31,244 [ERROR] LogOutputStream:75 - [STDERR_REDIRECT] 
2026-05-26 15:24:32,254 [ERROR] LogOutputStream:75 - [STDERR_REDIRECT] [Fatal Error] :1:1: Premature end of file.
2026-05-26 15:24:32,254 [ERROR] LogOutputStream:75 - [STDERR_REDIRECT] 
2026-05-26 15:24:33,245 [ERROR] LogOutputStream:75 - [STDERR_REDIRECT] [Fatal Error] :1:1: Premature end of file.
2026-05-26 15:24:33,245 [ERROR] LogOutputStream:75 - [STDERR_REDIRECT] 
2026-05-26 15:24:34,261 [ERROR] LogOutputStream:75 - [STDERR_REDIRECT] [Fatal Error] :1:1: Premature end of file.
2026-05-26 15:24:34,262 [ERROR] LogOutputStream:75 - [STDERR_REDIRECT] 
2026-05-26 15:24:35,248 [ERROR] LogOutputStream:75 - [STDERR_REDIRECT] [Fatal Error] :1:1: Premature end of file.
2026-05-26 15:24:35,249 [ERROR] LogOutputStream:75 - [STDERR_REDIRECT] 
2026-05-26 15:24:36,254 [ERROR] LogOutputStream:75 - [STDERR_REDIRECT] [Fatal Error] :1:1: Premature end of file.
2026-05-26 15:24:36,254 [ERROR] LogOutputStream:75 - [STDERR_REDIRECT] 
2026-05-26 15:24:37,261 [ERROR] LogOutputStream:75 - [STDERR_REDIRECT] [Fatal Error] :1:1: Premature end of file.
2026-05-26 15:24:37,261 [ERROR] LogOutputStream:75 - [STDERR_REDIRECT] 
2026-05-26 15:24:38,249 [ERROR] LogOutputStream:75 - [STDERR_REDIRECT] [Fatal Error] :1:1: Premature end of file.
2026-05-26 15:24:38,249 [ERROR] LogOutputStream:75 - [STDERR_REDIRECT] 
2026-05-26 15:24:39,243 [ERROR] LogOutputStream:75 - [STDERR_REDIRECT] [Fatal Error] :1:1: Premature end of file.
2026-05-26 15:24:39,243 [ERROR] LogOutputStream:75 - [STDERR_REDIRECT] 
2026-05-26 15:24:40,246 [ERROR] LogOutputStream:75 - [STDERR_REDIRECT] [Fatal Error] :1:1: Premature end of file.
2026-05-26 15:24:40,246 [ERROR] LogOutputStream:75 - [STDERR_REDIRECT] 
2026-05-26 15:24:41,245 [ERROR] LogOutputStream:75 - [STDERR_REDIRECT] [Fatal Error] :1:1: Premature end of file.
2026-05-26 15:24:41,245 [ERROR] LogOutputStream:75 - [STDERR_REDIRECT] 
2026-05-26 15:24:42,242 [ERROR] LogOutputStream:75 - [STDERR_REDIRECT] [Fatal Error] :1:1: Premature end of file.
2026-05-26 15:24:42,242 [ERROR] LogOutputStream:75 - [STDERR_REDIRECT] 
2026-05-26 15:24:43,248 [ERROR] LogOutputStream:75 - [STDERR_REDIRECT] [Fatal Error] :1:1: Premature end of file.
2026-05-26 15:24:43,248 [ERROR] LogOutputStream:75 - [STDERR_REDIRECT] 
2026-05-26 15:24:44,247 [ERROR] LogOutputStream:75 - [STDERR_REDIRECT] [Fatal Error] :1:1: Premature end of file.
2026-05-26 15:24:44,248 [ERROR] LogOutputStream:75 - [STDERR_REDIRECT] 
2026-05-26 15:24:45,247 [ERROR] LogOutputStream:75 - [STDERR_REDIRECT] [Fatal Error] :1:1: Premature end of file.
2026-05-26 15:24:45,247 [ERROR] LogOutputStream:75 - [STDERR_REDIRECT] 
2026-05-26 15:24:46,246 [ERROR] LogOutputStream:75 - [STDERR_REDIRECT] [Fatal Error] :1:1: Premature end of file.
2026-05-26 15:24:46,246 [ERROR] LogOutputStream:75 - [STDERR_REDIRECT] 
2026-05-26 15:24:47,245 [ERROR] LogOutputStream:75 - [STDERR_REDIRECT] [Fatal Error] :1:1: Premature end of file.
2026-05-26 15:24:47,245 [ERROR] LogOutputStream:75 - [STDERR_REDIRECT] 
2026-05-26 15:24:48,247 [ERROR] LogOutputStream:75 - [STDERR_REDIRECT] [Fatal Error] :1:1: Premature end of file.
2026-05-26 15:24:48,247 [ERROR] LogOutputStream:75 - [STDERR_REDIRECT] 
2026-05-26 15:24:49,243 [ERROR] LogOutputStream:75 - [STDERR_REDIRECT] [Fatal Error] :1:1: Premature end of file.
2026-05-26 15:24:49,243 [ERROR] LogOutputStream:75 - [STDERR_REDIRECT] 
2026-05-26 15:24:50,248 [ERROR] LogOutputStream:75 - [STDERR_REDIRECT] [Fatal Error] :1:1: Premature end of file.
2026-05-26 15:24:50,248 [ERROR] LogOutputStream:75 - [STDERR_REDIRECT] 
2026-05-26 15:24:51,245 [ERROR] LogOutputStream:75 - [STDERR_REDIRECT] [Fatal Error] :1:1: Premature end of file.
2026-05-26 15:24:51,245 [ERROR] LogOutputStream:75 - [STDERR_REDIRECT] 
2026-05-26 15:24:52,254 [ERROR] LogOutputStream:75 - [STDERR_REDIRECT] [Fatal Error] :1:1: Premature end of file.
2026-05-26 15:24:52,254 [ERROR] LogOutputStream:75 - [STDERR_REDIRECT] 
2026-05-26 15:24:53,246 [ERROR] LogOutputStream:75 - [STDERR_REDIRECT] [Fatal Error] :1:1: Premature end of file.
2026-05-26 15:24:53,246 [ERROR] LogOutputStream:75 - [STDERR_REDIRECT] 
2026-05-26 15:24:54,246 [ERROR] LogOutputStream:75 - [STDERR_REDIRECT] [Fatal Error] :1:1: Premature end of file.
2026-05-26 15:24:54,247 [ERROR] LogOutputStream:75 - [STDERR_REDIRECT] 
2026-05-26 15:24:55,247 [ERROR] LogOutputStream:75 - [STDERR_REDIRECT] [Fatal Error] :1:1: Premature end of file.
2026-05-26 15:24:55,247 [ERROR] LogOutputStream:75 - [STDERR_REDIRECT] 
2026-05-26 15:24:56,245 [ERROR] LogOutputStream:75 - [STDERR_REDIRECT] [Fatal Error] :1:1: Premature end of file.
2026-05-26 15:24:56,245 [ERROR] LogOutputStream:75 - [STDERR_REDIRECT] 
2026-05-26 15:24:57,242 [ERROR] LogOutputStream:75 - [STDERR_REDIRECT] [Fatal Error] :1:1: Premature end of file.
2026-05-26 15:24:57,242 [ERROR] LogOutputStream:75 - [STDERR_REDIRECT] 
2026-05-26 15:24:58,246 [ERROR] LogOutputStream:75 - [STDERR_REDIRECT] [Fatal Error] :1:1: Premature end of file.
2026-05-26 15:24:58,246 [ERROR] LogOutputStream:75 - [STDERR_REDIRECT] 
2026-05-26 15:24:59,249 [ERROR] LogOutputStream:75 - [STDERR_REDIRECT] [Fatal Error] :1:1: Premature end of file.
2026-05-26 15:24:59,249 [ERROR] LogOutputStream:75 - [STDERR_REDIRECT] 
2026-05-26 15:25:00,247 [ERROR] LogOutputStream:75 - [STDERR_REDIRECT] [Fatal Error] :1:1: Premature end of file.
2026-05-26 15:25:00,248 [ERROR] LogOutputStream:75 - [STDERR_REDIRECT] 
2026-05-26 15:25:01,245 [ERROR] LogOutputStream:75 - [STDERR_REDIRECT] [Fatal Error] :1:1: Premature end of file.
2026-05-26 15:25:01,245 [ERROR] LogOutputStream:75 - [STDERR_REDIRECT] 
2026-05-26 15:25:02,243 [ERROR] LogOutputStream:75 - [STDERR_REDIRECT] [Fatal Error] :1:1: Premature end of file.
2026-05-26 15:25:02,243 [ERROR] LogOutputStream:75 - [STDERR_REDIRECT] 
2026-05-26 15:25:03,244 [ERROR] LogOutputStream:75 - [STDERR_REDIRECT] [Fatal Error] :1:1: Premature end of file.
2026-05-26 15:25:03,244 [ERROR] LogOutputStream:75 - [STDERR_REDIRECT] 
2026-05-26 15:25:04,245 [ERROR] LogOutputStream:75 - [STDERR_REDIRECT] [Fatal Error] :1:1: Premature end of file.
2026-05-26 15:25:04,245 [ERROR] LogOutputStream:75 - [STDERR_REDIRECT] 
2026-05-26 15:25:05,247 [ERROR] LogOutputStream:75 - [STDERR_REDIRECT] [Fatal Error] :1:1: Premature end of file.
2026-05-26 15:25:05,248 [ERROR] LogOutputStream:75 - [STDERR_REDIRECT] 
2026-05-26 15:25:06,246 [ERROR] LogOutputStream:75 - [STDERR_REDIRECT] [Fatal Error] :1:1: Premature end of file.
2026-05-26 15:25:06,246 [ERROR] LogOutputStream:75 - [STDERR_REDIRECT] 
2026-05-26 15:25:07,251 [ERROR] LogOutputStream:75 - [STDERR_REDIRECT] [Fatal Error] :1:1: Premature end of file.
2026-05-26 15:25:07,251 [ERROR] LogOutputStream:75 - [STDERR_REDIRECT] 
2026-05-26 15:25:08,251 [ERROR] LogOutputStream:75 - [STDERR_REDIRECT] [Fatal Error] :1:1: Premature end of file.
2026-05-26 15:25:08,251 [ERROR] LogOutputStream:75 - [STDERR_REDIRECT] 
2026-05-26 15:25:09,247 [ERROR] LogOutputStream:75 - [STDERR_REDIRECT] [Fatal Error] :1:1: Premature end of file.
2026-05-26 15:25:09,248 [ERROR] LogOutputStream:75 - [STDERR_REDIRECT] 
2026-05-26 15:25:10,243 [ERROR] LogOutputStream:75 - [STDERR_REDIRECT] [Fatal Error] :1:1: Premature end of file.
2026-05-26 15:25:10,243 [ERROR] LogOutputStream:75 - [STDERR_REDIRECT] 
2026-05-26 15:25:11,245 [ERROR] LogOutputStream:75 - [STDERR_REDIRECT] [Fatal Error] :1:1: Premature end of file.
2026-05-26 15:25:11,245 [ERROR] LogOutputStream:75 - [STDERR_REDIRECT] 
2026-05-26 15:25:12,246 [ERROR] LogOutputStream:75 - [STDERR_REDIRECT] [Fatal Error] :1:1: Premature end of file.
2026-05-26 15:25:12,246 [ERROR] LogOutputStream:75 - [STDERR_REDIRECT] 
2026-05-26 15:25:13,245 [ERROR] LogOutputStream:75 - [STDERR_REDIRECT] [Fatal Error] :1:1: Premature end of file.
2026-05-26 15:25:13,245 [ERROR] LogOutputStream:75 - [STDERR_REDIRECT] 
2026-05-26 15:25:14,243 [ERROR] LogOutputStream:75 - [STDERR_REDIRECT] [Fatal Error] :1:1: Premature end of file.
2026-05-26 15:25:14,243 [ERROR] LogOutputStream:75 - [STDERR_REDIRECT] 
2026-05-26 15:25:15,245 [ERROR] LogOutputStream:75 - [STDERR_REDIRECT] [Fatal Error] :1:1: Premature end of file.
2026-05-26 15:25:15,245 [ERROR] LogOutputStream:75 - [STDERR_REDIRECT] 
2026-05-26 15:25:16,243 [ERROR] LogOutputStream:75 - [STDERR_REDIRECT] [Fatal Error] :1:1: Premature end of file.
2026-05-26 15:25:16,243 [ERROR] LogOutputStream:75 - [STDERR_REDIRECT] 
2026-05-26 15:25:17,243 [ERROR] LogOutputStream:75 - [STDERR_REDIRECT] [Fatal Error] :1:1: Premature end of file.
2026-05-26 15:25:17,243 [ERROR] LogOutputStream:75 - [STDERR_REDIRECT] 
2026-05-26 15:25:18,242 [ERROR] LogOutputStream:75 - [STDERR_REDIRECT] [Fatal Error] :1:1: Premature end of file.
2026-05-26 15:25:18,242 [ERROR] LogOutputStream:75 - [STDERR_REDIRECT] 
2026-05-26 15:25:19,245 [ERROR] LogOutputStream:75 - [STDERR_REDIRECT] [Fatal Error] :1:1: Premature end of file.
2026-05-26 15:25:19,245 [ERROR] LogOutputStream:75 - [STDERR_REDIRECT] 
2026-05-26 15:25:20,245 [ERROR] LogOutputStream:75 - [STDERR_REDIRECT] [Fatal Error] :1:1: Premature end of file.
2026-05-26 15:25:20,245 [ERROR] LogOutputStream:75 - [STDERR_REDIRECT] 
2026-05-26 15:25:21,244 [ERROR] LogOutputStream:75 - [STDERR_REDIRECT] [Fatal Error] :1:1: Premature end of file.
2026-05-26 15:25:21,245 [ERROR] LogOutputStream:75 - [STDERR_REDIRECT] 
2026-05-26 15:25:22,245 [ERROR] LogOutputStream:75 - [STDERR_REDIRECT] [Fatal Error] :1:1: Premature end of file.
2026-05-26 15:25:22,245 [ERROR] LogOutputStream:75 - [STDERR_REDIRECT] 
2026-05-26 15:25:23,249 [ERROR] LogOutputStream:75 - [STDERR_REDIRECT] [Fatal Error] :1:1: Premature end of file.
2026-05-26 15:25:23,249 [ERROR] LogOutputStream:75 - [STDERR_REDIRECT] 
2026-05-26 15:25:24,245 [ERROR] LogOutputStream:75 - [STDERR_REDIRECT] [Fatal Error] :1:1: Premature end of file.
2026-05-26 15:25:24,245 [ERROR] LogOutputStream:75 - [STDERR_REDIRECT] 
2026-05-26 15:25:25,247 [ERROR] LogOutputStream:75 - [STDERR_REDIRECT] [Fatal Error] :1:1: Premature end of file.
2026-05-26 15:25:25,247 [ERROR] LogOutputStream:75 - [STDERR_REDIRECT] 
2026-05-26 15:25:26,245 [ERROR] LogOutputStream:75 - [STDERR_REDIRECT] [Fatal Error] :1:1: Premature end of file.
2026-05-26 15:25:26,245 [ERROR] LogOutputStream:75 - [STDERR_REDIRECT] 
2026-05-26 15:25:27,248 [ERROR] LogOutputStream:75 - [STDERR_REDIRECT] [Fatal Error] :1:1: Premature end of file.
2026-05-26 15:25:27,248 [ERROR] LogOutputStream:75 - [STDERR_REDIRECT] 
2026-05-26 15:25:28,243 [ERROR] LogOutputStream:75 - [STDERR_REDIRECT] [Fatal Error] :1:1: Premature end of file.
2026-05-26 15:25:28,243 [ERROR] LogOutputStream:75 - [STDERR_REDIRECT] 
2026-05-26 15:25:29,249 [ERROR] LogOutputStream:75 - [STDERR_REDIRECT] [Fatal Error] :1:1: Premature end of file.
2026-05-26 15:25:29,250 [ERROR] LogOutputStream:75 - [STDERR_REDIRECT] 
2026-05-26 15:25:30,248 [ERROR] LogOutputStream:75 - [STDERR_REDIRECT] [Fatal Error] :1:1: Premature end of file.
2026-05-26 15:25:30,248 [ERROR] LogOutputStream:75 - [STDERR_REDIRECT] 
2026-05-26 15:25:31,249 [ERROR] LogOutputStream:75 - [STDERR_REDIRECT] [Fatal Error] :1:1: Premature end of file.
2026-05-26 15:25:31,249 [ERROR] LogOutputStream:75 - [STDERR_REDIRECT] 
2026-05-26 15:25:32,247 [ERROR] LogOutputStream:75 - [STDERR_REDIRECT] [Fatal Error] :1:1: Premature end of file.
2026-05-26 15:25:32,248 [ERROR] LogOutputStream:75 - [STDERR_REDIRECT] 
2026-05-26 15:25:33,243 [ERROR] LogOutputStream:75 - [STDERR_REDIRECT] [Fatal Error] :1:1: Premature end of file.
2026-05-26 15:25:33,243 [ERROR] LogOutputStream:75 - [STDERR_REDIRECT] 
2026-05-26 15:25:34,246 [ERROR] LogOutputStream:75 - [STDERR_REDIRECT] [Fatal Error] :1:1: Premature end of file.
2026-05-26 15:25:34,246 [ERROR] LogOutputStream:75 - [STDERR_REDIRECT] 
2026-05-26 15:25:35,243 [ERROR] LogOutputStream:75 - [STDERR_REDIRECT] [Fatal Error] :1:1: Premature end of file.
2026-05-26 15:25:35,244 [ERROR] LogOutputStream:75 - [STDERR_REDIRECT] 
2026-05-26 15:25:36,247 [ERROR] LogOutputStream:75 - [STDERR_REDIRECT] [Fatal Error] :1:1: Premature end of file.
2026-05-26 15:25:36,247 [ERROR] LogOutputStream:75 - [STDERR_REDIRECT] 
2026-05-26 15:25:37,249 [ERROR] LogOutputStream:75 - [STDERR_REDIRECT] [Fatal Error] :1:1: Premature end of file.
2026-05-26 15:25:37,249 [ERROR] LogOutputStream:75 - [STDERR_REDIRECT] 
2026-05-26 15:25:38,245 [ERROR] LogOutputStream:75 - [STDERR_REDIRECT] [Fatal Error] :1:1: Premature end of file.
2026-05-26 15:25:38,245 [ERROR] LogOutputStream:75 - [STDERR_REDIRECT] 
2026-05-26 15:25:39,250 [ERROR] LogOutputStream:75 - [STDERR_REDIRECT] [Fatal Error] :1:1: Premature end of file.
2026-05-26 15:25:39,250 [ERROR] LogOutputStream:75 - [STDERR_REDIRECT] 
2026-05-26 15:25:40,247 [ERROR] LogOutputStream:75 - [STDERR_REDIRECT] [Fatal Error] :1:1: Premature end of file.
2026-05-26 15:25:40,247 [ERROR] LogOutputStream:75 - [STDERR_REDIRECT] 
2026-05-26 15:25:41,244 [ERROR] LogOutputStream:75 - [STDERR_REDIRECT] [Fatal Error] :1:1: Premature end of file.
2026-05-26 15:25:41,244 [ERROR] LogOutputStream:75 - [STDERR_REDIRECT] 
2026-05-26 15:25:42,244 [ERROR] LogOutputStream:75 - [STDERR_REDIRECT] [Fatal Error] :1:1: Premature end of file.
2026-05-26 15:25:42,244 [ERROR] LogOutputStream:75 - [STDERR_REDIRECT] 
2026-05-26 15:25:43,247 [ERROR] LogOutputStream:75 - [STDERR_REDIRECT] [Fatal Error] :1:1: Premature end of file.
2026-05-26 15:25:43,248 [ERROR] LogOutputStream:75 - [STDERR_REDIRECT] 
2026-05-26 15:25:44,252 [ERROR] LogOutputStream:75 - [STDERR_REDIRECT] [Fatal Error] :1:1: Premature end of file.
2026-05-26 15:25:44,252 [ERROR] LogOutputStream:75 - [STDERR_REDIRECT] 
2026-05-26 15:25:45,252 [ERROR] LogOutputStream:75 - [STDERR_REDIRECT] [Fatal Error] :1:1: Premature end of file.
2026-05-26 15:25:45,252 [ERROR] LogOutputStream:75 - [STDERR_REDIRECT] 
2026-05-26 15:25:46,245 [ERROR] LogOutputStream:75 - [STDERR_REDIRECT] [Fatal Error] :1:1: Premature end of file.
2026-05-26 15:25:46,246 [ERROR] LogOutputStream:75 - [STDERR_REDIRECT] 
2026-05-26 15:25:47,245 [ERROR] LogOutputStream:75 - [STDERR_REDIRECT] [Fatal Error] :1:1: Premature end of file.
2026-05-26 15:25:47,245 [ERROR] LogOutputStream:75 - [STDERR_REDIRECT] 
2026-05-26 15:25:48,247 [ERROR] LogOutputStream:75 - [STDERR_REDIRECT] [Fatal Error] :1:1: Premature end of file.
2026-05-26 15:25:48,247 [ERROR] LogOutputStream:75 - [STDERR_REDIRECT] 
2026-05-26 15:25:49,246 [ERROR] LogOutputStream:75 - [STDERR_REDIRECT] [Fatal Error] :1:1: Premature end of file.
2026-05-26 15:25:49,246 [ERROR] LogOutputStream:75 - [STDERR_REDIRECT] 
2026-05-26 15:25:50,244 [ERROR] LogOutputStream:75 - [STDERR_REDIRECT] [Fatal Error] :1:1: Premature end of file.
2026-05-26 15:25:50,244 [ERROR] LogOutputStream:75 - [STDERR_REDIRECT] 
2026-05-26 15:25:51,245 [ERROR] LogOutputStream:75 - [STDERR_REDIRECT] [Fatal Error] :1:1: Premature end of file.
2026-05-26 15:25:51,245 [ERROR] LogOutputStream:75 - [STDERR_REDIRECT] 
2026-05-26 15:25:52,246 [ERROR] LogOutputStream:75 - [STDERR_REDIRECT] [Fatal Error] :1:1: Premature end of file.
2026-05-26 15:25:52,247 [ERROR] LogOutputStream:75 - [STDERR_REDIRECT] 
2026-05-26 15:25:53,247 [ERROR] LogOutputStream:75 - [STDERR_REDIRECT] [Fatal Error] :1:1: Premature end of file.
2026-05-26 15:25:53,248 [ERROR] LogOutputStream:75 - [STDERR_REDIRECT] 
2026-05-26 15:25:54,247 [ERROR] LogOutputStream:75 - [STDERR_REDIRECT] [Fatal Error] :1:1: Premature end of file.
2026-05-26 15:25:54,247 [ERROR] LogOutputStream:75 - [STDERR_REDIRECT] 
2026-05-26 15:25:55,245 [ERROR] LogOutputStream:75 - [STDERR_REDIRECT] [Fatal Error] :1:1: Premature end of file.
2026-05-26 15:25:55,245 [ERROR] LogOutputStream:75 - [STDERR_REDIRECT] 
2026-05-26 15:25:56,246 [ERROR] LogOutputStream:75 - [STDERR_REDIRECT] [Fatal Error] :1:1: Premature end of file.
2026-05-26 15:25:56,246 [ERROR] LogOutputStream:75 - [STDERR_REDIRECT] 
2026-05-26 15:25:57,241 [ERROR] LogOutputStream:75 - [STDERR_REDIRECT] [Fatal Error] :1:1: Premature end of file.
2026-05-26 15:25:57,242 [ERROR] LogOutputStream:75 - [STDERR_REDIRECT] 
2026-05-26 15:25:58,247 [ERROR] LogOutputStream:75 - [STDERR_REDIRECT] [Fatal Error] :1:1: Premature end of file.
2026-05-26 15:25:58,247 [ERROR] LogOutputStream:75 - [STDERR_REDIRECT] 
2026-05-26 15:25:59,247 [ERROR] LogOutputStream:75 - [STDERR_REDIRECT] [Fatal Error] :1:1: Premature end of file.
2026-05-26 15:25:59,247 [ERROR] LogOutputStream:75 - [STDERR_REDIRECT] 
2026-05-26 15:26:00,249 [ERROR] LogOutputStream:75 - [STDERR_REDIRECT] [Fatal Error] :1:1: Premature end of file.
2026-05-26 15:26:00,249 [ERROR] LogOutputStream:75 - [STDERR_REDIRECT] 
2026-05-26 15:26:01,261 [ERROR] LogOutputStream:75 - [STDERR_REDIRECT] [Fatal Error] :1:1: Premature end of file.
2026-05-26 15:26:01,261 [ERROR] LogOutputStream:75 - [STDERR_REDIRECT] 
2026-05-26 15:26:02,262 [ERROR] LogOutputStream:75 - [STDERR_REDIRECT] [Fatal Error] :1:1: Premature end of file.
2026-05-26 15:26:02,262 [ERROR] LogOutputStream:75 - [STDERR_REDIRECT] 
2026-05-26 15:26:03,256 [ERROR] LogOutputStream:75 - [STDERR_REDIRECT] [Fatal Error] :1:1: Premature end of file.
2026-05-26 15:26:03,256 [ERROR] LogOutputStream:75 - [STDERR_REDIRECT] 
2026-05-26 15:26:04,263 [ERROR] LogOutputStream:75 - [STDERR_REDIRECT] [Fatal Error] :1:1: Premature end of file.
2026-05-26 15:26:04,263 [ERROR] LogOutputStream:75 - [STDERR_REDIRECT] 
2026-05-26 15:26:05,239 [ERROR] LogOutputStream:75 - [STDERR_REDIRECT] [Fatal Error] :1:1: Premature end of file.
2026-05-26 15:26:05,240 [ERROR] LogOutputStream:75 - [STDERR_REDIRECT] 
2026-05-26 15:26:06,264 [ERROR] LogOutputStream:75 - [STDERR_REDIRECT] [Fatal Error] :1:1: Premature end of file.
2026-05-26 15:26:06,265 [ERROR] LogOutputStream:75 - [STDERR_REDIRECT] 
2026-05-26 15:26:07,244 [ERROR] LogOutputStream:75 - [STDERR_REDIRECT] [Fatal Error] :1:1: Premature end of file.
2026-05-26 15:26:07,244 [ERROR] LogOutputStream:75 - [STDERR_REDIRECT] 
2026-05-26 15:26:08,300 [ERROR] LogOutputStream:75 - [STDERR_REDIRECT] [Fatal Error] :1:1: Premature end of file.
2026-05-26 15:26:08,300 [ERROR] LogOutputStream:75 - [STDERR_REDIRECT] 
2026-05-26 15:26:09,280 [ERROR] LogOutputStream:75 - [STDERR_REDIRECT] [Fatal Error] :1:1: Premature end of file.
2026-05-26 15:26:09,280 [ERROR] LogOutputStream:75 - [STDERR_REDIRECT] 
2026-05-26 15:26:10,261 [ERROR] LogOutputStream:75 - [STDERR_REDIRECT] [Fatal Error] :1:1: Premature end of file.
2026-05-26 15:26:10,261 [ERROR] LogOutputStream:75 - [STDERR_REDIRECT] 
2026-05-26 15:26:11,248 [ERROR] LogOutputStream:75 - [STDERR_REDIRECT] [Fatal Error] :1:1: Premature end of file.
2026-05-26 15:26:11,248 [ERROR] LogOutputStream:75 - [STDERR_REDIRECT] 
2026-05-26 15:26:12,237 [ERROR] LogOutputStream:75 - [STDERR_REDIRECT] [Fatal Error] :1:1: Premature end of file.
2026-05-26 15:26:12,237 [ERROR] LogOutputStream:75 - [STDERR_REDIRECT] 
2026-05-26 15:26:13,252 [ERROR] LogOutputStream:75 - [STDERR_REDIRECT] [Fatal Error] :1:1: Premature end of file.
2026-05-26 15:26:13,252 [ERROR] LogOutputStream:75 - [STDERR_REDIRECT] 
2026-05-26 15:26:14,262 [ERROR] LogOutputStream:75 - [STDERR_REDIRECT] [Fatal Error] :1:1: Premature end of file.
2026-05-26 15:26:14,263 [ERROR] LogOutputStream:75 - [STDERR_REDIRECT] 
2026-05-26 15:26:15,257 [ERROR] LogOutputStream:75 - [STDERR_REDIRECT] [Fatal Error] :1:1: Premature end of file.
2026-05-26 15:26:15,257 [ERROR] LogOutputStream:75 - [STDERR_REDIRECT] 
2026-05-26 15:26:16,257 [ERROR] LogOutputStream:75 - [STDERR_REDIRECT] [Fatal Error] :1:1: Premature end of file.
2026-05-26 15:26:16,257 [ERROR] LogOutputStream:75 - [STDERR_REDIRECT] 
2026-05-26 15:26:17,249 [ERROR] LogOutputStream:75 - [STDERR_REDIRECT] [Fatal Error] :1:1: Premature end of file.
2026-05-26 15:26:17,250 [ERROR] LogOutputStream:75 - [STDERR_REDIRECT] 
2026-05-26 15:26:18,251 [ERROR] LogOutputStream:75 - [STDERR_REDIRECT] [Fatal Error] :1:1: Premature end of file.
2026-05-26 15:26:18,251 [ERROR] LogOutputStream:75 - [STDERR_REDIRECT] 
2026-05-26 15:26:19,626 [ERROR] LogOutputStream:75 - [STDERR_REDIRECT] [Fatal Error] :1:1: Premature end of file.
2026-05-26 15:26:19,627 [ERROR] LogOutputStream:75 - [STDERR_REDIRECT] 
2026-05-26 15:26:52,754 [INFO] Activator:176 - 


2026-05-26 15:26:52,758 [INFO] Activator:177 - !SESSION log4j initialized
2026-05-26 15:27:08,040 [INFO] LogOutputStream:77 - [STDOUT_REDIRECT] 
