2026-06-07 11:32:03,933 [INFO] Activator:176 - 


2026-06-07 11:32:03,970 [INFO] Activator:177 - !SESSION log4j initialized
2026-06-07 11:32:09,678 [INFO] LogOutputStream:77 - [STDOUT_REDIRECT] 
2026-06-07 11:32:10,676 [INFO] ApplicationProperties:184 - Using Application install path: C:\ST\STM32CubeIDE_1.18.1\STM32CubeIDE\plugins\com.st.stm32cube.common.mx_6.14.1.202504091515
2026-06-07 11:32:10,699 [INFO] DbMcusXml:78 - Set database path to: C:\ST\STM32CubeIDE_1.18.1\STM32CubeIDE\plugins\com.st.stm32cube.common.mx_6.14.1.202504091515\\db\/mcu/
2026-06-07 11:32:10,700 [INFO] ApiDb:274 - Set plugin database path to: C:\ST\STM32CubeIDE_1.18.1\STM32CubeIDE\plugins\com.st.stm32cube.common.mx_6.14.1.202504091515\\db\/plugins/boardmanager/
2026-06-07 11:32:10,700 [WARN] ApiDb:259 - Overriding images path with different value:  => C:\ST\STM32CubeIDE_1.18.1\STM32CubeIDE\plugins\com.st.stm32cube.common.mx_6.14.1.202504091515\\db\/plugins/mcufinder/images/
2026-06-07 11:32:10,707 [INFO] ApiDb:250 - Set database path to: C:\Users\NIVYA\.stmcufinder\plugins\mcufinder//mcu/
2026-06-07 11:32:10,709 [INFO] DbMcusAds:125 - Set database path to: C:\Users\NIVYA\.stmcufinder\plugins\mcufinder//mcu/
2026-06-07 11:32:10,713 [INFO] CrossReferenceDbSqlite:203 - Set database path to: C:\Users\NIVYA\.stmcufinder\plugins\mcufinder//mcu/cs/
2026-06-07 11:32:10,859 [INFO] RulesReader:64 - Compatibility file has been processed (302 Rules)
2026-06-07 11:32:11,017 [INFO] DbMcusXml:78 - Set database path to: C:\ST\STM32CubeIDE_1.18.1\STM32CubeIDE\plugins\com.st.stm32cube.common.mx_6.14.1.202504091515\\db\/mcu/
2026-06-07 11:32:11,018 [INFO] ApiDb:274 - Set plugin database path to: C:\ST\STM32CubeIDE_1.18.1\STM32CubeIDE\plugins\com.st.stm32cube.common.mx_6.14.1.202504091515\\db\/plugins/boardmanager/
2026-06-07 11:32:11,018 [INFO] ApiDb:261 - Set plugin images path to: C:\ST\STM32CubeIDE_1.18.1\STM32CubeIDE\plugins\com.st.stm32cube.common.mx_6.14.1.202504091515\\db\/plugins/mcufinder/images/
2026-06-07 11:32:11,018 [WARN] DbFile:41 - Overriding database path with different value: C:\Users\NIVYA\.stmcufinder\plugins\mcufinder/ => C:\Users\NIVYA\.stmcufinder\plugins\mcufinder
2026-06-07 11:32:11,018 [INFO] ApiDb:250 - Set database path to: C:\Users\NIVYA\.stmcufinder\plugins\mcufinder//mcu/
2026-06-07 11:32:11,018 [WARN] DbFile:41 - Overriding database path with different value: C:\Users\NIVYA\.stmcufinder\plugins\mcufinder/ => C:\Users\NIVYA\.stmcufinder\plugins\mcufinder
2026-06-07 11:32:11,018 [INFO] DbMcusAds:125 - Set database path to: C:\Users\NIVYA\.stmcufinder\plugins\mcufinder//mcu/
2026-06-07 11:32:11,019 [WARN] DbFile:41 - Overriding database path with different value: C:\Users\NIVYA\.stmcufinder\plugins\mcufinder/ => C:\Users\NIVYA\.stmcufinder\plugins\mcufinder
2026-06-07 11:32:11,019 [WARN] DbFile:41 - Overriding database path with different value: C:\Users\NIVYA\.stmcufinder\plugins\mcufinder/ => C:\Users\NIVYA\.stmcufinder\plugins\mcufinder
2026-06-07 11:32:11,019 [INFO] CrossReferenceDbSqlite:203 - Set database path to: C:\Users\NIVYA\.stmcufinder\plugins\mcufinder//mcu/cs/
2026-06-07 11:32:11,127 [INFO] MainPanel:272 - HeapMemory: 268435456
2026-06-07 11:32:11,265 [INFO] DbMcusXml:78 - Set database path to: C:\ST\STM32CubeIDE_1.18.1\STM32CubeIDE\plugins\com.st.stm32cube.common.mx_6.14.1.202504091515\\db\/mcu/
2026-06-07 11:32:11,265 [INFO] ApiDb:274 - Set plugin database path to: C:\ST\STM32CubeIDE_1.18.1\STM32CubeIDE\plugins\com.st.stm32cube.common.mx_6.14.1.202504091515\\db\/plugins/boardmanager/
2026-06-07 11:32:11,265 [INFO] ApiDb:261 - Set plugin images path to: C:\ST\STM32CubeIDE_1.18.1\STM32CubeIDE\plugins\com.st.stm32cube.common.mx_6.14.1.202504091515\\db\/plugins/mcufinder/images/
2026-06-07 11:32:11,267 [WARN] DbFile:41 - Overriding database path with different value: C:\Users\NIVYA\.stmcufinder\plugins\mcufinder/ => C:\Users\NIVYA\.stmcufinder\plugins\mcufinder
2026-06-07 11:32:11,267 [INFO] ApiDb:250 - Set database path to: C:\Users\NIVYA\.stmcufinder\plugins\mcufinder//mcu/
2026-06-07 11:32:11,267 [WARN] DbFile:41 - Overriding database path with different value: C:\Users\NIVYA\.stmcufinder\plugins\mcufinder/ => C:\Users\NIVYA\.stmcufinder\plugins\mcufinder
2026-06-07 11:32:11,268 [INFO] DbMcusAds:125 - Set database path to: C:\Users\NIVYA\.stmcufinder\plugins\mcufinder//mcu/
2026-06-07 11:32:11,268 [WARN] DbFile:41 - Overriding database path with different value: C:\Users\NIVYA\.stmcufinder\plugins\mcufinder/ => C:\Users\NIVYA\.stmcufinder\plugins\mcufinder
2026-06-07 11:32:11,268 [WARN] DbFile:41 - Overriding database path with different value: C:\Users\NIVYA\.stmcufinder\plugins\mcufinder/ => C:\Users\NIVYA\.stmcufinder\plugins\mcufinder
2026-06-07 11:32:11,268 [INFO] CrossReferenceDbSqlite:203 - Set database path to: C:\Users\NIVYA\.stmcufinder\plugins\mcufinder//mcu/cs/
2026-06-07 11:32:11,301 [INFO] ApplicationProperties:184 - Using Application install path: C:\ST\STM32CubeIDE_1.18.1\STM32CubeIDE\plugins\com.st.stm32cube.common.mx_6.14.1.202504091515
2026-06-07 11:32:11,303 [INFO] PluginManage:196 - Search for loadable plugins [exclusion list=, ]
2026-06-07 11:32:11,306 [INFO] PluginManage:310 - Check plugin analytics
2026-06-07 11:32:11,611 [INFO] AnalyticsPlugin:253 - Accepted Software Licenses: STM32CubeMX.6.16.0,STM32CubeMX.6.14.1
2026-06-07 11:32:11,611 [INFO] AnalyticsPlugin:255 - Accepted CMSIS Pack Licenses: 
2026-06-07 11:32:11,612 [INFO] AnalyticsPlugin:257 - Accepted Firmware Licenses: FW.F4.1.28.0
2026-06-07 11:32:11,613 [INFO] PluginManage:359 - Loaded plugin analytics (category:tool,tabindex:-1)
2026-06-07 11:32:11,614 [INFO] PluginManage:310 - Check plugin cadmodel
2026-06-07 11:32:11,625 [INFO] CADModel:105 - Init CAD model plugin
2026-06-07 11:32:11,626 [INFO] PluginManage:359 - Loaded plugin cadmodel (category:power,tabindex:5)
2026-06-07 11:32:11,626 [INFO] PluginManage:310 - Check plugin clock
2026-06-07 11:32:11,646 [INFO] PluginManage:359 - Loaded plugin clock (category:base,tabindex:2)
2026-06-07 11:32:11,646 [INFO] PluginManage:310 - Check plugin ddr
2026-06-07 11:32:11,651 [INFO] PluginManage:359 - Loaded plugin ddr (category:tool,tabindex:6)
2026-06-07 11:32:11,651 [INFO] PluginManage:310 - Check plugin filemanager
2026-06-07 11:32:11,874 [INFO] PluginManage:359 - Loaded plugin filemanager (category:base,tabindex:10)
2026-06-07 11:32:11,875 [INFO] PluginManage:310 - Check plugin ipmanager
2026-06-07 11:32:11,886 [INFO] PluginManage:359 - Loaded plugin ipmanager (category:base,tabindex:5)
2026-06-07 11:32:11,887 [INFO] PluginManage:310 - Check plugin lpbam
2026-06-07 11:32:11,896 [INFO] PluginManage:359 - Loaded plugin lpbam (category:base,tabindex:0)
2026-06-07 11:32:11,897 [INFO] PluginManage:310 - Check plugin memorymap
2026-06-07 11:32:11,910 [INFO] PluginManage:359 - Loaded plugin memorymap (category:base,tabindex:4)
2026-06-07 11:32:11,910 [INFO] PluginManage:310 - Check plugin pinoutandconfiguration
2026-06-07 11:32:11,918 [INFO] PluginManage:359 - Loaded plugin pinoutandconfiguration (category:base,tabindex:1)
2026-06-07 11:32:11,918 [INFO] PluginManage:310 - Check plugin pinoutconfig
2026-06-07 11:32:12,018 [WARN] SupportedApi:132 - Cannot load RTOS API schema: s4s-elt-must-match.1: The content of 'definitions' must match (annotation?, (simpleType | complexType)?, (unique | key | keyref)*)). A problem was found starting at: attribute.
2026-06-07 11:32:12,153 [INFO] PluginManage:359 - Loaded plugin pinoutconfig (category:base,tabindex:0)
2026-06-07 11:32:12,153 [INFO] PluginManage:310 - Check plugin power
2026-06-07 11:32:12,161 [INFO] PluginManage:359 - Loaded plugin power (category:power,tabindex:4)
2026-06-07 11:32:12,161 [INFO] PluginManage:310 - Check plugin projectmanager
2026-06-07 11:32:12,183 [INFO] PluginManage:359 - Loaded plugin projectmanager (category:projectmanager,tabindex:4)
2026-06-07 11:32:12,184 [INFO] PluginManage:310 - Check plugin rif
2026-06-07 11:32:12,192 [INFO] PluginManage:359 - Loaded plugin rif (category:base,tabindex:3)
2026-06-07 11:32:12,193 [INFO] PluginManage:310 - Check plugin thirdparty
2026-06-07 11:32:12,352 [INFO] PluginManage:359 - Loaded plugin thirdparty (category:base,tabindex:-1)
2026-06-07 11:32:12,352 [WARN] IntegrityCheckThread:84 - waiting for thirdparty lock release [integrity check]
2026-06-07 11:32:12,353 [INFO] IntegrityCheckThread:86 - entering critical section [integrity check]
2026-06-07 11:32:12,353 [INFO] PluginManage:310 - Check plugin tools
2026-06-07 11:32:12,353 [INFO] ThirdPartyUpdaterWithRetryManager:70 - Updater plugin not ready yet. [1/15]
2026-06-07 11:32:12,356 [INFO] PluginManage:359 - Loaded plugin tools (category:base,tabindex:7)
2026-06-07 11:32:12,356 [INFO] PluginManage:310 - Check plugin tutovideos
2026-06-07 11:32:12,519 [INFO] PluginManage:359 - Loaded plugin tutovideos (category:base,tabindex:-1)
2026-06-07 11:32:12,519 [INFO] PluginManage:310 - Check plugin updater
2026-06-07 11:32:12,540 [INFO] PluginManage:359 - Loaded plugin updater (category:base,tabindex:12)
2026-06-07 11:32:12,540 [INFO] PluginManage:310 - Check plugin userauth
2026-06-07 11:32:12,544 [INFO] UserAuth:118 - Init User Auth plugin
2026-06-07 11:32:12,545 [INFO] PluginManage:359 - Loaded plugin userauth (category:base,tabindex:14)
2026-06-07 11:32:12,546 [INFO] PluginManage:283 - PluginManage : Loaded plugins [18]
2026-06-07 11:32:12,830 [INFO] PinOutPanel:1589 - setPackage(No Configuration,No Configuration)
2026-06-07 11:32:12,931 [INFO] CADModel:165 - CPN selected for project level
2026-06-07 11:32:12,931 [INFO] CADModel:114 - Register for checkConnection events
2026-06-07 11:32:12,948 [INFO] IPUIPlugin:80 - create IPUIPlugin
2026-06-07 11:32:12,948 [INFO] PluginManager:220 - loadIPPluginJar : add adc
2026-06-07 11:32:12,951 [INFO] IPUIPlugin:80 - create IPUIPlugin
2026-06-07 11:32:12,951 [INFO] PluginManager:220 - loadIPPluginJar : add aes
2026-06-07 11:32:12,954 [INFO] IPUIPlugin:80 - create IPUIPlugin
2026-06-07 11:32:12,954 [INFO] PluginManager:220 - loadIPPluginJar : add can
2026-06-07 11:32:12,955 [INFO] IPUIPlugin:80 - create IPUIPlugin
2026-06-07 11:32:12,955 [INFO] PluginManager:220 - loadIPPluginJar : add comp
2026-06-07 11:32:12,957 [INFO] IPUIPlugin:80 - create IPUIPlugin
2026-06-07 11:32:12,958 [INFO] PluginManager:220 - loadIPPluginJar : add cryp
2026-06-07 11:32:12,960 [INFO] IPUIPlugin:80 - create IPUIPlugin
2026-06-07 11:32:12,960 [INFO] PluginManager:220 - loadIPPluginJar : add ddr_ctrl_phy
2026-06-07 11:32:12,962 [INFO] IPUIPlugin:80 - create IPUIPlugin
2026-06-07 11:32:12,962 [INFO] PluginManager:220 - loadIPPluginJar : add dfsdm
2026-06-07 11:32:12,969 [INFO] IPUIPlugin:80 - create IPUIPlugin
2026-06-07 11:32:12,970 [INFO] PluginManager:220 - loadIPPluginJar : add dma
2026-06-07 11:32:12,972 [INFO] IPUIPlugin:80 - create IPUIPlugin
2026-06-07 11:32:12,972 [INFO] PluginManager:220 - loadIPPluginJar : add dma3
2026-06-07 11:32:12,974 [INFO] IPUIPlugin:80 - create IPUIPlugin
2026-06-07 11:32:12,974 [INFO] PluginManager:220 - loadIPPluginJar : add extmemmanager
2026-06-07 11:32:12,976 [INFO] IPUIPlugin:80 - create IPUIPlugin
2026-06-07 11:32:12,976 [INFO] PluginManager:220 - loadIPPluginJar : add fatfs
2026-06-07 11:32:12,981 [INFO] IPUIPlugin:80 - create IPUIPlugin
2026-06-07 11:32:12,981 [INFO] PluginManager:220 - loadIPPluginJar : add fmc
2026-06-07 11:32:12,987 [INFO] IPUIPlugin:80 - create IPUIPlugin
2026-06-07 11:32:12,988 [INFO] PluginManager:220 - loadIPPluginJar : add freertos
2026-06-07 11:32:12,989 [INFO] IPUIPlugin:80 - create IPUIPlugin
2026-06-07 11:32:12,989 [INFO] PluginManager:220 - loadIPPluginJar : add genericplugin
2026-06-07 11:32:12,991 [INFO] IPUIPlugin:80 - create IPUIPlugin
2026-06-07 11:32:12,991 [INFO] PluginManager:220 - loadIPPluginJar : add gfxmmu
2026-06-07 11:32:12,996 [INFO] IPUIPlugin:80 - create IPUIPlugin
2026-06-07 11:32:12,997 [INFO] PluginManager:220 - loadIPPluginJar : add gic
2026-06-07 11:32:13,000 [INFO] IPUIPlugin:80 - create IPUIPlugin
2026-06-07 11:32:13,000 [INFO] PluginManager:220 - loadIPPluginJar : add gpio
2026-06-07 11:32:13,003 [INFO] IPUIPlugin:80 - create IPUIPlugin
2026-06-07 11:32:13,003 [INFO] PluginManager:220 - loadIPPluginJar : add gtzc
2026-06-07 11:32:13,006 [INFO] IPUIPlugin:80 - create IPUIPlugin
2026-06-07 11:32:13,006 [INFO] PluginManager:220 - loadIPPluginJar : add hash
2026-06-07 11:32:13,009 [INFO] IPUIPlugin:80 - create IPUIPlugin
2026-06-07 11:32:13,009 [INFO] PluginManager:220 - loadIPPluginJar : add i2c
2026-06-07 11:32:13,011 [INFO] IPUIPlugin:80 - create IPUIPlugin
2026-06-07 11:32:13,012 [INFO] PluginManager:220 - loadIPPluginJar : add i2s
2026-06-07 11:32:13,014 [INFO] IPUIPlugin:80 - create IPUIPlugin
2026-06-07 11:32:13,014 [INFO] PluginManager:220 - loadIPPluginJar : add i3c
2026-06-07 11:32:13,017 [INFO] IPUIPlugin:80 - create IPUIPlugin
2026-06-07 11:32:13,017 [INFO] PluginManager:220 - loadIPPluginJar : add ipddr
2026-06-07 11:32:13,026 [INFO] IPUIPlugin:80 - create IPUIPlugin
2026-06-07 11:32:13,027 [INFO] PluginManager:220 - loadIPPluginJar : add linkedlist
2026-06-07 11:32:13,030 [INFO] IPUIPlugin:80 - create IPUIPlugin
2026-06-07 11:32:13,030 [INFO] PluginManager:220 - loadIPPluginJar : add lorawan
2026-06-07 11:32:13,032 [INFO] IPUIPlugin:80 - create IPUIPlugin
2026-06-07 11:32:13,032 [INFO] PluginManager:220 - loadIPPluginJar : add ltdc
2026-06-07 11:32:13,037 [INFO] IPUIPlugin:80 - create IPUIPlugin
2026-06-07 11:32:13,038 [INFO] PluginManager:220 - loadIPPluginJar : add mdma
2026-06-07 11:32:13,042 [INFO] IPUIPlugin:80 - create IPUIPlugin
2026-06-07 11:32:13,042 [INFO] PluginManager:220 - loadIPPluginJar : add nvic
2026-06-07 11:32:13,046 [INFO] IPUIPlugin:80 - create IPUIPlugin
2026-06-07 11:32:13,046 [INFO] PluginManager:220 - loadIPPluginJar : add opamp
2026-06-07 11:32:13,051 [INFO] IPUIPlugin:80 - create IPUIPlugin
2026-06-07 11:32:13,051 [INFO] PluginManager:220 - loadIPPluginJar : add openamp
2026-06-07 11:32:13,054 [INFO] IPUIPlugin:80 - create IPUIPlugin
2026-06-07 11:32:13,054 [INFO] PluginManager:220 - loadIPPluginJar : add pdm2pcm
2026-06-07 11:32:13,060 [INFO] IPUIPlugin:80 - create IPUIPlugin
2026-06-07 11:32:13,064 [INFO] PluginManager:220 - loadIPPluginJar : add plateformsettings
2026-06-07 11:32:13,067 [INFO] IPUIPlugin:80 - create IPUIPlugin
2026-06-07 11:32:13,067 [INFO] PluginManager:220 - loadIPPluginJar : add quadspi
2026-06-07 11:32:13,069 [INFO] IPUIPlugin:80 - create IPUIPlugin
2026-06-07 11:32:13,070 [INFO] PluginManager:220 - loadIPPluginJar : add radio
2026-06-07 11:32:13,074 [INFO] IPUIPlugin:80 - create IPUIPlugin
2026-06-07 11:32:13,074 [INFO] PluginManager:220 - loadIPPluginJar : add resmgrutility
2026-06-07 11:32:13,079 [INFO] IPUIPlugin:80 - create IPUIPlugin
2026-06-07 11:32:13,079 [INFO] PluginManager:220 - loadIPPluginJar : add sai
2026-06-07 11:32:13,082 [INFO] IPUIPlugin:80 - create IPUIPlugin
2026-06-07 11:32:13,082 [INFO] PluginManager:220 - loadIPPluginJar : add spi
2026-06-07 11:32:13,090 [INFO] IPUIPlugin:80 - create IPUIPlugin
2026-06-07 11:32:13,090 [INFO] PluginManager:220 - loadIPPluginJar : add stm32_wpan
2026-06-07 11:32:13,093 [INFO] IPUIPlugin:80 - create IPUIPlugin
2026-06-07 11:32:13,093 [INFO] PluginManager:220 - loadIPPluginJar : add tim
2026-06-07 11:32:13,099 [INFO] IPUIPlugin:80 - create IPUIPlugin
2026-06-07 11:32:13,099 [INFO] PluginManager:220 - loadIPPluginJar : add touchsensing
2026-06-07 11:32:13,102 [INFO] IPUIPlugin:80 - create IPUIPlugin
2026-06-07 11:32:13,102 [INFO] PluginManager:220 - loadIPPluginJar : add tracer_emb
2026-06-07 11:32:13,104 [INFO] IPUIPlugin:80 - create IPUIPlugin
2026-06-07 11:32:13,105 [INFO] PluginManager:220 - loadIPPluginJar : add ts
2026-06-07 11:32:13,107 [INFO] IPUIPlugin:80 - create IPUIPlugin
2026-06-07 11:32:13,107 [INFO] PluginManager:220 - loadIPPluginJar : add tsc
2026-06-07 11:32:13,109 [INFO] IPUIPlugin:80 - create IPUIPlugin
2026-06-07 11:32:13,109 [INFO] PluginManager:220 - loadIPPluginJar : add ucpd
2026-06-07 11:32:13,112 [INFO] IPUIPlugin:80 - create IPUIPlugin
2026-06-07 11:32:13,112 [INFO] PluginManager:220 - loadIPPluginJar : add usart
2026-06-07 11:32:13,115 [INFO] IPUIPlugin:80 - create IPUIPlugin
2026-06-07 11:32:13,115 [INFO] PluginManager:220 - loadIPPluginJar : add usbx
2026-06-07 11:32:13,274 [FATAL] Updater:351 - Updater called before beeing initialized
2026-06-07 11:32:13,301 [INFO] RulesReader:64 - Compatibility file has been processed (302 Rules)
2026-06-07 11:32:13,315 [INFO] RulesReader:64 - Compatibility file has been processed (302 Rules)
2026-06-07 11:32:13,326 [INFO] CADModel:165 - CPN selected for project level
2026-06-07 11:32:13,327 [INFO] CADModel:114 - Register for checkConnection events
2026-06-07 11:32:13,327 [FATAL] Updater:351 - Updater called before beeing initialized
2026-06-07 11:32:13,327 [ERROR] CADModel:125 - Updater not yet initialized, retry later 
2026-06-07 11:32:13,515 [FATAL] Updater:351 - Updater called before beeing initialized
2026-06-07 11:32:13,517 [INFO] CADModel:165 - CPN selected for project level
2026-06-07 11:32:13,517 [INFO] CADModel:114 - Register for checkConnection events
2026-06-07 11:32:13,517 [FATAL] Updater:351 - Updater called before beeing initialized
2026-06-07 11:32:13,517 [ERROR] CADModel:125 - Updater not yet initialized, retry later 
2026-06-07 11:32:13,520 [FATAL] Updater:351 - Updater called before beeing initialized
2026-06-07 11:32:13,713 [FATAL] Updater:351 - Updater called before beeing initialized
2026-06-07 11:32:13,717 [INFO] DbMcusAds:53 - JSON generation date=Thu May 28 21:38:17 IST 2026 (1779984497073)
2026-06-07 11:32:13,718 [FATAL] Updater:351 - Updater called before beeing initialized
2026-06-07 11:32:13,756 [WARN] DetailPanel:346 - Failed to get advertising image, set to default
2026-06-07 11:32:14,045 [FATAL] Updater:351 - Updater called before beeing initialized
2026-06-07 11:32:14,047 [FATAL] Updater:351 - Updater called before beeing initialized
2026-06-07 11:32:14,047 [FATAL] Updater:351 - Updater called before beeing initialized
2026-06-07 11:32:14,047 [WARN] DetailPanel:346 - Failed to get advertising image, set to default
2026-06-07 11:32:14,048 [FATAL] Updater:351 - Updater called before beeing initialized
2026-06-07 11:32:14,133 [ERROR] Updater:1198 - MainUpdater not yet initialized. External WinMGr cannot be set.
2026-06-07 11:32:14,135 [INFO] Updater:1134 - Updater Version found : 6.14.1
2026-06-07 11:32:14,154 [INFO] ApplicationProperties:184 - Using Application install path: C:\ST\STM32CubeIDE_1.18.1\STM32CubeIDE\plugins\com.st.stm32cube.common.mx_6.14.1.202504091515
2026-06-07 11:32:15,355 [INFO] ThirdPartyUpdaterWithRetryManager:70 - Updater plugin not ready yet. [2/15]
2026-06-07 11:32:15,729 [ERROR] LogOutputStream:75 - [STDERR_REDIRECT] Jun 07, 2026 11:32:15 AM java.util.prefs.WindowsPreferences <init>
2026-06-07 11:32:15,733 [ERROR] LogOutputStream:75 - [STDERR_REDIRECT] WARNING: Could not open/create prefs root node Software\JavaSoft\Prefs at root 0xffffffff80000002. Windows RegCreateKeyEx(...) returned error code 5.
2026-06-07 11:32:15,733 [ERROR] LogOutputStream:75 - [STDERR_REDIRECT] 
2026-06-07 11:32:16,233 [INFO] MainUpdater:2872 - connection check result : 10
2026-06-07 11:32:16,234 [INFO] MainUpdater:289 - Updater Check For Update Now.
2026-06-07 11:32:16,234 [INFO] MicroXplorer:498 - Change Database Version : DB.6.0.141
2026-06-07 11:32:16,244 [INFO] McuFinderGlobals:63 - Set McuFinder mode to 2 (CubeIDE integrated)
2026-06-07 11:32:16,244 [INFO] UserAuth:171 - activating auth plugin
2026-06-07 11:32:16,248 [INFO] UserAuth:484 - Internet connection configuration mode: 1
2026-06-07 11:32:16,276 [INFO] JxBrowserEngine:152 - Initiate JxBrowser Engine with user profile folder
2026-06-07 11:32:16,453 [INFO] CheckServerUpdateThread:120 - End of CheckServer Thread
2026-06-07 11:32:17,310 [INFO] WebApp:169 - Instantiating new browser for Auth
2026-06-07 11:32:18,203 [INFO] WebApp:463 - Apply proxy settings
2026-06-07 11:32:18,204 [INFO] WebApp:548 - Chromium requires no authentication
2026-06-07 11:32:18,212 [INFO] WebApp:491 - Direct internet connection detected
2026-06-07 11:32:18,239 [INFO] WebApp:894 - Register for checkConnection events
2026-06-07 11:32:18,239 [INFO] WebApp:463 - Apply proxy settings
2026-06-07 11:32:18,239 [INFO] WebApp:548 - Chromium requires no authentication
2026-06-07 11:32:18,240 [INFO] WebApp:491 - Direct internet connection detected
2026-06-07 11:32:18,489 [INFO] WebApp:225 - Starting web application
2026-06-07 11:32:18,489 [INFO] WebApp:593 - Web application path used C:\ST\STM32CubeIDE_1.18.1\STM32CubeIDE\plugins\com.st.stm32cube.common.mx_6.14.1.202504091515\db\plugins\mcufinder\reactClient1\index.html
2026-06-07 11:32:18,549 [INFO] WebApp:191 - Connection restablished
2026-06-07 11:32:18,804 [WARN] PackLoader:240 - Cannot read IP mode file for STMicroelectronics.X-CUBE-AZRTOS-H7.3.5.0
2026-06-07 11:32:18,827 [WARN] PackLoader:240 - Cannot read IP mode file for STMicroelectronics.FP-SNS-MOTENVWB1.1.4.0
2026-06-07 11:32:18,843 [WARN] PackLoader:240 - Cannot read IP mode file for STMicroelectronics.FP-ATR-ASTRA1.2.0.2
2026-06-07 11:32:18,866 [ERROR] Engine:466 - C:\Users\NIVYA\.stm32cubemx\thirdparties\pdsc\STMicroelectronics.X-CUBE-SMBUS.2.1.1.pdsc: PDSC version is not supported
2026-06-07 11:32:18,874 [WARN] PackLoader:240 - Cannot read IP mode file for STMicroelectronics.X-CUBE-SMBUS.2.1.0
2026-06-07 11:32:18,912 [ERROR] LogOutputStream:75 - [STDERR_REDIRECT] [Fatal Error] :1:1: Premature end of file.
2026-06-07 11:32:18,914 [ERROR] LogOutputStream:75 - [STDERR_REDIRECT] 
2026-06-07 11:32:18,962 [WARN] PackLoader:240 - Cannot read IP mode file for STMicroelectronics.X-CUBE-AZRTOS-F7.1.1.0
2026-06-07 11:32:18,986 [ERROR] Engine:466 - C:\Users\NIVYA\.stm32cubemx\thirdparties\pdsc\STMicroelectronics.FP-SNS-MOTENV1.5.1.0.pdsc: PDSC version is not supported
2026-06-07 11:32:19,003 [ERROR] Engine:466 - C:\Users\NIVYA\.stm32cubemx\thirdparties\pdsc\WES.I-CUBE-Cesium.1.4.0.pdsc: PDSC version is not supported
2026-06-07 11:32:19,130 [WARN] PackLoader:240 - Cannot read IP mode file for STMicroelectronics.X-CUBE-AZRTOS-H7.3.4.0
2026-06-07 11:32:19,168 [WARN] PackLoader:240 - Cannot read IP mode file for STMicroelectronics.X-CUBE-DISPLAY.3.0.0
2026-06-07 11:32:19,196 [WARN] PackLoader:240 - Cannot read IP mode file for STMicroelectronics.X-CUBE-GNSS1.7.1.1
2026-06-07 11:32:19,204 [ERROR] Engine:466 - C:\Users\NIVYA\.stm32cubemx\thirdparties\pdsc\STMicroelectronics.FP-SNS-MOTENVWB1.1.5.0.pdsc: PDSC version is not supported
2026-06-07 11:32:19,217 [WARN] PackLoader:240 - Cannot read IP mode file for STMicroelectronics.X-CUBE-NFC10.1.0.0
2026-06-07 11:32:19,231 [WARN] PackLoader:240 - Cannot read IP mode file for STMicroelectronics.X-CUBE-ST60.1.1.0
2026-06-07 11:32:19,247 [WARN] PackLoader:240 - Cannot read IP mode file for emotas.I-CUBE-CANOPEN.1.3.0
2026-06-07 11:32:19,255 [WARN] PackLoader:240 - Cannot read IP mode file for STMicroelectronics.X-CUBE-GNSS1.7.1.0
2026-06-07 11:32:19,262 [ERROR] Engine:466 - C:\Users\NIVYA\.stm32cubemx\thirdparties\pdsc\STMicroelectronics.FP-SNS-STBOX1.2.1.0.pdsc: PDSC version is not supported
2026-06-07 11:32:19,270 [WARN] PackLoader:240 - Cannot read IP mode file for STMicroelectronics.FP-SNS-SMARTAG2.1.2.0
2026-06-07 11:32:19,276 [WARN] PackLoader:240 - Cannot read IP mode file for STMicroelectronics.FP-SNS-FLIGHT1.5.1.0
2026-06-07 11:32:19,292 [INFO] LogOutputStream:77 - [STDOUT_REDIRECT] 1 : Invalid condition id : UX_CORESTACK_Condition cause : null
2026-06-07 11:32:19,293 [INFO] LogOutputStream:77 - [STDOUT_REDIRECT] 1 : Invalid condition id : UX_CORESTACK_Condition cause : null
2026-06-07 11:32:19,294 [INFO] LogOutputStream:77 - [STDOUT_REDIRECT] 1 : Invalid condition id : UX_CORESTACK_Condition cause : null
2026-06-07 11:32:19,296 [INFO] LogOutputStream:77 - [STDOUT_REDIRECT] 1 : Invalid condition id : UX_CORESTACK_Condition cause : null
2026-06-07 11:32:19,299 [INFO] LogOutputStream:77 - [STDOUT_REDIRECT] 1 : Invalid condition id : UX_CORESTACK_Condition cause : null
2026-06-07 11:32:19,302 [WARN] PackLoader:240 - Cannot read IP mode file for STMicroelectronics.X-CUBE-AZRTOS-WL.2.0.0
2026-06-07 11:32:19,326 [WARN] PackLoader:240 - Cannot read IP mode file for STMicroelectronics.X-CUBE-AZRTOS-H7RS.1.2.0
2026-06-07 11:32:19,338 [WARN] PackLoader:240 - Cannot read IP mode file for STMicroelectronics.X-CUBE-BLE2.3.3.0
2026-06-07 11:32:19,405 [WARN] PackLoader:240 - Cannot read IP mode file for Infineon.AIROC-Wi-Fi-Bluetooth-STM32.1.8.0
2026-06-07 11:32:19,423 [WARN] PackLoader:240 - Cannot read IP mode file for STMicroelectronics.X-CUBE-NFC9.1.0.0
2026-06-07 11:32:19,436 [WARN] PackLoader:240 - Cannot read IP mode file for wolfSSL.I-CUBE-wolfSSL.5.8.2
2026-06-07 11:32:19,444 [WARN] PackLoader:240 - Cannot read IP mode file for STMicroelectronics.X-CUBE-BLE1.7.1.0
2026-06-07 11:32:19,452 [WARN] PackLoader:240 - Cannot read IP mode file for wolfSSL.I-CUBE-wolfMQTT.1.19.2
2026-06-07 11:32:19,458 [ERROR] Engine:466 - C:\Users\NIVYA\.stm32cubemx\thirdparties\pdsc\STMicroelectronics.X-CUBE-FREERTOS.1.4.0.pdsc: PDSC version is not supported
2026-06-07 11:32:19,467 [WARN] PackLoader:240 - Cannot read IP mode file for STMicroelectronics.X-CUBE-EEPRMA1.5.2.0
2026-06-07 11:32:19,476 [WARN] PackLoader:240 - Cannot read IP mode file for Cesanta.I-CUBE-Mongoose.7.20.0
2026-06-07 11:32:19,480 [ERROR] Engine:466 - C:\Users\NIVYA\.stm32cubemx\thirdparties\pdsc\STMicroelectronics.X-CUBE-ST67W61.1.1.0.pdsc: PDSC version is not supported
2026-06-07 11:32:19,483 [ERROR] Engine:466 - C:\Users\NIVYA\.stm32cubemx\thirdparties\pdsc\STMicroelectronics.FP-SNS-STAIOTCFT.1.1.0.pdsc: PDSC version is not supported
2026-06-07 11:32:19,548 [WARN] PackLoader:240 - Cannot read IP mode file for STMicroelectronics.X-CUBE-MEMS1.12.0.0
2026-06-07 11:32:19,732 [WARN] PackLoader:240 - Cannot read IP mode file for STMicroelectronics.X-CUBE-AZRTOS-G0.1.1.0
2026-06-07 11:32:19,746 [WARN] PackLoader:240 - Cannot read IP mode file for STMicroelectronics.X-CUBE-NFC4.3.0.0
2026-06-07 11:32:19,763 [WARN] PackLoader:240 - Cannot read IP mode file for EmbeddedOffice.I-CUBE-FS-RTOS.1.0.1
2026-06-07 11:32:19,777 [WARN] PackLoader:240 - Cannot read IP mode file for STMicroelectronics.X-CUBE-WB05N.2.0.0
2026-06-07 11:32:19,787 [WARN] PackLoader:240 - Cannot read IP mode file for wolfSSL.I-CUBE-wolfTPM.3.8.0
2026-06-07 11:32:19,798 [WARN] PackLoader:240 - Cannot read IP mode file for STMicroelectronics.X-CUBE-TCPP.4.2.0
2026-06-07 11:32:19,813 [WARN] PackLoader:240 - Cannot read IP mode file for RealThread.X-CUBE-RT-Thread_Nano.4.1.1
2026-06-07 11:32:19,823 [WARN] PackLoader:240 - Cannot read IP mode file for STMicroelectronics.FP-ATR-SIGFOX1.3.2.0
2026-06-07 11:32:19,828 [ERROR] Engine:466 - C:\Users\NIVYA\.stm32cubemx\thirdparties\pdsc\STMicroelectronics.X-CUBE-FREERTOS.1.5.0.pdsc: PDSC version is not supported
2026-06-07 11:32:19,839 [WARN] PackLoader:240 - Cannot read IP mode file for ITTIA_DB.I-CUBE-ITTIADB.8.9.0
2026-06-07 11:32:19,850 [WARN] PackLoader:240 - Cannot read IP mode file for STMicroelectronics.X-CUBE-NFC6.3.2.0
2026-06-07 11:32:19,858 [ERROR] LogOutputStream:75 - [STDERR_REDIRECT] [Fatal Error] :1:1: Premature end of file.
2026-06-07 11:32:19,859 [ERROR] LogOutputStream:75 - [STDERR_REDIRECT] 
2026-06-07 11:32:19,861 [WARN] PackLoader:240 - Cannot read IP mode file for STMicroelectronics.X-CUBE-AI.10.2.0
2026-06-07 11:32:19,929 [WARN] PackLoader:240 - Cannot read IP mode file for STMicroelectronics.X-CUBE-MEMS1.12.1.0
2026-06-07 11:32:20,125 [WARN] PackLoader:240 - Cannot read IP mode file for SEGGER.I-CUBE-embOS.1.3.1
2026-06-07 11:32:20,192 [WARN] PackLoader:240 - Cannot read IP mode file for STMicroelectronics.X-CUBE-ALGOBUILD.1.4.0
2026-06-07 11:32:20,199 [WARN] PackLoader:240 - Cannot read IP mode file for STMicroelectronics.X-CUBE-PM33A1.1.0.0
2026-06-07 11:32:20,218 [WARN] PackLoader:240 - Cannot read IP mode file for STMicroelectronics.X-CUBE-AZRTOS-F4.1.1.0
2026-06-07 11:32:20,241 [WARN] PackLoader:240 - Cannot read IP mode file for STMicroelectronics.X-CUBE-ISPU.2.1.0
2026-06-07 11:32:20,250 [ERROR] Engine:466 - C:\Users\NIVYA\.stm32cubemx\thirdparties\pdsc\STMicroelectronics.X-CUBE-IPS.3.2.0.pdsc: PDSC version is not supported
2026-06-07 11:32:20,257 [WARN] PackLoader:240 - Cannot read IP mode file for STMicroelectronics.eDS-WB_DPC_TT-BIDIR.2.1.1
2026-06-07 11:32:20,266 [WARN] PackLoader:240 - Cannot read IP mode file for STMicroelectronics.X-CUBE-NFC12.1.0.0
2026-06-07 11:32:20,293 [WARN] PackLoader:240 - Cannot read IP mode file for STMicroelectronics.X-CUBE-AZRTOS-L5.2.0.0
2026-06-07 11:32:20,308 [WARN] PackLoader:240 - Cannot read IP mode file for STMicroelectronics.X-CUBE-NFC6.3.1.0
2026-06-07 11:32:20,321 [WARN] PackLoader:240 - Cannot read IP mode file for STMicroelectronics.X-CUBE-ALGOBUILD.1.5.0
2026-06-07 11:32:20,369 [WARN] PackLoader:240 - Cannot read IP mode file for STMicroelectronics.eDS-WB_DPC_VIENNA.1.2.0
2026-06-07 11:32:20,378 [WARN] PackLoader:240 - Cannot read IP mode file for STMicroelectronics.eDS-WB_DPC_3PH2L-BIDIR.1.1.1
2026-06-07 11:32:20,381 [ERROR] Engine:466 - C:\Users\NIVYA\.stm32cubemx\thirdparties\pdsc\STMicroelectronics.X-CUBE-ST67W61.1.3.0.pdsc: PDSC version is not supported
2026-06-07 11:32:20,393 [WARN] PackLoader:240 - Cannot read IP mode file for STMicroelectronics.X-CUBE-TOUCHGFX.4.26.0
2026-06-07 11:32:20,398 [WARN] PackLoader:240 - Cannot read IP mode file for STMicroelectronics.X-CUBE-TOUCHGFX.4.26.1
2026-06-07 11:32:20,438 [WARN] PackLoader:240 - Cannot read IP mode file for STMicroelectronics.FP-SNS-STAIOTCFT.1.0.0
2026-06-07 11:32:20,448 [WARN] PackLoader:240 - Cannot read IP mode file for STMicroelectronics.X-CUBE-DPower.1.3.0
2026-06-07 11:32:20,473 [WARN] ConditionMgr:438 - getConditionDescription Invalid condition id : LAN8742 Phy interface Condition cause : null
2026-06-07 11:32:20,474 [WARN] PackLoader:240 - Cannot read IP mode file for STMicroelectronics.X-CUBE-AZRTOS-L4.2.0.0
2026-06-07 11:32:20,475 [WARN] ConditionMgr:1044 - genDependencies : Invalid condition id : LAN8742 Phy interface Condition cause : null
2026-06-07 11:32:20,476 [WARN] ConditionMgr:1044 - genDependencies : Invalid condition id : LAN8742 Phy interface Condition cause : null
2026-06-07 11:32:20,477 [WARN] ConditionMgr:1044 - genDependencies : Invalid condition id : LAN8742 Phy interface Condition cause : null
2026-06-07 11:32:20,521 [WARN] PackLoader:240 - Cannot read IP mode file for STMicroelectronics.X-CUBE-SFXS2LP1.4.0.0
2026-06-07 11:32:20,528 [WARN] PackLoader:240 - Cannot read IP mode file for STMicroelectronics.X-CUBE-WB05N.2.1.0
2026-06-07 11:32:20,532 [ERROR] Engine:466 - C:\Users\NIVYA\.stm32cubemx\thirdparties\pdsc\STMicroelectronics.X-CUBE-ST67W61.1.2.0.pdsc: PDSC version is not supported
2026-06-07 11:32:20,548 [WARN] PackLoader:240 - Cannot read IP mode file for STMicroelectronics.X-CUBE-BLEMGR.4.1.0
2026-06-07 11:32:20,572 [WARN] ConditionMgr:438 - getConditionDescription Invalid condition id : UX DEVICE CLASS RTOS Condition cause : null
2026-06-07 11:32:20,572 [WARN] ConditionMgr:438 - getConditionDescription Invalid condition id : UX DEVICE CLASS RTOS Condition cause : null
2026-06-07 11:32:20,574 [WARN] PackLoader:240 - Cannot read IP mode file for STMicroelectronics.X-CUBE-AZRTOS-WB.2.0.0
2026-06-07 11:32:20,575 [WARN] ConditionMgr:1044 - genDependencies : Invalid condition id : UX DEVICE CLASS RTOS Condition cause : null
2026-06-07 11:32:20,575 [WARN] ConditionMgr:1044 - genDependencies : Invalid condition id : UX DEVICE CLASS RTOS Condition cause : null
2026-06-07 11:32:20,576 [WARN] ConditionMgr:1044 - genDependencies : Invalid condition id : UX DEVICE CLASS RTOS Condition cause : null
2026-06-07 11:32:20,576 [WARN] ConditionMgr:1044 - genDependencies : Invalid condition id : UX DEVICE CLASS RTOS Condition cause : null
2026-06-07 11:32:20,576 [WARN] ConditionMgr:1044 - genDependencies : Invalid condition id : UX DEVICE CLASS RTOS Condition cause : null
2026-06-07 11:32:20,585 [WARN] ConditionMgr:438 - getConditionDescription Invalid condition id : Cortex-A Device cause : null
2026-06-07 11:32:20,601 [WARN] ConditionMgr:1044 - genDependencies : Invalid condition id : Cortex-A Device cause : null
2026-06-07 11:32:20,601 [WARN] ConditionMgr:1044 - genDependencies : Invalid condition id : Cortex-A Device cause : null
2026-06-07 11:32:20,601 [WARN] ConditionMgr:1044 - genDependencies : Invalid condition id : Cortex-A Device cause : null
2026-06-07 11:32:20,616 [WARN] PackLoader:240 - Cannot read IP mode file for STMicroelectronics.X-CUBE-STSE01.2.0.0
2026-06-07 11:32:20,631 [WARN] PackLoader:240 - Cannot read IP mode file for STMicroelectronics.X-CUBE-SUBG2.5.0.0
2026-06-07 11:32:20,684 [WARN] PackLoader:240 - Cannot read IP mode file for STMicroelectronics.X-CUBE-AZRTOS-G4.2.0.0
2026-06-07 11:32:20,693 [WARN] PackLoader:240 - Cannot read IP mode file for wolfSSL.I-CUBE-wolfSSH.1.4.20
2026-06-07 11:32:20,699 [WARN] PackLoader:240 - Cannot read IP mode file for STMicroelectronics.X-CUBE-NFC7.2.0.0
2026-06-07 11:32:20,709 [WARN] PackLoader:240 - Cannot read IP mode file for STMicroelectronics.X-CUBE-ALS.1.0.2
2026-06-07 11:32:20,717 [WARN] PackLoader:240 - Cannot read IP mode file for STMicroelectronics.X-CUBE-STSE01.1.0.0
2026-06-07 11:32:20,729 [WARN] PackLoader:240 - Cannot read IP mode file for STMicroelectronics.X-CUBE-TOF1.3.4.3
2026-06-07 11:32:20,742 [INFO] ThirdParty:978 - Integrity check success = true
2026-06-07 11:32:20,742 [INFO] IntegrityCheckThread:100 - exiting critical section [integrity check]
2026-06-07 11:32:20,742 [INFO] IntegrityCheckThread:103 - End integrity checks thread
2026-06-07 11:32:20,851 [ERROR] LogOutputStream:75 - [STDERR_REDIRECT] [Fatal Error] :1:1: Premature end of file.
2026-06-07 11:32:20,852 [ERROR] LogOutputStream:75 - [STDERR_REDIRECT] 
2026-06-07 11:32:21,817 [ERROR] LogOutputStream:75 - [STDERR_REDIRECT] [Fatal Error] :1:1: Premature end of file.
2026-06-07 11:32:21,817 [ERROR] LogOutputStream:75 - [STDERR_REDIRECT] 
2026-06-07 11:32:22,827 [ERROR] LogOutputStream:75 - [STDERR_REDIRECT] [Fatal Error] :1:1: Premature end of file.
2026-06-07 11:32:22,827 [ERROR] LogOutputStream:75 - [STDERR_REDIRECT] 
2026-06-07 11:32:23,820 [ERROR] LogOutputStream:75 - [STDERR_REDIRECT] [Fatal Error] :1:1: Premature end of file.
2026-06-07 11:32:23,820 [ERROR] LogOutputStream:75 - [STDERR_REDIRECT] 
2026-06-07 11:32:24,822 [ERROR] LogOutputStream:75 - [STDERR_REDIRECT] [Fatal Error] :1:1: Premature end of file.
2026-06-07 11:32:24,822 [ERROR] LogOutputStream:75 - [STDERR_REDIRECT] 
2026-06-07 11:32:25,821 [ERROR] LogOutputStream:75 - [STDERR_REDIRECT] [Fatal Error] :1:1: Premature end of file.
2026-06-07 11:32:25,821 [ERROR] LogOutputStream:75 - [STDERR_REDIRECT] 
2026-06-07 11:32:26,821 [ERROR] LogOutputStream:75 - [STDERR_REDIRECT] [Fatal Error] :1:1: Premature end of file.
2026-06-07 11:32:26,821 [ERROR] LogOutputStream:75 - [STDERR_REDIRECT] 
2026-06-07 11:32:27,818 [ERROR] LogOutputStream:75 - [STDERR_REDIRECT] [Fatal Error] :1:1: Premature end of file.
2026-06-07 11:32:27,818 [ERROR] LogOutputStream:75 - [STDERR_REDIRECT] 
2026-06-07 11:32:28,825 [ERROR] LogOutputStream:75 - [STDERR_REDIRECT] [Fatal Error] :1:1: Premature end of file.
2026-06-07 11:32:28,826 [ERROR] LogOutputStream:75 - [STDERR_REDIRECT] 
2026-06-07 11:32:29,820 [ERROR] LogOutputStream:75 - [STDERR_REDIRECT] [Fatal Error] :1:1: Premature end of file.
2026-06-07 11:32:29,821 [ERROR] LogOutputStream:75 - [STDERR_REDIRECT] 
2026-06-07 11:32:30,819 [ERROR] LogOutputStream:75 - [STDERR_REDIRECT] [Fatal Error] :1:1: Premature end of file.
2026-06-07 11:32:30,819 [ERROR] LogOutputStream:75 - [STDERR_REDIRECT] 
2026-06-07 11:32:31,835 [ERROR] LogOutputStream:75 - [STDERR_REDIRECT] [Fatal Error] :1:1: Premature end of file.
2026-06-07 11:32:31,835 [ERROR] LogOutputStream:75 - [STDERR_REDIRECT] 
2026-06-07 11:32:32,821 [ERROR] LogOutputStream:75 - [STDERR_REDIRECT] [Fatal Error] :1:1: Premature end of file.
2026-06-07 11:32:32,822 [ERROR] LogOutputStream:75 - [STDERR_REDIRECT] 
2026-06-07 11:32:33,824 [ERROR] LogOutputStream:75 - [STDERR_REDIRECT] [Fatal Error] :1:1: Premature end of file.
2026-06-07 11:32:33,824 [ERROR] LogOutputStream:75 - [STDERR_REDIRECT] 
2026-06-07 11:32:34,823 [ERROR] LogOutputStream:75 - [STDERR_REDIRECT] [Fatal Error] :1:1: Premature end of file.
2026-06-07 11:32:34,824 [ERROR] LogOutputStream:75 - [STDERR_REDIRECT] 
2026-06-07 11:32:35,820 [ERROR] LogOutputStream:75 - [STDERR_REDIRECT] [Fatal Error] :1:1: Premature end of file.
2026-06-07 11:32:35,820 [ERROR] LogOutputStream:75 - [STDERR_REDIRECT] 
2026-06-07 11:32:36,830 [ERROR] LogOutputStream:75 - [STDERR_REDIRECT] [Fatal Error] :1:1: Premature end of file.
2026-06-07 11:32:36,830 [ERROR] LogOutputStream:75 - [STDERR_REDIRECT] 
2026-06-07 11:32:37,809 [ERROR] LogOutputStream:75 - [STDERR_REDIRECT] [Fatal Error] :1:1: Premature end of file.
2026-06-07 11:32:37,810 [ERROR] LogOutputStream:75 - [STDERR_REDIRECT] 
2026-06-07 11:32:38,820 [ERROR] LogOutputStream:75 - [STDERR_REDIRECT] [Fatal Error] :1:1: Premature end of file.
2026-06-07 11:32:38,820 [ERROR] LogOutputStream:75 - [STDERR_REDIRECT] 
2026-06-07 11:32:39,840 [ERROR] LogOutputStream:75 - [STDERR_REDIRECT] [Fatal Error] :1:1: Premature end of file.
2026-06-07 11:32:39,841 [ERROR] LogOutputStream:75 - [STDERR_REDIRECT] 
2026-06-07 11:32:40,835 [ERROR] LogOutputStream:75 - [STDERR_REDIRECT] [Fatal Error] :1:1: Premature end of file.
2026-06-07 11:32:40,835 [ERROR] LogOutputStream:75 - [STDERR_REDIRECT] 
2026-06-07 11:32:41,831 [ERROR] LogOutputStream:75 - [STDERR_REDIRECT] [Fatal Error] :1:1: Premature end of file.
2026-06-07 11:32:41,832 [ERROR] LogOutputStream:75 - [STDERR_REDIRECT] 
2026-06-07 11:32:42,821 [ERROR] LogOutputStream:75 - [STDERR_REDIRECT] [Fatal Error] :1:1: Premature end of file.
2026-06-07 11:32:42,821 [ERROR] LogOutputStream:75 - [STDERR_REDIRECT] 
2026-06-07 11:32:43,830 [ERROR] LogOutputStream:75 - [STDERR_REDIRECT] [Fatal Error] :1:1: Premature end of file.
2026-06-07 11:32:43,830 [ERROR] LogOutputStream:75 - [STDERR_REDIRECT] 
2026-06-07 11:32:44,819 [ERROR] LogOutputStream:75 - [STDERR_REDIRECT] [Fatal Error] :1:1: Premature end of file.
2026-06-07 11:32:44,819 [ERROR] LogOutputStream:75 - [STDERR_REDIRECT] 
2026-06-07 11:32:45,834 [ERROR] LogOutputStream:75 - [STDERR_REDIRECT] [Fatal Error] :1:1: Premature end of file.
2026-06-07 11:32:45,835 [ERROR] LogOutputStream:75 - [STDERR_REDIRECT] 
2026-06-07 11:32:46,853 [ERROR] LogOutputStream:75 - [STDERR_REDIRECT] [Fatal Error] :1:1: Premature end of file.
2026-06-07 11:32:46,854 [ERROR] LogOutputStream:75 - [STDERR_REDIRECT] 
2026-06-07 11:32:47,822 [ERROR] LogOutputStream:75 - [STDERR_REDIRECT] [Fatal Error] :1:1: Premature end of file.
2026-06-07 11:32:47,823 [ERROR] LogOutputStream:75 - [STDERR_REDIRECT] 
2026-06-07 11:32:48,842 [ERROR] LogOutputStream:75 - [STDERR_REDIRECT] [Fatal Error] :1:1: Premature end of file.
2026-06-07 11:32:48,843 [ERROR] LogOutputStream:75 - [STDERR_REDIRECT] 
2026-06-07 11:32:49,825 [ERROR] LogOutputStream:75 - [STDERR_REDIRECT] [Fatal Error] :1:1: Premature end of file.
2026-06-07 11:32:49,825 [ERROR] LogOutputStream:75 - [STDERR_REDIRECT] 
2026-06-07 11:32:50,818 [ERROR] LogOutputStream:75 - [STDERR_REDIRECT] [Fatal Error] :1:1: Premature end of file.
2026-06-07 11:32:50,819 [ERROR] LogOutputStream:75 - [STDERR_REDIRECT] 
2026-06-07 11:32:51,818 [ERROR] LogOutputStream:75 - [STDERR_REDIRECT] [Fatal Error] :1:1: Premature end of file.
2026-06-07 11:32:51,818 [ERROR] LogOutputStream:75 - [STDERR_REDIRECT] 
2026-06-07 11:32:52,814 [ERROR] LogOutputStream:75 - [STDERR_REDIRECT] [Fatal Error] :1:1: Premature end of file.
2026-06-07 11:32:52,814 [ERROR] LogOutputStream:75 - [STDERR_REDIRECT] 
2026-06-07 11:32:53,814 [ERROR] LogOutputStream:75 - [STDERR_REDIRECT] [Fatal Error] :1:1: Premature end of file.
2026-06-07 11:32:53,815 [ERROR] LogOutputStream:75 - [STDERR_REDIRECT] 
2026-06-07 11:32:54,831 [ERROR] LogOutputStream:75 - [STDERR_REDIRECT] [Fatal Error] :1:1: Premature end of file.
2026-06-07 11:32:54,831 [ERROR] LogOutputStream:75 - [STDERR_REDIRECT] 
2026-06-07 11:32:55,836 [ERROR] LogOutputStream:75 - [STDERR_REDIRECT] [Fatal Error] :1:1: Premature end of file.
2026-06-07 11:32:55,837 [ERROR] LogOutputStream:75 - [STDERR_REDIRECT] 
2026-06-07 11:32:56,823 [ERROR] LogOutputStream:75 - [STDERR_REDIRECT] [Fatal Error] :1:1: Premature end of file.
2026-06-07 11:32:56,824 [ERROR] LogOutputStream:75 - [STDERR_REDIRECT] 
2026-06-07 11:32:57,826 [ERROR] LogOutputStream:75 - [STDERR_REDIRECT] [Fatal Error] :1:1: Premature end of file.
2026-06-07 11:32:57,826 [ERROR] LogOutputStream:75 - [STDERR_REDIRECT] 
2026-06-07 11:32:58,817 [ERROR] LogOutputStream:75 - [STDERR_REDIRECT] [Fatal Error] :1:1: Premature end of file.
2026-06-07 11:32:58,817 [ERROR] LogOutputStream:75 - [STDERR_REDIRECT] 
2026-06-07 11:32:59,826 [ERROR] LogOutputStream:75 - [STDERR_REDIRECT] [Fatal Error] :1:1: Premature end of file.
2026-06-07 11:32:59,826 [ERROR] LogOutputStream:75 - [STDERR_REDIRECT] 
2026-06-07 11:33:00,813 [ERROR] LogOutputStream:75 - [STDERR_REDIRECT] [Fatal Error] :1:1: Premature end of file.
2026-06-07 11:33:00,813 [ERROR] LogOutputStream:75 - [STDERR_REDIRECT] 
2026-06-07 11:33:01,832 [ERROR] LogOutputStream:75 - [STDERR_REDIRECT] [Fatal Error] :1:1: Premature end of file.
2026-06-07 11:33:01,832 [ERROR] LogOutputStream:75 - [STDERR_REDIRECT] 
2026-06-07 11:33:02,834 [ERROR] LogOutputStream:75 - [STDERR_REDIRECT] [Fatal Error] :1:1: Premature end of file.
2026-06-07 11:33:02,834 [ERROR] LogOutputStream:75 - [STDERR_REDIRECT] 
2026-06-07 11:33:03,832 [ERROR] LogOutputStream:75 - [STDERR_REDIRECT] [Fatal Error] :1:1: Premature end of file.
2026-06-07 11:33:03,832 [ERROR] LogOutputStream:75 - [STDERR_REDIRECT] 
2026-06-07 11:33:04,822 [ERROR] LogOutputStream:75 - [STDERR_REDIRECT] [Fatal Error] :1:1: Premature end of file.
2026-06-07 11:33:04,822 [ERROR] LogOutputStream:75 - [STDERR_REDIRECT] 
2026-06-07 11:33:05,827 [ERROR] LogOutputStream:75 - [STDERR_REDIRECT] [Fatal Error] :1:1: Premature end of file.
2026-06-07 11:33:05,828 [ERROR] LogOutputStream:75 - [STDERR_REDIRECT] 
2026-06-07 11:33:06,831 [ERROR] LogOutputStream:75 - [STDERR_REDIRECT] [Fatal Error] :1:1: Premature end of file.
2026-06-07 11:33:06,831 [ERROR] LogOutputStream:75 - [STDERR_REDIRECT] 
2026-06-07 11:33:07,829 [ERROR] LogOutputStream:75 - [STDERR_REDIRECT] [Fatal Error] :1:1: Premature end of file.
2026-06-07 11:33:07,829 [ERROR] LogOutputStream:75 - [STDERR_REDIRECT] 
2026-06-07 11:33:08,819 [ERROR] LogOutputStream:75 - [STDERR_REDIRECT] [Fatal Error] :1:1: Premature end of file.
2026-06-07 11:33:08,819 [ERROR] LogOutputStream:75 - [STDERR_REDIRECT] 
2026-06-07 11:33:09,865 [ERROR] LogOutputStream:75 - [STDERR_REDIRECT] [Fatal Error] :1:1: Premature end of file.
2026-06-07 11:33:09,865 [ERROR] LogOutputStream:75 - [STDERR_REDIRECT] 
2026-06-07 11:33:10,822 [ERROR] LogOutputStream:75 - [STDERR_REDIRECT] [Fatal Error] :1:1: Premature end of file.
2026-06-07 11:33:10,823 [ERROR] LogOutputStream:75 - [STDERR_REDIRECT] 
2026-06-07 11:33:11,821 [ERROR] LogOutputStream:75 - [STDERR_REDIRECT] [Fatal Error] :1:1: Premature end of file.
2026-06-07 11:33:11,822 [ERROR] LogOutputStream:75 - [STDERR_REDIRECT] 
2026-06-07 11:33:12,823 [ERROR] LogOutputStream:75 - [STDERR_REDIRECT] [Fatal Error] :1:1: Premature end of file.
2026-06-07 11:33:12,824 [ERROR] LogOutputStream:75 - [STDERR_REDIRECT] 
2026-06-07 11:33:13,818 [ERROR] LogOutputStream:75 - [STDERR_REDIRECT] [Fatal Error] :1:1: Premature end of file.
2026-06-07 11:33:13,818 [ERROR] LogOutputStream:75 - [STDERR_REDIRECT] 
2026-06-07 11:33:14,817 [ERROR] LogOutputStream:75 - [STDERR_REDIRECT] [Fatal Error] :1:1: Premature end of file.
2026-06-07 11:33:14,817 [ERROR] LogOutputStream:75 - [STDERR_REDIRECT] 
2026-06-07 11:33:15,819 [ERROR] LogOutputStream:75 - [STDERR_REDIRECT] [Fatal Error] :1:1: Premature end of file.
2026-06-07 11:33:15,820 [ERROR] LogOutputStream:75 - [STDERR_REDIRECT] 
2026-06-07 11:33:16,822 [ERROR] LogOutputStream:75 - [STDERR_REDIRECT] [Fatal Error] :1:1: Premature end of file.
2026-06-07 11:33:16,823 [ERROR] LogOutputStream:75 - [STDERR_REDIRECT] 
2026-06-07 11:33:17,825 [ERROR] LogOutputStream:75 - [STDERR_REDIRECT] [Fatal Error] :1:1: Premature end of file.
2026-06-07 11:33:17,825 [ERROR] LogOutputStream:75 - [STDERR_REDIRECT] 
2026-06-07 11:33:18,837 [ERROR] LogOutputStream:75 - [STDERR_REDIRECT] [Fatal Error] :1:1: Premature end of file.
2026-06-07 11:33:18,837 [ERROR] LogOutputStream:75 - [STDERR_REDIRECT] 
2026-06-07 11:33:19,826 [ERROR] LogOutputStream:75 - [STDERR_REDIRECT] [Fatal Error] :1:1: Premature end of file.
2026-06-07 11:33:19,826 [ERROR] LogOutputStream:75 - [STDERR_REDIRECT] 
2026-06-07 11:33:20,823 [ERROR] LogOutputStream:75 - [STDERR_REDIRECT] [Fatal Error] :1:1: Premature end of file.
2026-06-07 11:33:20,824 [ERROR] LogOutputStream:75 - [STDERR_REDIRECT] 
2026-06-07 11:33:21,817 [ERROR] LogOutputStream:75 - [STDERR_REDIRECT] [Fatal Error] :1:1: Premature end of file.
2026-06-07 11:33:21,818 [ERROR] LogOutputStream:75 - [STDERR_REDIRECT] 
2026-06-07 11:33:22,822 [ERROR] LogOutputStream:75 - [STDERR_REDIRECT] [Fatal Error] :1:1: Premature end of file.
2026-06-07 11:33:22,822 [ERROR] LogOutputStream:75 - [STDERR_REDIRECT] 
2026-06-07 11:33:23,818 [ERROR] LogOutputStream:75 - [STDERR_REDIRECT] [Fatal Error] :1:1: Premature end of file.
2026-06-07 11:33:23,818 [ERROR] LogOutputStream:75 - [STDERR_REDIRECT] 
2026-06-07 11:33:24,819 [ERROR] LogOutputStream:75 - [STDERR_REDIRECT] [Fatal Error] :1:1: Premature end of file.
2026-06-07 11:33:24,819 [ERROR] LogOutputStream:75 - [STDERR_REDIRECT] 
2026-06-07 11:33:25,821 [ERROR] LogOutputStream:75 - [STDERR_REDIRECT] [Fatal Error] :1:1: Premature end of file.
2026-06-07 11:33:25,821 [ERROR] LogOutputStream:75 - [STDERR_REDIRECT] 
2026-06-07 11:33:26,827 [ERROR] LogOutputStream:75 - [STDERR_REDIRECT] [Fatal Error] :1:1: Premature end of file.
2026-06-07 11:33:26,828 [ERROR] LogOutputStream:75 - [STDERR_REDIRECT] 
2026-06-07 11:33:27,822 [ERROR] LogOutputStream:75 - [STDERR_REDIRECT] [Fatal Error] :1:1: Premature end of file.
2026-06-07 11:33:27,823 [ERROR] LogOutputStream:75 - [STDERR_REDIRECT] 
2026-06-07 11:33:28,825 [ERROR] LogOutputStream:75 - [STDERR_REDIRECT] [Fatal Error] :1:1: Premature end of file.
2026-06-07 11:33:28,825 [ERROR] LogOutputStream:75 - [STDERR_REDIRECT] 
2026-06-07 11:33:29,906 [ERROR] LogOutputStream:75 - [STDERR_REDIRECT] [Fatal Error] :1:1: Premature end of file.
2026-06-07 11:33:29,907 [ERROR] LogOutputStream:75 - [STDERR_REDIRECT] 
2026-06-07 11:33:30,834 [ERROR] LogOutputStream:75 - [STDERR_REDIRECT] [Fatal Error] :1:1: Premature end of file.
2026-06-07 11:33:30,845 [ERROR] LogOutputStream:75 - [STDERR_REDIRECT] 
2026-06-07 11:33:31,833 [ERROR] LogOutputStream:75 - [STDERR_REDIRECT] [Fatal Error] :1:1: Premature end of file.
2026-06-07 11:33:31,833 [ERROR] LogOutputStream:75 - [STDERR_REDIRECT] 
2026-06-07 11:33:32,817 [ERROR] LogOutputStream:75 - [STDERR_REDIRECT] [Fatal Error] :1:1: Premature end of file.
2026-06-07 11:33:32,817 [ERROR] LogOutputStream:75 - [STDERR_REDIRECT] 
2026-06-07 11:33:33,820 [ERROR] LogOutputStream:75 - [STDERR_REDIRECT] [Fatal Error] :1:1: Premature end of file.
2026-06-07 11:33:33,820 [ERROR] LogOutputStream:75 - [STDERR_REDIRECT] 
2026-06-07 11:33:34,821 [ERROR] LogOutputStream:75 - [STDERR_REDIRECT] [Fatal Error] :1:1: Premature end of file.
2026-06-07 11:33:34,821 [ERROR] LogOutputStream:75 - [STDERR_REDIRECT] 
2026-06-07 11:33:35,824 [ERROR] LogOutputStream:75 - [STDERR_REDIRECT] [Fatal Error] :1:1: Premature end of file.
2026-06-07 11:33:35,824 [ERROR] LogOutputStream:75 - [STDERR_REDIRECT] 
2026-06-07 11:33:36,826 [ERROR] LogOutputStream:75 - [STDERR_REDIRECT] [Fatal Error] :1:1: Premature end of file.
2026-06-07 11:33:36,827 [ERROR] LogOutputStream:75 - [STDERR_REDIRECT] 
2026-06-07 11:33:37,821 [ERROR] LogOutputStream:75 - [STDERR_REDIRECT] [Fatal Error] :1:1: Premature end of file.
2026-06-07 11:33:37,821 [ERROR] LogOutputStream:75 - [STDERR_REDIRECT] 
2026-06-07 11:33:38,819 [ERROR] LogOutputStream:75 - [STDERR_REDIRECT] [Fatal Error] :1:1: Premature end of file.
2026-06-07 11:33:38,819 [ERROR] LogOutputStream:75 - [STDERR_REDIRECT] 
2026-06-07 11:33:39,819 [ERROR] LogOutputStream:75 - [STDERR_REDIRECT] [Fatal Error] :1:1: Premature end of file.
2026-06-07 11:33:39,820 [ERROR] LogOutputStream:75 - [STDERR_REDIRECT] 
2026-06-07 11:33:40,820 [ERROR] LogOutputStream:75 - [STDERR_REDIRECT] [Fatal Error] :1:1: Premature end of file.
2026-06-07 11:33:40,820 [ERROR] LogOutputStream:75 - [STDERR_REDIRECT] 
2026-06-07 11:33:41,820 [ERROR] LogOutputStream:75 - [STDERR_REDIRECT] [Fatal Error] :1:1: Premature end of file.
2026-06-07 11:33:41,820 [ERROR] LogOutputStream:75 - [STDERR_REDIRECT] 
2026-06-07 11:33:42,819 [ERROR] LogOutputStream:75 - [STDERR_REDIRECT] [Fatal Error] :1:1: Premature end of file.
2026-06-07 11:33:42,819 [ERROR] LogOutputStream:75 - [STDERR_REDIRECT] 
2026-06-07 11:33:43,823 [ERROR] LogOutputStream:75 - [STDERR_REDIRECT] [Fatal Error] :1:1: Premature end of file.
2026-06-07 11:33:43,824 [ERROR] LogOutputStream:75 - [STDERR_REDIRECT] 
2026-06-07 11:33:44,820 [ERROR] LogOutputStream:75 - [STDERR_REDIRECT] [Fatal Error] :1:1: Premature end of file.
2026-06-07 11:33:44,820 [ERROR] LogOutputStream:75 - [STDERR_REDIRECT] 
2026-06-07 11:33:45,828 [ERROR] LogOutputStream:75 - [STDERR_REDIRECT] [Fatal Error] :1:1: Premature end of file.
2026-06-07 11:33:45,851 [ERROR] LogOutputStream:75 - [STDERR_REDIRECT] 
2026-06-07 11:33:46,818 [ERROR] LogOutputStream:75 - [STDERR_REDIRECT] [Fatal Error] :1:1: Premature end of file.
2026-06-07 11:33:46,818 [ERROR] LogOutputStream:75 - [STDERR_REDIRECT] 
2026-06-07 11:33:47,822 [ERROR] LogOutputStream:75 - [STDERR_REDIRECT] [Fatal Error] :1:1: Premature end of file.
2026-06-07 11:33:47,823 [ERROR] LogOutputStream:75 - [STDERR_REDIRECT] 
2026-06-07 11:33:48,827 [ERROR] LogOutputStream:75 - [STDERR_REDIRECT] [Fatal Error] :1:1: Premature end of file.
2026-06-07 11:33:48,828 [ERROR] LogOutputStream:75 - [STDERR_REDIRECT] 
2026-06-07 11:33:49,821 [ERROR] LogOutputStream:75 - [STDERR_REDIRECT] [Fatal Error] :1:1: Premature end of file.
2026-06-07 11:33:49,821 [ERROR] LogOutputStream:75 - [STDERR_REDIRECT] 
2026-06-07 11:33:50,823 [ERROR] LogOutputStream:75 - [STDERR_REDIRECT] [Fatal Error] :1:1: Premature end of file.
2026-06-07 11:33:50,823 [ERROR] LogOutputStream:75 - [STDERR_REDIRECT] 
2026-06-07 11:33:51,861 [ERROR] LogOutputStream:75 - [STDERR_REDIRECT] [Fatal Error] :1:1: Premature end of file.
2026-06-07 11:33:51,861 [ERROR] LogOutputStream:75 - [STDERR_REDIRECT] 
2026-06-07 11:33:52,856 [ERROR] LogOutputStream:75 - [STDERR_REDIRECT] [Fatal Error] :1:1: Premature end of file.
2026-06-07 11:33:52,856 [ERROR] LogOutputStream:75 - [STDERR_REDIRECT] 
2026-06-07 11:33:53,822 [ERROR] LogOutputStream:75 - [STDERR_REDIRECT] [Fatal Error] :1:1: Premature end of file.
2026-06-07 11:33:53,822 [ERROR] LogOutputStream:75 - [STDERR_REDIRECT] 
2026-06-07 11:33:54,828 [ERROR] LogOutputStream:75 - [STDERR_REDIRECT] [Fatal Error] :1:1: Premature end of file.
2026-06-07 11:33:54,828 [ERROR] LogOutputStream:75 - [STDERR_REDIRECT] 
2026-06-07 11:33:55,857 [ERROR] LogOutputStream:75 - [STDERR_REDIRECT] [Fatal Error] :1:1: Premature end of file.
2026-06-07 11:33:55,857 [ERROR] LogOutputStream:75 - [STDERR_REDIRECT] 
2026-06-07 11:33:56,825 [ERROR] LogOutputStream:75 - [STDERR_REDIRECT] [Fatal Error] :1:1: Premature end of file.
2026-06-07 11:33:56,825 [ERROR] LogOutputStream:75 - [STDERR_REDIRECT] 
2026-06-07 11:33:57,822 [ERROR] LogOutputStream:75 - [STDERR_REDIRECT] [Fatal Error] :1:1: Premature end of file.
2026-06-07 11:33:57,822 [ERROR] LogOutputStream:75 - [STDERR_REDIRECT] 
2026-06-07 11:33:58,816 [ERROR] LogOutputStream:75 - [STDERR_REDIRECT] [Fatal Error] :1:1: Premature end of file.
2026-06-07 11:33:58,816 [ERROR] LogOutputStream:75 - [STDERR_REDIRECT] 
2026-06-07 11:33:59,838 [ERROR] LogOutputStream:75 - [STDERR_REDIRECT] [Fatal Error] :1:1: Premature end of file.
2026-06-07 11:33:59,839 [ERROR] LogOutputStream:75 - [STDERR_REDIRECT] 
2026-06-07 11:34:00,876 [ERROR] LogOutputStream:75 - [STDERR_REDIRECT] [Fatal Error] :1:1: Premature end of file.
2026-06-07 11:34:00,877 [ERROR] LogOutputStream:75 - [STDERR_REDIRECT] 
2026-06-07 11:34:01,858 [ERROR] LogOutputStream:75 - [STDERR_REDIRECT] [Fatal Error] :1:1: Premature end of file.
2026-06-07 11:34:01,858 [ERROR] LogOutputStream:75 - [STDERR_REDIRECT] 
2026-06-07 11:34:02,816 [ERROR] LogOutputStream:75 - [STDERR_REDIRECT] [Fatal Error] :1:1: Premature end of file.
2026-06-07 11:34:02,816 [ERROR] LogOutputStream:75 - [STDERR_REDIRECT] 
2026-06-07 11:34:03,883 [ERROR] LogOutputStream:75 - [STDERR_REDIRECT] [Fatal Error] :1:1: Premature end of file.
2026-06-07 11:34:03,884 [ERROR] LogOutputStream:75 - [STDERR_REDIRECT] 
2026-06-07 11:34:04,861 [ERROR] LogOutputStream:75 - [STDERR_REDIRECT] [Fatal Error] :1:1: Premature end of file.
2026-06-07 11:34:04,862 [ERROR] LogOutputStream:75 - [STDERR_REDIRECT] 
2026-06-07 11:34:05,815 [ERROR] LogOutputStream:75 - [STDERR_REDIRECT] [Fatal Error] :1:1: Premature end of file.
2026-06-07 11:34:05,816 [ERROR] LogOutputStream:75 - [STDERR_REDIRECT] 
2026-06-07 11:34:06,813 [ERROR] LogOutputStream:75 - [STDERR_REDIRECT] [Fatal Error] :1:1: Premature end of file.
2026-06-07 11:34:06,814 [ERROR] LogOutputStream:75 - [STDERR_REDIRECT] 
2026-06-07 11:34:07,818 [ERROR] LogOutputStream:75 - [STDERR_REDIRECT] [Fatal Error] :1:1: Premature end of file.
2026-06-07 11:34:07,818 [ERROR] LogOutputStream:75 - [STDERR_REDIRECT] 
2026-06-07 11:34:08,809 [ERROR] LogOutputStream:75 - [STDERR_REDIRECT] [Fatal Error] :1:1: Premature end of file.
2026-06-07 11:34:08,809 [ERROR] LogOutputStream:75 - [STDERR_REDIRECT] 
2026-06-07 11:34:09,818 [ERROR] LogOutputStream:75 - [STDERR_REDIRECT] [Fatal Error] :1:1: Premature end of file.
2026-06-07 11:34:09,818 [ERROR] LogOutputStream:75 - [STDERR_REDIRECT] 
2026-06-07 11:34:10,822 [ERROR] LogOutputStream:75 - [STDERR_REDIRECT] [Fatal Error] :1:1: Premature end of file.
2026-06-07 11:34:10,823 [ERROR] LogOutputStream:75 - [STDERR_REDIRECT] 
2026-06-07 11:34:11,821 [ERROR] LogOutputStream:75 - [STDERR_REDIRECT] [Fatal Error] :1:1: Premature end of file.
2026-06-07 11:34:11,821 [ERROR] LogOutputStream:75 - [STDERR_REDIRECT] 
2026-06-07 11:34:12,818 [ERROR] LogOutputStream:75 - [STDERR_REDIRECT] [Fatal Error] :1:1: Premature end of file.
2026-06-07 11:34:12,818 [ERROR] LogOutputStream:75 - [STDERR_REDIRECT] 
2026-06-07 11:34:13,820 [ERROR] LogOutputStream:75 - [STDERR_REDIRECT] [Fatal Error] :1:1: Premature end of file.
2026-06-07 11:34:13,820 [ERROR] LogOutputStream:75 - [STDERR_REDIRECT] 
2026-06-07 11:34:14,817 [ERROR] LogOutputStream:75 - [STDERR_REDIRECT] [Fatal Error] :1:1: Premature end of file.
2026-06-07 11:34:14,818 [ERROR] LogOutputStream:75 - [STDERR_REDIRECT] 
2026-06-07 11:34:15,820 [ERROR] LogOutputStream:75 - [STDERR_REDIRECT] [Fatal Error] :1:1: Premature end of file.
2026-06-07 11:34:15,843 [ERROR] LogOutputStream:75 - [STDERR_REDIRECT] 
2026-06-07 11:34:16,817 [ERROR] LogOutputStream:75 - [STDERR_REDIRECT] [Fatal Error] :1:1: Premature end of file.
2026-06-07 11:34:16,817 [ERROR] LogOutputStream:75 - [STDERR_REDIRECT] 
2026-06-07 11:34:17,827 [ERROR] LogOutputStream:75 - [STDERR_REDIRECT] [Fatal Error] :1:1: Premature end of file.
2026-06-07 11:34:17,828 [ERROR] LogOutputStream:75 - [STDERR_REDIRECT] 
2026-06-07 11:34:18,821 [ERROR] LogOutputStream:75 - [STDERR_REDIRECT] [Fatal Error] :1:1: Premature end of file.
2026-06-07 11:34:18,821 [ERROR] LogOutputStream:75 - [STDERR_REDIRECT] 
2026-06-07 11:34:19,822 [ERROR] LogOutputStream:75 - [STDERR_REDIRECT] [Fatal Error] :1:1: Premature end of file.
2026-06-07 11:34:19,822 [ERROR] LogOutputStream:75 - [STDERR_REDIRECT] 
2026-06-07 11:34:20,824 [ERROR] LogOutputStream:75 - [STDERR_REDIRECT] [Fatal Error] :1:1: Premature end of file.
2026-06-07 11:34:20,824 [ERROR] LogOutputStream:75 - [STDERR_REDIRECT] 
2026-06-07 11:34:21,824 [ERROR] LogOutputStream:75 - [STDERR_REDIRECT] [Fatal Error] :1:1: Premature end of file.
2026-06-07 11:34:21,824 [ERROR] LogOutputStream:75 - [STDERR_REDIRECT] 
2026-06-07 11:34:22,823 [ERROR] LogOutputStream:75 - [STDERR_REDIRECT] [Fatal Error] :1:1: Premature end of file.
2026-06-07 11:34:22,823 [ERROR] LogOutputStream:75 - [STDERR_REDIRECT] 
2026-06-07 11:34:23,819 [ERROR] LogOutputStream:75 - [STDERR_REDIRECT] [Fatal Error] :1:1: Premature end of file.
2026-06-07 11:34:23,820 [ERROR] LogOutputStream:75 - [STDERR_REDIRECT] 
2026-06-07 11:34:24,822 [ERROR] LogOutputStream:75 - [STDERR_REDIRECT] [Fatal Error] :1:1: Premature end of file.
2026-06-07 11:34:24,823 [ERROR] LogOutputStream:75 - [STDERR_REDIRECT] 
2026-06-07 11:34:25,821 [ERROR] LogOutputStream:75 - [STDERR_REDIRECT] [Fatal Error] :1:1: Premature end of file.
2026-06-07 11:34:25,821 [ERROR] LogOutputStream:75 - [STDERR_REDIRECT] 
2026-06-07 11:34:26,824 [ERROR] LogOutputStream:75 - [STDERR_REDIRECT] [Fatal Error] :1:1: Premature end of file.
2026-06-07 11:34:26,824 [ERROR] LogOutputStream:75 - [STDERR_REDIRECT] 
2026-06-07 11:34:27,819 [ERROR] LogOutputStream:75 - [STDERR_REDIRECT] [Fatal Error] :1:1: Premature end of file.
2026-06-07 11:34:27,819 [ERROR] LogOutputStream:75 - [STDERR_REDIRECT] 
2026-06-07 11:34:28,817 [ERROR] LogOutputStream:75 - [STDERR_REDIRECT] [Fatal Error] :1:1: Premature end of file.
2026-06-07 11:34:28,819 [ERROR] LogOutputStream:75 - [STDERR_REDIRECT] 
2026-06-07 11:34:29,817 [ERROR] LogOutputStream:75 - [STDERR_REDIRECT] [Fatal Error] :1:1: Premature end of file.
2026-06-07 11:34:29,817 [ERROR] LogOutputStream:75 - [STDERR_REDIRECT] 
2026-06-07 11:34:30,817 [ERROR] LogOutputStream:75 - [STDERR_REDIRECT] [Fatal Error] :1:1: Premature end of file.
2026-06-07 11:34:30,826 [ERROR] LogOutputStream:75 - [STDERR_REDIRECT] 
2026-06-07 11:34:31,818 [ERROR] LogOutputStream:75 - [STDERR_REDIRECT] [Fatal Error] :1:1: Premature end of file.
2026-06-07 11:34:31,818 [ERROR] LogOutputStream:75 - [STDERR_REDIRECT] 
2026-06-07 11:34:32,814 [ERROR] LogOutputStream:75 - [STDERR_REDIRECT] [Fatal Error] :1:1: Premature end of file.
2026-06-07 11:34:32,815 [ERROR] LogOutputStream:75 - [STDERR_REDIRECT] 
2026-06-07 11:34:33,817 [ERROR] LogOutputStream:75 - [STDERR_REDIRECT] [Fatal Error] :1:1: Premature end of file.
2026-06-07 11:34:33,817 [ERROR] LogOutputStream:75 - [STDERR_REDIRECT] 
2026-06-07 11:34:34,815 [ERROR] LogOutputStream:75 - [STDERR_REDIRECT] [Fatal Error] :1:1: Premature end of file.
2026-06-07 11:34:34,815 [ERROR] LogOutputStream:75 - [STDERR_REDIRECT] 
2026-06-07 11:34:35,818 [ERROR] LogOutputStream:75 - [STDERR_REDIRECT] [Fatal Error] :1:1: Premature end of file.
2026-06-07 11:34:35,818 [ERROR] LogOutputStream:75 - [STDERR_REDIRECT] 
2026-06-07 11:34:36,817 [ERROR] LogOutputStream:75 - [STDERR_REDIRECT] [Fatal Error] :1:1: Premature end of file.
2026-06-07 11:34:36,817 [ERROR] LogOutputStream:75 - [STDERR_REDIRECT] 
2026-06-07 11:34:37,824 [ERROR] LogOutputStream:75 - [STDERR_REDIRECT] [Fatal Error] :1:1: Premature end of file.
2026-06-07 11:34:37,824 [ERROR] LogOutputStream:75 - [STDERR_REDIRECT] 
2026-06-07 11:34:38,817 [ERROR] LogOutputStream:75 - [STDERR_REDIRECT] [Fatal Error] :1:1: Premature end of file.
2026-06-07 11:34:38,818 [ERROR] LogOutputStream:75 - [STDERR_REDIRECT] 
2026-06-07 11:34:39,816 [ERROR] LogOutputStream:75 - [STDERR_REDIRECT] [Fatal Error] :1:1: Premature end of file.
2026-06-07 11:34:39,817 [ERROR] LogOutputStream:75 - [STDERR_REDIRECT] 
2026-06-07 11:34:40,819 [ERROR] LogOutputStream:75 - [STDERR_REDIRECT] [Fatal Error] :1:1: Premature end of file.
2026-06-07 11:34:40,819 [ERROR] LogOutputStream:75 - [STDERR_REDIRECT] 
2026-06-07 11:34:41,820 [ERROR] LogOutputStream:75 - [STDERR_REDIRECT] [Fatal Error] :1:1: Premature end of file.
2026-06-07 11:34:41,820 [ERROR] LogOutputStream:75 - [STDERR_REDIRECT] 
2026-06-07 11:34:42,820 [ERROR] LogOutputStream:75 - [STDERR_REDIRECT] [Fatal Error] :1:1: Premature end of file.
2026-06-07 11:34:42,820 [ERROR] LogOutputStream:75 - [STDERR_REDIRECT] 
2026-06-07 11:34:43,816 [ERROR] LogOutputStream:75 - [STDERR_REDIRECT] [Fatal Error] :1:1: Premature end of file.
2026-06-07 11:34:43,816 [ERROR] LogOutputStream:75 - [STDERR_REDIRECT] 
2026-06-07 11:34:44,816 [ERROR] LogOutputStream:75 - [STDERR_REDIRECT] [Fatal Error] :1:1: Premature end of file.
2026-06-07 11:34:44,817 [ERROR] LogOutputStream:75 - [STDERR_REDIRECT] 
2026-06-07 11:34:45,817 [ERROR] LogOutputStream:75 - [STDERR_REDIRECT] [Fatal Error] :1:1: Premature end of file.
2026-06-07 11:34:45,819 [ERROR] LogOutputStream:75 - [STDERR_REDIRECT] 
2026-06-07 11:34:46,817 [ERROR] LogOutputStream:75 - [STDERR_REDIRECT] [Fatal Error] :1:1: Premature end of file.
2026-06-07 11:34:46,817 [ERROR] LogOutputStream:75 - [STDERR_REDIRECT] 
2026-06-07 11:34:47,815 [ERROR] LogOutputStream:75 - [STDERR_REDIRECT] [Fatal Error] :1:1: Premature end of file.
2026-06-07 11:34:47,815 [ERROR] LogOutputStream:75 - [STDERR_REDIRECT] 
2026-06-07 11:34:48,821 [ERROR] LogOutputStream:75 - [STDERR_REDIRECT] [Fatal Error] :1:1: Premature end of file.
2026-06-07 11:34:48,822 [ERROR] LogOutputStream:75 - [STDERR_REDIRECT] 
2026-06-07 11:34:49,816 [ERROR] LogOutputStream:75 - [STDERR_REDIRECT] [Fatal Error] :1:1: Premature end of file.
2026-06-07 11:34:49,816 [ERROR] LogOutputStream:75 - [STDERR_REDIRECT] 
2026-06-07 11:34:50,819 [ERROR] LogOutputStream:75 - [STDERR_REDIRECT] [Fatal Error] :1:1: Premature end of file.
2026-06-07 11:34:50,820 [ERROR] LogOutputStream:75 - [STDERR_REDIRECT] 
2026-06-07 11:34:51,816 [ERROR] LogOutputStream:75 - [STDERR_REDIRECT] [Fatal Error] :1:1: Premature end of file.
2026-06-07 11:34:51,816 [ERROR] LogOutputStream:75 - [STDERR_REDIRECT] 
2026-06-07 11:34:52,817 [ERROR] LogOutputStream:75 - [STDERR_REDIRECT] [Fatal Error] :1:1: Premature end of file.
2026-06-07 11:34:52,817 [ERROR] LogOutputStream:75 - [STDERR_REDIRECT] 
2026-06-07 11:34:53,817 [ERROR] LogOutputStream:75 - [STDERR_REDIRECT] [Fatal Error] :1:1: Premature end of file.
2026-06-07 11:34:53,817 [ERROR] LogOutputStream:75 - [STDERR_REDIRECT] 
2026-06-07 11:34:54,815 [ERROR] LogOutputStream:75 - [STDERR_REDIRECT] [Fatal Error] :1:1: Premature end of file.
2026-06-07 11:34:54,815 [ERROR] LogOutputStream:75 - [STDERR_REDIRECT] 
2026-06-07 11:34:55,814 [ERROR] LogOutputStream:75 - [STDERR_REDIRECT] [Fatal Error] :1:1: Premature end of file.
2026-06-07 11:34:55,815 [ERROR] LogOutputStream:75 - [STDERR_REDIRECT] 
2026-06-07 11:34:56,820 [ERROR] LogOutputStream:75 - [STDERR_REDIRECT] [Fatal Error] :1:1: Premature end of file.
2026-06-07 11:34:56,820 [ERROR] LogOutputStream:75 - [STDERR_REDIRECT] 
2026-06-07 11:34:57,814 [ERROR] LogOutputStream:75 - [STDERR_REDIRECT] [Fatal Error] :1:1: Premature end of file.
2026-06-07 11:34:57,815 [ERROR] LogOutputStream:75 - [STDERR_REDIRECT] 
2026-06-07 11:34:58,813 [ERROR] LogOutputStream:75 - [STDERR_REDIRECT] [Fatal Error] :1:1: Premature end of file.
2026-06-07 11:34:58,814 [ERROR] LogOutputStream:75 - [STDERR_REDIRECT] 
2026-06-07 11:34:59,817 [ERROR] LogOutputStream:75 - [STDERR_REDIRECT] [Fatal Error] :1:1: Premature end of file.
2026-06-07 11:34:59,817 [ERROR] LogOutputStream:75 - [STDERR_REDIRECT] 
2026-06-07 11:35:00,817 [ERROR] LogOutputStream:75 - [STDERR_REDIRECT] [Fatal Error] :1:1: Premature end of file.
2026-06-07 11:35:00,818 [ERROR] LogOutputStream:75 - [STDERR_REDIRECT] 
2026-06-07 11:35:01,815 [ERROR] LogOutputStream:75 - [STDERR_REDIRECT] [Fatal Error] :1:1: Premature end of file.
2026-06-07 11:35:01,815 [ERROR] LogOutputStream:75 - [STDERR_REDIRECT] 
2026-06-07 11:35:02,816 [ERROR] LogOutputStream:75 - [STDERR_REDIRECT] [Fatal Error] :1:1: Premature end of file.
2026-06-07 11:35:02,816 [ERROR] LogOutputStream:75 - [STDERR_REDIRECT] 
2026-06-07 11:35:03,817 [ERROR] LogOutputStream:75 - [STDERR_REDIRECT] [Fatal Error] :1:1: Premature end of file.
2026-06-07 11:35:03,817 [ERROR] LogOutputStream:75 - [STDERR_REDIRECT] 
2026-06-07 11:35:04,818 [ERROR] LogOutputStream:75 - [STDERR_REDIRECT] [Fatal Error] :1:1: Premature end of file.
2026-06-07 11:35:04,818 [ERROR] LogOutputStream:75 - [STDERR_REDIRECT] 
2026-06-07 11:35:05,818 [ERROR] LogOutputStream:75 - [STDERR_REDIRECT] [Fatal Error] :1:1: Premature end of file.
2026-06-07 11:35:05,820 [ERROR] LogOutputStream:75 - [STDERR_REDIRECT] 
2026-06-07 11:35:06,820 [ERROR] LogOutputStream:75 - [STDERR_REDIRECT] [Fatal Error] :1:1: Premature end of file.
2026-06-07 11:35:06,820 [ERROR] LogOutputStream:75 - [STDERR_REDIRECT] 
2026-06-07 11:35:07,814 [ERROR] LogOutputStream:75 - [STDERR_REDIRECT] [Fatal Error] :1:1: Premature end of file.
2026-06-07 11:35:07,814 [ERROR] LogOutputStream:75 - [STDERR_REDIRECT] 
2026-06-07 11:35:08,815 [ERROR] LogOutputStream:75 - [STDERR_REDIRECT] [Fatal Error] :1:1: Premature end of file.
2026-06-07 11:35:08,815 [ERROR] LogOutputStream:75 - [STDERR_REDIRECT] 
2026-06-07 11:35:09,817 [ERROR] LogOutputStream:75 - [STDERR_REDIRECT] [Fatal Error] :1:1: Premature end of file.
2026-06-07 11:35:09,818 [ERROR] LogOutputStream:75 - [STDERR_REDIRECT] 
2026-06-07 11:35:10,818 [ERROR] LogOutputStream:75 - [STDERR_REDIRECT] [Fatal Error] :1:1: Premature end of file.
2026-06-07 11:35:10,818 [ERROR] LogOutputStream:75 - [STDERR_REDIRECT] 
2026-06-07 11:35:11,853 [ERROR] LogOutputStream:75 - [STDERR_REDIRECT] [Fatal Error] :1:1: Premature end of file.
2026-06-07 11:35:11,853 [ERROR] LogOutputStream:75 - [STDERR_REDIRECT] 
2026-06-07 11:35:12,816 [ERROR] LogOutputStream:75 - [STDERR_REDIRECT] [Fatal Error] :1:1: Premature end of file.
2026-06-07 11:35:12,817 [ERROR] LogOutputStream:75 - [STDERR_REDIRECT] 
2026-06-07 11:35:13,822 [ERROR] LogOutputStream:75 - [STDERR_REDIRECT] [Fatal Error] :1:1: Premature end of file.
2026-06-07 11:35:13,822 [ERROR] LogOutputStream:75 - [STDERR_REDIRECT] 
2026-06-07 11:35:14,861 [ERROR] LogOutputStream:75 - [STDERR_REDIRECT] [Fatal Error] :1:1: Premature end of file.
2026-06-07 11:35:14,861 [ERROR] LogOutputStream:75 - [STDERR_REDIRECT] 
2026-06-07 11:35:15,824 [ERROR] LogOutputStream:75 - [STDERR_REDIRECT] [Fatal Error] :1:1: Premature end of file.
2026-06-07 11:35:15,825 [ERROR] LogOutputStream:75 - [STDERR_REDIRECT] 
2026-06-07 11:35:16,928 [ERROR] LogOutputStream:75 - [STDERR_REDIRECT] [Fatal Error] :1:1: Premature end of file.
2026-06-07 11:35:16,928 [ERROR] LogOutputStream:75 - [STDERR_REDIRECT] 
2026-06-07 11:35:17,833 [ERROR] LogOutputStream:75 - [STDERR_REDIRECT] [Fatal Error] :1:1: Premature end of file.
2026-06-07 11:35:17,833 [ERROR] LogOutputStream:75 - [STDERR_REDIRECT] 
2026-06-07 11:35:18,819 [ERROR] LogOutputStream:75 - [STDERR_REDIRECT] [Fatal Error] :1:1: Premature end of file.
2026-06-07 11:35:18,819 [ERROR] LogOutputStream:75 - [STDERR_REDIRECT] 
2026-06-07 11:35:19,814 [ERROR] LogOutputStream:75 - [STDERR_REDIRECT] [Fatal Error] :1:1: Premature end of file.
2026-06-07 11:35:19,814 [ERROR] LogOutputStream:75 - [STDERR_REDIRECT] 
2026-06-07 11:35:20,815 [ERROR] LogOutputStream:75 - [STDERR_REDIRECT] [Fatal Error] :1:1: Premature end of file.
2026-06-07 11:35:20,815 [ERROR] LogOutputStream:75 - [STDERR_REDIRECT] 
2026-06-07 11:35:21,819 [ERROR] LogOutputStream:75 - [STDERR_REDIRECT] [Fatal Error] :1:1: Premature end of file.
2026-06-07 11:35:21,819 [ERROR] LogOutputStream:75 - [STDERR_REDIRECT] 
2026-06-07 11:35:22,818 [ERROR] LogOutputStream:75 - [STDERR_REDIRECT] [Fatal Error] :1:1: Premature end of file.
2026-06-07 11:35:22,819 [ERROR] LogOutputStream:75 - [STDERR_REDIRECT] 
2026-06-07 11:35:23,817 [ERROR] LogOutputStream:75 - [STDERR_REDIRECT] [Fatal Error] :1:1: Premature end of file.
2026-06-07 11:35:23,818 [ERROR] LogOutputStream:75 - [STDERR_REDIRECT] 
2026-06-07 11:35:24,817 [ERROR] LogOutputStream:75 - [STDERR_REDIRECT] [Fatal Error] :1:1: Premature end of file.
2026-06-07 11:35:24,818 [ERROR] LogOutputStream:75 - [STDERR_REDIRECT] 
2026-06-07 11:35:25,817 [ERROR] LogOutputStream:75 - [STDERR_REDIRECT] [Fatal Error] :1:1: Premature end of file.
2026-06-07 11:35:25,818 [ERROR] LogOutputStream:75 - [STDERR_REDIRECT] 
2026-06-07 11:35:26,824 [ERROR] LogOutputStream:75 - [STDERR_REDIRECT] [Fatal Error] :1:1: Premature end of file.
2026-06-07 11:35:26,825 [ERROR] LogOutputStream:75 - [STDERR_REDIRECT] 
2026-06-07 11:35:27,822 [ERROR] LogOutputStream:75 - [STDERR_REDIRECT] [Fatal Error] :1:1: Premature end of file.
2026-06-07 11:35:27,822 [ERROR] LogOutputStream:75 - [STDERR_REDIRECT] 
2026-06-07 11:35:28,818 [ERROR] LogOutputStream:75 - [STDERR_REDIRECT] [Fatal Error] :1:1: Premature end of file.
2026-06-07 11:35:28,818 [ERROR] LogOutputStream:75 - [STDERR_REDIRECT] 
2026-06-07 11:35:29,815 [ERROR] LogOutputStream:75 - [STDERR_REDIRECT] [Fatal Error] :1:1: Premature end of file.
2026-06-07 11:35:29,815 [ERROR] LogOutputStream:75 - [STDERR_REDIRECT] 
2026-06-07 11:35:30,818 [ERROR] LogOutputStream:75 - [STDERR_REDIRECT] [Fatal Error] :1:1: Premature end of file.
2026-06-07 11:35:30,818 [ERROR] LogOutputStream:75 - [STDERR_REDIRECT] 
2026-06-07 11:35:31,824 [ERROR] LogOutputStream:75 - [STDERR_REDIRECT] [Fatal Error] :1:1: Premature end of file.
2026-06-07 11:35:31,825 [ERROR] LogOutputStream:75 - [STDERR_REDIRECT] 
2026-06-07 11:35:32,816 [ERROR] LogOutputStream:75 - [STDERR_REDIRECT] [Fatal Error] :1:1: Premature end of file.
2026-06-07 11:35:32,817 [ERROR] LogOutputStream:75 - [STDERR_REDIRECT] 
2026-06-07 11:35:33,818 [ERROR] LogOutputStream:75 - [STDERR_REDIRECT] [Fatal Error] :1:1: Premature end of file.
2026-06-07 11:35:33,818 [ERROR] LogOutputStream:75 - [STDERR_REDIRECT] 
2026-06-07 11:35:34,815 [ERROR] LogOutputStream:75 - [STDERR_REDIRECT] [Fatal Error] :1:1: Premature end of file.
2026-06-07 11:35:34,815 [ERROR] LogOutputStream:75 - [STDERR_REDIRECT] 
2026-06-07 11:35:35,817 [ERROR] LogOutputStream:75 - [STDERR_REDIRECT] [Fatal Error] :1:1: Premature end of file.
2026-06-07 11:35:35,817 [ERROR] LogOutputStream:75 - [STDERR_REDIRECT] 
2026-06-07 11:35:36,816 [ERROR] LogOutputStream:75 - [STDERR_REDIRECT] [Fatal Error] :1:1: Premature end of file.
2026-06-07 11:35:36,816 [ERROR] LogOutputStream:75 - [STDERR_REDIRECT] 
2026-06-07 11:35:37,816 [ERROR] LogOutputStream:75 - [STDERR_REDIRECT] [Fatal Error] :1:1: Premature end of file.
2026-06-07 11:35:37,816 [ERROR] LogOutputStream:75 - [STDERR_REDIRECT] 
2026-06-07 11:35:38,817 [ERROR] LogOutputStream:75 - [STDERR_REDIRECT] [Fatal Error] :1:1: Premature end of file.
2026-06-07 11:35:38,817 [ERROR] LogOutputStream:75 - [STDERR_REDIRECT] 
2026-06-07 11:35:39,816 [ERROR] LogOutputStream:75 - [STDERR_REDIRECT] [Fatal Error] :1:1: Premature end of file.
2026-06-07 11:35:39,816 [ERROR] LogOutputStream:75 - [STDERR_REDIRECT] 
2026-06-07 11:35:40,814 [ERROR] LogOutputStream:75 - [STDERR_REDIRECT] [Fatal Error] :1:1: Premature end of file.
2026-06-07 11:35:40,815 [ERROR] LogOutputStream:75 - [STDERR_REDIRECT] 
2026-06-07 11:35:41,815 [ERROR] LogOutputStream:75 - [STDERR_REDIRECT] [Fatal Error] :1:1: Premature end of file.
2026-06-07 11:35:41,815 [ERROR] LogOutputStream:75 - [STDERR_REDIRECT] 
2026-06-07 11:35:42,815 [ERROR] LogOutputStream:75 - [STDERR_REDIRECT] [Fatal Error] :1:1: Premature end of file.
2026-06-07 11:35:42,815 [ERROR] LogOutputStream:75 - [STDERR_REDIRECT] 
2026-06-07 11:35:43,817 [ERROR] LogOutputStream:75 - [STDERR_REDIRECT] [Fatal Error] :1:1: Premature end of file.
2026-06-07 11:35:43,818 [ERROR] LogOutputStream:75 - [STDERR_REDIRECT] 
2026-06-07 11:35:44,815 [ERROR] LogOutputStream:75 - [STDERR_REDIRECT] [Fatal Error] :1:1: Premature end of file.
2026-06-07 11:35:44,815 [ERROR] LogOutputStream:75 - [STDERR_REDIRECT] 
2026-06-07 11:35:45,817 [ERROR] LogOutputStream:75 - [STDERR_REDIRECT] [Fatal Error] :1:1: Premature end of file.
2026-06-07 11:35:45,817 [ERROR] LogOutputStream:75 - [STDERR_REDIRECT] 
2026-06-07 11:35:46,818 [ERROR] LogOutputStream:75 - [STDERR_REDIRECT] [Fatal Error] :1:1: Premature end of file.
2026-06-07 11:35:46,818 [ERROR] LogOutputStream:75 - [STDERR_REDIRECT] 
2026-06-07 11:35:47,818 [ERROR] LogOutputStream:75 - [STDERR_REDIRECT] [Fatal Error] :1:1: Premature end of file.
2026-06-07 11:35:47,818 [ERROR] LogOutputStream:75 - [STDERR_REDIRECT] 
2026-06-07 11:35:48,816 [ERROR] LogOutputStream:75 - [STDERR_REDIRECT] [Fatal Error] :1:1: Premature end of file.
2026-06-07 11:35:48,816 [ERROR] LogOutputStream:75 - [STDERR_REDIRECT] 
2026-06-07 11:35:49,817 [ERROR] LogOutputStream:75 - [STDERR_REDIRECT] [Fatal Error] :1:1: Premature end of file.
2026-06-07 11:35:49,817 [ERROR] LogOutputStream:75 - [STDERR_REDIRECT] 
2026-06-07 11:35:50,817 [ERROR] LogOutputStream:75 - [STDERR_REDIRECT] [Fatal Error] :1:1: Premature end of file.
2026-06-07 11:35:50,817 [ERROR] LogOutputStream:75 - [STDERR_REDIRECT] 
2026-06-07 11:35:51,817 [ERROR] LogOutputStream:75 - [STDERR_REDIRECT] [Fatal Error] :1:1: Premature end of file.
2026-06-07 11:35:51,817 [ERROR] LogOutputStream:75 - [STDERR_REDIRECT] 
2026-06-07 11:35:52,817 [ERROR] LogOutputStream:75 - [STDERR_REDIRECT] [Fatal Error] :1:1: Premature end of file.
2026-06-07 11:35:52,817 [ERROR] LogOutputStream:75 - [STDERR_REDIRECT] 
2026-06-07 11:35:53,818 [ERROR] LogOutputStream:75 - [STDERR_REDIRECT] [Fatal Error] :1:1: Premature end of file.
2026-06-07 11:35:53,818 [ERROR] LogOutputStream:75 - [STDERR_REDIRECT] 
2026-06-07 11:35:54,818 [ERROR] LogOutputStream:75 - [STDERR_REDIRECT] [Fatal Error] :1:1: Premature end of file.
2026-06-07 11:35:54,818 [ERROR] LogOutputStream:75 - [STDERR_REDIRECT] 
2026-06-07 11:35:55,817 [ERROR] LogOutputStream:75 - [STDERR_REDIRECT] [Fatal Error] :1:1: Premature end of file.
2026-06-07 11:35:55,817 [ERROR] LogOutputStream:75 - [STDERR_REDIRECT] 
2026-06-07 11:35:56,819 [ERROR] LogOutputStream:75 - [STDERR_REDIRECT] [Fatal Error] :1:1: Premature end of file.
2026-06-07 11:35:56,820 [ERROR] LogOutputStream:75 - [STDERR_REDIRECT] 
2026-06-07 11:35:57,828 [ERROR] LogOutputStream:75 - [STDERR_REDIRECT] [Fatal Error] :1:1: Premature end of file.
2026-06-07 11:35:57,828 [ERROR] LogOutputStream:75 - [STDERR_REDIRECT] 
2026-06-07 11:35:58,819 [ERROR] LogOutputStream:75 - [STDERR_REDIRECT] [Fatal Error] :1:1: Premature end of file.
2026-06-07 11:35:58,819 [ERROR] LogOutputStream:75 - [STDERR_REDIRECT] 
2026-06-07 11:35:59,823 [ERROR] LogOutputStream:75 - [STDERR_REDIRECT] [Fatal Error] :1:1: Premature end of file.
2026-06-07 11:35:59,823 [ERROR] LogOutputStream:75 - [STDERR_REDIRECT] 
2026-06-07 11:36:00,822 [ERROR] LogOutputStream:75 - [STDERR_REDIRECT] [Fatal Error] :1:1: Premature end of file.
2026-06-07 11:36:00,822 [ERROR] LogOutputStream:75 - [STDERR_REDIRECT] 
2026-06-07 11:36:01,817 [ERROR] LogOutputStream:75 - [STDERR_REDIRECT] [Fatal Error] :1:1: Premature end of file.
2026-06-07 11:36:01,817 [ERROR] LogOutputStream:75 - [STDERR_REDIRECT] 
2026-06-07 11:36:02,814 [ERROR] LogOutputStream:75 - [STDERR_REDIRECT] [Fatal Error] :1:1: Premature end of file.
2026-06-07 11:36:02,814 [ERROR] LogOutputStream:75 - [STDERR_REDIRECT] 
2026-06-07 11:36:03,818 [ERROR] LogOutputStream:75 - [STDERR_REDIRECT] [Fatal Error] :1:1: Premature end of file.
2026-06-07 11:36:03,818 [ERROR] LogOutputStream:75 - [STDERR_REDIRECT] 
2026-06-07 11:36:04,814 [ERROR] LogOutputStream:75 - [STDERR_REDIRECT] [Fatal Error] :1:1: Premature end of file.
2026-06-07 11:36:04,814 [ERROR] LogOutputStream:75 - [STDERR_REDIRECT] 
2026-06-07 11:36:05,814 [ERROR] LogOutputStream:75 - [STDERR_REDIRECT] [Fatal Error] :1:1: Premature end of file.
2026-06-07 11:36:05,815 [ERROR] LogOutputStream:75 - [STDERR_REDIRECT] 
2026-06-07 11:36:06,823 [ERROR] LogOutputStream:75 - [STDERR_REDIRECT] [Fatal Error] :1:1: Premature end of file.
2026-06-07 11:36:06,823 [ERROR] LogOutputStream:75 - [STDERR_REDIRECT] 
2026-06-07 11:36:07,819 [ERROR] LogOutputStream:75 - [STDERR_REDIRECT] [Fatal Error] :1:1: Premature end of file.
2026-06-07 11:36:07,819 [ERROR] LogOutputStream:75 - [STDERR_REDIRECT] 
2026-06-07 11:36:08,815 [ERROR] LogOutputStream:75 - [STDERR_REDIRECT] [Fatal Error] :1:1: Premature end of file.
2026-06-07 11:36:08,815 [ERROR] LogOutputStream:75 - [STDERR_REDIRECT] 
2026-06-07 11:36:09,821 [ERROR] LogOutputStream:75 - [STDERR_REDIRECT] [Fatal Error] :1:1: Premature end of file.
2026-06-07 11:36:09,821 [ERROR] LogOutputStream:75 - [STDERR_REDIRECT] 
2026-06-07 11:36:10,818 [ERROR] LogOutputStream:75 - [STDERR_REDIRECT] [Fatal Error] :1:1: Premature end of file.
2026-06-07 11:36:10,819 [ERROR] LogOutputStream:75 - [STDERR_REDIRECT] 
2026-06-07 11:36:11,817 [ERROR] LogOutputStream:75 - [STDERR_REDIRECT] [Fatal Error] :1:1: Premature end of file.
2026-06-07 11:36:11,817 [ERROR] LogOutputStream:75 - [STDERR_REDIRECT] 
2026-06-07 11:36:12,824 [ERROR] LogOutputStream:75 - [STDERR_REDIRECT] [Fatal Error] :1:1: Premature end of file.
2026-06-07 11:36:12,824 [ERROR] LogOutputStream:75 - [STDERR_REDIRECT] 
2026-06-07 11:36:13,818 [ERROR] LogOutputStream:75 - [STDERR_REDIRECT] [Fatal Error] :1:1: Premature end of file.
2026-06-07 11:36:13,818 [ERROR] LogOutputStream:75 - [STDERR_REDIRECT] 
2026-06-07 11:36:14,819 [ERROR] LogOutputStream:75 - [STDERR_REDIRECT] [Fatal Error] :1:1: Premature end of file.
2026-06-07 11:36:14,819 [ERROR] LogOutputStream:75 - [STDERR_REDIRECT] 
2026-06-07 11:36:15,816 [ERROR] LogOutputStream:75 - [STDERR_REDIRECT] [Fatal Error] :1:1: Premature end of file.
2026-06-07 11:36:15,817 [ERROR] LogOutputStream:75 - [STDERR_REDIRECT] 
2026-06-07 11:36:16,815 [ERROR] LogOutputStream:75 - [STDERR_REDIRECT] [Fatal Error] :1:1: Premature end of file.
2026-06-07 11:36:16,815 [ERROR] LogOutputStream:75 - [STDERR_REDIRECT] 
2026-06-07 11:36:17,816 [ERROR] LogOutputStream:75 - [STDERR_REDIRECT] [Fatal Error] :1:1: Premature end of file.
2026-06-07 11:36:17,816 [ERROR] LogOutputStream:75 - [STDERR_REDIRECT] 
2026-06-07 11:36:18,813 [ERROR] LogOutputStream:75 - [STDERR_REDIRECT] [Fatal Error] :1:1: Premature end of file.
2026-06-07 11:36:18,813 [ERROR] LogOutputStream:75 - [STDERR_REDIRECT] 
2026-06-07 11:36:19,819 [ERROR] LogOutputStream:75 - [STDERR_REDIRECT] [Fatal Error] :1:1: Premature end of file.
2026-06-07 11:36:19,819 [ERROR] LogOutputStream:75 - [STDERR_REDIRECT] 
2026-06-07 11:36:20,816 [ERROR] LogOutputStream:75 - [STDERR_REDIRECT] [Fatal Error] :1:1: Premature end of file.
2026-06-07 11:36:20,816 [ERROR] LogOutputStream:75 - [STDERR_REDIRECT] 
2026-06-07 11:36:21,814 [ERROR] LogOutputStream:75 - [STDERR_REDIRECT] [Fatal Error] :1:1: Premature end of file.
2026-06-07 11:36:21,815 [ERROR] LogOutputStream:75 - [STDERR_REDIRECT] 
2026-06-07 11:36:22,817 [ERROR] LogOutputStream:75 - [STDERR_REDIRECT] [Fatal Error] :1:1: Premature end of file.
2026-06-07 11:36:22,817 [ERROR] LogOutputStream:75 - [STDERR_REDIRECT] 
2026-06-07 11:36:23,816 [ERROR] LogOutputStream:75 - [STDERR_REDIRECT] [Fatal Error] :1:1: Premature end of file.
2026-06-07 11:36:23,816 [ERROR] LogOutputStream:75 - [STDERR_REDIRECT] 
2026-06-07 11:36:24,819 [ERROR] LogOutputStream:75 - [STDERR_REDIRECT] [Fatal Error] :1:1: Premature end of file.
2026-06-07 11:36:24,819 [ERROR] LogOutputStream:75 - [STDERR_REDIRECT] 
2026-06-07 11:36:25,815 [ERROR] LogOutputStream:75 - [STDERR_REDIRECT] [Fatal Error] :1:1: Premature end of file.
2026-06-07 11:36:25,816 [ERROR] LogOutputStream:75 - [STDERR_REDIRECT] 
2026-06-07 11:36:26,819 [ERROR] LogOutputStream:75 - [STDERR_REDIRECT] [Fatal Error] :1:1: Premature end of file.
2026-06-07 11:36:26,819 [ERROR] LogOutputStream:75 - [STDERR_REDIRECT] 
2026-06-07 11:36:27,822 [ERROR] LogOutputStream:75 - [STDERR_REDIRECT] [Fatal Error] :1:1: Premature end of file.
2026-06-07 11:36:27,822 [ERROR] LogOutputStream:75 - [STDERR_REDIRECT] 
2026-06-07 11:36:28,817 [ERROR] LogOutputStream:75 - [STDERR_REDIRECT] [Fatal Error] :1:1: Premature end of file.
2026-06-07 11:36:28,818 [ERROR] LogOutputStream:75 - [STDERR_REDIRECT] 
2026-06-07 11:36:29,815 [ERROR] LogOutputStream:75 - [STDERR_REDIRECT] [Fatal Error] :1:1: Premature end of file.
2026-06-07 11:36:29,816 [ERROR] LogOutputStream:75 - [STDERR_REDIRECT] 
2026-06-07 11:36:30,826 [ERROR] LogOutputStream:75 - [STDERR_REDIRECT] [Fatal Error] :1:1: Premature end of file.
2026-06-07 11:36:30,826 [ERROR] LogOutputStream:75 - [STDERR_REDIRECT] 
2026-06-07 11:36:31,816 [ERROR] LogOutputStream:75 - [STDERR_REDIRECT] [Fatal Error] :1:1: Premature end of file.
2026-06-07 11:36:31,817 [ERROR] LogOutputStream:75 - [STDERR_REDIRECT] 
2026-06-07 11:36:32,816 [ERROR] LogOutputStream:75 - [STDERR_REDIRECT] [Fatal Error] :1:1: Premature end of file.
2026-06-07 11:36:32,817 [ERROR] LogOutputStream:75 - [STDERR_REDIRECT] 
2026-06-07 11:36:33,819 [ERROR] LogOutputStream:75 - [STDERR_REDIRECT] [Fatal Error] :1:1: Premature end of file.
2026-06-07 11:36:33,820 [ERROR] LogOutputStream:75 - [STDERR_REDIRECT] 
2026-06-07 11:36:34,815 [ERROR] LogOutputStream:75 - [STDERR_REDIRECT] [Fatal Error] :1:1: Premature end of file.
2026-06-07 11:36:34,815 [ERROR] LogOutputStream:75 - [STDERR_REDIRECT] 
2026-06-07 11:36:35,815 [ERROR] LogOutputStream:75 - [STDERR_REDIRECT] [Fatal Error] :1:1: Premature end of file.
2026-06-07 11:36:35,816 [ERROR] LogOutputStream:75 - [STDERR_REDIRECT] 
2026-06-07 11:36:36,823 [ERROR] LogOutputStream:75 - [STDERR_REDIRECT] [Fatal Error] :1:1: Premature end of file.
2026-06-07 11:36:36,823 [ERROR] LogOutputStream:75 - [STDERR_REDIRECT] 
2026-06-07 11:36:37,817 [ERROR] LogOutputStream:75 - [STDERR_REDIRECT] [Fatal Error] :1:1: Premature end of file.
2026-06-07 11:36:37,817 [ERROR] LogOutputStream:75 - [STDERR_REDIRECT] 
2026-06-07 11:36:38,815 [ERROR] LogOutputStream:75 - [STDERR_REDIRECT] [Fatal Error] :1:1: Premature end of file.
2026-06-07 11:36:38,815 [ERROR] LogOutputStream:75 - [STDERR_REDIRECT] 
2026-06-07 11:36:39,815 [ERROR] LogOutputStream:75 - [STDERR_REDIRECT] [Fatal Error] :1:1: Premature end of file.
2026-06-07 11:36:39,815 [ERROR] LogOutputStream:75 - [STDERR_REDIRECT] 
2026-06-07 11:36:40,815 [ERROR] LogOutputStream:75 - [STDERR_REDIRECT] [Fatal Error] :1:1: Premature end of file.
2026-06-07 11:36:40,815 [ERROR] LogOutputStream:75 - [STDERR_REDIRECT] 
2026-06-07 11:36:41,822 [ERROR] LogOutputStream:75 - [STDERR_REDIRECT] [Fatal Error] :1:1: Premature end of file.
2026-06-07 11:36:41,822 [ERROR] LogOutputStream:75 - [STDERR_REDIRECT] 
2026-06-07 11:36:42,818 [ERROR] LogOutputStream:75 - [STDERR_REDIRECT] [Fatal Error] :1:1: Premature end of file.
2026-06-07 11:36:42,819 [ERROR] LogOutputStream:75 - [STDERR_REDIRECT] 
2026-06-07 11:36:43,815 [ERROR] LogOutputStream:75 - [STDERR_REDIRECT] [Fatal Error] :1:1: Premature end of file.
2026-06-07 11:36:43,816 [ERROR] LogOutputStream:75 - [STDERR_REDIRECT] 
2026-06-07 11:36:44,817 [ERROR] LogOutputStream:75 - [STDERR_REDIRECT] [Fatal Error] :1:1: Premature end of file.
2026-06-07 11:36:44,818 [ERROR] LogOutputStream:75 - [STDERR_REDIRECT] 
2026-06-07 11:36:45,816 [ERROR] LogOutputStream:75 - [STDERR_REDIRECT] [Fatal Error] :1:1: Premature end of file.
2026-06-07 11:36:45,817 [ERROR] LogOutputStream:75 - [STDERR_REDIRECT] 
2026-06-07 11:36:46,815 [ERROR] LogOutputStream:75 - [STDERR_REDIRECT] [Fatal Error] :1:1: Premature end of file.
2026-06-07 11:36:46,816 [ERROR] LogOutputStream:75 - [STDERR_REDIRECT] 
2026-06-07 11:36:47,818 [ERROR] LogOutputStream:75 - [STDERR_REDIRECT] [Fatal Error] :1:1: Premature end of file.
2026-06-07 11:36:47,818 [ERROR] LogOutputStream:75 - [STDERR_REDIRECT] 
2026-06-07 11:36:48,818 [ERROR] LogOutputStream:75 - [STDERR_REDIRECT] [Fatal Error] :1:1: Premature end of file.
2026-06-07 11:36:48,818 [ERROR] LogOutputStream:75 - [STDERR_REDIRECT] 
2026-06-07 11:36:49,831 [ERROR] LogOutputStream:75 - [STDERR_REDIRECT] [Fatal Error] :1:1: Premature end of file.
2026-06-07 11:36:49,831 [ERROR] LogOutputStream:75 - [STDERR_REDIRECT] 
2026-06-07 11:36:50,814 [ERROR] LogOutputStream:75 - [STDERR_REDIRECT] [Fatal Error] :1:1: Premature end of file.
2026-06-07 11:36:50,814 [ERROR] LogOutputStream:75 - [STDERR_REDIRECT] 
2026-06-07 11:36:51,817 [ERROR] LogOutputStream:75 - [STDERR_REDIRECT] [Fatal Error] :1:1: Premature end of file.
2026-06-07 11:36:51,817 [ERROR] LogOutputStream:75 - [STDERR_REDIRECT] 
2026-06-07 11:36:52,821 [ERROR] LogOutputStream:75 - [STDERR_REDIRECT] [Fatal Error] :1:1: Premature end of file.
2026-06-07 11:36:52,821 [ERROR] LogOutputStream:75 - [STDERR_REDIRECT] 
2026-06-07 11:36:53,817 [ERROR] LogOutputStream:75 - [STDERR_REDIRECT] [Fatal Error] :1:1: Premature end of file.
2026-06-07 11:36:53,818 [ERROR] LogOutputStream:75 - [STDERR_REDIRECT] 
2026-06-07 11:36:54,816 [ERROR] LogOutputStream:75 - [STDERR_REDIRECT] [Fatal Error] :1:1: Premature end of file.
2026-06-07 11:36:54,816 [ERROR] LogOutputStream:75 - [STDERR_REDIRECT] 
2026-06-07 11:36:55,816 [ERROR] LogOutputStream:75 - [STDERR_REDIRECT] [Fatal Error] :1:1: Premature end of file.
2026-06-07 11:36:55,816 [ERROR] LogOutputStream:75 - [STDERR_REDIRECT] 
2026-06-07 11:36:56,825 [ERROR] LogOutputStream:75 - [STDERR_REDIRECT] [Fatal Error] :1:1: Premature end of file.
2026-06-07 11:36:56,825 [ERROR] LogOutputStream:75 - [STDERR_REDIRECT] 
2026-06-07 11:36:57,822 [ERROR] LogOutputStream:75 - [STDERR_REDIRECT] [Fatal Error] :1:1: Premature end of file.
2026-06-07 11:36:57,822 [ERROR] LogOutputStream:75 - [STDERR_REDIRECT] 
2026-06-07 11:36:58,816 [ERROR] LogOutputStream:75 - [STDERR_REDIRECT] [Fatal Error] :1:1: Premature end of file.
2026-06-07 11:36:58,816 [ERROR] LogOutputStream:75 - [STDERR_REDIRECT] 
2026-06-07 11:36:59,814 [ERROR] LogOutputStream:75 - [STDERR_REDIRECT] [Fatal Error] :1:1: Premature end of file.
2026-06-07 11:36:59,814 [ERROR] LogOutputStream:75 - [STDERR_REDIRECT] 
2026-06-07 11:37:00,820 [ERROR] LogOutputStream:75 - [STDERR_REDIRECT] [Fatal Error] :1:1: Premature end of file.
2026-06-07 11:37:00,820 [ERROR] LogOutputStream:75 - [STDERR_REDIRECT] 
2026-06-07 11:37:01,820 [ERROR] LogOutputStream:75 - [STDERR_REDIRECT] [Fatal Error] :1:1: Premature end of file.
2026-06-07 11:37:01,820 [ERROR] LogOutputStream:75 - [STDERR_REDIRECT] 
2026-06-07 11:37:02,815 [ERROR] LogOutputStream:75 - [STDERR_REDIRECT] [Fatal Error] :1:1: Premature end of file.
2026-06-07 11:37:02,815 [ERROR] LogOutputStream:75 - [STDERR_REDIRECT] 
2026-06-07 11:37:03,816 [ERROR] LogOutputStream:75 - [STDERR_REDIRECT] [Fatal Error] :1:1: Premature end of file.
2026-06-07 11:37:03,816 [ERROR] LogOutputStream:75 - [STDERR_REDIRECT] 
2026-06-07 11:37:04,817 [ERROR] LogOutputStream:75 - [STDERR_REDIRECT] [Fatal Error] :1:1: Premature end of file.
2026-06-07 11:37:04,817 [ERROR] LogOutputStream:75 - [STDERR_REDIRECT] 
2026-06-07 11:37:05,815 [ERROR] LogOutputStream:75 - [STDERR_REDIRECT] [Fatal Error] :1:1: Premature end of file.
2026-06-07 11:37:05,815 [ERROR] LogOutputStream:75 - [STDERR_REDIRECT] 
2026-06-07 11:37:06,822 [ERROR] LogOutputStream:75 - [STDERR_REDIRECT] [Fatal Error] :1:1: Premature end of file.
2026-06-07 11:37:06,823 [ERROR] LogOutputStream:75 - [STDERR_REDIRECT] 
2026-06-07 11:37:07,816 [ERROR] LogOutputStream:75 - [STDERR_REDIRECT] [Fatal Error] :1:1: Premature end of file.
2026-06-07 11:37:07,816 [ERROR] LogOutputStream:75 - [STDERR_REDIRECT] 
2026-06-07 11:37:08,815 [ERROR] LogOutputStream:75 - [STDERR_REDIRECT] [Fatal Error] :1:1: Premature end of file.
2026-06-07 11:37:08,815 [ERROR] LogOutputStream:75 - [STDERR_REDIRECT] 
2026-06-07 11:37:09,816 [ERROR] LogOutputStream:75 - [STDERR_REDIRECT] [Fatal Error] :1:1: Premature end of file.
2026-06-07 11:37:09,816 [ERROR] LogOutputStream:75 - [STDERR_REDIRECT] 
2026-06-07 11:37:10,814 [ERROR] LogOutputStream:75 - [STDERR_REDIRECT] [Fatal Error] :1:1: Premature end of file.
2026-06-07 11:37:10,814 [ERROR] LogOutputStream:75 - [STDERR_REDIRECT] 
2026-06-07 11:37:11,829 [ERROR] LogOutputStream:75 - [STDERR_REDIRECT] [Fatal Error] :1:1: Premature end of file.
2026-06-07 11:37:11,829 [ERROR] LogOutputStream:75 - [STDERR_REDIRECT] 
2026-06-07 11:37:12,815 [ERROR] LogOutputStream:75 - [STDERR_REDIRECT] [Fatal Error] :1:1: Premature end of file.
2026-06-07 11:37:12,815 [ERROR] LogOutputStream:75 - [STDERR_REDIRECT] 
2026-06-07 11:37:13,815 [ERROR] LogOutputStream:75 - [STDERR_REDIRECT] [Fatal Error] :1:1: Premature end of file.
2026-06-07 11:37:13,815 [ERROR] LogOutputStream:75 - [STDERR_REDIRECT] 
2026-06-07 11:37:14,821 [ERROR] LogOutputStream:75 - [STDERR_REDIRECT] [Fatal Error] :1:1: Premature end of file.
2026-06-07 11:37:14,821 [ERROR] LogOutputStream:75 - [STDERR_REDIRECT] 
2026-06-07 11:37:15,817 [ERROR] LogOutputStream:75 - [STDERR_REDIRECT] [Fatal Error] :1:1: Premature end of file.
2026-06-07 11:37:15,817 [ERROR] LogOutputStream:75 - [STDERR_REDIRECT] 
2026-06-07 11:37:16,817 [ERROR] LogOutputStream:75 - [STDERR_REDIRECT] [Fatal Error] :1:1: Premature end of file.
2026-06-07 11:37:16,817 [ERROR] LogOutputStream:75 - [STDERR_REDIRECT] 
2026-06-07 11:37:17,816 [ERROR] LogOutputStream:75 - [STDERR_REDIRECT] [Fatal Error] :1:1: Premature end of file.
2026-06-07 11:37:17,816 [ERROR] LogOutputStream:75 - [STDERR_REDIRECT] 
2026-06-07 11:37:18,815 [ERROR] LogOutputStream:75 - [STDERR_REDIRECT] [Fatal Error] :1:1: Premature end of file.
2026-06-07 11:37:18,815 [ERROR] LogOutputStream:75 - [STDERR_REDIRECT] 
2026-06-07 11:37:19,814 [ERROR] LogOutputStream:75 - [STDERR_REDIRECT] [Fatal Error] :1:1: Premature end of file.
2026-06-07 11:37:19,814 [ERROR] LogOutputStream:75 - [STDERR_REDIRECT] 
2026-06-07 11:37:20,841 [ERROR] LogOutputStream:75 - [STDERR_REDIRECT] [Fatal Error] :1:1: Premature end of file.
2026-06-07 11:37:20,841 [ERROR] LogOutputStream:75 - [STDERR_REDIRECT] 
2026-06-07 11:37:21,813 [ERROR] LogOutputStream:75 - [STDERR_REDIRECT] [Fatal Error] :1:1: Premature end of file.
2026-06-07 11:37:21,814 [ERROR] LogOutputStream:75 - [STDERR_REDIRECT] 
2026-06-07 11:37:22,816 [ERROR] LogOutputStream:75 - [STDERR_REDIRECT] [Fatal Error] :1:1: Premature end of file.
2026-06-07 11:37:22,816 [ERROR] LogOutputStream:75 - [STDERR_REDIRECT] 
2026-06-07 11:37:23,816 [ERROR] LogOutputStream:75 - [STDERR_REDIRECT] [Fatal Error] :1:1: Premature end of file.
2026-06-07 11:37:23,816 [ERROR] LogOutputStream:75 - [STDERR_REDIRECT] 
2026-06-07 11:37:24,814 [ERROR] LogOutputStream:75 - [STDERR_REDIRECT] [Fatal Error] :1:1: Premature end of file.
2026-06-07 11:37:24,814 [ERROR] LogOutputStream:75 - [STDERR_REDIRECT] 
2026-06-07 11:37:25,815 [ERROR] LogOutputStream:75 - [STDERR_REDIRECT] [Fatal Error] :1:1: Premature end of file.
2026-06-07 11:37:25,815 [ERROR] LogOutputStream:75 - [STDERR_REDIRECT] 
2026-06-07 11:37:26,825 [ERROR] LogOutputStream:75 - [STDERR_REDIRECT] [Fatal Error] :1:1: Premature end of file.
2026-06-07 11:37:26,825 [ERROR] LogOutputStream:75 - [STDERR_REDIRECT] 
2026-06-07 11:37:27,823 [ERROR] LogOutputStream:75 - [STDERR_REDIRECT] [Fatal Error] :1:1: Premature end of file.
2026-06-07 11:37:27,823 [ERROR] LogOutputStream:75 - [STDERR_REDIRECT] 
2026-06-07 11:37:28,815 [ERROR] LogOutputStream:75 - [STDERR_REDIRECT] [Fatal Error] :1:1: Premature end of file.
2026-06-07 11:37:28,815 [ERROR] LogOutputStream:75 - [STDERR_REDIRECT] 
2026-06-07 11:37:29,818 [ERROR] LogOutputStream:75 - [STDERR_REDIRECT] [Fatal Error] :1:1: Premature end of file.
2026-06-07 11:37:29,818 [ERROR] LogOutputStream:75 - [STDERR_REDIRECT] 
2026-06-07 11:37:30,816 [ERROR] LogOutputStream:75 - [STDERR_REDIRECT] [Fatal Error] :1:1: Premature end of file.
2026-06-07 11:37:30,816 [ERROR] LogOutputStream:75 - [STDERR_REDIRECT] 
2026-06-07 11:37:31,815 [ERROR] LogOutputStream:75 - [STDERR_REDIRECT] [Fatal Error] :1:1: Premature end of file.
2026-06-07 11:37:31,815 [ERROR] LogOutputStream:75 - [STDERR_REDIRECT] 
2026-06-07 11:37:32,818 [ERROR] LogOutputStream:75 - [STDERR_REDIRECT] [Fatal Error] :1:1: Premature end of file.
2026-06-07 11:37:32,819 [ERROR] LogOutputStream:75 - [STDERR_REDIRECT] 
2026-06-07 11:37:33,817 [ERROR] LogOutputStream:75 - [STDERR_REDIRECT] [Fatal Error] :1:1: Premature end of file.
2026-06-07 11:37:33,818 [ERROR] LogOutputStream:75 - [STDERR_REDIRECT] 
2026-06-07 11:37:34,815 [ERROR] LogOutputStream:75 - [STDERR_REDIRECT] [Fatal Error] :1:1: Premature end of file.
2026-06-07 11:37:34,815 [ERROR] LogOutputStream:75 - [STDERR_REDIRECT] 
2026-06-07 11:37:35,814 [ERROR] LogOutputStream:75 - [STDERR_REDIRECT] [Fatal Error] :1:1: Premature end of file.
2026-06-07 11:37:35,815 [ERROR] LogOutputStream:75 - [STDERR_REDIRECT] 
2026-06-07 11:37:36,823 [ERROR] LogOutputStream:75 - [STDERR_REDIRECT] [Fatal Error] :1:1: Premature end of file.
2026-06-07 11:37:36,823 [ERROR] LogOutputStream:75 - [STDERR_REDIRECT] 
2026-06-07 11:37:37,818 [ERROR] LogOutputStream:75 - [STDERR_REDIRECT] [Fatal Error] :1:1: Premature end of file.
2026-06-07 11:37:37,818 [ERROR] LogOutputStream:75 - [STDERR_REDIRECT] 
2026-06-07 11:37:38,822 [ERROR] LogOutputStream:75 - [STDERR_REDIRECT] [Fatal Error] :1:1: Premature end of file.
2026-06-07 11:37:38,822 [ERROR] LogOutputStream:75 - [STDERR_REDIRECT] 
2026-06-07 11:37:39,825 [ERROR] LogOutputStream:75 - [STDERR_REDIRECT] [Fatal Error] :1:1: Premature end of file.
2026-06-07 11:37:39,826 [ERROR] LogOutputStream:75 - [STDERR_REDIRECT] 
2026-06-07 11:37:40,822 [ERROR] LogOutputStream:75 - [STDERR_REDIRECT] [Fatal Error] :1:1: Premature end of file.
2026-06-07 11:37:40,822 [ERROR] LogOutputStream:75 - [STDERR_REDIRECT] 
2026-06-07 11:37:41,820 [ERROR] LogOutputStream:75 - [STDERR_REDIRECT] [Fatal Error] :1:1: Premature end of file.
2026-06-07 11:37:41,820 [ERROR] LogOutputStream:75 - [STDERR_REDIRECT] 
2026-06-07 11:37:42,825 [ERROR] LogOutputStream:75 - [STDERR_REDIRECT] [Fatal Error] :1:1: Premature end of file.
2026-06-07 11:37:42,825 [ERROR] LogOutputStream:75 - [STDERR_REDIRECT] 
2026-06-07 11:37:43,821 [ERROR] LogOutputStream:75 - [STDERR_REDIRECT] [Fatal Error] :1:1: Premature end of file.
2026-06-07 11:37:43,821 [ERROR] LogOutputStream:75 - [STDERR_REDIRECT] 
2026-06-07 11:37:44,826 [ERROR] LogOutputStream:75 - [STDERR_REDIRECT] [Fatal Error] :1:1: Premature end of file.
2026-06-07 11:37:44,827 [ERROR] LogOutputStream:75 - [STDERR_REDIRECT] 
2026-06-07 11:37:45,824 [ERROR] LogOutputStream:75 - [STDERR_REDIRECT] [Fatal Error] :1:1: Premature end of file.
2026-06-07 11:37:45,824 [ERROR] LogOutputStream:75 - [STDERR_REDIRECT] 
2026-06-07 11:37:46,814 [ERROR] LogOutputStream:75 - [STDERR_REDIRECT] [Fatal Error] :1:1: Premature end of file.
2026-06-07 11:37:46,814 [ERROR] LogOutputStream:75 - [STDERR_REDIRECT] 
2026-06-07 11:37:47,825 [ERROR] LogOutputStream:75 - [STDERR_REDIRECT] [Fatal Error] :1:1: Premature end of file.
2026-06-07 11:37:47,825 [ERROR] LogOutputStream:75 - [STDERR_REDIRECT] 
2026-06-07 11:37:48,815 [ERROR] LogOutputStream:75 - [STDERR_REDIRECT] [Fatal Error] :1:1: Premature end of file.
2026-06-07 11:37:48,815 [ERROR] LogOutputStream:75 - [STDERR_REDIRECT] 
2026-06-07 11:37:49,821 [ERROR] LogOutputStream:75 - [STDERR_REDIRECT] [Fatal Error] :1:1: Premature end of file.
2026-06-07 11:37:49,823 [ERROR] LogOutputStream:75 - [STDERR_REDIRECT] 
2026-06-07 11:37:50,817 [ERROR] LogOutputStream:75 - [STDERR_REDIRECT] [Fatal Error] :1:1: Premature end of file.
2026-06-07 11:37:50,817 [ERROR] LogOutputStream:75 - [STDERR_REDIRECT] 
2026-06-07 11:37:51,826 [ERROR] LogOutputStream:75 - [STDERR_REDIRECT] [Fatal Error] :1:1: Premature end of file.
2026-06-07 11:37:51,826 [ERROR] LogOutputStream:75 - [STDERR_REDIRECT] 
2026-06-07 11:37:52,825 [ERROR] LogOutputStream:75 - [STDERR_REDIRECT] [Fatal Error] :1:1: Premature end of file.
2026-06-07 11:37:52,825 [ERROR] LogOutputStream:75 - [STDERR_REDIRECT] 
2026-06-07 11:37:53,814 [ERROR] LogOutputStream:75 - [STDERR_REDIRECT] [Fatal Error] :1:1: Premature end of file.
2026-06-07 11:37:53,814 [ERROR] LogOutputStream:75 - [STDERR_REDIRECT] 
2026-06-07 11:37:54,823 [ERROR] LogOutputStream:75 - [STDERR_REDIRECT] [Fatal Error] :1:1: Premature end of file.
2026-06-07 11:37:54,823 [ERROR] LogOutputStream:75 - [STDERR_REDIRECT] 
2026-06-07 11:37:55,814 [ERROR] LogOutputStream:75 - [STDERR_REDIRECT] [Fatal Error] :1:1: Premature end of file.
2026-06-07 11:37:55,815 [ERROR] LogOutputStream:75 - [STDERR_REDIRECT] 
2026-06-07 11:37:56,816 [ERROR] LogOutputStream:75 - [STDERR_REDIRECT] [Fatal Error] :1:1: Premature end of file.
2026-06-07 11:37:56,816 [ERROR] LogOutputStream:75 - [STDERR_REDIRECT] 
2026-06-07 11:37:57,814 [ERROR] LogOutputStream:75 - [STDERR_REDIRECT] [Fatal Error] :1:1: Premature end of file.
2026-06-07 11:37:57,814 [ERROR] LogOutputStream:75 - [STDERR_REDIRECT] 
2026-06-07 11:37:58,821 [ERROR] LogOutputStream:75 - [STDERR_REDIRECT] [Fatal Error] :1:1: Premature end of file.
2026-06-07 11:37:58,821 [ERROR] LogOutputStream:75 - [STDERR_REDIRECT] 
2026-06-07 11:37:59,816 [ERROR] LogOutputStream:75 - [STDERR_REDIRECT] [Fatal Error] :1:1: Premature end of file.
2026-06-07 11:37:59,816 [ERROR] LogOutputStream:75 - [STDERR_REDIRECT] 
2026-06-07 11:38:00,822 [ERROR] LogOutputStream:75 - [STDERR_REDIRECT] [Fatal Error] :1:1: Premature end of file.
2026-06-07 11:38:00,822 [ERROR] LogOutputStream:75 - [STDERR_REDIRECT] 
2026-06-07 11:38:01,816 [ERROR] LogOutputStream:75 - [STDERR_REDIRECT] [Fatal Error] :1:1: Premature end of file.
2026-06-07 11:38:01,816 [ERROR] LogOutputStream:75 - [STDERR_REDIRECT] 
2026-06-07 11:38:02,816 [ERROR] LogOutputStream:75 - [STDERR_REDIRECT] [Fatal Error] :1:1: Premature end of file.
2026-06-07 11:38:02,816 [ERROR] LogOutputStream:75 - [STDERR_REDIRECT] 
2026-06-07 11:38:03,817 [ERROR] LogOutputStream:75 - [STDERR_REDIRECT] [Fatal Error] :1:1: Premature end of file.
2026-06-07 11:38:03,817 [ERROR] LogOutputStream:75 - [STDERR_REDIRECT] 
2026-06-07 11:38:04,817 [ERROR] LogOutputStream:75 - [STDERR_REDIRECT] [Fatal Error] :1:1: Premature end of file.
2026-06-07 11:38:04,837 [ERROR] LogOutputStream:75 - [STDERR_REDIRECT] 
2026-06-07 11:38:05,816 [ERROR] LogOutputStream:75 - [STDERR_REDIRECT] [Fatal Error] :1:1: Premature end of file.
2026-06-07 11:38:05,816 [ERROR] LogOutputStream:75 - [STDERR_REDIRECT] 
2026-06-07 11:38:06,815 [ERROR] LogOutputStream:75 - [STDERR_REDIRECT] [Fatal Error] :1:1: Premature end of file.
2026-06-07 11:38:06,816 [ERROR] LogOutputStream:75 - [STDERR_REDIRECT] 
2026-06-07 11:38:07,826 [ERROR] LogOutputStream:75 - [STDERR_REDIRECT] [Fatal Error] :1:1: Premature end of file.
2026-06-07 11:38:07,826 [ERROR] LogOutputStream:75 - [STDERR_REDIRECT] 
2026-06-07 11:38:08,824 [ERROR] LogOutputStream:75 - [STDERR_REDIRECT] [Fatal Error] :1:1: Premature end of file.
2026-06-07 11:38:08,824 [ERROR] LogOutputStream:75 - [STDERR_REDIRECT] 
2026-06-07 11:38:09,816 [ERROR] LogOutputStream:75 - [STDERR_REDIRECT] [Fatal Error] :1:1: Premature end of file.
2026-06-07 11:38:09,816 [ERROR] LogOutputStream:75 - [STDERR_REDIRECT] 
2026-06-07 11:38:10,825 [ERROR] LogOutputStream:75 - [STDERR_REDIRECT] [Fatal Error] :1:1: Premature end of file.
2026-06-07 11:38:10,825 [ERROR] LogOutputStream:75 - [STDERR_REDIRECT] 
2026-06-07 11:38:11,826 [ERROR] LogOutputStream:75 - [STDERR_REDIRECT] [Fatal Error] :1:1: Premature end of file.
2026-06-07 11:38:11,827 [ERROR] LogOutputStream:75 - [STDERR_REDIRECT] 
2026-06-07 11:38:12,814 [ERROR] LogOutputStream:75 - [STDERR_REDIRECT] [Fatal Error] :1:1: Premature end of file.
2026-06-07 11:38:12,814 [ERROR] LogOutputStream:75 - [STDERR_REDIRECT] 
2026-06-07 11:38:13,816 [ERROR] LogOutputStream:75 - [STDERR_REDIRECT] [Fatal Error] :1:1: Premature end of file.
2026-06-07 11:38:13,817 [ERROR] LogOutputStream:75 - [STDERR_REDIRECT] 
2026-06-07 11:38:14,816 [ERROR] LogOutputStream:75 - [STDERR_REDIRECT] [Fatal Error] :1:1: Premature end of file.
2026-06-07 11:38:14,816 [ERROR] LogOutputStream:75 - [STDERR_REDIRECT] 
2026-06-07 11:38:15,820 [ERROR] LogOutputStream:75 - [STDERR_REDIRECT] [Fatal Error] :1:1: Premature end of file.
2026-06-07 11:38:15,821 [ERROR] LogOutputStream:75 - [STDERR_REDIRECT] 
2026-06-07 11:38:16,817 [ERROR] LogOutputStream:75 - [STDERR_REDIRECT] [Fatal Error] :1:1: Premature end of file.
2026-06-07 11:38:16,818 [ERROR] LogOutputStream:75 - [STDERR_REDIRECT] 
2026-06-07 11:38:17,815 [ERROR] LogOutputStream:75 - [STDERR_REDIRECT] [Fatal Error] :1:1: Premature end of file.
2026-06-07 11:38:17,815 [ERROR] LogOutputStream:75 - [STDERR_REDIRECT] 
2026-06-07 11:38:18,814 [ERROR] LogOutputStream:75 - [STDERR_REDIRECT] [Fatal Error] :1:1: Premature end of file.
2026-06-07 11:38:18,815 [ERROR] LogOutputStream:75 - [STDERR_REDIRECT] 
2026-06-07 11:38:19,829 [ERROR] LogOutputStream:75 - [STDERR_REDIRECT] [Fatal Error] :1:1: Premature end of file.
2026-06-07 11:38:19,829 [ERROR] LogOutputStream:75 - [STDERR_REDIRECT] 
2026-06-07 11:38:20,817 [ERROR] LogOutputStream:75 - [STDERR_REDIRECT] [Fatal Error] :1:1: Premature end of file.
2026-06-07 11:38:20,817 [ERROR] LogOutputStream:75 - [STDERR_REDIRECT] 
2026-06-07 11:38:21,813 [ERROR] LogOutputStream:75 - [STDERR_REDIRECT] [Fatal Error] :1:1: Premature end of file.
2026-06-07 11:38:21,814 [ERROR] LogOutputStream:75 - [STDERR_REDIRECT] 
2026-06-07 11:38:22,813 [ERROR] LogOutputStream:75 - [STDERR_REDIRECT] [Fatal Error] :1:1: Premature end of file.
2026-06-07 11:38:22,813 [ERROR] LogOutputStream:75 - [STDERR_REDIRECT] 
2026-06-07 11:38:23,816 [ERROR] LogOutputStream:75 - [STDERR_REDIRECT] [Fatal Error] :1:1: Premature end of file.
2026-06-07 11:38:23,816 [ERROR] LogOutputStream:75 - [STDERR_REDIRECT] 
2026-06-07 11:38:24,815 [ERROR] LogOutputStream:75 - [STDERR_REDIRECT] [Fatal Error] :1:1: Premature end of file.
2026-06-07 11:38:24,815 [ERROR] LogOutputStream:75 - [STDERR_REDIRECT] 
2026-06-07 11:38:25,818 [ERROR] LogOutputStream:75 - [STDERR_REDIRECT] [Fatal Error] :1:1: Premature end of file.
2026-06-07 11:38:25,818 [ERROR] LogOutputStream:75 - [STDERR_REDIRECT] 
2026-06-07 11:38:26,816 [ERROR] LogOutputStream:75 - [STDERR_REDIRECT] [Fatal Error] :1:1: Premature end of file.
2026-06-07 11:38:26,816 [ERROR] LogOutputStream:75 - [STDERR_REDIRECT] 
2026-06-07 11:38:27,818 [ERROR] LogOutputStream:75 - [STDERR_REDIRECT] [Fatal Error] :1:1: Premature end of file.
2026-06-07 11:38:27,818 [ERROR] LogOutputStream:75 - [STDERR_REDIRECT] 
2026-06-07 11:38:28,815 [ERROR] LogOutputStream:75 - [STDERR_REDIRECT] [Fatal Error] :1:1: Premature end of file.
2026-06-07 11:38:28,815 [ERROR] LogOutputStream:75 - [STDERR_REDIRECT] 
2026-06-07 11:38:29,816 [ERROR] LogOutputStream:75 - [STDERR_REDIRECT] [Fatal Error] :1:1: Premature end of file.
2026-06-07 11:38:29,816 [ERROR] LogOutputStream:75 - [STDERR_REDIRECT] 
2026-06-07 11:38:30,823 [ERROR] LogOutputStream:75 - [STDERR_REDIRECT] [Fatal Error] :1:1: Premature end of file.
2026-06-07 11:38:30,823 [ERROR] LogOutputStream:75 - [STDERR_REDIRECT] 
2026-06-07 11:38:31,820 [ERROR] LogOutputStream:75 - [STDERR_REDIRECT] [Fatal Error] :1:1: Premature end of file.
2026-06-07 11:38:31,820 [ERROR] LogOutputStream:75 - [STDERR_REDIRECT] 
2026-06-07 11:38:32,820 [ERROR] LogOutputStream:75 - [STDERR_REDIRECT] [Fatal Error] :1:1: Premature end of file.
2026-06-07 11:38:32,820 [ERROR] LogOutputStream:75 - [STDERR_REDIRECT] 
2026-06-07 11:38:33,823 [ERROR] LogOutputStream:75 - [STDERR_REDIRECT] [Fatal Error] :1:1: Premature end of file.
2026-06-07 11:38:33,823 [ERROR] LogOutputStream:75 - [STDERR_REDIRECT] 
2026-06-07 11:38:34,818 [ERROR] LogOutputStream:75 - [STDERR_REDIRECT] [Fatal Error] :1:1: Premature end of file.
2026-06-07 11:38:34,826 [ERROR] LogOutputStream:75 - [STDERR_REDIRECT] 
2026-06-07 11:38:35,815 [ERROR] LogOutputStream:75 - [STDERR_REDIRECT] [Fatal Error] :1:1: Premature end of file.
2026-06-07 11:38:35,815 [ERROR] LogOutputStream:75 - [STDERR_REDIRECT] 
2026-06-07 11:38:36,817 [ERROR] LogOutputStream:75 - [STDERR_REDIRECT] [Fatal Error] :1:1: Premature end of file.
2026-06-07 11:38:36,817 [ERROR] LogOutputStream:75 - [STDERR_REDIRECT] 
2026-06-07 11:38:37,816 [ERROR] LogOutputStream:75 - [STDERR_REDIRECT] [Fatal Error] :1:1: Premature end of file.
2026-06-07 11:38:37,816 [ERROR] LogOutputStream:75 - [STDERR_REDIRECT] 
2026-06-07 11:38:38,820 [ERROR] LogOutputStream:75 - [STDERR_REDIRECT] [Fatal Error] :1:1: Premature end of file.
2026-06-07 11:38:38,820 [ERROR] LogOutputStream:75 - [STDERR_REDIRECT] 
2026-06-07 11:38:39,817 [ERROR] LogOutputStream:75 - [STDERR_REDIRECT] [Fatal Error] :1:1: Premature end of file.
2026-06-07 11:38:39,817 [ERROR] LogOutputStream:75 - [STDERR_REDIRECT] 
2026-06-07 11:38:40,815 [ERROR] LogOutputStream:75 - [STDERR_REDIRECT] [Fatal Error] :1:1: Premature end of file.
2026-06-07 11:38:40,815 [ERROR] LogOutputStream:75 - [STDERR_REDIRECT] 
2026-06-07 11:38:41,816 [ERROR] LogOutputStream:75 - [STDERR_REDIRECT] [Fatal Error] :1:1: Premature end of file.
2026-06-07 11:38:41,817 [ERROR] LogOutputStream:75 - [STDERR_REDIRECT] 
2026-06-07 11:38:42,817 [ERROR] LogOutputStream:75 - [STDERR_REDIRECT] [Fatal Error] :1:1: Premature end of file.
2026-06-07 11:38:42,817 [ERROR] LogOutputStream:75 - [STDERR_REDIRECT] 
2026-06-07 11:38:43,816 [ERROR] LogOutputStream:75 - [STDERR_REDIRECT] [Fatal Error] :1:1: Premature end of file.
2026-06-07 11:38:43,816 [ERROR] LogOutputStream:75 - [STDERR_REDIRECT] 
2026-06-07 11:38:44,816 [ERROR] LogOutputStream:75 - [STDERR_REDIRECT] [Fatal Error] :1:1: Premature end of file.
2026-06-07 11:38:44,816 [ERROR] LogOutputStream:75 - [STDERR_REDIRECT] 
2026-06-07 11:38:45,840 [ERROR] LogOutputStream:75 - [STDERR_REDIRECT] [Fatal Error] :1:1: Premature end of file.
2026-06-07 11:38:45,840 [ERROR] LogOutputStream:75 - [STDERR_REDIRECT] 
2026-06-07 11:38:45,971 [ERROR] LogOutputStream:75 - [STDERR_REDIRECT] 
2026-06-07 11:38:45,973 [ERROR] LogOutputStream:75 - [STDERR_REDIRECT] 
