2026-05-26 14:52:22,781 [INFO] Activator:176 - 


2026-05-26 14:52:22,783 [INFO] Activator:177 - !SESSION log4j initialized
2026-05-26 14:52:25,497 [INFO] LogOutputStream:77 - [STDOUT_REDIRECT] 
2026-05-26 14:52:27,661 [INFO] ApplicationProperties:184 - Using Application install path: C:\ST\STM32CubeIDE_1.18.1\STM32CubeIDE\plugins\com.st.stm32cube.common.mx_6.14.1.202504091515
2026-05-26 14:52:27,678 [INFO] DbMcusXml:78 - Set database path to: C:\ST\STM32CubeIDE_1.18.1\STM32CubeIDE\plugins\com.st.stm32cube.common.mx_6.14.1.202504091515\\db\/mcu/
2026-05-26 14:52:27,678 [INFO] ApiDb:274 - Set plugin database path to: C:\ST\STM32CubeIDE_1.18.1\STM32CubeIDE\plugins\com.st.stm32cube.common.mx_6.14.1.202504091515\\db\/plugins/boardmanager/
2026-05-26 14:52:27,710 [WARN] ApiDb:259 - Overriding images path with different value:  => C:\ST\STM32CubeIDE_1.18.1\STM32CubeIDE\plugins\com.st.stm32cube.common.mx_6.14.1.202504091515\\db\/plugins/mcufinder/images/
2026-05-26 14:52:27,716 [INFO] ApiDb:250 - Set database path to: C:\Users\NIVYA\.stmcufinder\plugins\mcufinder//mcu/
2026-05-26 14:52:27,717 [INFO] DbMcusAds:125 - Set database path to: C:\Users\NIVYA\.stmcufinder\plugins\mcufinder//mcu/
2026-05-26 14:52:27,719 [INFO] CrossReferenceDbSqlite:203 - Set database path to: C:\Users\NIVYA\.stmcufinder\plugins\mcufinder//mcu/cs/
2026-05-26 14:52:27,829 [INFO] RulesReader:64 - Compatibility file has been processed (302 Rules)
2026-05-26 14:52:27,937 [INFO] DbMcusXml:78 - Set database path to: C:\ST\STM32CubeIDE_1.18.1\STM32CubeIDE\plugins\com.st.stm32cube.common.mx_6.14.1.202504091515\\db\/mcu/
2026-05-26 14:52:27,938 [INFO] ApiDb:274 - Set plugin database path to: C:\ST\STM32CubeIDE_1.18.1\STM32CubeIDE\plugins\com.st.stm32cube.common.mx_6.14.1.202504091515\\db\/plugins/boardmanager/
2026-05-26 14:52:27,938 [INFO] ApiDb:261 - Set plugin images path to: C:\ST\STM32CubeIDE_1.18.1\STM32CubeIDE\plugins\com.st.stm32cube.common.mx_6.14.1.202504091515\\db\/plugins/mcufinder/images/
2026-05-26 14:52:27,938 [WARN] DbFile:41 - Overriding database path with different value: C:\Users\NIVYA\.stmcufinder\plugins\mcufinder/ => C:\Users\NIVYA\.stmcufinder\plugins\mcufinder
2026-05-26 14:52:27,938 [INFO] ApiDb:250 - Set database path to: C:\Users\NIVYA\.stmcufinder\plugins\mcufinder//mcu/
2026-05-26 14:52:27,938 [WARN] DbFile:41 - Overriding database path with different value: C:\Users\NIVYA\.stmcufinder\plugins\mcufinder/ => C:\Users\NIVYA\.stmcufinder\plugins\mcufinder
2026-05-26 14:52:27,938 [INFO] DbMcusAds:125 - Set database path to: C:\Users\NIVYA\.stmcufinder\plugins\mcufinder//mcu/
2026-05-26 14:52:27,938 [WARN] DbFile:41 - Overriding database path with different value: C:\Users\NIVYA\.stmcufinder\plugins\mcufinder/ => C:\Users\NIVYA\.stmcufinder\plugins\mcufinder
2026-05-26 14:52:27,939 [WARN] DbFile:41 - Overriding database path with different value: C:\Users\NIVYA\.stmcufinder\plugins\mcufinder/ => C:\Users\NIVYA\.stmcufinder\plugins\mcufinder
2026-05-26 14:52:27,939 [INFO] CrossReferenceDbSqlite:203 - Set database path to: C:\Users\NIVYA\.stmcufinder\plugins\mcufinder//mcu/cs/
2026-05-26 14:52:28,008 [INFO] MainPanel:272 - HeapMemory: 268435456
2026-05-26 14:52:28,086 [INFO] DbMcusXml:78 - Set database path to: C:\ST\STM32CubeIDE_1.18.1\STM32CubeIDE\plugins\com.st.stm32cube.common.mx_6.14.1.202504091515\\db\/mcu/
2026-05-26 14:52:28,086 [INFO] ApiDb:274 - Set plugin database path to: C:\ST\STM32CubeIDE_1.18.1\STM32CubeIDE\plugins\com.st.stm32cube.common.mx_6.14.1.202504091515\\db\/plugins/boardmanager/
2026-05-26 14:52:28,086 [INFO] ApiDb:261 - Set plugin images path to: C:\ST\STM32CubeIDE_1.18.1\STM32CubeIDE\plugins\com.st.stm32cube.common.mx_6.14.1.202504091515\\db\/plugins/mcufinder/images/
2026-05-26 14:52:28,086 [WARN] DbFile:41 - Overriding database path with different value: C:\Users\NIVYA\.stmcufinder\plugins\mcufinder/ => C:\Users\NIVYA\.stmcufinder\plugins\mcufinder
2026-05-26 14:52:28,086 [INFO] ApiDb:250 - Set database path to: C:\Users\NIVYA\.stmcufinder\plugins\mcufinder//mcu/
2026-05-26 14:52:28,086 [WARN] DbFile:41 - Overriding database path with different value: C:\Users\NIVYA\.stmcufinder\plugins\mcufinder/ => C:\Users\NIVYA\.stmcufinder\plugins\mcufinder
2026-05-26 14:52:28,087 [INFO] DbMcusAds:125 - Set database path to: C:\Users\NIVYA\.stmcufinder\plugins\mcufinder//mcu/
2026-05-26 14:52:28,087 [WARN] DbFile:41 - Overriding database path with different value: C:\Users\NIVYA\.stmcufinder\plugins\mcufinder/ => C:\Users\NIVYA\.stmcufinder\plugins\mcufinder
2026-05-26 14:52:28,087 [WARN] DbFile:41 - Overriding database path with different value: C:\Users\NIVYA\.stmcufinder\plugins\mcufinder/ => C:\Users\NIVYA\.stmcufinder\plugins\mcufinder
2026-05-26 14:52:28,087 [INFO] CrossReferenceDbSqlite:203 - Set database path to: C:\Users\NIVYA\.stmcufinder\plugins\mcufinder//mcu/cs/
2026-05-26 14:52:28,138 [INFO] ApplicationProperties:184 - Using Application install path: C:\ST\STM32CubeIDE_1.18.1\STM32CubeIDE\plugins\com.st.stm32cube.common.mx_6.14.1.202504091515
2026-05-26 14:52:28,139 [INFO] PluginManage:196 - Search for loadable plugins [exclusion list=, ]
2026-05-26 14:52:28,140 [INFO] PluginManage:310 - Check plugin analytics
2026-05-26 14:52:28,361 [INFO] AnalyticsPlugin:253 - Accepted Software Licenses: STM32CubeMX.6.16.0,STM32CubeMX.6.14.1
2026-05-26 14:52:28,361 [INFO] AnalyticsPlugin:255 - Accepted CMSIS Pack Licenses: 
2026-05-26 14:52:28,362 [INFO] AnalyticsPlugin:257 - Accepted Firmware Licenses: FW.F4.1.28.0
2026-05-26 14:52:28,369 [INFO] PluginManage:359 - Loaded plugin analytics (category:tool,tabindex:-1)
2026-05-26 14:52:28,369 [INFO] PluginManage:310 - Check plugin cadmodel
2026-05-26 14:52:28,376 [INFO] CADModel:105 - Init CAD model plugin
2026-05-26 14:52:28,376 [INFO] PluginManage:359 - Loaded plugin cadmodel (category:power,tabindex:5)
2026-05-26 14:52:28,377 [INFO] PluginManage:310 - Check plugin clock
2026-05-26 14:52:28,390 [INFO] PluginManage:359 - Loaded plugin clock (category:base,tabindex:2)
2026-05-26 14:52:28,391 [INFO] PluginManage:310 - Check plugin ddr
2026-05-26 14:52:28,394 [INFO] PluginManage:359 - Loaded plugin ddr (category:tool,tabindex:6)
2026-05-26 14:52:28,394 [INFO] PluginManage:310 - Check plugin filemanager
2026-05-26 14:52:28,648 [INFO] PluginManage:359 - Loaded plugin filemanager (category:base,tabindex:10)
2026-05-26 14:52:28,648 [INFO] PluginManage:310 - Check plugin ipmanager
2026-05-26 14:52:28,657 [INFO] PluginManage:359 - Loaded plugin ipmanager (category:base,tabindex:5)
2026-05-26 14:52:28,657 [INFO] PluginManage:310 - Check plugin lpbam
2026-05-26 14:52:28,667 [INFO] PluginManage:359 - Loaded plugin lpbam (category:base,tabindex:0)
2026-05-26 14:52:28,667 [INFO] PluginManage:310 - Check plugin memorymap
2026-05-26 14:52:28,677 [INFO] PluginManage:359 - Loaded plugin memorymap (category:base,tabindex:4)
2026-05-26 14:52:28,678 [INFO] PluginManage:310 - Check plugin pinoutandconfiguration
2026-05-26 14:52:28,684 [INFO] PluginManage:359 - Loaded plugin pinoutandconfiguration (category:base,tabindex:1)
2026-05-26 14:52:28,684 [INFO] PluginManage:310 - Check plugin pinoutconfig
2026-05-26 14:52:28,776 [WARN] SupportedApi:132 - Cannot load RTOS API schema: s4s-elt-must-match.1: The content of 'definitions' must match (annotation?, (simpleType | complexType)?, (unique | key | keyref)*)). A problem was found starting at: attribute.
2026-05-26 14:52:28,913 [INFO] PluginManage:359 - Loaded plugin pinoutconfig (category:base,tabindex:0)
2026-05-26 14:52:28,913 [INFO] PluginManage:310 - Check plugin power
2026-05-26 14:52:28,920 [INFO] PluginManage:359 - Loaded plugin power (category:power,tabindex:4)
2026-05-26 14:52:28,951 [INFO] PluginManage:310 - Check plugin projectmanager
2026-05-26 14:52:28,967 [INFO] PluginManage:359 - Loaded plugin projectmanager (category:projectmanager,tabindex:4)
2026-05-26 14:52:28,968 [INFO] PluginManage:310 - Check plugin rif
2026-05-26 14:52:28,973 [INFO] PluginManage:359 - Loaded plugin rif (category:base,tabindex:3)
2026-05-26 14:52:28,973 [INFO] PluginManage:310 - Check plugin thirdparty
2026-05-26 14:52:29,115 [INFO] PluginManage:359 - Loaded plugin thirdparty (category:base,tabindex:-1)
2026-05-26 14:52:29,115 [WARN] IntegrityCheckThread:84 - waiting for thirdparty lock release [integrity check]
2026-05-26 14:52:29,115 [INFO] PluginManage:310 - Check plugin tools
2026-05-26 14:52:29,116 [INFO] IntegrityCheckThread:86 - entering critical section [integrity check]
2026-05-26 14:52:29,116 [INFO] ThirdPartyUpdaterWithRetryManager:70 - Updater plugin not ready yet. [1/15]
2026-05-26 14:52:29,120 [INFO] PluginManage:359 - Loaded plugin tools (category:base,tabindex:7)
2026-05-26 14:52:29,120 [INFO] PluginManage:310 - Check plugin tutovideos
2026-05-26 14:52:29,357 [INFO] PluginManage:359 - Loaded plugin tutovideos (category:base,tabindex:-1)
2026-05-26 14:52:29,357 [INFO] PluginManage:310 - Check plugin updater
2026-05-26 14:52:29,387 [INFO] PluginManage:359 - Loaded plugin updater (category:base,tabindex:12)
2026-05-26 14:52:29,387 [INFO] PluginManage:310 - Check plugin userauth
2026-05-26 14:52:29,394 [INFO] UserAuth:118 - Init User Auth plugin
2026-05-26 14:52:29,395 [INFO] PluginManage:359 - Loaded plugin userauth (category:base,tabindex:14)
2026-05-26 14:52:29,397 [INFO] PluginManage:283 - PluginManage : Loaded plugins [18]
2026-05-26 14:52:29,719 [INFO] PinOutPanel:1589 - setPackage(No Configuration,No Configuration)
2026-05-26 14:52:29,813 [INFO] CADModel:165 - CPN selected for project level
2026-05-26 14:52:29,813 [INFO] CADModel:114 - Register for checkConnection events
2026-05-26 14:52:29,831 [INFO] IPUIPlugin:80 - create IPUIPlugin
2026-05-26 14:52:29,831 [INFO] PluginManager:220 - loadIPPluginJar : add adc
2026-05-26 14:52:29,833 [INFO] IPUIPlugin:80 - create IPUIPlugin
2026-05-26 14:52:29,833 [INFO] PluginManager:220 - loadIPPluginJar : add aes
2026-05-26 14:52:29,836 [INFO] IPUIPlugin:80 - create IPUIPlugin
2026-05-26 14:52:29,837 [INFO] PluginManager:220 - loadIPPluginJar : add can
2026-05-26 14:52:29,838 [INFO] IPUIPlugin:80 - create IPUIPlugin
2026-05-26 14:52:29,838 [INFO] PluginManager:220 - loadIPPluginJar : add comp
2026-05-26 14:52:29,840 [INFO] IPUIPlugin:80 - create IPUIPlugin
2026-05-26 14:52:29,840 [INFO] PluginManager:220 - loadIPPluginJar : add cryp
2026-05-26 14:52:29,842 [INFO] IPUIPlugin:80 - create IPUIPlugin
2026-05-26 14:52:29,842 [INFO] PluginManager:220 - loadIPPluginJar : add ddr_ctrl_phy
2026-05-26 14:52:29,845 [INFO] IPUIPlugin:80 - create IPUIPlugin
2026-05-26 14:52:29,845 [INFO] PluginManager:220 - loadIPPluginJar : add dfsdm
2026-05-26 14:52:29,851 [INFO] IPUIPlugin:80 - create IPUIPlugin
2026-05-26 14:52:29,852 [INFO] PluginManager:220 - loadIPPluginJar : add dma
2026-05-26 14:52:29,853 [INFO] IPUIPlugin:80 - create IPUIPlugin
2026-05-26 14:52:29,854 [INFO] PluginManager:220 - loadIPPluginJar : add dma3
2026-05-26 14:52:29,855 [INFO] IPUIPlugin:80 - create IPUIPlugin
2026-05-26 14:52:29,855 [INFO] PluginManager:220 - loadIPPluginJar : add extmemmanager
2026-05-26 14:52:29,856 [INFO] IPUIPlugin:80 - create IPUIPlugin
2026-05-26 14:52:29,856 [INFO] PluginManager:220 - loadIPPluginJar : add fatfs
2026-05-26 14:52:29,861 [INFO] IPUIPlugin:80 - create IPUIPlugin
2026-05-26 14:52:29,861 [INFO] PluginManager:220 - loadIPPluginJar : add fmc
2026-05-26 14:52:29,867 [INFO] IPUIPlugin:80 - create IPUIPlugin
2026-05-26 14:52:29,867 [INFO] PluginManager:220 - loadIPPluginJar : add freertos
2026-05-26 14:52:29,869 [INFO] IPUIPlugin:80 - create IPUIPlugin
2026-05-26 14:52:29,869 [INFO] PluginManager:220 - loadIPPluginJar : add genericplugin
2026-05-26 14:52:29,871 [INFO] IPUIPlugin:80 - create IPUIPlugin
2026-05-26 14:52:29,871 [INFO] PluginManager:220 - loadIPPluginJar : add gfxmmu
2026-05-26 14:52:29,875 [INFO] IPUIPlugin:80 - create IPUIPlugin
2026-05-26 14:52:29,876 [INFO] PluginManager:220 - loadIPPluginJar : add gic
2026-05-26 14:52:29,882 [INFO] IPUIPlugin:80 - create IPUIPlugin
2026-05-26 14:52:29,882 [INFO] PluginManager:220 - loadIPPluginJar : add gpio
2026-05-26 14:52:29,885 [INFO] IPUIPlugin:80 - create IPUIPlugin
2026-05-26 14:52:29,885 [INFO] PluginManager:220 - loadIPPluginJar : add gtzc
2026-05-26 14:52:29,888 [INFO] IPUIPlugin:80 - create IPUIPlugin
2026-05-26 14:52:29,888 [INFO] PluginManager:220 - loadIPPluginJar : add hash
2026-05-26 14:52:29,891 [INFO] IPUIPlugin:80 - create IPUIPlugin
2026-05-26 14:52:29,891 [INFO] PluginManager:220 - loadIPPluginJar : add i2c
2026-05-26 14:52:29,894 [INFO] IPUIPlugin:80 - create IPUIPlugin
2026-05-26 14:52:29,894 [INFO] PluginManager:220 - loadIPPluginJar : add i2s
2026-05-26 14:52:29,899 [INFO] IPUIPlugin:80 - create IPUIPlugin
2026-05-26 14:52:29,899 [INFO] PluginManager:220 - loadIPPluginJar : add i3c
2026-05-26 14:52:29,904 [INFO] IPUIPlugin:80 - create IPUIPlugin
2026-05-26 14:52:29,904 [INFO] PluginManager:220 - loadIPPluginJar : add ipddr
2026-05-26 14:52:29,912 [INFO] IPUIPlugin:80 - create IPUIPlugin
2026-05-26 14:52:29,913 [INFO] PluginManager:220 - loadIPPluginJar : add linkedlist
2026-05-26 14:52:29,916 [INFO] IPUIPlugin:80 - create IPUIPlugin
2026-05-26 14:52:29,916 [INFO] PluginManager:220 - loadIPPluginJar : add lorawan
2026-05-26 14:52:29,918 [INFO] IPUIPlugin:80 - create IPUIPlugin
2026-05-26 14:52:29,918 [INFO] PluginManager:220 - loadIPPluginJar : add ltdc
2026-05-26 14:52:29,923 [INFO] IPUIPlugin:80 - create IPUIPlugin
2026-05-26 14:52:29,923 [INFO] PluginManager:220 - loadIPPluginJar : add mdma
2026-05-26 14:52:29,927 [INFO] IPUIPlugin:80 - create IPUIPlugin
2026-05-26 14:52:29,927 [INFO] PluginManager:220 - loadIPPluginJar : add nvic
2026-05-26 14:52:29,931 [INFO] IPUIPlugin:80 - create IPUIPlugin
2026-05-26 14:52:29,931 [INFO] PluginManager:220 - loadIPPluginJar : add opamp
2026-05-26 14:52:29,934 [INFO] IPUIPlugin:80 - create IPUIPlugin
2026-05-26 14:52:29,934 [INFO] PluginManager:220 - loadIPPluginJar : add openamp
2026-05-26 14:52:29,937 [INFO] IPUIPlugin:80 - create IPUIPlugin
2026-05-26 14:52:29,937 [INFO] PluginManager:220 - loadIPPluginJar : add pdm2pcm
2026-05-26 14:52:29,943 [INFO] IPUIPlugin:80 - create IPUIPlugin
2026-05-26 14:52:29,947 [INFO] PluginManager:220 - loadIPPluginJar : add plateformsettings
2026-05-26 14:52:29,948 [INFO] IPUIPlugin:80 - create IPUIPlugin
2026-05-26 14:52:29,949 [INFO] PluginManager:220 - loadIPPluginJar : add quadspi
2026-05-26 14:52:29,950 [INFO] IPUIPlugin:80 - create IPUIPlugin
2026-05-26 14:52:29,951 [INFO] PluginManager:220 - loadIPPluginJar : add radio
2026-05-26 14:52:29,954 [INFO] IPUIPlugin:80 - create IPUIPlugin
2026-05-26 14:52:29,955 [INFO] PluginManager:220 - loadIPPluginJar : add resmgrutility
2026-05-26 14:52:29,958 [INFO] IPUIPlugin:80 - create IPUIPlugin
2026-05-26 14:52:29,959 [INFO] PluginManager:220 - loadIPPluginJar : add sai
2026-05-26 14:52:29,961 [INFO] IPUIPlugin:80 - create IPUIPlugin
2026-05-26 14:52:29,962 [INFO] PluginManager:220 - loadIPPluginJar : add spi
2026-05-26 14:52:29,969 [INFO] IPUIPlugin:80 - create IPUIPlugin
2026-05-26 14:52:29,969 [INFO] PluginManager:220 - loadIPPluginJar : add stm32_wpan
2026-05-26 14:52:29,971 [INFO] IPUIPlugin:80 - create IPUIPlugin
2026-05-26 14:52:29,971 [INFO] PluginManager:220 - loadIPPluginJar : add tim
2026-05-26 14:52:29,973 [INFO] IPUIPlugin:80 - create IPUIPlugin
2026-05-26 14:52:29,973 [INFO] PluginManager:220 - loadIPPluginJar : add touchsensing
2026-05-26 14:52:29,975 [INFO] IPUIPlugin:80 - create IPUIPlugin
2026-05-26 14:52:29,975 [INFO] PluginManager:220 - loadIPPluginJar : add tracer_emb
2026-05-26 14:52:29,977 [INFO] IPUIPlugin:80 - create IPUIPlugin
2026-05-26 14:52:29,977 [INFO] PluginManager:220 - loadIPPluginJar : add ts
2026-05-26 14:52:29,979 [INFO] IPUIPlugin:80 - create IPUIPlugin
2026-05-26 14:52:29,979 [INFO] PluginManager:220 - loadIPPluginJar : add tsc
2026-05-26 14:52:29,981 [INFO] IPUIPlugin:80 - create IPUIPlugin
2026-05-26 14:52:29,981 [INFO] PluginManager:220 - loadIPPluginJar : add ucpd
2026-05-26 14:52:29,983 [INFO] IPUIPlugin:80 - create IPUIPlugin
2026-05-26 14:52:29,983 [INFO] PluginManager:220 - loadIPPluginJar : add usart
2026-05-26 14:52:29,986 [INFO] IPUIPlugin:80 - create IPUIPlugin
2026-05-26 14:52:29,986 [INFO] PluginManager:220 - loadIPPluginJar : add usbx
2026-05-26 14:52:30,141 [FATAL] Updater:351 - Updater called before beeing initialized
2026-05-26 14:52:30,167 [INFO] RulesReader:64 - Compatibility file has been processed (302 Rules)
2026-05-26 14:52:30,182 [INFO] RulesReader:64 - Compatibility file has been processed (302 Rules)
2026-05-26 14:52:30,192 [INFO] CADModel:165 - CPN selected for project level
2026-05-26 14:52:30,192 [INFO] CADModel:114 - Register for checkConnection events
2026-05-26 14:52:30,192 [FATAL] Updater:351 - Updater called before beeing initialized
2026-05-26 14:52:30,192 [ERROR] CADModel:125 - Updater not yet initialized, retry later 
2026-05-26 14:52:30,405 [FATAL] Updater:351 - Updater called before beeing initialized
2026-05-26 14:52:30,407 [INFO] CADModel:165 - CPN selected for project level
2026-05-26 14:52:30,407 [INFO] CADModel:114 - Register for checkConnection events
2026-05-26 14:52:30,407 [FATAL] Updater:351 - Updater called before beeing initialized
2026-05-26 14:52:30,407 [ERROR] CADModel:125 - Updater not yet initialized, retry later 
2026-05-26 14:52:30,411 [FATAL] Updater:351 - Updater called before beeing initialized
2026-05-26 14:52:30,585 [FATAL] Updater:351 - Updater called before beeing initialized
2026-05-26 14:52:30,589 [INFO] DbMcusAds:53 - JSON generation date=Thu Mar 05 20:02:52 IST 2026 (1772721172610)
2026-05-26 14:52:30,590 [FATAL] Updater:351 - Updater called before beeing initialized
2026-05-26 14:52:30,623 [WARN] DetailPanel:346 - Failed to get advertising image, set to default
2026-05-26 14:52:30,905 [FATAL] Updater:351 - Updater called before beeing initialized
2026-05-26 14:52:30,907 [FATAL] Updater:351 - Updater called before beeing initialized
2026-05-26 14:52:30,907 [FATAL] Updater:351 - Updater called before beeing initialized
2026-05-26 14:52:30,907 [WARN] DetailPanel:346 - Failed to get advertising image, set to default
2026-05-26 14:52:30,908 [FATAL] Updater:351 - Updater called before beeing initialized
2026-05-26 14:52:30,981 [ERROR] Updater:1198 - MainUpdater not yet initialized. External WinMGr cannot be set.
2026-05-26 14:52:30,983 [INFO] Updater:1134 - Updater Version found : 6.14.1
2026-05-26 14:52:30,999 [INFO] ApplicationProperties:184 - Using Application install path: C:\ST\STM32CubeIDE_1.18.1\STM32CubeIDE\plugins\com.st.stm32cube.common.mx_6.14.1.202504091515
2026-05-26 14:52:32,119 [INFO] ThirdPartyUpdaterWithRetryManager:70 - Updater plugin not ready yet. [2/15]
2026-05-26 14:52:32,581 [ERROR] LogOutputStream:75 - [STDERR_REDIRECT] May 26, 2026 2:52:32 PM java.util.prefs.WindowsPreferences <init>
2026-05-26 14:52:32,583 [ERROR] LogOutputStream:75 - [STDERR_REDIRECT] WARNING: Could not open/create prefs root node Software\JavaSoft\Prefs at root 0xffffffff80000002. Windows RegCreateKeyEx(...) returned error code 5.
2026-05-26 14:52:32,584 [ERROR] LogOutputStream:75 - [STDERR_REDIRECT] 
2026-05-26 14:52:33,173 [INFO] MainUpdater:2872 - connection check result : 10
2026-05-26 14:52:33,174 [INFO] MainUpdater:3566 - Updater definition file requires update
2026-05-26 14:52:33,175 [INFO] MainUpdater:289 - Updater Check For Update Now.
2026-05-26 14:52:33,175 [INFO] MicroXplorer:498 - Change Database Version : DB.6.0.141
2026-05-26 14:52:33,188 [INFO] McuFinderGlobals:63 - Set McuFinder mode to 2 (CubeIDE integrated)
2026-05-26 14:52:33,189 [INFO] UserAuth:171 - activating auth plugin
2026-05-26 14:52:33,193 [INFO] UserAuth:484 - Internet connection configuration mode: 1
2026-05-26 14:52:33,194 [INFO] ServerAccessManage:473 - Download File updaters.zip
2026-05-26 14:52:33,217 [INFO] JxBrowserEngine:152 - Initiate JxBrowser Engine with user profile folder
2026-05-26 14:52:33,299 [INFO] FileExtend:242 - Unzip File : updaters.zip
2026-05-26 14:52:33,299 [INFO] FileExtend:257 - Standard Zip Deflate
2026-05-26 14:52:33,856 [INFO] ServerAccessManage:473 - Download File PacksControlFlags.xml
2026-05-26 14:52:34,060 [INFO] ServerAccessManage:473 - Download File cubemx.pidx
2026-05-26 14:52:34,988 [INFO] ServerAccessManage:473 - Download File STMicroelectronics.X-CUBE-GNSS1.pdsc
2026-05-26 14:52:35,121 [WARN] MainUpdater:1193 - Updater busy. Cannot search thirdparties
2026-05-26 14:52:35,121 [INFO] ThirdPartyUpdaterWithRetryManager:96 - Updater plugin is busy. [1/15]
2026-05-26 14:52:35,830 [INFO] WebApp:169 - Instantiating new browser for Auth
2026-05-26 14:52:36,638 [ERROR] ServerAccessManage:1089 - Problem, file not found on Server
2026-05-26 14:52:36,746 [INFO] WebApp:463 - Apply proxy settings
2026-05-26 14:52:36,747 [INFO] WebApp:548 - Chromium requires no authentication
2026-05-26 14:52:36,758 [INFO] WebApp:491 - Direct internet connection detected
2026-05-26 14:52:36,785 [INFO] WebApp:894 - Register for checkConnection events
2026-05-26 14:52:36,786 [INFO] WebApp:463 - Apply proxy settings
2026-05-26 14:52:36,786 [INFO] WebApp:548 - Chromium requires no authentication
2026-05-26 14:52:36,787 [INFO] WebApp:491 - Direct internet connection detected
2026-05-26 14:52:36,991 [INFO] WebApp:225 - Starting web application
2026-05-26 14:52:36,991 [INFO] WebApp:593 - Web application path used C:\ST\STM32CubeIDE_1.18.1\STM32CubeIDE\plugins\com.st.stm32cube.common.mx_6.14.1.202504091515\db\plugins\mcufinder\reactClient1\index.html
2026-05-26 14:52:37,078 [ERROR] ServerAccessManage:1089 - Problem, file not found on Server
2026-05-26 14:52:37,337 [ERROR] ServerAccessManage:1089 - Problem, file not found on Server
2026-05-26 14:52:37,410 [ERROR] LogOutputStream:75 - [STDERR_REDIRECT] [Fatal Error] :1:1: Premature end of file.
2026-05-26 14:52:37,411 [ERROR] LogOutputStream:75 - [STDERR_REDIRECT] 
2026-05-26 14:52:37,464 [INFO] WebApp:191 - Connection restablished
2026-05-26 14:52:37,569 [INFO] McuFinderGlobals:63 - Set McuFinder mode to 2 (CubeIDE integrated)
2026-05-26 14:52:37,808 [ERROR] ServerAccessManage:1089 - Problem, file not found on Server
2026-05-26 14:52:38,028 [ERROR] ServerAccessManage:1089 - Problem, file not found on Server
2026-05-26 14:52:38,122 [WARN] MainUpdater:1193 - Updater busy. Cannot search thirdparties
2026-05-26 14:52:38,122 [INFO] ThirdPartyUpdaterWithRetryManager:96 - Updater plugin is busy. [2/15]
2026-05-26 14:52:38,371 [ERROR] LogOutputStream:75 - [STDERR_REDIRECT] [Fatal Error] :1:1: Premature end of file.
2026-05-26 14:52:38,372 [ERROR] LogOutputStream:75 - [STDERR_REDIRECT] 
2026-05-26 14:52:38,402 [ERROR] ServerAccessManage:1089 - Problem, file not found on Server
2026-05-26 14:52:38,746 [INFO] ServerAccessManage:473 - Download File STMicroelectronics.X-CUBE-MEMS1.pdsc
2026-05-26 14:52:39,354 [ERROR] LogOutputStream:75 - [STDERR_REDIRECT] [Fatal Error] :1:1: Premature end of file.
2026-05-26 14:52:39,354 [ERROR] LogOutputStream:75 - [STDERR_REDIRECT] 
2026-05-26 14:52:40,351 [ERROR] LogOutputStream:75 - [STDERR_REDIRECT] [Fatal Error] :1:1: Premature end of file.
2026-05-26 14:52:40,351 [ERROR] LogOutputStream:75 - [STDERR_REDIRECT] 
2026-05-26 14:52:41,123 [WARN] MainUpdater:1193 - Updater busy. Cannot search thirdparties
2026-05-26 14:52:41,123 [INFO] ThirdPartyUpdaterWithRetryManager:96 - Updater plugin is busy. [3/15]
2026-05-26 14:52:41,371 [ERROR] LogOutputStream:75 - [STDERR_REDIRECT] [Fatal Error] :1:1: Premature end of file.
2026-05-26 14:52:41,372 [ERROR] LogOutputStream:75 - [STDERR_REDIRECT] 
2026-05-26 14:52:42,369 [ERROR] LogOutputStream:75 - [STDERR_REDIRECT] [Fatal Error] :1:1: Premature end of file.
2026-05-26 14:52:42,369 [ERROR] LogOutputStream:75 - [STDERR_REDIRECT] 
2026-05-26 14:52:42,977 [INFO] ServerAccessManage:473 - Download File STMicroelectronics.X-CUBE-ALGOBUILD.pdsc
2026-05-26 14:52:43,403 [ERROR] LogOutputStream:75 - [STDERR_REDIRECT] [Fatal Error] :1:1: Premature end of file.
2026-05-26 14:52:43,403 [ERROR] LogOutputStream:75 - [STDERR_REDIRECT] 
2026-05-26 14:52:44,125 [WARN] MainUpdater:1193 - Updater busy. Cannot search thirdparties
2026-05-26 14:52:44,125 [INFO] ThirdPartyUpdaterWithRetryManager:96 - Updater plugin is busy. [4/15]
2026-05-26 14:52:44,377 [ERROR] LogOutputStream:75 - [STDERR_REDIRECT] [Fatal Error] :1:1: Premature end of file.
2026-05-26 14:52:44,378 [ERROR] LogOutputStream:75 - [STDERR_REDIRECT] 
2026-05-26 14:52:44,382 [WARN] PackLoader:240 - Cannot read IP mode file for STMicroelectronics.X-CUBE-GNSS1.7.1.1
2026-05-26 14:52:44,420 [INFO] CheckServerUpdateThread:120 - End of CheckServer Thread
2026-05-26 14:52:44,483 [WARN] PackLoader:240 - Cannot read IP mode file for STMicroelectronics.X-CUBE-MEMS1.12.1.0
2026-05-26 14:52:44,595 [INFO] MainUpdater:2872 - connection check result : 10
2026-05-26 14:52:44,634 [WARN] PackLoader:240 - Cannot read IP mode file for STMicroelectronics.X-CUBE-ALGOBUILD.1.5.0
2026-05-26 14:52:44,634 [INFO] McuFinderGlobals:76 - Set McuFinderConnectedMode to true
2026-05-26 14:52:44,636 [INFO] PopulateThirdPartyThread:66 - Ending populate Thread
2026-05-26 14:52:44,638 [INFO] ThirdParty:1030 - CMSIS Pack Vendor :STMicroelectronics X-CUBE-MEMS1 12.1.0
2026-05-26 14:52:44,638 [INFO] ThirdParty:1030 - CMSIS Pack Vendor :STMicroelectronics X-CUBE-GNSS1 7.1.1
2026-05-26 14:52:44,638 [INFO] ThirdParty:1030 - CMSIS Pack Vendor :STMicroelectronics X-CUBE-ALGOBUILD 1.5.0
2026-05-26 14:52:44,638 [INFO] LoadServerUpdatesThread:375 - End of LoadServerUpdate Thread
2026-05-26 14:52:45,027 [INFO] ServerAccessManage:473 - Download File mcusAds.json._tmp_
2026-05-26 14:52:45,170 [INFO] LoadUrlFilesThread:156 - End of LoadUrlFiles Thread
2026-05-26 14:52:45,238 [INFO] ServerAccessManage:473 - Download File cube-finder-db.zip
2026-05-26 14:52:45,387 [ERROR] LogOutputStream:75 - [STDERR_REDIRECT] [Fatal Error] :1:1: Premature end of file.
2026-05-26 14:52:45,388 [ERROR] LogOutputStream:75 - [STDERR_REDIRECT] 
2026-05-26 14:52:46,368 [ERROR] LogOutputStream:75 - [STDERR_REDIRECT] [Fatal Error] :1:1: Premature end of file.
2026-05-26 14:52:46,368 [ERROR] LogOutputStream:75 - [STDERR_REDIRECT] 
2026-05-26 14:52:47,127 [WARN] MainUpdater:1193 - Updater busy. Cannot search thirdparties
2026-05-26 14:52:47,128 [INFO] ThirdPartyUpdaterWithRetryManager:96 - Updater plugin is busy. [5/15]
2026-05-26 14:52:47,364 [ERROR] LogOutputStream:75 - [STDERR_REDIRECT] [Fatal Error] :1:1: Premature end of file.
2026-05-26 14:52:47,364 [ERROR] LogOutputStream:75 - [STDERR_REDIRECT] 
2026-05-26 14:52:48,363 [ERROR] LogOutputStream:75 - [STDERR_REDIRECT] [Fatal Error] :1:1: Premature end of file.
2026-05-26 14:52:48,363 [ERROR] LogOutputStream:75 - [STDERR_REDIRECT] 
2026-05-26 14:52:49,402 [ERROR] LogOutputStream:75 - [STDERR_REDIRECT] [Fatal Error] :1:1: Premature end of file.
2026-05-26 14:52:49,402 [ERROR] LogOutputStream:75 - [STDERR_REDIRECT] 
2026-05-26 14:52:50,129 [WARN] MainUpdater:1193 - Updater busy. Cannot search thirdparties
2026-05-26 14:52:50,129 [INFO] ThirdPartyUpdaterWithRetryManager:96 - Updater plugin is busy. [6/15]
2026-05-26 14:52:50,368 [ERROR] LogOutputStream:75 - [STDERR_REDIRECT] [Fatal Error] :1:1: Premature end of file.
2026-05-26 14:52:50,368 [ERROR] LogOutputStream:75 - [STDERR_REDIRECT] 
2026-05-26 14:52:51,372 [ERROR] LogOutputStream:75 - [STDERR_REDIRECT] [Fatal Error] :1:1: Premature end of file.
2026-05-26 14:52:51,372 [ERROR] LogOutputStream:75 - [STDERR_REDIRECT] 
2026-05-26 14:52:52,374 [ERROR] LogOutputStream:75 - [STDERR_REDIRECT] [Fatal Error] :1:1: Premature end of file.
2026-05-26 14:52:52,374 [ERROR] LogOutputStream:75 - [STDERR_REDIRECT] 
2026-05-26 14:52:53,130 [WARN] MainUpdater:1193 - Updater busy. Cannot search thirdparties
2026-05-26 14:52:53,130 [INFO] ThirdPartyUpdaterWithRetryManager:96 - Updater plugin is busy. [7/15]
2026-05-26 14:52:53,380 [ERROR] LogOutputStream:75 - [STDERR_REDIRECT] [Fatal Error] :1:1: Premature end of file.
2026-05-26 14:52:53,380 [ERROR] LogOutputStream:75 - [STDERR_REDIRECT] 
2026-05-26 14:52:54,373 [ERROR] LogOutputStream:75 - [STDERR_REDIRECT] [Fatal Error] :1:1: Premature end of file.
2026-05-26 14:52:54,374 [ERROR] LogOutputStream:75 - [STDERR_REDIRECT] 
2026-05-26 14:52:55,377 [ERROR] LogOutputStream:75 - [STDERR_REDIRECT] [Fatal Error] :1:1: Premature end of file.
2026-05-26 14:52:55,377 [ERROR] LogOutputStream:75 - [STDERR_REDIRECT] 
2026-05-26 14:52:56,131 [WARN] MainUpdater:1193 - Updater busy. Cannot search thirdparties
2026-05-26 14:52:56,132 [INFO] ThirdPartyUpdaterWithRetryManager:96 - Updater plugin is busy. [8/15]
2026-05-26 14:52:56,372 [ERROR] LogOutputStream:75 - [STDERR_REDIRECT] [Fatal Error] :1:1: Premature end of file.
2026-05-26 14:52:56,372 [ERROR] LogOutputStream:75 - [STDERR_REDIRECT] 
2026-05-26 14:52:57,377 [ERROR] LogOutputStream:75 - [STDERR_REDIRECT] [Fatal Error] :1:1: Premature end of file.
2026-05-26 14:52:57,378 [ERROR] LogOutputStream:75 - [STDERR_REDIRECT] 
2026-05-26 14:52:58,364 [ERROR] LogOutputStream:75 - [STDERR_REDIRECT] [Fatal Error] :1:1: Premature end of file.
2026-05-26 14:52:58,365 [ERROR] LogOutputStream:75 - [STDERR_REDIRECT] 
2026-05-26 14:52:59,133 [WARN] MainUpdater:1193 - Updater busy. Cannot search thirdparties
2026-05-26 14:52:59,133 [INFO] ThirdPartyUpdaterWithRetryManager:96 - Updater plugin is busy. [9/15]
2026-05-26 14:52:59,367 [ERROR] LogOutputStream:75 - [STDERR_REDIRECT] [Fatal Error] :1:1: Premature end of file.
2026-05-26 14:52:59,367 [ERROR] LogOutputStream:75 - [STDERR_REDIRECT] 
2026-05-26 14:53:00,365 [ERROR] LogOutputStream:75 - [STDERR_REDIRECT] [Fatal Error] :1:1: Premature end of file.
2026-05-26 14:53:00,365 [ERROR] LogOutputStream:75 - [STDERR_REDIRECT] 
2026-05-26 14:53:01,362 [ERROR] LogOutputStream:75 - [STDERR_REDIRECT] [Fatal Error] :1:1: Premature end of file.
2026-05-26 14:53:01,363 [ERROR] LogOutputStream:75 - [STDERR_REDIRECT] 
2026-05-26 14:53:01,918 [INFO] FileExtend:242 - Unzip File : cube-finder-db.zip
2026-05-26 14:53:01,918 [INFO] FileExtend:257 - Standard Zip Deflate
2026-05-26 14:53:02,134 [WARN] MainUpdater:1193 - Updater busy. Cannot search thirdparties
2026-05-26 14:53:02,134 [INFO] ThirdPartyUpdaterWithRetryManager:96 - Updater plugin is busy. [10/15]
2026-05-26 14:53:02,376 [ERROR] LogOutputStream:75 - [STDERR_REDIRECT] [Fatal Error] :1:1: Premature end of file.
2026-05-26 14:53:02,377 [ERROR] LogOutputStream:75 - [STDERR_REDIRECT] 
2026-05-26 14:53:02,920 [INFO] LoadUrlFilesThread:156 - End of LoadUrlFiles Thread
2026-05-26 14:53:03,375 [ERROR] LogOutputStream:75 - [STDERR_REDIRECT] [Fatal Error] :1:1: Premature end of file.
2026-05-26 14:53:03,375 [ERROR] LogOutputStream:75 - [STDERR_REDIRECT] 
2026-05-26 14:53:03,984 [INFO] ServerAccessManage:473 - Download File crdb.zip
2026-05-26 14:53:04,368 [ERROR] LogOutputStream:75 - [STDERR_REDIRECT] [Fatal Error] :1:1: Premature end of file.
2026-05-26 14:53:04,369 [ERROR] LogOutputStream:75 - [STDERR_REDIRECT] 
2026-05-26 14:53:05,135 [WARN] MainUpdater:1193 - Updater busy. Cannot search thirdparties
2026-05-26 14:53:05,135 [INFO] ThirdPartyUpdaterWithRetryManager:96 - Updater plugin is busy. [11/15]
2026-05-26 14:53:05,376 [ERROR] LogOutputStream:75 - [STDERR_REDIRECT] [Fatal Error] :1:1: Premature end of file.
2026-05-26 14:53:05,376 [ERROR] LogOutputStream:75 - [STDERR_REDIRECT] 
2026-05-26 14:53:06,373 [ERROR] LogOutputStream:75 - [STDERR_REDIRECT] [Fatal Error] :1:1: Premature end of file.
2026-05-26 14:53:06,374 [ERROR] LogOutputStream:75 - [STDERR_REDIRECT] 
2026-05-26 14:53:07,370 [ERROR] LogOutputStream:75 - [STDERR_REDIRECT] [Fatal Error] :1:1: Premature end of file.
2026-05-26 14:53:07,371 [ERROR] LogOutputStream:75 - [STDERR_REDIRECT] 
2026-05-26 14:53:07,692 [INFO] FileExtend:242 - Unzip File : crdb.zip
2026-05-26 14:53:07,693 [INFO] FileExtend:257 - Standard Zip Deflate
2026-05-26 14:53:07,860 [INFO] LoadUrlFilesThread:156 - End of LoadUrlFiles Thread
2026-05-26 14:53:08,136 [WARN] MainUpdater:1193 - Updater busy. Cannot search thirdparties
2026-05-26 14:53:08,136 [INFO] ThirdPartyUpdaterWithRetryManager:96 - Updater plugin is busy. [12/15]
2026-05-26 14:53:08,262 [INFO] ServerAccessManage:473 - Download File tutoVideoDB.zip
2026-05-26 14:53:08,373 [ERROR] LogOutputStream:75 - [STDERR_REDIRECT] [Fatal Error] :1:1: Premature end of file.
2026-05-26 14:53:08,373 [ERROR] LogOutputStream:75 - [STDERR_REDIRECT] 
2026-05-26 14:53:08,497 [INFO] FileExtend:242 - Unzip File : tutoVideoDB.zip
2026-05-26 14:53:08,497 [INFO] FileExtend:257 - Standard Zip Deflate
2026-05-26 14:53:08,611 [INFO] LoadUrlFilesThread:156 - End of LoadUrlFiles Thread
2026-05-26 14:53:08,614 [WARN] DbFile:41 - Overriding database path with different value: C:\Users\NIVYA\.stmcufinder\plugins\mcufinder/ => C:\Users\NIVYA\.stmcufinder\plugins\mcufinder
2026-05-26 14:53:09,203 [ERROR] ServerAccessManage:1089 - Problem, file not found on Server
2026-05-26 14:53:09,237 [ERROR] ServerAccessManage:651 - Problem, file not found on Server : api_config.json.
2026-05-26 14:53:09,428 [ERROR] LogOutputStream:75 - [STDERR_REDIRECT] [Fatal Error] :1:1: Premature end of file.
2026-05-26 14:53:09,428 [ERROR] LogOutputStream:75 - [STDERR_REDIRECT] 
2026-05-26 14:53:10,376 [ERROR] LogOutputStream:75 - [STDERR_REDIRECT] [Fatal Error] :1:1: Premature end of file.
2026-05-26 14:53:10,376 [ERROR] LogOutputStream:75 - [STDERR_REDIRECT] 
2026-05-26 14:53:11,138 [WARN] MainUpdater:1193 - Updater busy. Cannot search thirdparties
2026-05-26 14:53:11,138 [INFO] ThirdPartyUpdaterWithRetryManager:96 - Updater plugin is busy. [13/15]
2026-05-26 14:53:11,379 [ERROR] LogOutputStream:75 - [STDERR_REDIRECT] [Fatal Error] :1:1: Premature end of file.
2026-05-26 14:53:11,380 [ERROR] LogOutputStream:75 - [STDERR_REDIRECT] 
2026-05-26 14:53:12,379 [ERROR] LogOutputStream:75 - [STDERR_REDIRECT] [Fatal Error] :1:1: Premature end of file.
2026-05-26 14:53:12,380 [ERROR] LogOutputStream:75 - [STDERR_REDIRECT] 
2026-05-26 14:53:13,404 [ERROR] LogOutputStream:75 - [STDERR_REDIRECT] [Fatal Error] :1:1: Premature end of file.
2026-05-26 14:53:13,405 [ERROR] LogOutputStream:75 - [STDERR_REDIRECT] 
2026-05-26 14:53:14,139 [WARN] MainUpdater:1193 - Updater busy. Cannot search thirdparties
2026-05-26 14:53:14,140 [INFO] ThirdPartyUpdaterWithRetryManager:96 - Updater plugin is busy. [14/15]
2026-05-26 14:53:14,377 [ERROR] LogOutputStream:75 - [STDERR_REDIRECT] [Fatal Error] :1:1: Premature end of file.
2026-05-26 14:53:14,377 [ERROR] LogOutputStream:75 - [STDERR_REDIRECT] 
2026-05-26 14:53:15,371 [ERROR] LogOutputStream:75 - [STDERR_REDIRECT] [Fatal Error] :1:1: Premature end of file.
2026-05-26 14:53:15,371 [ERROR] LogOutputStream:75 - [STDERR_REDIRECT] 
2026-05-26 14:53:16,367 [ERROR] LogOutputStream:75 - [STDERR_REDIRECT] [Fatal Error] :1:1: Premature end of file.
2026-05-26 14:53:16,367 [ERROR] LogOutputStream:75 - [STDERR_REDIRECT] 
2026-05-26 14:53:17,140 [WARN] MainUpdater:1193 - Updater busy. Cannot search thirdparties
2026-05-26 14:53:17,141 [INFO] ThirdPartyUpdaterWithRetryManager:96 - Updater plugin is busy. [15/15]
2026-05-26 14:53:17,142 [ERROR] IntegrityCheckThread:130 - Cannot retrieve database content from updater: error -1
2026-05-26 14:53:17,143 [INFO] ThirdParty:978 - Integrity check success = false
2026-05-26 14:53:17,143 [INFO] IntegrityCheckThread:100 - exiting critical section [integrity check]
2026-05-26 14:53:17,143 [INFO] IntegrityCheckThread:103 - End integrity checks thread
2026-05-26 14:53:17,407 [ERROR] LogOutputStream:75 - [STDERR_REDIRECT] [Fatal Error] :1:1: Premature end of file.
2026-05-26 14:53:17,407 [ERROR] LogOutputStream:75 - [STDERR_REDIRECT] 
2026-05-26 14:53:18,372 [ERROR] LogOutputStream:75 - [STDERR_REDIRECT] [Fatal Error] :1:1: Premature end of file.
2026-05-26 14:53:18,373 [ERROR] LogOutputStream:75 - [STDERR_REDIRECT] 
2026-05-26 14:53:19,369 [ERROR] LogOutputStream:75 - [STDERR_REDIRECT] [Fatal Error] :1:1: Premature end of file.
2026-05-26 14:53:19,370 [ERROR] LogOutputStream:75 - [STDERR_REDIRECT] 
2026-05-26 14:53:20,372 [ERROR] LogOutputStream:75 - [STDERR_REDIRECT] [Fatal Error] :1:1: Premature end of file.
2026-05-26 14:53:20,372 [ERROR] LogOutputStream:75 - [STDERR_REDIRECT] 
2026-05-26 14:53:21,395 [ERROR] LogOutputStream:75 - [STDERR_REDIRECT] [Fatal Error] :1:1: Premature end of file.
2026-05-26 14:53:21,395 [ERROR] LogOutputStream:75 - [STDERR_REDIRECT] 
2026-05-26 14:53:22,366 [ERROR] LogOutputStream:75 - [STDERR_REDIRECT] [Fatal Error] :1:1: Premature end of file.
2026-05-26 14:53:22,367 [ERROR] LogOutputStream:75 - [STDERR_REDIRECT] 
2026-05-26 14:53:23,377 [ERROR] LogOutputStream:75 - [STDERR_REDIRECT] [Fatal Error] :1:1: Premature end of file.
2026-05-26 14:53:23,377 [ERROR] LogOutputStream:75 - [STDERR_REDIRECT] 
2026-05-26 14:53:24,391 [ERROR] LogOutputStream:75 - [STDERR_REDIRECT] [Fatal Error] :1:1: Premature end of file.
2026-05-26 14:53:24,392 [ERROR] LogOutputStream:75 - [STDERR_REDIRECT] 
2026-05-26 14:53:25,364 [ERROR] LogOutputStream:75 - [STDERR_REDIRECT] [Fatal Error] :1:1: Premature end of file.
2026-05-26 14:53:25,365 [ERROR] LogOutputStream:75 - [STDERR_REDIRECT] 
2026-05-26 14:53:26,371 [ERROR] LogOutputStream:75 - [STDERR_REDIRECT] [Fatal Error] :1:1: Premature end of file.
2026-05-26 14:53:26,371 [ERROR] LogOutputStream:75 - [STDERR_REDIRECT] 
2026-05-26 14:53:27,370 [ERROR] LogOutputStream:75 - [STDERR_REDIRECT] [Fatal Error] :1:1: Premature end of file.
2026-05-26 14:53:27,370 [ERROR] LogOutputStream:75 - [STDERR_REDIRECT] 
2026-05-26 14:53:28,377 [ERROR] LogOutputStream:75 - [STDERR_REDIRECT] [Fatal Error] :1:1: Premature end of file.
2026-05-26 14:53:28,378 [ERROR] LogOutputStream:75 - [STDERR_REDIRECT] 
2026-05-26 14:53:29,408 [ERROR] LogOutputStream:75 - [STDERR_REDIRECT] [Fatal Error] :1:1: Premature end of file.
2026-05-26 14:53:29,410 [ERROR] LogOutputStream:75 - [STDERR_REDIRECT] 
2026-05-26 14:53:30,383 [ERROR] LogOutputStream:75 - [STDERR_REDIRECT] [Fatal Error] :1:1: Premature end of file.
2026-05-26 14:53:30,383 [ERROR] LogOutputStream:75 - [STDERR_REDIRECT] 
2026-05-26 14:53:31,373 [ERROR] LogOutputStream:75 - [STDERR_REDIRECT] [Fatal Error] :1:1: Premature end of file.
2026-05-26 14:53:31,373 [ERROR] LogOutputStream:75 - [STDERR_REDIRECT] 
2026-05-26 14:53:32,381 [ERROR] LogOutputStream:75 - [STDERR_REDIRECT] [Fatal Error] :1:1: Premature end of file.
2026-05-26 14:53:32,381 [ERROR] LogOutputStream:75 - [STDERR_REDIRECT] 
2026-05-26 14:53:33,375 [ERROR] LogOutputStream:75 - [STDERR_REDIRECT] [Fatal Error] :1:1: Premature end of file.
2026-05-26 14:53:33,375 [ERROR] LogOutputStream:75 - [STDERR_REDIRECT] 
2026-05-26 14:53:34,376 [ERROR] LogOutputStream:75 - [STDERR_REDIRECT] [Fatal Error] :1:1: Premature end of file.
2026-05-26 14:53:34,377 [ERROR] LogOutputStream:75 - [STDERR_REDIRECT] 
2026-05-26 14:53:35,372 [ERROR] LogOutputStream:75 - [STDERR_REDIRECT] [Fatal Error] :1:1: Premature end of file.
2026-05-26 14:53:35,373 [ERROR] LogOutputStream:75 - [STDERR_REDIRECT] 
2026-05-26 14:53:36,381 [ERROR] LogOutputStream:75 - [STDERR_REDIRECT] [Fatal Error] :1:1: Premature end of file.
2026-05-26 14:53:36,381 [ERROR] LogOutputStream:75 - [STDERR_REDIRECT] 
2026-05-26 14:53:37,371 [ERROR] LogOutputStream:75 - [STDERR_REDIRECT] [Fatal Error] :1:1: Premature end of file.
2026-05-26 14:53:37,372 [ERROR] LogOutputStream:75 - [STDERR_REDIRECT] 
2026-05-26 14:53:38,385 [ERROR] LogOutputStream:75 - [STDERR_REDIRECT] [Fatal Error] :1:1: Premature end of file.
2026-05-26 14:53:38,386 [ERROR] LogOutputStream:75 - [STDERR_REDIRECT] 
2026-05-26 14:53:39,367 [ERROR] LogOutputStream:75 - [STDERR_REDIRECT] [Fatal Error] :1:1: Premature end of file.
2026-05-26 14:53:39,367 [ERROR] LogOutputStream:75 - [STDERR_REDIRECT] 
2026-05-26 14:53:40,410 [ERROR] LogOutputStream:75 - [STDERR_REDIRECT] [Fatal Error] :1:1: Premature end of file.
2026-05-26 14:53:40,410 [ERROR] LogOutputStream:75 - [STDERR_REDIRECT] 
2026-05-26 14:53:41,375 [ERROR] LogOutputStream:75 - [STDERR_REDIRECT] [Fatal Error] :1:1: Premature end of file.
2026-05-26 14:53:41,375 [ERROR] LogOutputStream:75 - [STDERR_REDIRECT] 
2026-05-26 14:53:42,371 [ERROR] LogOutputStream:75 - [STDERR_REDIRECT] [Fatal Error] :1:1: Premature end of file.
2026-05-26 14:53:42,371 [ERROR] LogOutputStream:75 - [STDERR_REDIRECT] 
2026-05-26 14:53:43,370 [ERROR] LogOutputStream:75 - [STDERR_REDIRECT] [Fatal Error] :1:1: Premature end of file.
2026-05-26 14:53:43,371 [ERROR] LogOutputStream:75 - [STDERR_REDIRECT] 
2026-05-26 14:53:44,373 [ERROR] LogOutputStream:75 - [STDERR_REDIRECT] [Fatal Error] :1:1: Premature end of file.
2026-05-26 14:53:44,373 [ERROR] LogOutputStream:75 - [STDERR_REDIRECT] 
2026-05-26 14:53:45,389 [ERROR] LogOutputStream:75 - [STDERR_REDIRECT] [Fatal Error] :1:1: Premature end of file.
2026-05-26 14:53:45,391 [ERROR] LogOutputStream:75 - [STDERR_REDIRECT] 
2026-05-26 14:53:46,386 [ERROR] LogOutputStream:75 - [STDERR_REDIRECT] [Fatal Error] :1:1: Premature end of file.
2026-05-26 14:53:46,386 [ERROR] LogOutputStream:75 - [STDERR_REDIRECT] 
2026-05-26 14:53:47,370 [ERROR] LogOutputStream:75 - [STDERR_REDIRECT] [Fatal Error] :1:1: Premature end of file.
2026-05-26 14:53:47,370 [ERROR] LogOutputStream:75 - [STDERR_REDIRECT] 
2026-05-26 14:53:48,370 [ERROR] LogOutputStream:75 - [STDERR_REDIRECT] [Fatal Error] :1:1: Premature end of file.
2026-05-26 14:53:48,371 [ERROR] LogOutputStream:75 - [STDERR_REDIRECT] 
2026-05-26 14:53:49,405 [ERROR] LogOutputStream:75 - [STDERR_REDIRECT] [Fatal Error] :1:1: Premature end of file.
2026-05-26 14:53:49,406 [ERROR] LogOutputStream:75 - [STDERR_REDIRECT] 
2026-05-26 14:53:50,379 [ERROR] LogOutputStream:75 - [STDERR_REDIRECT] [Fatal Error] :1:1: Premature end of file.
2026-05-26 14:53:50,380 [ERROR] LogOutputStream:75 - [STDERR_REDIRECT] 
2026-05-26 14:53:51,377 [ERROR] LogOutputStream:75 - [STDERR_REDIRECT] [Fatal Error] :1:1: Premature end of file.
2026-05-26 14:53:51,377 [ERROR] LogOutputStream:75 - [STDERR_REDIRECT] 
2026-05-26 14:53:52,381 [ERROR] LogOutputStream:75 - [STDERR_REDIRECT] [Fatal Error] :1:1: Premature end of file.
2026-05-26 14:53:52,381 [ERROR] LogOutputStream:75 - [STDERR_REDIRECT] 
2026-05-26 14:53:53,389 [ERROR] LogOutputStream:75 - [STDERR_REDIRECT] [Fatal Error] :1:1: Premature end of file.
2026-05-26 14:53:53,389 [ERROR] LogOutputStream:75 - [STDERR_REDIRECT] 
2026-05-26 14:53:54,384 [ERROR] LogOutputStream:75 - [STDERR_REDIRECT] [Fatal Error] :1:1: Premature end of file.
2026-05-26 14:53:54,412 [ERROR] LogOutputStream:75 - [STDERR_REDIRECT] 
2026-05-26 14:53:55,382 [ERROR] LogOutputStream:75 - [STDERR_REDIRECT] [Fatal Error] :1:1: Premature end of file.
2026-05-26 14:53:55,384 [ERROR] LogOutputStream:75 - [STDERR_REDIRECT] 
2026-05-26 14:53:56,374 [ERROR] LogOutputStream:75 - [STDERR_REDIRECT] [Fatal Error] :1:1: Premature end of file.
2026-05-26 14:53:56,375 [ERROR] LogOutputStream:75 - [STDERR_REDIRECT] 
2026-05-26 14:53:57,371 [ERROR] LogOutputStream:75 - [STDERR_REDIRECT] [Fatal Error] :1:1: Premature end of file.
2026-05-26 14:53:57,371 [ERROR] LogOutputStream:75 - [STDERR_REDIRECT] 
2026-05-26 14:53:58,372 [ERROR] LogOutputStream:75 - [STDERR_REDIRECT] [Fatal Error] :1:1: Premature end of file.
2026-05-26 14:53:58,372 [ERROR] LogOutputStream:75 - [STDERR_REDIRECT] 
2026-05-26 14:53:59,370 [ERROR] LogOutputStream:75 - [STDERR_REDIRECT] [Fatal Error] :1:1: Premature end of file.
2026-05-26 14:53:59,371 [ERROR] LogOutputStream:75 - [STDERR_REDIRECT] 
2026-05-26 14:54:00,374 [ERROR] LogOutputStream:75 - [STDERR_REDIRECT] [Fatal Error] :1:1: Premature end of file.
2026-05-26 14:54:00,375 [ERROR] LogOutputStream:75 - [STDERR_REDIRECT] 
2026-05-26 14:54:01,407 [ERROR] LogOutputStream:75 - [STDERR_REDIRECT] [Fatal Error] :1:1: Premature end of file.
2026-05-26 14:54:01,407 [ERROR] LogOutputStream:75 - [STDERR_REDIRECT] 
2026-05-26 14:54:02,372 [ERROR] LogOutputStream:75 - [STDERR_REDIRECT] [Fatal Error] :1:1: Premature end of file.
2026-05-26 14:54:02,372 [ERROR] LogOutputStream:75 - [STDERR_REDIRECT] 
2026-05-26 14:54:03,372 [ERROR] LogOutputStream:75 - [STDERR_REDIRECT] [Fatal Error] :1:1: Premature end of file.
2026-05-26 14:54:03,373 [ERROR] LogOutputStream:75 - [STDERR_REDIRECT] 
2026-05-26 14:54:04,376 [ERROR] LogOutputStream:75 - [STDERR_REDIRECT] [Fatal Error] :1:1: Premature end of file.
2026-05-26 14:54:04,376 [ERROR] LogOutputStream:75 - [STDERR_REDIRECT] 
2026-05-26 14:54:05,096 [INFO] LoadUrlFilesThread:156 - End of LoadUrlFiles Thread
2026-05-26 14:54:05,376 [ERROR] LogOutputStream:75 - [STDERR_REDIRECT] [Fatal Error] :1:1: Premature end of file.
2026-05-26 14:54:05,376 [ERROR] LogOutputStream:75 - [STDERR_REDIRECT] 
2026-05-26 14:54:06,385 [ERROR] LogOutputStream:75 - [STDERR_REDIRECT] [Fatal Error] :1:1: Premature end of file.
2026-05-26 14:54:06,386 [ERROR] LogOutputStream:75 - [STDERR_REDIRECT] 
2026-05-26 14:54:07,372 [ERROR] LogOutputStream:75 - [STDERR_REDIRECT] [Fatal Error] :1:1: Premature end of file.
2026-05-26 14:54:07,373 [ERROR] LogOutputStream:75 - [STDERR_REDIRECT] 
2026-05-26 14:54:08,415 [ERROR] LogOutputStream:75 - [STDERR_REDIRECT] [Fatal Error] :1:1: Premature end of file.
2026-05-26 14:54:08,417 [ERROR] LogOutputStream:75 - [STDERR_REDIRECT] 
2026-05-26 14:54:09,373 [ERROR] LogOutputStream:75 - [STDERR_REDIRECT] [Fatal Error] :1:1: Premature end of file.
2026-05-26 14:54:09,373 [ERROR] LogOutputStream:75 - [STDERR_REDIRECT] 
2026-05-26 14:54:09,410 [INFO] DbMcusAds:53 - JSON generation date=Mon Apr 27 13:44:29 IST 2026 (1777277669924)
2026-05-26 14:54:09,463 [ERROR] TargetSelectorAdapter:267 - Unable to refresh data
2026-05-26 14:54:10,106 [INFO] ApiDb:581 - Connected to CubeFinder SQLite database (C:\Users\NIVYA\.stmcufinder\plugins\mcufinder\mcu\cube-finder-db.db)
2026-05-26 14:54:10,268 [INFO] ApiDb:668 - CubeFinder database Data Model version=2.1
2026-05-26 14:54:10,269 [INFO] ApiDb:669 - CubeFinder database Configuration version=3.0.42
2026-05-26 14:54:10,270 [INFO] ApiDb:670 - CubeFinder database generation date=2026-05-06 (1778060171)
2026-05-26 14:54:10,270 [INFO] ApiDb:671 - CubeFinder database FW Pack versions=[FP-ATR-ASTRA1_V2.0.0, FP-SNS-FLIGHT1_V5.1.0, FP-SNS-MOTENV1_V5.1.0, FP-SNS-MOTENVWB1_V1.5.0, FP-SNS-SMARTAG2_V1.2.0, FP-SNS-STBOX1_V2.1.0, STM32Cube_FW_C0_V1.4.0, STM32Cube_FW_F4_V1.28.3, STM32Cube_FW_F7_V1.17.4, STM32Cube_FW_G0_V1.6.3, STM32Cube_FW_G4_V1.6.2, STM32Cube_FW_H5_V1.6.0, STM32Cube_FW_H7RS_V1.3.0, STM32Cube_FW_H7_V1.13.0, STM32Cube_FW_L0_V1.12.2, STM32Cube_FW_L4_V1.18.2, STM32Cube_FW_L5_V1.6.0, STM32Cube_FW_N6_V1.3.0, STM32Cube_FW_U0_V1.3.0, STM32Cube_FW_U3_V1.3.0, STM32Cube_FW_U5_V1.8.0, STM32Cube_FW_WB0_V1.4.0, STM32Cube_FW_WBA_V1.9.0, STM32Cube_FW_WB_V1.24.0, STM32Cube_FW_WL3_V1.4.0, STM32Cube_FW_WL_V1.5.0, X-CUBE-ALGOBUILD_V1.4.0, X-CUBE-ALS_V1.0.2, X-CUBE-AZRTOS-F4_V1.1.0, X-CUBE-AZRTOS-F7_V1.1.0, X-CUBE-AZRTOS-G0_V1.1.0, X-CUBE-AZRTOS-G4_V2.0.0, X-CUBE-AZRTOS-H7RS_V1.1.0, X-CUBE-AZRTOS-H7_V3.5.0, X-CUBE-AZRTOS-L4_V2.0.0, X-CUBE-AZRTOS-L5_V2.0.0, X-CUBE-AZRTOS-WB_V2.0.0, X-CUBE-AZRTOS-WL_V2.0.0, X-CUBE-BLE1_V7.1.0, X-CUBE-BLE2_V3.3.0, X-CUBE-BLEMGR_V4.1.0, X-CUBE-EEPRMA1_V5.2.0, X-CUBE-FREERTOS_V1.5.0, X-CUBE-GNSS1_V6.0.0, X-CUBE-MEMS1_V12.0.0, X-CUBE-NFC4_V3.0.0, X-CUBE-NFC7_V2.0.0, X-CUBE-SFXS2LP1_V4.0.0, X-CUBE-ST67W61_V1.2.0, X-CUBE-SUBG2_V5.0.0, X-CUBE-TOF1_V3.4.3]
2026-05-26 14:54:10,388 [INFO] DbBoardsSqlite:226 - include board P-NUCLEO-WB55-NUCLEO as a kit item of type 'Nucleo-64'
2026-05-26 14:54:10,389 [INFO] DbBoardsSqlite:226 - include board P-NUCLEO-WB55-USBDONGLE as a kit item of type 'Nucleo USB Dongle'
2026-05-26 14:54:10,389 [INFO] DbBoardsSqlite:226 - include board STEVAL-IDP005V1 as a kit item of type 'Evaluation Board'
2026-05-26 14:54:10,389 [INFO] DbBoardsSqlite:226 - include board STEVAL-IDP005V2 as a kit item of type 'Evaluation Board'
2026-05-26 14:54:10,404 [ERROR] LogOutputStream:75 - [STDERR_REDIRECT] [Fatal Error] :1:1: Premature end of file.
2026-05-26 14:54:10,405 [ERROR] LogOutputStream:75 - [STDERR_REDIRECT] 
2026-05-26 14:54:10,519 [INFO] ApiDb:240 - Found 895 in-development CPN: [B-G473E-ZEST1S, B-WB1M-WPAN1, B-WBA5M-WPAN, B-WL5M-SUBG1, NUCLEO-C031C6, NUCLEO-C051C8, NUCLEO-C071RB, NUCLEO-C092RC, NUCLEO-H503RB, NUCLEO-H533RE, NUCLEO-H563ZI, NUCLEO-H7S3L8, NUCLEO-N657X0-Q, NUCLEO-U031R8, NUCLEO-U083RC, NUCLEO-U385RG-Q, NUCLEO-U545RE-Q, NUCLEO-U5A5ZJ-Q, NUCLEO-WB05KZ, NUCLEO-WB07CC, NUCLEO-WB09KE, NUCLEO-WBA52CG, NUCLEO-WBA55CG, NUCLEO-WBA65RI, NUCLEO-WL33CC1, NUCLEO-WL33CC2, STEVAL-PROTEUS1, STEVAL-SMARTAG2, STEVAL-STWINBX1, STM320518-EVAL, STM32C0116-DK, STM32C011D6Y3TR, STM32C011D6Y6TR, STM32C011F4P3, STM32C011F4P6, STM32C011F4U3, STM32C011F4U6TR, STM32C011F6P3, STM32C011F6P6, STM32C011F6U3, STM32C011F6U6TR, STM32C011J4M3, STM32C011J4M6, STM32C011J6M3, STM32C011J6M6, STM32C0316-DK, STM32C031C4T3, STM32C031C4T6, STM32C031C4U3, STM32C031C4U6, STM32C031C6T3, STM32C031C6T6, STM32C031C6U3, STM32C031C6U6, STM32C031F4P3, STM32C031F4P6, STM32C031F6P3, STM32C031F6P6, STM32C031G4U3, STM32C031G4U6, STM32C031G6U3, STM32C031G6U6, STM32C031K4T3, STM32C031K4T6, STM32C031K4U3, STM32C031K4U6, STM32C031K6T3, STM32C031K6T6, STM32C031K6U3, STM32C031K6U6, STM32C051C6T6, STM32C051C6U6, STM32C051C8T6, STM32C051C8U6, STM32C051D8Y6TR, STM32C051F6P6, STM32C051F8P6, STM32C051G6U6, STM32C051G8U6, STM32C051K6T6, STM32C051K6U6, STM32C051K8T6, STM32C071C8T6, STM32C071C8T6N, STM32C071C8U6, STM32C071C8U6N, STM32C071CBT6, STM32C071CBT6N, STM32C071CBU6, STM32C071CBU6N, STM32C071F8P6, STM32C071F8P6N, STM32C071FBP6, STM32C071FBP6N, STM32C071FBY6TR, STM32C071G8U6, STM32C071G8U6N, STM32C071GBU6, STM32C071GBU6N, STM32C071K8T6, STM32C071K8T6N, STM32C071K8U6, STM32C071K8U6N, STM32C071KBT6, STM32C071KBT6N, STM32C071KBU6, STM32C071KBU6N, STM32C071R8T6, STM32C071R8T6N, STM32C071RBI6N, STM32C071RBT6, STM32C071RBT6N, STM32C091CBT6, STM32C091CBU6, STM32C091CCT6, STM32C091CCU6, STM32C091ECY6TR, STM32C091FBP6, STM32C091FCP6, STM32C091GBU6, STM32C091GCU6, STM32C091KBT6, STM32C091KBU6, STM32C091KCT6, STM32C091KCU6, STM32C091RBT6, STM32C091RCI6, STM32C091RCT6, STM32C092CBT6, STM32C092CBU6, STM32C092CCT6, STM32C092CCU6, STM32C092ECY6TR, STM32C092FBP6, STM32C092FCP6, STM32C092GBU6, STM32C092GCU6, STM32C092KBT6, STM32C092KBU6, STM32C092KCT6, STM32C092KCU6, STM32C092RBT6, STM32C092RCI6, STM32C092RCT6, STM32G071K8TXN, STM32G071K8UXN, STM32G081GBU6N, STM32G081KBT6N, STM32G081KBUXN, STM32G0B1CCT6N, STM32G0B1KCT6, STM32G0B1NEY6TR, STM32G0B1RCT6N, STM32G0C1CCT6, STM32G0C1CCT6N, STM32G0C1CCU6N, STM32G0C1CET6N, STM32G0C1CEU6N, STM32G0C1KCT6, STM32G0C1NEY6TR, STM32G0C1RCI6N, STM32G0C1RCT6N, STM32G0C1REI6N, STM32G0C1RET6N, STM32G0C1VCI6, STM32G0C1VEI6, STM32G411C6T3, STM32G411C6T6, STM32G411C6U3, STM32G411C6U6, STM32G411C8T3, STM32G411C8T6, STM32G411C8U3, STM32G411C8U6, STM32G411CBT3, STM32G411CBT6, STM32G411CBU3, STM32G411CBU6, STM32G411CCT3, STM32G411CCT6, STM32G411CCU3, STM32G411CCU6, STM32G411K6T3, STM32G411K6T6, STM32G411K6U3, STM32G411K6U6, STM32G411K8T3, STM32G411K8T6, STM32G411K8U3, STM32G411K8U6, STM32G411KBT3, STM32G411KBT6, STM32G411KBU3, STM32G411KBU6, STM32G411M6T3, STM32G411M6T6, STM32G411M8T3, STM32G411M8T6, STM32G411MBT3, STM32G411MBT6, STM32G411MCT3, STM32G411MCT6, STM32G411R6T3, STM32G411R6T6, STM32G411R8T3, STM32G411R8T6, STM32G411RBT3, STM32G411RBT6, STM32G411RCT3, STM32G411RCT6, STM32G414CBT3, STM32G414CBT6, STM32G414CBU3, STM32G414CBU6, STM32G414CCT3, STM32G414CCT6, STM32G414CCU3, STM32G414CCU6, STM32G414MBT3, STM32G414MBT6, STM32G414MCT3, STM32G414MCT6, STM32G414RBT3, STM32G414RBT6, STM32G414RCT3, STM32G414RCT6, STM32G414VBT3, STM32G414VBT6, STM32G414VCT3, STM32G414VCT6, STM32G431CBT3Z, STM32G431RBT3Z, STM32G471CCT6, STM32G471CCU6, STM32G471CET3, STM32G471CET6, STM32G471CEU3, STM32G471CEU6, STM32G471MCT6, STM32G471MET3, STM32G471MET6, STM32G471MEY6TR, STM32G471QCT6, STM32G471QET3, STM32G471RCT6, STM32G471RET3, STM32G471RET6, STM32G471VCH6, STM32G471VCI6, STM32G471VCT6, STM32G471VEH3, STM32G471VEH6, STM32G471VEI3, STM32G471VEI6, STM32G471VET3, STM32G471VET6, STM32G473QET3Z, STM32G473RET3Z, STM32G474CCT6, STM32G491RET3Z, STM32H503CBT6, STM32H503CBU6, STM32H503EBY6TR, STM32H503KBU6, STM32H503RBT6, STM32H523CCT6, STM32H523CCU6, STM32H523CET6, STM32H523CEU6, STM32H523HEY6TR, STM32H523RCT6, STM32H523RET6, STM32H523VCI6, STM32H523VCT6, STM32H523VEI6, STM32H523VET6, STM32H523ZCJ6, STM32H523ZCT6, STM32H523ZEJ6, STM32H523ZET6, STM32H533CET6, STM32H533CEU6, STM32H533HEY6TR, STM32H533RET6, STM32H533VEI6, STM32H533VET6, STM32H533ZEJ6, STM32H533ZET6, STM32H562AGI6, STM32H562AII6, STM32H562IGK6, STM32H562IGT6, STM32H562IIK6, STM32H562IIT6, STM32H562RGT6, STM32H562RGV6, STM32H562RIT6, STM32H562RIV6, STM32H562VGT6, STM32H562VIT6, STM32H562ZGT6, STM32H562ZIT6, STM32H563AGI6, STM32H563AII3Q, STM32H563AII6, STM32H563IGK6, STM32H563IGT6, STM32H563IIK3Q, STM32H563IIK6, STM32H563IIT3Q, STM32H563IIT6, STM32H563MIY3QTR, STM32H563RGT6, STM32H563RGV6, STM32H563RIT6, STM32H563RIV6, STM32H563VGT6, STM32H563VIT3Q, STM32H563VIT6, STM32H563ZGT6, STM32H563ZIT3Q, STM32H563ZIT6, STM32H573AII3Q, STM32H573AII6, STM32H573I-DK, STM32H573IIK3Q, STM32H573IIK6, STM32H573IIT3Q, STM32H573IIT6, STM32H573MIY3QTR, STM32H573RIT6, STM32H573RIV6, STM32H573VIT3Q, STM32H573VIT6, STM32H573ZIT3Q, STM32H573ZIT6, STM32H7R3A8I6, STM32H7R3I8K6, STM32H7R3I8T6, STM32H7R3L8H6, STM32H7R3L8H6H, STM32H7R3R8V6, STM32H7R3V8H6, STM32H7R3V8T6, STM32H7R3V8Y6TR, STM32H7R3Z8J6, STM32H7R3Z8T6, STM32H7R7A8I6, STM32H7R7I8K6, STM32H7R7I8T6, STM32H7R7L8H6, STM32H7R7L8H6H, STM32H7R7Z8J6, STM32H7S3A8I6, STM32H7S3I8K6, STM32H7S3I8T6, STM32H7S3L8H6, STM32H7S3L8H6H, STM32H7S3R8V6, STM32H7S3V8H6, STM32H7S3V8T6, STM32H7S3V8Y6TR, STM32H7S3Z8J6, STM32H7S3Z8T6, STM32H7S78-DK, STM32H7S7A8I6, STM32H7S7I8K6, STM32H7S7I8T6, STM32H7S7L8H6, STM32H7S7L8H6H, STM32H7S7Z8J6, STM32L4R5QGI6STR, STM32MP131AAE3, STM32MP131AAF3, STM32MP131AAG3, STM32MP131CAE3, STM32MP131CAF3, STM32MP131CAG3, STM32MP131DAE7, STM32MP131DAF7, STM32MP131DAG7, STM32MP131FAE7, STM32MP131FAF7, STM32MP131FAG7, STM32MP133AAE3, STM32MP133AAF3, STM32MP133AAG3, STM32MP133CAE3, STM32MP133CAF3, STM32MP133CAG3, STM32MP133DAE7, STM32MP133DAF7, STM32MP133DAG7, STM32MP133FAE7, STM32MP133FAF7, STM32MP133FAG7, STM32MP135AAE3, STM32MP135AAF3, STM32MP135AAG3, STM32MP135CAE3, STM32MP135CAF3, STM32MP135CAG3, STM32MP135DAE7, STM32MP135DAF7, STM32MP135DAG7, STM32MP135F-DK, STM32MP135FAE7, STM32MP135FAF7, STM32MP135FAF7T, STM32MP135FAF7U, STM32MP135FAG7, STM32MP231AAJ3, STM32MP231AAK3, STM32MP231AAL3, STM32MP231CAJ3, STM32MP231CAK3, STM32MP231CAL3, STM32MP231DAJ3, STM32MP231DAK3, STM32MP231DAL3, STM32MP231FAJ3, STM32MP231FAK3, STM32MP231FAL3, STM32MP233AAJ3, STM32MP233AAK3, STM32MP233AAL3, STM32MP233CAJ3, STM32MP233CAK3, STM32MP233CAL3, STM32MP233DAJ3, STM32MP233DAK3, STM32MP233DAL3, STM32MP233FAJ3, STM32MP233FAK3, STM32MP233FAL3, STM32MP235AAJ3, STM32MP235AAK3, STM32MP235AAL3, STM32MP235CAJ3, STM32MP235CAK3, STM32MP235CAL3, STM32MP235DAJ3, STM32MP235DAK3, STM32MP235DAL3, STM32MP235FAJ3, STM32MP235FAK3, STM32MP235FAL3, STM32MP251AAI3, STM32MP251AAJ3, STM32MP251AAK3, STM32MP251AAL3, STM32MP251CAI3, STM32MP251CAJ3, STM32MP251CAK3, STM32MP251CAL3, STM32MP251DAI3, STM32MP251DAJ3, STM32MP251DAK3, STM32MP251DAL3, STM32MP251FAI3, STM32MP251FAJ3, STM32MP251FAK3, STM32MP251FAL3, STM32MP253AAI3, STM32MP253AAJ3, STM32MP253AAK3, STM32MP253AAL3, STM32MP253CAI3, STM32MP253CAJ3, STM32MP253CAK3, STM32MP253CAL3, STM32MP253DAI3, STM32MP253DAJ3, STM32MP253DAK3, STM32MP253DAL3, STM32MP253FAI3, STM32MP253FAJ3, STM32MP253FAK3, STM32MP253FAL3, STM32MP255AAI3, STM32MP255AAJ3, STM32MP255AAK3, STM32MP255AAL3, STM32MP255CAI3, STM32MP255CAJ3, STM32MP255CAK3, STM32MP255CAL3, STM32MP255DAI3, STM32MP255DAJ3, STM32MP255DAK3, STM32MP255DAL3, STM32MP255FAI3, STM32MP255FAJ3, STM32MP255FAK3, STM32MP255FAL3, STM32MP257AAI3, STM32MP257AAJ3, STM32MP257AAK3, STM32MP257AAL3, STM32MP257CAI3, STM32MP257CAJ3, STM32MP257CAK3, STM32MP257CAL3, STM32MP257DAI3, STM32MP257DAJ3, STM32MP257DAK3, STM32MP257DAL3, STM32MP257F-DK, STM32MP257F-EV1, STM32MP257FAI3, STM32MP257FAJ3, STM32MP257FAK3, STM32MP257FAL3, STM32N645A0H3Q, STM32N645B0H3Q, STM32N645I0H3Q, STM32N645L0H3Q, STM32N645X0H3Q, STM32N645Z0H3Q, STM32N647A0H3Q, STM32N647B0H3Q, STM32N647I0H3Q, STM32N647L0H3Q, STM32N647X0H3Q, STM32N647Z0H3Q, STM32N655A0H3Q, STM32N655B0H3Q, STM32N655I0H3Q, STM32N655L0H3Q, STM32N655X0H3Q, STM32N655Z0H3Q, STM32N6570-DK, STM32N657A0H3Q, STM32N657B0H3Q, STM32N657I0H3Q, STM32N657L0H3Q, STM32N657X0H3Q, STM32N657Z0H3Q, STM32U031C6T6, STM32U031C6U6, STM32U031C8T6, STM32U031C8U6, STM32U031F4P6, STM32U031F6P6, STM32U031F8P6, STM32U031G6Y6TR, STM32U031G8Y6TR, STM32U031K4U6, STM32U031K6U6, STM32U031K8U6, STM32U031R6I6, STM32U031R6T6, STM32U031R8I6, STM32U031R8T6, STM32U073C8T6, STM32U073C8U6, STM32U073CBT6, STM32U073CBU6, STM32U073CCT6, STM32U073CCU6, STM32U073H8Y6TR, STM32U073HBY6TR, STM32U073HCY6TR, STM32U073K8U6, STM32U073KBU6, STM32U073KCU6, STM32U073M8I6, STM32U073M8T6, STM32U073MBI6, STM32U073MBT6, STM32U073MCI6, STM32U073MCT6, STM32U073R8I6, STM32U073R8T6, STM32U073RBI6, STM32U073RBT6, STM32U073RCI6, STM32U073RCT6, STM32U083C-DK, STM32U083CCT6, STM32U083CCU6, STM32U083HCY6TR, STM32U083KCU6, STM32U083MCI6, STM32U083MCT6, STM32U083RCI6, STM32U083RCT6, STM32U375CET6, STM32U375CET6Q, STM32U375CEU6, STM32U375CEU6Q, STM32U375CEY6QTR, STM32U375CGT6, STM32U375CGT6Q, STM32U375CGU6, STM32U375CGU6Q, STM32U375CGY6QTR, STM32U375KEU6, STM32U375KGU6, STM32U375REI6, STM32U375REI6Q, STM32U375RET6, STM32U375RET6Q, STM32U375REY6GTR, STM32U375REY6QTR, STM32U375RGI6, STM32U375RGI6Q, STM32U375RGT6, STM32U375RGT6Q, STM32U375RGY6GTR, STM32U375RGY6QTR, STM32U375VEI6, STM32U375VEI6Q, STM32U375VET6, STM32U375VET6Q, STM32U375VGI6, STM32U375VGI6Q, STM32U375VGT6, STM32U375VGT6Q, STM32U385CGT6, STM32U385CGT6Q, STM32U385CGU6, STM32U385CGU6Q, STM32U385CGY6QTR, STM32U385KGU6, STM32U385RGI6, STM32U385RGI6Q, STM32U385RGT6, STM32U385RGT6Q, STM32U385RGY6GTR, STM32U385RGY6QTR, STM32U385VGI6, STM32U385VGI6Q, STM32U385VGT6, STM32U385VGT6Q, STM32U535CBT6, STM32U535CBT6Q, STM32U535CBU6, STM32U535CBU6Q, STM32U535CCT6, STM32U535CCT6Q, STM32U535CCU6, STM32U535CCU6Q, STM32U535CET6, STM32U535CET6Q, STM32U535CEU6, STM32U535CEU6Q, STM32U535JEY6QTR, STM32U535NCY6QTR, STM32U535NEY6QTR, STM32U535RBI6, STM32U535RBI6Q, STM32U535RBT6, STM32U535RBT6Q, STM32U535RCI6, STM32U535RCI6Q, STM32U535RCT6, STM32U535RCT6Q, STM32U535REI6, STM32U535REI6Q, STM32U535RET6, STM32U535RET6Q, STM32U535VCI6, STM32U535VCI6Q, STM32U535VCT6, STM32U535VCT6Q, STM32U535VEI6, STM32U535VEI6Q, STM32U535VET6, STM32U535VET6Q, STM32U545CET6, STM32U545CET6Q, STM32U545CEU6, STM32U545CEU6Q, STM32U545JEY6QTR, STM32U545NEY6QTR, STM32U545REI6, STM32U545REI6Q, STM32U545RET6, STM32U545RET6Q, STM32U545VEI6, STM32U545VEI6Q, STM32U545VET6, STM32U545VET6Q, STM32U595AIH6, STM32U595AIH6Q, STM32U595AJH6, STM32U595AJH6Q, STM32U595QII6, STM32U595QII6Q, STM32U595QJI6, STM32U595QJI6Q, STM32U595RIT6, STM32U595RIT6Q, STM32U595RJT6, STM32U595RJT6Q, STM32U595VIT6, STM32U595VIT6Q, STM32U595VJT6, STM32U595VJT6Q, STM32U595ZIT6, STM32U595ZIT6Q, STM32U595ZIY6QTR, STM32U595ZJT6, STM32U595ZJT6Q, STM32U595ZJY6QTR, STM32U599BJY6QTR, STM32U599NIH6Q, STM32U599NJH6Q, STM32U599VIT6Q, STM32U599VJT6, STM32U599VJT6Q, STM32U599ZIT6Q, STM32U599ZIY6QTR, STM32U599ZJT6Q, STM32U599ZJY6QTR, STM32U5A5AJH6, STM32U5A5AJH6Q, STM32U5A5QII3Q , STM32U5A5QJI6, STM32U5A5QJI6Q, STM32U5A5RJT6, STM32U5A5RJT6Q, STM32U5A5VJT6, STM32U5A5VJT6Q, STM32U5A5ZJT6, STM32U5A5ZJT6Q, STM32U5A5ZJY6QTR, STM32U5A9BJY6QTR, STM32U5A9J-DK, STM32U5A9NJH6Q, STM32U5A9VJT6Q, STM32U5A9ZJT6Q, STM32U5A9ZJY6QTR, STM32U5F7VIT6, STM32U5F7VIT6Q, STM32U5F7VJT6, STM32U5F7VJT6Q, STM32U5F9BJY6QTR, STM32U5F9NJH6Q, STM32U5F9VIT6Q, STM32U5F9VJT6Q, STM32U5F9ZIJ6QTR, STM32U5F9ZIT6Q, STM32U5F9ZJJ6QTR, STM32U5F9ZJT6Q, STM32U5G7VJT6, STM32U5G7VJT6Q, STM32U5G9BJY6QTR, STM32U5G9J-DK1, STM32U5G9J-DK2, STM32U5G9NJH6Q, STM32U5G9VJT6Q, STM32U5G9ZJJ6QTR, STM32U5G9ZJT6Q, STM32WB05KZV6TR, STM32WB05KZV7TR, STM32WB05TZF6TR, STM32WB05TZF7TR, STM32WB06CCF6TR, STM32WB06CCF7TR, STM32WB06CCV6TR, STM32WB06CCV7TR, STM32WB06KCV6TR, STM32WB06KCV7TR, STM32WB07CCF6TR, STM32WB07CCF7TR, STM32WB07CCV6TR, STM32WB07CCV7TR, STM32WB07KCV6TR, STM32WB07KCV7TR, STM32WB09KEV6TR, STM32WB09KEV7TR, STM32WB09TEF6TR, STM32WB09TEF7TR, STM32WB1MMCH6, STM32WBA50KGU6, STM32WBA50KGU6TR, STM32WBA52CEU6, STM32WBA52CEU6TR, STM32WBA52CEU7, STM32WBA52CEU7TR, STM32WBA52CGU6, STM32WBA52CGU6TR, STM32WBA52CGU6U, STM32WBA52CGU7, STM32WBA52CGU7TR, STM32WBA52KEU6, STM32WBA52KEU6TR, STM32WBA52KGU6, STM32WBA52KGU6TR, STM32WBA54CEU6, STM32WBA54CEU6TR, STM32WBA54CEU7, STM32WBA54CEU7TR, STM32WBA54CGU6, STM32WBA54CGU6TR, STM32WBA54CGU7, STM32WBA54CGU7TR, STM32WBA54KEU6, STM32WBA54KEU6TR, STM32WBA54KEU7, STM32WBA54KEU7TR, STM32WBA54KGU6, STM32WBA54KGU6TR, STM32WBA54KGU7, STM32WBA54KGU7TR, STM32WBA55CEU6, STM32WBA55CEU6TR, STM32WBA55CEU7, STM32WBA55CEU7TR, STM32WBA55CGU6, STM32WBA55CGU6TR, STM32WBA55CGU6U, STM32WBA55CGU7, STM32WBA55CGU7TR, STM32WBA55G-DK1, STM32WBA55HEF6, STM32WBA55HEF7, STM32WBA55HGF6, STM32WBA55HGF7, STM32WBA55UEI6, STM32WBA55UEI6TR, STM32WBA55UEI7, STM32WBA55UEI7TR, STM32WBA55UGI6, STM32WBA55UGI6TR, STM32WBA55UGI7, STM32WBA55UGI7TR, STM32WBA5MJGH6TR, STM32WBA62CGU6, STM32WBA62CIU6, STM32WBA62MGF6, STM32WBA62MIF6, STM32WBA62PGI6, STM32WBA62PII6, STM32WBA63CGU6, STM32WBA63CGU7, STM32WBA63CIU6, STM32WBA63CIU7, STM32WBA64CGU6, STM32WBA64CGU7, STM32WBA64CIU6, STM32WBA64CIU7, STM32WBA65CGU6, STM32WBA65CGU7, STM32WBA65CIU6, STM32WBA65CIU7, STM32WBA65I-DK1, STM32WBA65MGF6, STM32WBA65MGF7, STM32WBA65MIF6, STM32WBA65MIF7, STM32WBA65PGI6, STM32WBA65PGI7, STM32WBA65PII6, STM32WBA65PII7, STM32WBA65RGV6, STM32WBA65RGV7, STM32WBA65RIV6, STM32WBA65RIV7, STM32WL30K8V6, STM32WL30KBV6, STM32WL31C8V6, STM32WL31CBV6, STM32WL31K8V6, STM32WL31KBV6, STM32WL33C8V6, STM32WL33C8V6TR, STM32WL33C8V7, STM32WL33C8V7TR, STM32WL33CBV6, STM32WL33CBV6TR, STM32WL33CBV7, STM32WL33CBV7TR, STM32WL33CCV6, STM32WL33CCV6TR, STM32WL33CCV7, STM32WL33CCV7A, STM32WL33CCV7ATR, STM32WL33CCV7TR, STM32WL33K8V6, STM32WL33K8V6TR, STM32WL33K8V7, STM32WL33K8V7TR, STM32WL33KBV6, STM32WL33KBV6TR, STM32WL33KBV7, STM32WL33KBV7TR, STM32WL33KCV6, STM32WL33KCV6TR, STM32WL33KCV7, STM32WL33KCV7TR, STM32WL5MOCH6, STM32WL5MOCH6TR]
2026-05-26 14:54:10,527 [INFO] ApiDb:668 - CubeFinder database Data Model version=2.1
2026-05-26 14:54:10,528 [INFO] ApiDb:669 - CubeFinder database Configuration version=3.0.42
2026-05-26 14:54:10,528 [INFO] ApiDb:670 - CubeFinder database generation date=2026-05-06 (1778060171)
2026-05-26 14:54:10,528 [INFO] ApiDb:671 - CubeFinder database FW Pack versions=[FP-ATR-ASTRA1_V2.0.0, FP-SNS-FLIGHT1_V5.1.0, FP-SNS-MOTENV1_V5.1.0, FP-SNS-MOTENVWB1_V1.5.0, FP-SNS-SMARTAG2_V1.2.0, FP-SNS-STBOX1_V2.1.0, STM32Cube_FW_C0_V1.4.0, STM32Cube_FW_F4_V1.28.3, STM32Cube_FW_F7_V1.17.4, STM32Cube_FW_G0_V1.6.3, STM32Cube_FW_G4_V1.6.2, STM32Cube_FW_H5_V1.6.0, STM32Cube_FW_H7RS_V1.3.0, STM32Cube_FW_H7_V1.13.0, STM32Cube_FW_L0_V1.12.2, STM32Cube_FW_L4_V1.18.2, STM32Cube_FW_L5_V1.6.0, STM32Cube_FW_N6_V1.3.0, STM32Cube_FW_U0_V1.3.0, STM32Cube_FW_U3_V1.3.0, STM32Cube_FW_U5_V1.8.0, STM32Cube_FW_WB0_V1.4.0, STM32Cube_FW_WBA_V1.9.0, STM32Cube_FW_WB_V1.24.0, STM32Cube_FW_WL3_V1.4.0, STM32Cube_FW_WL_V1.5.0, X-CUBE-ALGOBUILD_V1.4.0, X-CUBE-ALS_V1.0.2, X-CUBE-AZRTOS-F4_V1.1.0, X-CUBE-AZRTOS-F7_V1.1.0, X-CUBE-AZRTOS-G0_V1.1.0, X-CUBE-AZRTOS-G4_V2.0.0, X-CUBE-AZRTOS-H7RS_V1.1.0, X-CUBE-AZRTOS-H7_V3.5.0, X-CUBE-AZRTOS-L4_V2.0.0, X-CUBE-AZRTOS-L5_V2.0.0, X-CUBE-AZRTOS-WB_V2.0.0, X-CUBE-AZRTOS-WL_V2.0.0, X-CUBE-BLE1_V7.1.0, X-CUBE-BLE2_V3.3.0, X-CUBE-BLEMGR_V4.1.0, X-CUBE-EEPRMA1_V5.2.0, X-CUBE-FREERTOS_V1.5.0, X-CUBE-GNSS1_V6.0.0, X-CUBE-MEMS1_V12.0.0, X-CUBE-NFC4_V3.0.0, X-CUBE-NFC7_V2.0.0, X-CUBE-SFXS2LP1_V4.0.0, X-CUBE-ST67W61_V1.2.0, X-CUBE-SUBG2_V5.0.0, X-CUBE-TOF1_V3.4.3]
2026-05-26 14:54:11,362 [ERROR] LogOutputStream:75 - [STDERR_REDIRECT] [Fatal Error] :1:1: Premature end of file.
2026-05-26 14:54:11,362 [ERROR] LogOutputStream:75 - [STDERR_REDIRECT] 
2026-05-26 14:54:12,352 [ERROR] LogOutputStream:75 - [STDERR_REDIRECT] [Fatal Error] :1:1: Premature end of file.
2026-05-26 14:54:12,352 [ERROR] LogOutputStream:75 - [STDERR_REDIRECT] 
2026-05-26 14:54:13,082 [INFO] ApiDb:240 - Found 895 in-development CPN: [B-G473E-ZEST1S, B-WB1M-WPAN1, B-WBA5M-WPAN, B-WL5M-SUBG1, NUCLEO-C031C6, NUCLEO-C051C8, NUCLEO-C071RB, NUCLEO-C092RC, NUCLEO-H503RB, NUCLEO-H533RE, NUCLEO-H563ZI, NUCLEO-H7S3L8, NUCLEO-N657X0-Q, NUCLEO-U031R8, NUCLEO-U083RC, NUCLEO-U385RG-Q, NUCLEO-U545RE-Q, NUCLEO-U5A5ZJ-Q, NUCLEO-WB05KZ, NUCLEO-WB07CC, NUCLEO-WB09KE, NUCLEO-WBA52CG, NUCLEO-WBA55CG, NUCLEO-WBA65RI, NUCLEO-WL33CC1, NUCLEO-WL33CC2, STEVAL-PROTEUS1, STEVAL-SMARTAG2, STEVAL-STWINBX1, STM320518-EVAL, STM32C0116-DK, STM32C011D6Y3TR, STM32C011D6Y6TR, STM32C011F4P3, STM32C011F4P6, STM32C011F4U3, STM32C011F4U6TR, STM32C011F6P3, STM32C011F6P6, STM32C011F6U3, STM32C011F6U6TR, STM32C011J4M3, STM32C011J4M6, STM32C011J6M3, STM32C011J6M6, STM32C0316-DK, STM32C031C4T3, STM32C031C4T6, STM32C031C4U3, STM32C031C4U6, STM32C031C6T3, STM32C031C6T6, STM32C031C6U3, STM32C031C6U6, STM32C031F4P3, STM32C031F4P6, STM32C031F6P3, STM32C031F6P6, STM32C031G4U3, STM32C031G4U6, STM32C031G6U3, STM32C031G6U6, STM32C031K4T3, STM32C031K4T6, STM32C031K4U3, STM32C031K4U6, STM32C031K6T3, STM32C031K6T6, STM32C031K6U3, STM32C031K6U6, STM32C051C6T6, STM32C051C6U6, STM32C051C8T6, STM32C051C8U6, STM32C051D8Y6TR, STM32C051F6P6, STM32C051F8P6, STM32C051G6U6, STM32C051G8U6, STM32C051K6T6, STM32C051K6U6, STM32C051K8T6, STM32C071C8T6, STM32C071C8T6N, STM32C071C8U6, STM32C071C8U6N, STM32C071CBT6, STM32C071CBT6N, STM32C071CBU6, STM32C071CBU6N, STM32C071F8P6, STM32C071F8P6N, STM32C071FBP6, STM32C071FBP6N, STM32C071FBY6TR, STM32C071G8U6, STM32C071G8U6N, STM32C071GBU6, STM32C071GBU6N, STM32C071K8T6, STM32C071K8T6N, STM32C071K8U6, STM32C071K8U6N, STM32C071KBT6, STM32C071KBT6N, STM32C071KBU6, STM32C071KBU6N, STM32C071R8T6, STM32C071R8T6N, STM32C071RBI6N, STM32C071RBT6, STM32C071RBT6N, STM32C091CBT6, STM32C091CBU6, STM32C091CCT6, STM32C091CCU6, STM32C091ECY6TR, STM32C091FBP6, STM32C091FCP6, STM32C091GBU6, STM32C091GCU6, STM32C091KBT6, STM32C091KBU6, STM32C091KCT6, STM32C091KCU6, STM32C091RBT6, STM32C091RCI6, STM32C091RCT6, STM32C092CBT6, STM32C092CBU6, STM32C092CCT6, STM32C092CCU6, STM32C092ECY6TR, STM32C092FBP6, STM32C092FCP6, STM32C092GBU6, STM32C092GCU6, STM32C092KBT6, STM32C092KBU6, STM32C092KCT6, STM32C092KCU6, STM32C092RBT6, STM32C092RCI6, STM32C092RCT6, STM32G071K8TXN, STM32G071K8UXN, STM32G081GBU6N, STM32G081KBT6N, STM32G081KBUXN, STM32G0B1CCT6N, STM32G0B1KCT6, STM32G0B1NEY6TR, STM32G0B1RCT6N, STM32G0C1CCT6, STM32G0C1CCT6N, STM32G0C1CCU6N, STM32G0C1CET6N, STM32G0C1CEU6N, STM32G0C1KCT6, STM32G0C1NEY6TR, STM32G0C1RCI6N, STM32G0C1RCT6N, STM32G0C1REI6N, STM32G0C1RET6N, STM32G0C1VCI6, STM32G0C1VEI6, STM32G411C6T3, STM32G411C6T6, STM32G411C6U3, STM32G411C6U6, STM32G411C8T3, STM32G411C8T6, STM32G411C8U3, STM32G411C8U6, STM32G411CBT3, STM32G411CBT6, STM32G411CBU3, STM32G411CBU6, STM32G411CCT3, STM32G411CCT6, STM32G411CCU3, STM32G411CCU6, STM32G411K6T3, STM32G411K6T6, STM32G411K6U3, STM32G411K6U6, STM32G411K8T3, STM32G411K8T6, STM32G411K8U3, STM32G411K8U6, STM32G411KBT3, STM32G411KBT6, STM32G411KBU3, STM32G411KBU6, STM32G411M6T3, STM32G411M6T6, STM32G411M8T3, STM32G411M8T6, STM32G411MBT3, STM32G411MBT6, STM32G411MCT3, STM32G411MCT6, STM32G411R6T3, STM32G411R6T6, STM32G411R8T3, STM32G411R8T6, STM32G411RBT3, STM32G411RBT6, STM32G411RCT3, STM32G411RCT6, STM32G414CBT3, STM32G414CBT6, STM32G414CBU3, STM32G414CBU6, STM32G414CCT3, STM32G414CCT6, STM32G414CCU3, STM32G414CCU6, STM32G414MBT3, STM32G414MBT6, STM32G414MCT3, STM32G414MCT6, STM32G414RBT3, STM32G414RBT6, STM32G414RCT3, STM32G414RCT6, STM32G414VBT3, STM32G414VBT6, STM32G414VCT3, STM32G414VCT6, STM32G431CBT3Z, STM32G431RBT3Z, STM32G471CCT6, STM32G471CCU6, STM32G471CET3, STM32G471CET6, STM32G471CEU3, STM32G471CEU6, STM32G471MCT6, STM32G471MET3, STM32G471MET6, STM32G471MEY6TR, STM32G471QCT6, STM32G471QET3, STM32G471RCT6, STM32G471RET3, STM32G471RET6, STM32G471VCH6, STM32G471VCI6, STM32G471VCT6, STM32G471VEH3, STM32G471VEH6, STM32G471VEI3, STM32G471VEI6, STM32G471VET3, STM32G471VET6, STM32G473QET3Z, STM32G473RET3Z, STM32G474CCT6, STM32G491RET3Z, STM32H503CBT6, STM32H503CBU6, STM32H503EBY6TR, STM32H503KBU6, STM32H503RBT6, STM32H523CCT6, STM32H523CCU6, STM32H523CET6, STM32H523CEU6, STM32H523HEY6TR, STM32H523RCT6, STM32H523RET6, STM32H523VCI6, STM32H523VCT6, STM32H523VEI6, STM32H523VET6, STM32H523ZCJ6, STM32H523ZCT6, STM32H523ZEJ6, STM32H523ZET6, STM32H533CET6, STM32H533CEU6, STM32H533HEY6TR, STM32H533RET6, STM32H533VEI6, STM32H533VET6, STM32H533ZEJ6, STM32H533ZET6, STM32H562AGI6, STM32H562AII6, STM32H562IGK6, STM32H562IGT6, STM32H562IIK6, STM32H562IIT6, STM32H562RGT6, STM32H562RGV6, STM32H562RIT6, STM32H562RIV6, STM32H562VGT6, STM32H562VIT6, STM32H562ZGT6, STM32H562ZIT6, STM32H563AGI6, STM32H563AII3Q, STM32H563AII6, STM32H563IGK6, STM32H563IGT6, STM32H563IIK3Q, STM32H563IIK6, STM32H563IIT3Q, STM32H563IIT6, STM32H563MIY3QTR, STM32H563RGT6, STM32H563RGV6, STM32H563RIT6, STM32H563RIV6, STM32H563VGT6, STM32H563VIT3Q, STM32H563VIT6, STM32H563ZGT6, STM32H563ZIT3Q, STM32H563ZIT6, STM32H573AII3Q, STM32H573AII6, STM32H573I-DK, STM32H573IIK3Q, STM32H573IIK6, STM32H573IIT3Q, STM32H573IIT6, STM32H573MIY3QTR, STM32H573RIT6, STM32H573RIV6, STM32H573VIT3Q, STM32H573VIT6, STM32H573ZIT3Q, STM32H573ZIT6, STM32H7R3A8I6, STM32H7R3I8K6, STM32H7R3I8T6, STM32H7R3L8H6, STM32H7R3L8H6H, STM32H7R3R8V6, STM32H7R3V8H6, STM32H7R3V8T6, STM32H7R3V8Y6TR, STM32H7R3Z8J6, STM32H7R3Z8T6, STM32H7R7A8I6, STM32H7R7I8K6, STM32H7R7I8T6, STM32H7R7L8H6, STM32H7R7L8H6H, STM32H7R7Z8J6, STM32H7S3A8I6, STM32H7S3I8K6, STM32H7S3I8T6, STM32H7S3L8H6, STM32H7S3L8H6H, STM32H7S3R8V6, STM32H7S3V8H6, STM32H7S3V8T6, STM32H7S3V8Y6TR, STM32H7S3Z8J6, STM32H7S3Z8T6, STM32H7S78-DK, STM32H7S7A8I6, STM32H7S7I8K6, STM32H7S7I8T6, STM32H7S7L8H6, STM32H7S7L8H6H, STM32H7S7Z8J6, STM32L4R5QGI6STR, STM32MP131AAE3, STM32MP131AAF3, STM32MP131AAG3, STM32MP131CAE3, STM32MP131CAF3, STM32MP131CAG3, STM32MP131DAE7, STM32MP131DAF7, STM32MP131DAG7, STM32MP131FAE7, STM32MP131FAF7, STM32MP131FAG7, STM32MP133AAE3, STM32MP133AAF3, STM32MP133AAG3, STM32MP133CAE3, STM32MP133CAF3, STM32MP133CAG3, STM32MP133DAE7, STM32MP133DAF7, STM32MP133DAG7, STM32MP133FAE7, STM32MP133FAF7, STM32MP133FAG7, STM32MP135AAE3, STM32MP135AAF3, STM32MP135AAG3, STM32MP135CAE3, STM32MP135CAF3, STM32MP135CAG3, STM32MP135DAE7, STM32MP135DAF7, STM32MP135DAG7, STM32MP135F-DK, STM32MP135FAE7, STM32MP135FAF7, STM32MP135FAF7T, STM32MP135FAF7U, STM32MP135FAG7, STM32MP231AAJ3, STM32MP231AAK3, STM32MP231AAL3, STM32MP231CAJ3, STM32MP231CAK3, STM32MP231CAL3, STM32MP231DAJ3, STM32MP231DAK3, STM32MP231DAL3, STM32MP231FAJ3, STM32MP231FAK3, STM32MP231FAL3, STM32MP233AAJ3, STM32MP233AAK3, STM32MP233AAL3, STM32MP233CAJ3, STM32MP233CAK3, STM32MP233CAL3, STM32MP233DAJ3, STM32MP233DAK3, STM32MP233DAL3, STM32MP233FAJ3, STM32MP233FAK3, STM32MP233FAL3, STM32MP235AAJ3, STM32MP235AAK3, STM32MP235AAL3, STM32MP235CAJ3, STM32MP235CAK3, STM32MP235CAL3, STM32MP235DAJ3, STM32MP235DAK3, STM32MP235DAL3, STM32MP235FAJ3, STM32MP235FAK3, STM32MP235FAL3, STM32MP251AAI3, STM32MP251AAJ3, STM32MP251AAK3, STM32MP251AAL3, STM32MP251CAI3, STM32MP251CAJ3, STM32MP251CAK3, STM32MP251CAL3, STM32MP251DAI3, STM32MP251DAJ3, STM32MP251DAK3, STM32MP251DAL3, STM32MP251FAI3, STM32MP251FAJ3, STM32MP251FAK3, STM32MP251FAL3, STM32MP253AAI3, STM32MP253AAJ3, STM32MP253AAK3, STM32MP253AAL3, STM32MP253CAI3, STM32MP253CAJ3, STM32MP253CAK3, STM32MP253CAL3, STM32MP253DAI3, STM32MP253DAJ3, STM32MP253DAK3, STM32MP253DAL3, STM32MP253FAI3, STM32MP253FAJ3, STM32MP253FAK3, STM32MP253FAL3, STM32MP255AAI3, STM32MP255AAJ3, STM32MP255AAK3, STM32MP255AAL3, STM32MP255CAI3, STM32MP255CAJ3, STM32MP255CAK3, STM32MP255CAL3, STM32MP255DAI3, STM32MP255DAJ3, STM32MP255DAK3, STM32MP255DAL3, STM32MP255FAI3, STM32MP255FAJ3, STM32MP255FAK3, STM32MP255FAL3, STM32MP257AAI3, STM32MP257AAJ3, STM32MP257AAK3, STM32MP257AAL3, STM32MP257CAI3, STM32MP257CAJ3, STM32MP257CAK3, STM32MP257CAL3, STM32MP257DAI3, STM32MP257DAJ3, STM32MP257DAK3, STM32MP257DAL3, STM32MP257F-DK, STM32MP257F-EV1, STM32MP257FAI3, STM32MP257FAJ3, STM32MP257FAK3, STM32MP257FAL3, STM32N645A0H3Q, STM32N645B0H3Q, STM32N645I0H3Q, STM32N645L0H3Q, STM32N645X0H3Q, STM32N645Z0H3Q, STM32N647A0H3Q, STM32N647B0H3Q, STM32N647I0H3Q, STM32N647L0H3Q, STM32N647X0H3Q, STM32N647Z0H3Q, STM32N655A0H3Q, STM32N655B0H3Q, STM32N655I0H3Q, STM32N655L0H3Q, STM32N655X0H3Q, STM32N655Z0H3Q, STM32N6570-DK, STM32N657A0H3Q, STM32N657B0H3Q, STM32N657I0H3Q, STM32N657L0H3Q, STM32N657X0H3Q, STM32N657Z0H3Q, STM32U031C6T6, STM32U031C6U6, STM32U031C8T6, STM32U031C8U6, STM32U031F4P6, STM32U031F6P6, STM32U031F8P6, STM32U031G6Y6TR, STM32U031G8Y6TR, STM32U031K4U6, STM32U031K6U6, STM32U031K8U6, STM32U031R6I6, STM32U031R6T6, STM32U031R8I6, STM32U031R8T6, STM32U073C8T6, STM32U073C8U6, STM32U073CBT6, STM32U073CBU6, STM32U073CCT6, STM32U073CCU6, STM32U073H8Y6TR, STM32U073HBY6TR, STM32U073HCY6TR, STM32U073K8U6, STM32U073KBU6, STM32U073KCU6, STM32U073M8I6, STM32U073M8T6, STM32U073MBI6, STM32U073MBT6, STM32U073MCI6, STM32U073MCT6, STM32U073R8I6, STM32U073R8T6, STM32U073RBI6, STM32U073RBT6, STM32U073RCI6, STM32U073RCT6, STM32U083C-DK, STM32U083CCT6, STM32U083CCU6, STM32U083HCY6TR, STM32U083KCU6, STM32U083MCI6, STM32U083MCT6, STM32U083RCI6, STM32U083RCT6, STM32U375CET6, STM32U375CET6Q, STM32U375CEU6, STM32U375CEU6Q, STM32U375CEY6QTR, STM32U375CGT6, STM32U375CGT6Q, STM32U375CGU6, STM32U375CGU6Q, STM32U375CGY6QTR, STM32U375KEU6, STM32U375KGU6, STM32U375REI6, STM32U375REI6Q, STM32U375RET6, STM32U375RET6Q, STM32U375REY6GTR, STM32U375REY6QTR, STM32U375RGI6, STM32U375RGI6Q, STM32U375RGT6, STM32U375RGT6Q, STM32U375RGY6GTR, STM32U375RGY6QTR, STM32U375VEI6, STM32U375VEI6Q, STM32U375VET6, STM32U375VET6Q, STM32U375VGI6, STM32U375VGI6Q, STM32U375VGT6, STM32U375VGT6Q, STM32U385CGT6, STM32U385CGT6Q, STM32U385CGU6, STM32U385CGU6Q, STM32U385CGY6QTR, STM32U385KGU6, STM32U385RGI6, STM32U385RGI6Q, STM32U385RGT6, STM32U385RGT6Q, STM32U385RGY6GTR, STM32U385RGY6QTR, STM32U385VGI6, STM32U385VGI6Q, STM32U385VGT6, STM32U385VGT6Q, STM32U535CBT6, STM32U535CBT6Q, STM32U535CBU6, STM32U535CBU6Q, STM32U535CCT6, STM32U535CCT6Q, STM32U535CCU6, STM32U535CCU6Q, STM32U535CET6, STM32U535CET6Q, STM32U535CEU6, STM32U535CEU6Q, STM32U535JEY6QTR, STM32U535NCY6QTR, STM32U535NEY6QTR, STM32U535RBI6, STM32U535RBI6Q, STM32U535RBT6, STM32U535RBT6Q, STM32U535RCI6, STM32U535RCI6Q, STM32U535RCT6, STM32U535RCT6Q, STM32U535REI6, STM32U535REI6Q, STM32U535RET6, STM32U535RET6Q, STM32U535VCI6, STM32U535VCI6Q, STM32U535VCT6, STM32U535VCT6Q, STM32U535VEI6, STM32U535VEI6Q, STM32U535VET6, STM32U535VET6Q, STM32U545CET6, STM32U545CET6Q, STM32U545CEU6, STM32U545CEU6Q, STM32U545JEY6QTR, STM32U545NEY6QTR, STM32U545REI6, STM32U545REI6Q, STM32U545RET6, STM32U545RET6Q, STM32U545VEI6, STM32U545VEI6Q, STM32U545VET6, STM32U545VET6Q, STM32U595AIH6, STM32U595AIH6Q, STM32U595AJH6, STM32U595AJH6Q, STM32U595QII6, STM32U595QII6Q, STM32U595QJI6, STM32U595QJI6Q, STM32U595RIT6, STM32U595RIT6Q, STM32U595RJT6, STM32U595RJT6Q, STM32U595VIT6, STM32U595VIT6Q, STM32U595VJT6, STM32U595VJT6Q, STM32U595ZIT6, STM32U595ZIT6Q, STM32U595ZIY6QTR, STM32U595ZJT6, STM32U595ZJT6Q, STM32U595ZJY6QTR, STM32U599BJY6QTR, STM32U599NIH6Q, STM32U599NJH6Q, STM32U599VIT6Q, STM32U599VJT6, STM32U599VJT6Q, STM32U599ZIT6Q, STM32U599ZIY6QTR, STM32U599ZJT6Q, STM32U599ZJY6QTR, STM32U5A5AJH6, STM32U5A5AJH6Q, STM32U5A5QII3Q , STM32U5A5QJI6, STM32U5A5QJI6Q, STM32U5A5RJT6, STM32U5A5RJT6Q, STM32U5A5VJT6, STM32U5A5VJT6Q, STM32U5A5ZJT6, STM32U5A5ZJT6Q, STM32U5A5ZJY6QTR, STM32U5A9BJY6QTR, STM32U5A9J-DK, STM32U5A9NJH6Q, STM32U5A9VJT6Q, STM32U5A9ZJT6Q, STM32U5A9ZJY6QTR, STM32U5F7VIT6, STM32U5F7VIT6Q, STM32U5F7VJT6, STM32U5F7VJT6Q, STM32U5F9BJY6QTR, STM32U5F9NJH6Q, STM32U5F9VIT6Q, STM32U5F9VJT6Q, STM32U5F9ZIJ6QTR, STM32U5F9ZIT6Q, STM32U5F9ZJJ6QTR, STM32U5F9ZJT6Q, STM32U5G7VJT6, STM32U5G7VJT6Q, STM32U5G9BJY6QTR, STM32U5G9J-DK1, STM32U5G9J-DK2, STM32U5G9NJH6Q, STM32U5G9VJT6Q, STM32U5G9ZJJ6QTR, STM32U5G9ZJT6Q, STM32WB05KZV6TR, STM32WB05KZV7TR, STM32WB05TZF6TR, STM32WB05TZF7TR, STM32WB06CCF6TR, STM32WB06CCF7TR, STM32WB06CCV6TR, STM32WB06CCV7TR, STM32WB06KCV6TR, STM32WB06KCV7TR, STM32WB07CCF6TR, STM32WB07CCF7TR, STM32WB07CCV6TR, STM32WB07CCV7TR, STM32WB07KCV6TR, STM32WB07KCV7TR, STM32WB09KEV6TR, STM32WB09KEV7TR, STM32WB09TEF6TR, STM32WB09TEF7TR, STM32WB1MMCH6, STM32WBA50KGU6, STM32WBA50KGU6TR, STM32WBA52CEU6, STM32WBA52CEU6TR, STM32WBA52CEU7, STM32WBA52CEU7TR, STM32WBA52CGU6, STM32WBA52CGU6TR, STM32WBA52CGU6U, STM32WBA52CGU7, STM32WBA52CGU7TR, STM32WBA52KEU6, STM32WBA52KEU6TR, STM32WBA52KGU6, STM32WBA52KGU6TR, STM32WBA54CEU6, STM32WBA54CEU6TR, STM32WBA54CEU7, STM32WBA54CEU7TR, STM32WBA54CGU6, STM32WBA54CGU6TR, STM32WBA54CGU7, STM32WBA54CGU7TR, STM32WBA54KEU6, STM32WBA54KEU6TR, STM32WBA54KEU7, STM32WBA54KEU7TR, STM32WBA54KGU6, STM32WBA54KGU6TR, STM32WBA54KGU7, STM32WBA54KGU7TR, STM32WBA55CEU6, STM32WBA55CEU6TR, STM32WBA55CEU7, STM32WBA55CEU7TR, STM32WBA55CGU6, STM32WBA55CGU6TR, STM32WBA55CGU6U, STM32WBA55CGU7, STM32WBA55CGU7TR, STM32WBA55G-DK1, STM32WBA55HEF6, STM32WBA55HEF7, STM32WBA55HGF6, STM32WBA55HGF7, STM32WBA55UEI6, STM32WBA55UEI6TR, STM32WBA55UEI7, STM32WBA55UEI7TR, STM32WBA55UGI6, STM32WBA55UGI6TR, STM32WBA55UGI7, STM32WBA55UGI7TR, STM32WBA5MJGH6TR, STM32WBA62CGU6, STM32WBA62CIU6, STM32WBA62MGF6, STM32WBA62MIF6, STM32WBA62PGI6, STM32WBA62PII6, STM32WBA63CGU6, STM32WBA63CGU7, STM32WBA63CIU6, STM32WBA63CIU7, STM32WBA64CGU6, STM32WBA64CGU7, STM32WBA64CIU6, STM32WBA64CIU7, STM32WBA65CGU6, STM32WBA65CGU7, STM32WBA65CIU6, STM32WBA65CIU7, STM32WBA65I-DK1, STM32WBA65MGF6, STM32WBA65MGF7, STM32WBA65MIF6, STM32WBA65MIF7, STM32WBA65PGI6, STM32WBA65PGI7, STM32WBA65PII6, STM32WBA65PII7, STM32WBA65RGV6, STM32WBA65RGV7, STM32WBA65RIV6, STM32WBA65RIV7, STM32WL30K8V6, STM32WL30KBV6, STM32WL31C8V6, STM32WL31CBV6, STM32WL31K8V6, STM32WL31KBV6, STM32WL33C8V6, STM32WL33C8V6TR, STM32WL33C8V7, STM32WL33C8V7TR, STM32WL33CBV6, STM32WL33CBV6TR, STM32WL33CBV7, STM32WL33CBV7TR, STM32WL33CCV6, STM32WL33CCV6TR, STM32WL33CCV7, STM32WL33CCV7A, STM32WL33CCV7ATR, STM32WL33CCV7TR, STM32WL33K8V6, STM32WL33K8V6TR, STM32WL33K8V7, STM32WL33K8V7TR, STM32WL33KBV6, STM32WL33KBV6TR, STM32WL33KBV7, STM32WL33KBV7TR, STM32WL33KCV6, STM32WL33KCV6TR, STM32WL33KCV7, STM32WL33KCV7TR, STM32WL5MOCH6, STM32WL5MOCH6TR]
2026-05-26 14:54:13,088 [INFO] DbMcus:218 - Found 5082 MCUs, 4964 are supported
2026-05-26 14:54:13,090 [INFO] ApiDb:423 - Load user favorites file C:\Users\NIVYA/.stm32cubeide/favorites.mcus.txt: 0 item(s)
2026-05-26 14:54:13,090 [INFO] ApiDb:427 - User favorites MCUs=[]
2026-05-26 14:54:13,090 [INFO] DbMcus:224 - Set 0 / 0 favorites MCUs
2026-05-26 14:54:13,353 [ERROR] LogOutputStream:75 - [STDERR_REDIRECT] [Fatal Error] :1:1: Premature end of file.
2026-05-26 14:54:13,353 [ERROR] LogOutputStream:75 - [STDERR_REDIRECT] 
2026-05-26 14:54:13,724 [INFO] BoardInfo:889 - No configuration file found for board NUCLEO-H5E5ZJ
2026-05-26 14:54:13,725 [INFO] DbBoards:161 - Board is not supported: NUCLEO-H5E5ZJ
2026-05-26 14:54:13,773 [INFO] BoardInfo:889 - No configuration file found for board NUCLEO-U3C5ZI-Q
2026-05-26 14:54:13,773 [INFO] DbBoards:161 - Board is not supported: NUCLEO-U3C5ZI-Q
2026-05-26 14:54:13,808 [INFO] BoardInfo:889 - No configuration file found for board NUCLEO-WBA25CE1
2026-05-26 14:54:13,808 [INFO] DbBoards:161 - Board is not supported: NUCLEO-WBA25CE1
2026-05-26 14:54:13,814 [INFO] BoardInfo:889 - No configuration file found for board NUCLEO-WL3RKB1
2026-05-26 14:54:13,814 [INFO] DbBoards:161 - Board is not supported: NUCLEO-WL3RKB1
2026-05-26 14:54:13,815 [INFO] BoardInfo:889 - No configuration file found for board NUCLEO-WL3RKB2
2026-05-26 14:54:13,815 [INFO] DbBoards:161 - Board is not supported: NUCLEO-WL3RKB2
2026-05-26 14:54:13,820 [INFO] BoardInfo:889 - No configuration file found for board P-NUCLEO-WB55
2026-05-26 14:54:13,820 [INFO] DbBoards:161 - Kit is not supported: P-NUCLEO-WB55
2026-05-26 14:54:13,824 [INFO] BoardInfo:889 - No configuration file found for board STEVAL-BFA001V1B
2026-05-26 14:54:13,825 [INFO] DbBoards:161 - Kit is not supported: STEVAL-BFA001V1B
2026-05-26 14:54:13,825 [INFO] BoardInfo:889 - No configuration file found for board STEVAL-BFA001V2B
2026-05-26 14:54:13,826 [INFO] DbBoards:161 - Kit is not supported: STEVAL-BFA001V2B
2026-05-26 14:54:13,885 [INFO] BoardInfo:889 - No configuration file found for board STM32H5F5J-DK
2026-05-26 14:54:13,916 [INFO] DbBoards:161 - Board is not supported: STM32H5F5J-DK
2026-05-26 14:54:13,948 [INFO] BoardInfo:889 - No configuration file found for board STM32MP215F-DK
2026-05-26 14:54:13,949 [INFO] DbBoards:161 - Board is not supported: STM32MP215F-DK
2026-05-26 14:54:13,960 [INFO] DbBoards:168 - Found 218 boards, 208 are supported
2026-05-26 14:54:13,960 [INFO] DbBoards:169 - Found 218 boards, 43 of them is supported for  Bsp
2026-05-26 14:54:13,966 [INFO] ApiDb:423 - Load user favorites file C:\Users\NIVYA/.stm32cubeide/favorites.boards.txt: 0 item(s)
2026-05-26 14:54:13,966 [INFO] ApiDb:427 - User favorites Boards=[]
2026-05-26 14:54:13,967 [INFO] DbBoards:198 - Set 0 / 0 favorites Boards
2026-05-26 14:54:13,967 [INFO] McuFinderGlobals:76 - Set McuFinderConnectedMode to true
2026-05-26 14:54:14,004 [INFO] MultiScanPanel:200 - Auto-refresh data requested => check proxy status ongoing
2026-05-26 14:54:14,007 [INFO] FinderPluginLoader:95 - Searching for filters in installed packs
2026-05-26 14:54:14,349 [ERROR] LogOutputStream:75 - [STDERR_REDIRECT] [Fatal Error] :1:1: Premature end of file.
2026-05-26 14:54:14,349 [ERROR] LogOutputStream:75 - [STDERR_REDIRECT] 
2026-05-26 14:54:15,427 [ERROR] LogOutputStream:75 - [STDERR_REDIRECT] [Fatal Error] :1:1: Premature end of file.
2026-05-26 14:54:15,429 [ERROR] LogOutputStream:75 - [STDERR_REDIRECT] 
2026-05-26 14:54:16,360 [ERROR] LogOutputStream:75 - [STDERR_REDIRECT] [Fatal Error] :1:1: Premature end of file.
2026-05-26 14:54:16,360 [ERROR] LogOutputStream:75 - [STDERR_REDIRECT] 
2026-05-26 14:54:16,898 [INFO] ServerAccessManage:473 - Download File 
2026-05-26 14:54:16,976 [INFO] LoadUrlFilesThread:185 - End of LoadServerUrlFiles without Thread
2026-05-26 14:54:17,023 [INFO] DetailPanel:341 - Set advertising image to C:/Users/NIVYA/STM32Cube/Repository/\en.prom-stm32wba2-stm32-nucleo-board-0426.png
2026-05-26 14:54:17,409 [ERROR] LogOutputStream:75 - [STDERR_REDIRECT] [Fatal Error] :1:1: Premature end of file.
2026-05-26 14:54:17,410 [ERROR] LogOutputStream:75 - [STDERR_REDIRECT] 
2026-05-26 14:54:18,418 [ERROR] LogOutputStream:75 - [STDERR_REDIRECT] [Fatal Error] :1:1: Premature end of file.
2026-05-26 14:54:18,418 [ERROR] LogOutputStream:75 - [STDERR_REDIRECT] 
2026-05-26 14:54:19,433 [ERROR] LogOutputStream:75 - [STDERR_REDIRECT] [Fatal Error] :1:1: Premature end of file.
2026-05-26 14:54:19,435 [ERROR] LogOutputStream:75 - [STDERR_REDIRECT] 
2026-05-26 14:54:20,390 [ERROR] LogOutputStream:75 - [STDERR_REDIRECT] [Fatal Error] :1:1: Premature end of file.
2026-05-26 14:54:20,391 [ERROR] LogOutputStream:75 - [STDERR_REDIRECT] 
2026-05-26 14:54:21,381 [ERROR] LogOutputStream:75 - [STDERR_REDIRECT] [Fatal Error] :1:1: Premature end of file.
2026-05-26 14:54:21,383 [ERROR] LogOutputStream:75 - [STDERR_REDIRECT] 
2026-05-26 14:54:22,394 [ERROR] LogOutputStream:75 - [STDERR_REDIRECT] [Fatal Error] :1:1: Premature end of file.
2026-05-26 14:54:22,394 [ERROR] LogOutputStream:75 - [STDERR_REDIRECT] 
2026-05-26 14:54:23,400 [ERROR] LogOutputStream:75 - [STDERR_REDIRECT] [Fatal Error] :1:1: Premature end of file.
2026-05-26 14:54:23,401 [ERROR] LogOutputStream:75 - [STDERR_REDIRECT] 
2026-05-26 14:54:24,369 [ERROR] LogOutputStream:75 - [STDERR_REDIRECT] [Fatal Error] :1:1: Premature end of file.
2026-05-26 14:54:24,369 [ERROR] LogOutputStream:75 - [STDERR_REDIRECT] 
2026-05-26 14:54:25,355 [ERROR] LogOutputStream:75 - [STDERR_REDIRECT] [Fatal Error] :1:1: Premature end of file.
2026-05-26 14:54:25,355 [ERROR] LogOutputStream:75 - [STDERR_REDIRECT] 
2026-05-26 14:54:26,361 [ERROR] LogOutputStream:75 - [STDERR_REDIRECT] [Fatal Error] :1:1: Premature end of file.
2026-05-26 14:54:26,361 [ERROR] LogOutputStream:75 - [STDERR_REDIRECT] 
2026-05-26 14:54:27,373 [ERROR] LogOutputStream:75 - [STDERR_REDIRECT] [Fatal Error] :1:1: Premature end of file.
2026-05-26 14:54:27,373 [ERROR] LogOutputStream:75 - [STDERR_REDIRECT] 
2026-05-26 14:54:28,369 [ERROR] LogOutputStream:75 - [STDERR_REDIRECT] [Fatal Error] :1:1: Premature end of file.
2026-05-26 14:54:28,370 [ERROR] LogOutputStream:75 - [STDERR_REDIRECT] 
2026-05-26 14:54:29,370 [ERROR] LogOutputStream:75 - [STDERR_REDIRECT] [Fatal Error] :1:1: Premature end of file.
2026-05-26 14:54:29,370 [ERROR] LogOutputStream:75 - [STDERR_REDIRECT] 
2026-05-26 14:54:30,370 [ERROR] LogOutputStream:75 - [STDERR_REDIRECT] [Fatal Error] :1:1: Premature end of file.
2026-05-26 14:54:30,370 [ERROR] LogOutputStream:75 - [STDERR_REDIRECT] 
2026-05-26 14:54:31,368 [ERROR] LogOutputStream:75 - [STDERR_REDIRECT] [Fatal Error] :1:1: Premature end of file.
2026-05-26 14:54:31,369 [ERROR] LogOutputStream:75 - [STDERR_REDIRECT] 
2026-05-26 14:54:32,373 [ERROR] LogOutputStream:75 - [STDERR_REDIRECT] [Fatal Error] :1:1: Premature end of file.
2026-05-26 14:54:32,373 [ERROR] LogOutputStream:75 - [STDERR_REDIRECT] 
2026-05-26 14:54:33,374 [ERROR] LogOutputStream:75 - [STDERR_REDIRECT] [Fatal Error] :1:1: Premature end of file.
2026-05-26 14:54:33,374 [ERROR] LogOutputStream:75 - [STDERR_REDIRECT] 
2026-05-26 14:54:34,376 [ERROR] LogOutputStream:75 - [STDERR_REDIRECT] [Fatal Error] :1:1: Premature end of file.
2026-05-26 14:54:34,377 [ERROR] LogOutputStream:75 - [STDERR_REDIRECT] 
2026-05-26 14:54:35,370 [ERROR] LogOutputStream:75 - [STDERR_REDIRECT] [Fatal Error] :1:1: Premature end of file.
2026-05-26 14:54:35,370 [ERROR] LogOutputStream:75 - [STDERR_REDIRECT] 
2026-05-26 14:54:36,368 [ERROR] LogOutputStream:75 - [STDERR_REDIRECT] [Fatal Error] :1:1: Premature end of file.
2026-05-26 14:54:36,369 [ERROR] LogOutputStream:75 - [STDERR_REDIRECT] 
2026-05-26 14:54:37,368 [ERROR] LogOutputStream:75 - [STDERR_REDIRECT] [Fatal Error] :1:1: Premature end of file.
2026-05-26 14:54:37,368 [ERROR] LogOutputStream:75 - [STDERR_REDIRECT] 
2026-05-26 14:54:38,369 [ERROR] LogOutputStream:75 - [STDERR_REDIRECT] [Fatal Error] :1:1: Premature end of file.
2026-05-26 14:54:38,369 [ERROR] LogOutputStream:75 - [STDERR_REDIRECT] 
2026-05-26 14:54:39,370 [ERROR] LogOutputStream:75 - [STDERR_REDIRECT] [Fatal Error] :1:1: Premature end of file.
2026-05-26 14:54:39,370 [ERROR] LogOutputStream:75 - [STDERR_REDIRECT] 
2026-05-26 14:54:40,367 [ERROR] LogOutputStream:75 - [STDERR_REDIRECT] [Fatal Error] :1:1: Premature end of file.
2026-05-26 14:54:40,368 [ERROR] LogOutputStream:75 - [STDERR_REDIRECT] 
2026-05-26 14:54:41,371 [ERROR] LogOutputStream:75 - [STDERR_REDIRECT] [Fatal Error] :1:1: Premature end of file.
2026-05-26 14:54:41,371 [ERROR] LogOutputStream:75 - [STDERR_REDIRECT] 
2026-05-26 14:54:42,369 [ERROR] LogOutputStream:75 - [STDERR_REDIRECT] [Fatal Error] :1:1: Premature end of file.
2026-05-26 14:54:42,369 [ERROR] LogOutputStream:75 - [STDERR_REDIRECT] 
2026-05-26 14:54:43,370 [ERROR] LogOutputStream:75 - [STDERR_REDIRECT] [Fatal Error] :1:1: Premature end of file.
2026-05-26 14:54:43,370 [ERROR] LogOutputStream:75 - [STDERR_REDIRECT] 
2026-05-26 14:54:44,320 [INFO] McuFinderGlobals:76 - Set McuFinderConnectedMode to true
2026-05-26 14:54:44,431 [ERROR] LogOutputStream:75 - [STDERR_REDIRECT] [Fatal Error] :1:1: Premature end of file.
2026-05-26 14:54:44,431 [ERROR] LogOutputStream:75 - [STDERR_REDIRECT] 
2026-05-26 14:54:45,141 [INFO] ApiDb:448 - Save user favorites file C:\Users\NIVYA/.stm32cubeide/favorites.mcus.txt: 0 item(s)
2026-05-26 14:54:45,141 [INFO] ApiDb:452 - User favorites MCUs=[]
2026-05-26 14:54:45,553 [ERROR] LogOutputStream:75 - [STDERR_REDIRECT] [Fatal Error] :1:1: Premature end of file.
2026-05-26 14:54:45,554 [ERROR] LogOutputStream:75 - [STDERR_REDIRECT] 
2026-05-26 14:54:46,396 [ERROR] LogOutputStream:75 - [STDERR_REDIRECT] [Fatal Error] :1:1: Premature end of file.
2026-05-26 14:54:46,396 [ERROR] LogOutputStream:75 - [STDERR_REDIRECT] 
2026-05-26 14:54:47,385 [ERROR] LogOutputStream:75 - [STDERR_REDIRECT] [Fatal Error] :1:1: Premature end of file.
2026-05-26 14:54:47,385 [ERROR] LogOutputStream:75 - [STDERR_REDIRECT] 
2026-05-26 14:54:48,386 [ERROR] LogOutputStream:75 - [STDERR_REDIRECT] [Fatal Error] :1:1: Premature end of file.
2026-05-26 14:54:48,386 [ERROR] LogOutputStream:75 - [STDERR_REDIRECT] 
2026-05-26 14:54:49,375 [ERROR] LogOutputStream:75 - [STDERR_REDIRECT] [Fatal Error] :1:1: Premature end of file.
2026-05-26 14:54:49,375 [ERROR] LogOutputStream:75 - [STDERR_REDIRECT] 
2026-05-26 14:54:50,369 [ERROR] LogOutputStream:75 - [STDERR_REDIRECT] [Fatal Error] :1:1: Premature end of file.
2026-05-26 14:54:50,369 [ERROR] LogOutputStream:75 - [STDERR_REDIRECT] 
2026-05-26 14:54:51,369 [ERROR] LogOutputStream:75 - [STDERR_REDIRECT] [Fatal Error] :1:1: Premature end of file.
2026-05-26 14:54:51,370 [ERROR] LogOutputStream:75 - [STDERR_REDIRECT] 
2026-05-26 14:54:52,368 [ERROR] LogOutputStream:75 - [STDERR_REDIRECT] [Fatal Error] :1:1: Premature end of file.
2026-05-26 14:54:52,368 [ERROR] LogOutputStream:75 - [STDERR_REDIRECT] 
2026-05-26 14:54:53,374 [ERROR] LogOutputStream:75 - [STDERR_REDIRECT] [Fatal Error] :1:1: Premature end of file.
2026-05-26 14:54:53,374 [ERROR] LogOutputStream:75 - [STDERR_REDIRECT] 
2026-05-26 14:54:54,369 [ERROR] LogOutputStream:75 - [STDERR_REDIRECT] [Fatal Error] :1:1: Premature end of file.
2026-05-26 14:54:54,370 [ERROR] LogOutputStream:75 - [STDERR_REDIRECT] 
2026-05-26 14:54:55,370 [ERROR] LogOutputStream:75 - [STDERR_REDIRECT] [Fatal Error] :1:1: Premature end of file.
2026-05-26 14:54:55,370 [ERROR] LogOutputStream:75 - [STDERR_REDIRECT] 
2026-05-26 14:54:56,379 [ERROR] LogOutputStream:75 - [STDERR_REDIRECT] [Fatal Error] :1:1: Premature end of file.
2026-05-26 14:54:56,379 [ERROR] LogOutputStream:75 - [STDERR_REDIRECT] 
2026-05-26 14:54:57,375 [ERROR] LogOutputStream:75 - [STDERR_REDIRECT] [Fatal Error] :1:1: Premature end of file.
2026-05-26 14:54:57,375 [ERROR] LogOutputStream:75 - [STDERR_REDIRECT] 
2026-05-26 14:54:58,367 [ERROR] LogOutputStream:75 - [STDERR_REDIRECT] [Fatal Error] :1:1: Premature end of file.
2026-05-26 14:54:58,367 [ERROR] LogOutputStream:75 - [STDERR_REDIRECT] 
2026-05-26 14:54:59,372 [ERROR] LogOutputStream:75 - [STDERR_REDIRECT] [Fatal Error] :1:1: Premature end of file.
2026-05-26 14:54:59,372 [ERROR] LogOutputStream:75 - [STDERR_REDIRECT] 
2026-05-26 14:55:00,374 [ERROR] LogOutputStream:75 - [STDERR_REDIRECT] [Fatal Error] :1:1: Premature end of file.
2026-05-26 14:55:00,374 [ERROR] LogOutputStream:75 - [STDERR_REDIRECT] 
2026-05-26 14:55:01,372 [ERROR] LogOutputStream:75 - [STDERR_REDIRECT] [Fatal Error] :1:1: Premature end of file.
2026-05-26 14:55:01,372 [ERROR] LogOutputStream:75 - [STDERR_REDIRECT] 
2026-05-26 14:55:02,374 [ERROR] LogOutputStream:75 - [STDERR_REDIRECT] [Fatal Error] :1:1: Premature end of file.
2026-05-26 14:55:02,375 [ERROR] LogOutputStream:75 - [STDERR_REDIRECT] 
2026-05-26 14:55:03,372 [ERROR] LogOutputStream:75 - [STDERR_REDIRECT] [Fatal Error] :1:1: Premature end of file.
2026-05-26 14:55:03,372 [ERROR] LogOutputStream:75 - [STDERR_REDIRECT] 
2026-05-26 14:55:04,380 [ERROR] LogOutputStream:75 - [STDERR_REDIRECT] [Fatal Error] :1:1: Premature end of file.
2026-05-26 14:55:04,380 [ERROR] LogOutputStream:75 - [STDERR_REDIRECT] 
2026-05-26 14:55:05,370 [ERROR] LogOutputStream:75 - [STDERR_REDIRECT] [Fatal Error] :1:1: Premature end of file.
2026-05-26 14:55:05,370 [ERROR] LogOutputStream:75 - [STDERR_REDIRECT] 
2026-05-26 14:55:06,372 [ERROR] LogOutputStream:75 - [STDERR_REDIRECT] [Fatal Error] :1:1: Premature end of file.
2026-05-26 14:55:06,372 [ERROR] LogOutputStream:75 - [STDERR_REDIRECT] 
2026-05-26 14:55:07,361 [ERROR] LogOutputStream:75 - [STDERR_REDIRECT] [Fatal Error] :1:1: Premature end of file.
2026-05-26 14:55:07,361 [ERROR] LogOutputStream:75 - [STDERR_REDIRECT] 
2026-05-26 14:55:08,367 [ERROR] LogOutputStream:75 - [STDERR_REDIRECT] [Fatal Error] :1:1: Premature end of file.
2026-05-26 14:55:08,367 [ERROR] LogOutputStream:75 - [STDERR_REDIRECT] 
2026-05-26 14:55:09,371 [ERROR] LogOutputStream:75 - [STDERR_REDIRECT] [Fatal Error] :1:1: Premature end of file.
2026-05-26 14:55:09,372 [ERROR] LogOutputStream:75 - [STDERR_REDIRECT] 
2026-05-26 14:55:10,371 [ERROR] LogOutputStream:75 - [STDERR_REDIRECT] [Fatal Error] :1:1: Premature end of file.
2026-05-26 14:55:10,371 [ERROR] LogOutputStream:75 - [STDERR_REDIRECT] 
2026-05-26 14:55:11,368 [ERROR] LogOutputStream:75 - [STDERR_REDIRECT] [Fatal Error] :1:1: Premature end of file.
2026-05-26 14:55:11,369 [ERROR] LogOutputStream:75 - [STDERR_REDIRECT] 
2026-05-26 14:55:12,370 [ERROR] LogOutputStream:75 - [STDERR_REDIRECT] [Fatal Error] :1:1: Premature end of file.
2026-05-26 14:55:12,371 [ERROR] LogOutputStream:75 - [STDERR_REDIRECT] 
2026-05-26 14:55:13,371 [ERROR] LogOutputStream:75 - [STDERR_REDIRECT] [Fatal Error] :1:1: Premature end of file.
2026-05-26 14:55:13,371 [ERROR] LogOutputStream:75 - [STDERR_REDIRECT] 
2026-05-26 14:55:14,368 [ERROR] LogOutputStream:75 - [STDERR_REDIRECT] [Fatal Error] :1:1: Premature end of file.
2026-05-26 14:55:14,369 [ERROR] LogOutputStream:75 - [STDERR_REDIRECT] 
2026-05-26 14:55:15,372 [ERROR] LogOutputStream:75 - [STDERR_REDIRECT] [Fatal Error] :1:1: Premature end of file.
2026-05-26 14:55:15,372 [ERROR] LogOutputStream:75 - [STDERR_REDIRECT] 
2026-05-26 14:55:16,369 [ERROR] LogOutputStream:75 - [STDERR_REDIRECT] [Fatal Error] :1:1: Premature end of file.
2026-05-26 14:55:16,369 [ERROR] LogOutputStream:75 - [STDERR_REDIRECT] 
2026-05-26 14:55:17,367 [ERROR] LogOutputStream:75 - [STDERR_REDIRECT] [Fatal Error] :1:1: Premature end of file.
2026-05-26 14:55:17,367 [ERROR] LogOutputStream:75 - [STDERR_REDIRECT] 
2026-05-26 14:55:18,371 [ERROR] LogOutputStream:75 - [STDERR_REDIRECT] [Fatal Error] :1:1: Premature end of file.
2026-05-26 14:55:18,372 [ERROR] LogOutputStream:75 - [STDERR_REDIRECT] 
2026-05-26 14:55:19,368 [ERROR] LogOutputStream:75 - [STDERR_REDIRECT] [Fatal Error] :1:1: Premature end of file.
2026-05-26 14:55:19,368 [ERROR] LogOutputStream:75 - [STDERR_REDIRECT] 
2026-05-26 14:55:20,367 [ERROR] LogOutputStream:75 - [STDERR_REDIRECT] [Fatal Error] :1:1: Premature end of file.
2026-05-26 14:55:20,368 [ERROR] LogOutputStream:75 - [STDERR_REDIRECT] 
2026-05-26 14:55:21,370 [ERROR] LogOutputStream:75 - [STDERR_REDIRECT] [Fatal Error] :1:1: Premature end of file.
2026-05-26 14:55:21,370 [ERROR] LogOutputStream:75 - [STDERR_REDIRECT] 
2026-05-26 14:55:22,376 [ERROR] LogOutputStream:75 - [STDERR_REDIRECT] [Fatal Error] :1:1: Premature end of file.
2026-05-26 14:55:22,377 [ERROR] LogOutputStream:75 - [STDERR_REDIRECT] 
2026-05-26 14:55:23,369 [ERROR] LogOutputStream:75 - [STDERR_REDIRECT] [Fatal Error] :1:1: Premature end of file.
2026-05-26 14:55:23,369 [ERROR] LogOutputStream:75 - [STDERR_REDIRECT] 
2026-05-26 14:55:24,370 [ERROR] LogOutputStream:75 - [STDERR_REDIRECT] [Fatal Error] :1:1: Premature end of file.
2026-05-26 14:55:24,370 [ERROR] LogOutputStream:75 - [STDERR_REDIRECT] 
2026-05-26 14:55:25,370 [ERROR] LogOutputStream:75 - [STDERR_REDIRECT] [Fatal Error] :1:1: Premature end of file.
2026-05-26 14:55:25,370 [ERROR] LogOutputStream:75 - [STDERR_REDIRECT] 
2026-05-26 14:55:26,371 [ERROR] LogOutputStream:75 - [STDERR_REDIRECT] [Fatal Error] :1:1: Premature end of file.
2026-05-26 14:55:26,371 [ERROR] LogOutputStream:75 - [STDERR_REDIRECT] 
2026-05-26 14:55:27,378 [ERROR] LogOutputStream:75 - [STDERR_REDIRECT] [Fatal Error] :1:1: Premature end of file.
2026-05-26 14:55:27,378 [ERROR] LogOutputStream:75 - [STDERR_REDIRECT] 
2026-05-26 14:55:28,371 [ERROR] LogOutputStream:75 - [STDERR_REDIRECT] [Fatal Error] :1:1: Premature end of file.
2026-05-26 14:55:28,372 [ERROR] LogOutputStream:75 - [STDERR_REDIRECT] 
2026-05-26 14:55:29,416 [ERROR] LogOutputStream:75 - [STDERR_REDIRECT] [Fatal Error] :1:1: Premature end of file.
2026-05-26 14:55:29,416 [ERROR] LogOutputStream:75 - [STDERR_REDIRECT] 
2026-05-26 14:55:30,385 [ERROR] LogOutputStream:75 - [STDERR_REDIRECT] [Fatal Error] :1:1: Premature end of file.
2026-05-26 14:55:30,385 [ERROR] LogOutputStream:75 - [STDERR_REDIRECT] 
2026-05-26 14:55:31,367 [ERROR] LogOutputStream:75 - [STDERR_REDIRECT] [Fatal Error] :1:1: Premature end of file.
2026-05-26 14:55:31,368 [ERROR] LogOutputStream:75 - [STDERR_REDIRECT] 
2026-05-26 14:55:32,376 [ERROR] LogOutputStream:75 - [STDERR_REDIRECT] [Fatal Error] :1:1: Premature end of file.
2026-05-26 14:55:32,376 [ERROR] LogOutputStream:75 - [STDERR_REDIRECT] 
2026-05-26 14:55:33,369 [ERROR] LogOutputStream:75 - [STDERR_REDIRECT] [Fatal Error] :1:1: Premature end of file.
2026-05-26 14:55:33,369 [ERROR] LogOutputStream:75 - [STDERR_REDIRECT] 
2026-05-26 14:55:34,371 [ERROR] LogOutputStream:75 - [STDERR_REDIRECT] [Fatal Error] :1:1: Premature end of file.
2026-05-26 14:55:34,371 [ERROR] LogOutputStream:75 - [STDERR_REDIRECT] 
2026-05-26 14:55:35,375 [ERROR] LogOutputStream:75 - [STDERR_REDIRECT] [Fatal Error] :1:1: Premature end of file.
2026-05-26 14:55:35,375 [ERROR] LogOutputStream:75 - [STDERR_REDIRECT] 
2026-05-26 14:55:36,369 [ERROR] LogOutputStream:75 - [STDERR_REDIRECT] [Fatal Error] :1:1: Premature end of file.
2026-05-26 14:55:36,369 [ERROR] LogOutputStream:75 - [STDERR_REDIRECT] 
2026-05-26 14:55:37,376 [ERROR] LogOutputStream:75 - [STDERR_REDIRECT] [Fatal Error] :1:1: Premature end of file.
2026-05-26 14:55:37,376 [ERROR] LogOutputStream:75 - [STDERR_REDIRECT] 
2026-05-26 14:55:38,398 [ERROR] LogOutputStream:75 - [STDERR_REDIRECT] [Fatal Error] :1:1: Premature end of file.
2026-05-26 14:55:38,399 [ERROR] LogOutputStream:75 - [STDERR_REDIRECT] 
2026-05-26 14:55:38,806 [ERROR] LogOutputStream:75 - [STDERR_REDIRECT] 
2026-05-26 14:59:20,277 [INFO] Activator:176 - 


2026-05-26 14:59:20,280 [INFO] Activator:177 - !SESSION log4j initialized
2026-05-26 14:59:23,775 [INFO] LogOutputStream:77 - [STDOUT_REDIRECT] 
2026-05-26 14:59:25,222 [INFO] McuFinderGlobals:63 - Set McuFinder mode to 2 (CubeIDE integrated)
2026-05-26 14:59:25,861 [INFO] ApplicationProperties:184 - Using Application install path: C:\ST\STM32CubeIDE_1.18.1\STM32CubeIDE\plugins\com.st.stm32cube.common.mx_6.14.1.202504091515
2026-05-26 14:59:25,875 [INFO] DbMcusXml:78 - Set database path to: C:\ST\STM32CubeIDE_1.18.1\STM32CubeIDE\plugins\com.st.stm32cube.common.mx_6.14.1.202504091515\\db\/mcu/
2026-05-26 14:59:25,875 [INFO] ApiDb:274 - Set plugin database path to: C:\ST\STM32CubeIDE_1.18.1\STM32CubeIDE\plugins\com.st.stm32cube.common.mx_6.14.1.202504091515\\db\/plugins/boardmanager/
2026-05-26 14:59:25,876 [WARN] ApiDb:259 - Overriding images path with different value:  => C:\ST\STM32CubeIDE_1.18.1\STM32CubeIDE\plugins\com.st.stm32cube.common.mx_6.14.1.202504091515\\db\/plugins/mcufinder/images/
2026-05-26 14:59:25,880 [INFO] ApiDb:250 - Set database path to: C:\Users\NIVYA\.stmcufinder\plugins\mcufinder//mcu/
2026-05-26 14:59:25,881 [INFO] DbMcusAds:125 - Set database path to: C:\Users\NIVYA\.stmcufinder\plugins\mcufinder//mcu/
2026-05-26 14:59:25,882 [INFO] CrossReferenceDbSqlite:203 - Set database path to: C:\Users\NIVYA\.stmcufinder\plugins\mcufinder//mcu/cs/
2026-05-26 14:59:25,978 [INFO] RulesReader:64 - Compatibility file has been processed (302 Rules)
2026-05-26 14:59:26,092 [INFO] DbMcusXml:78 - Set database path to: C:\ST\STM32CubeIDE_1.18.1\STM32CubeIDE\plugins\com.st.stm32cube.common.mx_6.14.1.202504091515\\db\/mcu/
2026-05-26 14:59:26,093 [INFO] ApiDb:274 - Set plugin database path to: C:\ST\STM32CubeIDE_1.18.1\STM32CubeIDE\plugins\com.st.stm32cube.common.mx_6.14.1.202504091515\\db\/plugins/boardmanager/
2026-05-26 14:59:26,093 [INFO] ApiDb:261 - Set plugin images path to: C:\ST\STM32CubeIDE_1.18.1\STM32CubeIDE\plugins\com.st.stm32cube.common.mx_6.14.1.202504091515\\db\/plugins/mcufinder/images/
2026-05-26 14:59:26,093 [WARN] DbFile:41 - Overriding database path with different value: C:\Users\NIVYA\.stmcufinder\plugins\mcufinder/ => C:\Users\NIVYA\.stmcufinder\plugins\mcufinder
2026-05-26 14:59:26,093 [INFO] ApiDb:250 - Set database path to: C:\Users\NIVYA\.stmcufinder\plugins\mcufinder//mcu/
2026-05-26 14:59:26,093 [WARN] DbFile:41 - Overriding database path with different value: C:\Users\NIVYA\.stmcufinder\plugins\mcufinder/ => C:\Users\NIVYA\.stmcufinder\plugins\mcufinder
2026-05-26 14:59:26,093 [INFO] DbMcusAds:125 - Set database path to: C:\Users\NIVYA\.stmcufinder\plugins\mcufinder//mcu/
2026-05-26 14:59:26,093 [WARN] DbFile:41 - Overriding database path with different value: C:\Users\NIVYA\.stmcufinder\plugins\mcufinder/ => C:\Users\NIVYA\.stmcufinder\plugins\mcufinder
2026-05-26 14:59:26,093 [WARN] DbFile:41 - Overriding database path with different value: C:\Users\NIVYA\.stmcufinder\plugins\mcufinder/ => C:\Users\NIVYA\.stmcufinder\plugins\mcufinder
2026-05-26 14:59:26,094 [INFO] CrossReferenceDbSqlite:203 - Set database path to: C:\Users\NIVYA\.stmcufinder\plugins\mcufinder//mcu/cs/
2026-05-26 14:59:26,164 [INFO] MainPanel:272 - HeapMemory: 268435456
2026-05-26 14:59:26,243 [INFO] DbMcusXml:78 - Set database path to: C:\ST\STM32CubeIDE_1.18.1\STM32CubeIDE\plugins\com.st.stm32cube.common.mx_6.14.1.202504091515\\db\/mcu/
2026-05-26 14:59:26,243 [INFO] ApiDb:274 - Set plugin database path to: C:\ST\STM32CubeIDE_1.18.1\STM32CubeIDE\plugins\com.st.stm32cube.common.mx_6.14.1.202504091515\\db\/plugins/boardmanager/
2026-05-26 14:59:26,243 [INFO] ApiDb:261 - Set plugin images path to: C:\ST\STM32CubeIDE_1.18.1\STM32CubeIDE\plugins\com.st.stm32cube.common.mx_6.14.1.202504091515\\db\/plugins/mcufinder/images/
2026-05-26 14:59:26,243 [WARN] DbFile:41 - Overriding database path with different value: C:\Users\NIVYA\.stmcufinder\plugins\mcufinder/ => C:\Users\NIVYA\.stmcufinder\plugins\mcufinder
2026-05-26 14:59:26,244 [INFO] ApiDb:250 - Set database path to: C:\Users\NIVYA\.stmcufinder\plugins\mcufinder//mcu/
2026-05-26 14:59:26,244 [WARN] DbFile:41 - Overriding database path with different value: C:\Users\NIVYA\.stmcufinder\plugins\mcufinder/ => C:\Users\NIVYA\.stmcufinder\plugins\mcufinder
2026-05-26 14:59:26,244 [INFO] DbMcusAds:125 - Set database path to: C:\Users\NIVYA\.stmcufinder\plugins\mcufinder//mcu/
2026-05-26 14:59:26,244 [WARN] DbFile:41 - Overriding database path with different value: C:\Users\NIVYA\.stmcufinder\plugins\mcufinder/ => C:\Users\NIVYA\.stmcufinder\plugins\mcufinder
2026-05-26 14:59:26,244 [WARN] DbFile:41 - Overriding database path with different value: C:\Users\NIVYA\.stmcufinder\plugins\mcufinder/ => C:\Users\NIVYA\.stmcufinder\plugins\mcufinder
2026-05-26 14:59:26,244 [INFO] CrossReferenceDbSqlite:203 - Set database path to: C:\Users\NIVYA\.stmcufinder\plugins\mcufinder//mcu/cs/
2026-05-26 14:59:26,270 [INFO] ApplicationProperties:184 - Using Application install path: C:\ST\STM32CubeIDE_1.18.1\STM32CubeIDE\plugins\com.st.stm32cube.common.mx_6.14.1.202504091515
2026-05-26 14:59:26,271 [INFO] PluginManage:196 - Search for loadable plugins [exclusion list=, ]
2026-05-26 14:59:26,273 [INFO] PluginManage:310 - Check plugin analytics
2026-05-26 14:59:26,524 [INFO] AnalyticsPlugin:253 - Accepted Software Licenses: STM32CubeMX.6.16.0,STM32CubeMX.6.14.1
2026-05-26 14:59:26,524 [INFO] AnalyticsPlugin:255 - Accepted CMSIS Pack Licenses: 
2026-05-26 14:59:26,524 [INFO] AnalyticsPlugin:257 - Accepted Firmware Licenses: FW.F4.1.28.0
2026-05-26 14:59:26,529 [INFO] PluginManage:359 - Loaded plugin analytics (category:tool,tabindex:-1)
2026-05-26 14:59:26,530 [INFO] PluginManage:310 - Check plugin cadmodel
2026-05-26 14:59:26,536 [INFO] CADModel:105 - Init CAD model plugin
2026-05-26 14:59:26,536 [INFO] PluginManage:359 - Loaded plugin cadmodel (category:power,tabindex:5)
2026-05-26 14:59:26,536 [INFO] PluginManage:310 - Check plugin clock
2026-05-26 14:59:26,562 [INFO] PluginManage:359 - Loaded plugin clock (category:base,tabindex:2)
2026-05-26 14:59:26,562 [INFO] PluginManage:310 - Check plugin ddr
2026-05-26 14:59:26,568 [INFO] PluginManage:359 - Loaded plugin ddr (category:tool,tabindex:6)
2026-05-26 14:59:26,568 [INFO] PluginManage:310 - Check plugin filemanager
2026-05-26 14:59:26,760 [INFO] PluginManage:359 - Loaded plugin filemanager (category:base,tabindex:10)
2026-05-26 14:59:26,760 [INFO] PluginManage:310 - Check plugin ipmanager
2026-05-26 14:59:26,767 [INFO] PluginManage:359 - Loaded plugin ipmanager (category:base,tabindex:5)
2026-05-26 14:59:26,767 [INFO] PluginManage:310 - Check plugin lpbam
2026-05-26 14:59:26,775 [INFO] PluginManage:359 - Loaded plugin lpbam (category:base,tabindex:0)
2026-05-26 14:59:26,775 [INFO] PluginManage:310 - Check plugin memorymap
2026-05-26 14:59:26,786 [INFO] PluginManage:359 - Loaded plugin memorymap (category:base,tabindex:4)
2026-05-26 14:59:26,787 [INFO] PluginManage:310 - Check plugin pinoutandconfiguration
2026-05-26 14:59:26,794 [INFO] PluginManage:359 - Loaded plugin pinoutandconfiguration (category:base,tabindex:1)
2026-05-26 14:59:26,795 [INFO] PluginManage:310 - Check plugin pinoutconfig
2026-05-26 14:59:26,891 [WARN] SupportedApi:132 - Cannot load RTOS API schema: s4s-elt-must-match.1: The content of 'definitions' must match (annotation?, (simpleType | complexType)?, (unique | key | keyref)*)). A problem was found starting at: attribute.
2026-05-26 14:59:27,018 [INFO] PluginManage:359 - Loaded plugin pinoutconfig (category:base,tabindex:0)
2026-05-26 14:59:27,018 [INFO] PluginManage:310 - Check plugin power
2026-05-26 14:59:27,028 [INFO] PluginManage:359 - Loaded plugin power (category:power,tabindex:4)
2026-05-26 14:59:27,028 [INFO] PluginManage:310 - Check plugin projectmanager
2026-05-26 14:59:27,047 [INFO] PluginManage:359 - Loaded plugin projectmanager (category:projectmanager,tabindex:4)
2026-05-26 14:59:27,047 [INFO] PluginManage:310 - Check plugin rif
2026-05-26 14:59:27,054 [INFO] PluginManage:359 - Loaded plugin rif (category:base,tabindex:3)
2026-05-26 14:59:27,054 [INFO] PluginManage:310 - Check plugin thirdparty
2026-05-26 14:59:27,209 [INFO] PluginManage:359 - Loaded plugin thirdparty (category:base,tabindex:-1)
2026-05-26 14:59:27,209 [WARN] IntegrityCheckThread:84 - waiting for thirdparty lock release [integrity check]
2026-05-26 14:59:27,210 [INFO] PluginManage:310 - Check plugin tools
2026-05-26 14:59:27,211 [INFO] IntegrityCheckThread:86 - entering critical section [integrity check]
2026-05-26 14:59:27,212 [INFO] ThirdPartyUpdaterWithRetryManager:70 - Updater plugin not ready yet. [1/15]
2026-05-26 14:59:27,220 [INFO] PluginManage:359 - Loaded plugin tools (category:base,tabindex:7)
2026-05-26 14:59:27,221 [INFO] PluginManage:310 - Check plugin tutovideos
2026-05-26 14:59:27,412 [INFO] PluginManage:359 - Loaded plugin tutovideos (category:base,tabindex:-1)
2026-05-26 14:59:27,413 [INFO] PluginManage:310 - Check plugin updater
2026-05-26 14:59:27,436 [INFO] PluginManage:359 - Loaded plugin updater (category:base,tabindex:12)
2026-05-26 14:59:27,436 [INFO] PluginManage:310 - Check plugin userauth
2026-05-26 14:59:27,439 [INFO] UserAuth:118 - Init User Auth plugin
2026-05-26 14:59:27,441 [INFO] PluginManage:359 - Loaded plugin userauth (category:base,tabindex:14)
2026-05-26 14:59:27,442 [INFO] PluginManage:283 - PluginManage : Loaded plugins [18]
2026-05-26 14:59:27,698 [INFO] PinOutPanel:1589 - setPackage(No Configuration,No Configuration)
2026-05-26 14:59:27,782 [INFO] CADModel:165 - CPN selected for project level
2026-05-26 14:59:27,783 [INFO] CADModel:114 - Register for checkConnection events
2026-05-26 14:59:27,799 [INFO] IPUIPlugin:80 - create IPUIPlugin
2026-05-26 14:59:27,800 [INFO] PluginManager:220 - loadIPPluginJar : add adc
2026-05-26 14:59:27,801 [INFO] IPUIPlugin:80 - create IPUIPlugin
2026-05-26 14:59:27,802 [INFO] PluginManager:220 - loadIPPluginJar : add aes
2026-05-26 14:59:27,804 [INFO] IPUIPlugin:80 - create IPUIPlugin
2026-05-26 14:59:27,804 [INFO] PluginManager:220 - loadIPPluginJar : add can
2026-05-26 14:59:27,805 [INFO] IPUIPlugin:80 - create IPUIPlugin
2026-05-26 14:59:27,805 [INFO] PluginManager:220 - loadIPPluginJar : add comp
2026-05-26 14:59:27,807 [INFO] IPUIPlugin:80 - create IPUIPlugin
2026-05-26 14:59:27,807 [INFO] PluginManager:220 - loadIPPluginJar : add cryp
2026-05-26 14:59:27,809 [INFO] IPUIPlugin:80 - create IPUIPlugin
2026-05-26 14:59:27,809 [INFO] PluginManager:220 - loadIPPluginJar : add ddr_ctrl_phy
2026-05-26 14:59:27,812 [INFO] IPUIPlugin:80 - create IPUIPlugin
2026-05-26 14:59:27,812 [INFO] PluginManager:220 - loadIPPluginJar : add dfsdm
2026-05-26 14:59:27,816 [INFO] IPUIPlugin:80 - create IPUIPlugin
2026-05-26 14:59:27,816 [INFO] PluginManager:220 - loadIPPluginJar : add dma
2026-05-26 14:59:27,818 [INFO] IPUIPlugin:80 - create IPUIPlugin
2026-05-26 14:59:27,818 [INFO] PluginManager:220 - loadIPPluginJar : add dma3
2026-05-26 14:59:27,821 [INFO] IPUIPlugin:80 - create IPUIPlugin
2026-05-26 14:59:27,822 [INFO] PluginManager:220 - loadIPPluginJar : add extmemmanager
2026-05-26 14:59:27,823 [INFO] IPUIPlugin:80 - create IPUIPlugin
2026-05-26 14:59:27,823 [INFO] PluginManager:220 - loadIPPluginJar : add fatfs
2026-05-26 14:59:27,826 [INFO] IPUIPlugin:80 - create IPUIPlugin
2026-05-26 14:59:27,827 [INFO] PluginManager:220 - loadIPPluginJar : add fmc
2026-05-26 14:59:27,831 [INFO] IPUIPlugin:80 - create IPUIPlugin
2026-05-26 14:59:27,831 [INFO] PluginManager:220 - loadIPPluginJar : add freertos
2026-05-26 14:59:27,832 [INFO] IPUIPlugin:80 - create IPUIPlugin
2026-05-26 14:59:27,832 [INFO] PluginManager:220 - loadIPPluginJar : add genericplugin
2026-05-26 14:59:27,833 [INFO] IPUIPlugin:80 - create IPUIPlugin
2026-05-26 14:59:27,835 [INFO] PluginManager:220 - loadIPPluginJar : add gfxmmu
2026-05-26 14:59:27,838 [INFO] IPUIPlugin:80 - create IPUIPlugin
2026-05-26 14:59:27,838 [INFO] PluginManager:220 - loadIPPluginJar : add gic
2026-05-26 14:59:27,842 [INFO] IPUIPlugin:80 - create IPUIPlugin
2026-05-26 14:59:27,842 [INFO] PluginManager:220 - loadIPPluginJar : add gpio
2026-05-26 14:59:27,844 [INFO] IPUIPlugin:80 - create IPUIPlugin
2026-05-26 14:59:27,845 [INFO] PluginManager:220 - loadIPPluginJar : add gtzc
2026-05-26 14:59:27,846 [INFO] IPUIPlugin:80 - create IPUIPlugin
2026-05-26 14:59:27,846 [INFO] PluginManager:220 - loadIPPluginJar : add hash
2026-05-26 14:59:27,847 [INFO] IPUIPlugin:80 - create IPUIPlugin
2026-05-26 14:59:27,847 [INFO] PluginManager:220 - loadIPPluginJar : add i2c
2026-05-26 14:59:27,850 [INFO] IPUIPlugin:80 - create IPUIPlugin
2026-05-26 14:59:27,850 [INFO] PluginManager:220 - loadIPPluginJar : add i2s
2026-05-26 14:59:27,853 [INFO] IPUIPlugin:80 - create IPUIPlugin
2026-05-26 14:59:27,853 [INFO] PluginManager:220 - loadIPPluginJar : add i3c
2026-05-26 14:59:27,855 [INFO] IPUIPlugin:80 - create IPUIPlugin
2026-05-26 14:59:27,856 [INFO] PluginManager:220 - loadIPPluginJar : add ipddr
2026-05-26 14:59:27,862 [INFO] IPUIPlugin:80 - create IPUIPlugin
2026-05-26 14:59:27,862 [INFO] PluginManager:220 - loadIPPluginJar : add linkedlist
2026-05-26 14:59:27,865 [INFO] IPUIPlugin:80 - create IPUIPlugin
2026-05-26 14:59:27,866 [INFO] PluginManager:220 - loadIPPluginJar : add lorawan
2026-05-26 14:59:27,867 [INFO] IPUIPlugin:80 - create IPUIPlugin
2026-05-26 14:59:27,867 [INFO] PluginManager:220 - loadIPPluginJar : add ltdc
2026-05-26 14:59:27,872 [INFO] IPUIPlugin:80 - create IPUIPlugin
2026-05-26 14:59:27,872 [INFO] PluginManager:220 - loadIPPluginJar : add mdma
2026-05-26 14:59:27,876 [INFO] IPUIPlugin:80 - create IPUIPlugin
2026-05-26 14:59:27,876 [INFO] PluginManager:220 - loadIPPluginJar : add nvic
2026-05-26 14:59:27,878 [INFO] IPUIPlugin:80 - create IPUIPlugin
2026-05-26 14:59:27,878 [INFO] PluginManager:220 - loadIPPluginJar : add opamp
2026-05-26 14:59:27,880 [INFO] IPUIPlugin:80 - create IPUIPlugin
2026-05-26 14:59:27,880 [INFO] PluginManager:220 - loadIPPluginJar : add openamp
2026-05-26 14:59:27,882 [INFO] IPUIPlugin:80 - create IPUIPlugin
2026-05-26 14:59:27,882 [INFO] PluginManager:220 - loadIPPluginJar : add pdm2pcm
2026-05-26 14:59:27,888 [INFO] IPUIPlugin:80 - create IPUIPlugin
2026-05-26 14:59:27,891 [INFO] PluginManager:220 - loadIPPluginJar : add plateformsettings
2026-05-26 14:59:27,893 [INFO] IPUIPlugin:80 - create IPUIPlugin
2026-05-26 14:59:27,894 [INFO] PluginManager:220 - loadIPPluginJar : add quadspi
2026-05-26 14:59:27,895 [INFO] IPUIPlugin:80 - create IPUIPlugin
2026-05-26 14:59:27,895 [INFO] PluginManager:220 - loadIPPluginJar : add radio
2026-05-26 14:59:27,899 [INFO] IPUIPlugin:80 - create IPUIPlugin
2026-05-26 14:59:27,899 [INFO] PluginManager:220 - loadIPPluginJar : add resmgrutility
2026-05-26 14:59:27,903 [INFO] IPUIPlugin:80 - create IPUIPlugin
2026-05-26 14:59:27,904 [INFO] PluginManager:220 - loadIPPluginJar : add sai
2026-05-26 14:59:27,905 [INFO] IPUIPlugin:80 - create IPUIPlugin
2026-05-26 14:59:27,906 [INFO] PluginManager:220 - loadIPPluginJar : add spi
2026-05-26 14:59:27,911 [INFO] IPUIPlugin:80 - create IPUIPlugin
2026-05-26 14:59:27,911 [INFO] PluginManager:220 - loadIPPluginJar : add stm32_wpan
2026-05-26 14:59:27,912 [INFO] IPUIPlugin:80 - create IPUIPlugin
2026-05-26 14:59:27,912 [INFO] PluginManager:220 - loadIPPluginJar : add tim
2026-05-26 14:59:27,916 [INFO] IPUIPlugin:80 - create IPUIPlugin
2026-05-26 14:59:27,916 [INFO] PluginManager:220 - loadIPPluginJar : add touchsensing
2026-05-26 14:59:27,917 [INFO] IPUIPlugin:80 - create IPUIPlugin
2026-05-26 14:59:27,917 [INFO] PluginManager:220 - loadIPPluginJar : add tracer_emb
2026-05-26 14:59:27,919 [INFO] IPUIPlugin:80 - create IPUIPlugin
2026-05-26 14:59:27,919 [INFO] PluginManager:220 - loadIPPluginJar : add ts
2026-05-26 14:59:27,921 [INFO] IPUIPlugin:80 - create IPUIPlugin
2026-05-26 14:59:27,921 [INFO] PluginManager:220 - loadIPPluginJar : add tsc
2026-05-26 14:59:27,923 [INFO] IPUIPlugin:80 - create IPUIPlugin
2026-05-26 14:59:27,923 [INFO] PluginManager:220 - loadIPPluginJar : add ucpd
2026-05-26 14:59:27,925 [INFO] IPUIPlugin:80 - create IPUIPlugin
2026-05-26 14:59:27,925 [INFO] PluginManager:220 - loadIPPluginJar : add usart
2026-05-26 14:59:27,929 [INFO] IPUIPlugin:80 - create IPUIPlugin
2026-05-26 14:59:27,929 [INFO] PluginManager:220 - loadIPPluginJar : add usbx
2026-05-26 14:59:28,097 [FATAL] Updater:351 - Updater called before beeing initialized
2026-05-26 14:59:28,145 [INFO] RulesReader:64 - Compatibility file has been processed (302 Rules)
2026-05-26 14:59:28,172 [INFO] RulesReader:64 - Compatibility file has been processed (302 Rules)
2026-05-26 14:59:28,185 [INFO] CADModel:165 - CPN selected for project level
2026-05-26 14:59:28,185 [INFO] CADModel:114 - Register for checkConnection events
2026-05-26 14:59:28,185 [FATAL] Updater:351 - Updater called before beeing initialized
2026-05-26 14:59:28,185 [ERROR] CADModel:125 - Updater not yet initialized, retry later 
2026-05-26 14:59:28,410 [FATAL] Updater:351 - Updater called before beeing initialized
2026-05-26 14:59:28,412 [INFO] CADModel:165 - CPN selected for project level
2026-05-26 14:59:28,412 [INFO] CADModel:114 - Register for checkConnection events
2026-05-26 14:59:28,412 [FATAL] Updater:351 - Updater called before beeing initialized
2026-05-26 14:59:28,412 [ERROR] CADModel:125 - Updater not yet initialized, retry later 
2026-05-26 14:59:28,416 [FATAL] Updater:351 - Updater called before beeing initialized
2026-05-26 14:59:28,624 [FATAL] Updater:351 - Updater called before beeing initialized
2026-05-26 14:59:28,629 [INFO] DbMcusAds:53 - JSON generation date=Mon Apr 27 13:44:29 IST 2026 (1777277669924)
2026-05-26 14:59:28,631 [FATAL] Updater:351 - Updater called before beeing initialized
2026-05-26 14:59:28,676 [WARN] DetailPanel:346 - Failed to get advertising image, set to default
2026-05-26 14:59:29,093 [FATAL] Updater:351 - Updater called before beeing initialized
2026-05-26 14:59:29,096 [FATAL] Updater:351 - Updater called before beeing initialized
2026-05-26 14:59:29,097 [FATAL] Updater:351 - Updater called before beeing initialized
2026-05-26 14:59:29,097 [WARN] DetailPanel:346 - Failed to get advertising image, set to default
2026-05-26 14:59:29,098 [FATAL] Updater:351 - Updater called before beeing initialized
2026-05-26 14:59:29,184 [ERROR] Updater:1198 - MainUpdater not yet initialized. External WinMGr cannot be set.
2026-05-26 14:59:29,187 [INFO] Updater:1134 - Updater Version found : 6.14.1
2026-05-26 14:59:29,206 [INFO] ApplicationProperties:184 - Using Application install path: C:\ST\STM32CubeIDE_1.18.1\STM32CubeIDE\plugins\com.st.stm32cube.common.mx_6.14.1.202504091515
2026-05-26 14:59:30,215 [INFO] ThirdPartyUpdaterWithRetryManager:70 - Updater plugin not ready yet. [2/15]
2026-05-26 14:59:30,782 [ERROR] LogOutputStream:75 - [STDERR_REDIRECT] May 26, 2026 2:59:30 PM java.util.prefs.WindowsPreferences <init>
2026-05-26 14:59:30,784 [ERROR] LogOutputStream:75 - [STDERR_REDIRECT] WARNING: Could not open/create prefs root node Software\JavaSoft\Prefs at root 0xffffffff80000002. Windows RegCreateKeyEx(...) returned error code 5.
2026-05-26 14:59:30,785 [ERROR] LogOutputStream:75 - [STDERR_REDIRECT] 
2026-05-26 14:59:31,274 [INFO] MainUpdater:2872 - connection check result : 10
2026-05-26 14:59:31,275 [INFO] MainUpdater:289 - Updater Check For Update Now.
2026-05-26 14:59:31,276 [INFO] MicroXplorer:498 - Change Database Version : DB.6.0.141
2026-05-26 14:59:31,285 [INFO] McuFinderGlobals:63 - Set McuFinder mode to 2 (CubeIDE integrated)
2026-05-26 14:59:31,286 [INFO] UserAuth:171 - activating auth plugin
2026-05-26 14:59:31,291 [INFO] UserAuth:484 - Internet connection configuration mode: 1
2026-05-26 14:59:31,328 [INFO] JxBrowserEngine:152 - Initiate JxBrowser Engine with user profile folder
2026-05-26 14:59:31,529 [INFO] CheckServerUpdateThread:120 - End of CheckServer Thread
2026-05-26 14:59:31,690 [INFO] MainUpdater:2872 - connection check result : 10
2026-05-26 14:59:31,693 [INFO] McuFinderGlobals:76 - Set McuFinderConnectedMode to true
2026-05-26 14:59:32,175 [INFO] ServerAccessManage:473 - Download File mcusAds.json._tmp_
2026-05-26 14:59:32,293 [INFO] LoadUrlFilesThread:156 - End of LoadUrlFiles Thread
2026-05-26 14:59:32,444 [INFO] WebApp:169 - Instantiating new browser for Auth
2026-05-26 14:59:32,452 [INFO] ServerAccessManage:473 - Download File cube-finder-db.zip
2026-05-26 14:59:33,217 [WARN] MainUpdater:1193 - Updater busy. Cannot search thirdparties
2026-05-26 14:59:33,217 [INFO] ThirdPartyUpdaterWithRetryManager:96 - Updater plugin is busy. [1/15]
2026-05-26 14:59:33,486 [INFO] WebApp:463 - Apply proxy settings
2026-05-26 14:59:33,487 [INFO] WebApp:548 - Chromium requires no authentication
2026-05-26 14:59:33,495 [INFO] WebApp:491 - Direct internet connection detected
2026-05-26 14:59:33,525 [INFO] WebApp:894 - Register for checkConnection events
2026-05-26 14:59:33,525 [INFO] WebApp:463 - Apply proxy settings
2026-05-26 14:59:33,526 [INFO] WebApp:548 - Chromium requires no authentication
2026-05-26 14:59:33,526 [INFO] WebApp:491 - Direct internet connection detected
2026-05-26 14:59:33,697 [INFO] WebApp:225 - Starting web application
2026-05-26 14:59:33,697 [INFO] WebApp:593 - Web application path used C:\ST\STM32CubeIDE_1.18.1\STM32CubeIDE\plugins\com.st.stm32cube.common.mx_6.14.1.202504091515\db\plugins\mcufinder\reactClient1\index.html
2026-05-26 14:59:33,981 [INFO] WebApp:191 - Connection restablished
2026-05-26 14:59:34,927 [ERROR] LogOutputStream:75 - [STDERR_REDIRECT] [Fatal Error] :1:1: Premature end of file.
2026-05-26 14:59:34,928 [ERROR] LogOutputStream:75 - [STDERR_REDIRECT] 
2026-05-26 14:59:35,906 [ERROR] LogOutputStream:75 - [STDERR_REDIRECT] [Fatal Error] :1:1: Premature end of file.
2026-05-26 14:59:35,906 [ERROR] LogOutputStream:75 - [STDERR_REDIRECT] 
2026-05-26 14:59:36,219 [WARN] MainUpdater:1193 - Updater busy. Cannot search thirdparties
2026-05-26 14:59:36,219 [INFO] ThirdPartyUpdaterWithRetryManager:96 - Updater plugin is busy. [2/15]
2026-05-26 14:59:36,906 [ERROR] LogOutputStream:75 - [STDERR_REDIRECT] [Fatal Error] :1:1: Premature end of file.
2026-05-26 14:59:36,906 [ERROR] LogOutputStream:75 - [STDERR_REDIRECT] 
2026-05-26 14:59:37,904 [ERROR] LogOutputStream:75 - [STDERR_REDIRECT] [Fatal Error] :1:1: Premature end of file.
2026-05-26 14:59:37,904 [ERROR] LogOutputStream:75 - [STDERR_REDIRECT] 
2026-05-26 14:59:38,906 [ERROR] LogOutputStream:75 - [STDERR_REDIRECT] [Fatal Error] :1:1: Premature end of file.
2026-05-26 14:59:38,907 [ERROR] LogOutputStream:75 - [STDERR_REDIRECT] 
2026-05-26 14:59:39,221 [WARN] MainUpdater:1193 - Updater busy. Cannot search thirdparties
2026-05-26 14:59:39,221 [INFO] ThirdPartyUpdaterWithRetryManager:96 - Updater plugin is busy. [3/15]
2026-05-26 14:59:39,903 [ERROR] LogOutputStream:75 - [STDERR_REDIRECT] [Fatal Error] :1:1: Premature end of file.
2026-05-26 14:59:39,903 [ERROR] LogOutputStream:75 - [STDERR_REDIRECT] 
2026-05-26 14:59:40,913 [ERROR] LogOutputStream:75 - [STDERR_REDIRECT] [Fatal Error] :1:1: Premature end of file.
2026-05-26 14:59:40,913 [ERROR] LogOutputStream:75 - [STDERR_REDIRECT] 
2026-05-26 14:59:41,911 [ERROR] LogOutputStream:75 - [STDERR_REDIRECT] [Fatal Error] :1:1: Premature end of file.
2026-05-26 14:59:41,912 [ERROR] LogOutputStream:75 - [STDERR_REDIRECT] 
2026-05-26 14:59:42,223 [WARN] MainUpdater:1193 - Updater busy. Cannot search thirdparties
2026-05-26 14:59:42,223 [INFO] ThirdPartyUpdaterWithRetryManager:96 - Updater plugin is busy. [4/15]
2026-05-26 14:59:42,905 [ERROR] LogOutputStream:75 - [STDERR_REDIRECT] [Fatal Error] :1:1: Premature end of file.
2026-05-26 14:59:42,906 [ERROR] LogOutputStream:75 - [STDERR_REDIRECT] 
2026-05-26 14:59:43,915 [ERROR] LogOutputStream:75 - [STDERR_REDIRECT] [Fatal Error] :1:1: Premature end of file.
2026-05-26 14:59:43,915 [ERROR] LogOutputStream:75 - [STDERR_REDIRECT] 
2026-05-26 14:59:44,903 [ERROR] LogOutputStream:75 - [STDERR_REDIRECT] [Fatal Error] :1:1: Premature end of file.
2026-05-26 14:59:44,905 [ERROR] LogOutputStream:75 - [STDERR_REDIRECT] 
2026-05-26 14:59:45,223 [WARN] MainUpdater:1193 - Updater busy. Cannot search thirdparties
2026-05-26 14:59:45,223 [INFO] ThirdPartyUpdaterWithRetryManager:96 - Updater plugin is busy. [5/15]
2026-05-26 14:59:45,913 [ERROR] LogOutputStream:75 - [STDERR_REDIRECT] [Fatal Error] :1:1: Premature end of file.
2026-05-26 14:59:45,913 [ERROR] LogOutputStream:75 - [STDERR_REDIRECT] 
2026-05-26 14:59:46,913 [ERROR] LogOutputStream:75 - [STDERR_REDIRECT] [Fatal Error] :1:1: Premature end of file.
2026-05-26 14:59:46,913 [ERROR] LogOutputStream:75 - [STDERR_REDIRECT] 
2026-05-26 14:59:47,914 [ERROR] LogOutputStream:75 - [STDERR_REDIRECT] [Fatal Error] :1:1: Premature end of file.
2026-05-26 14:59:47,914 [ERROR] LogOutputStream:75 - [STDERR_REDIRECT] 
2026-05-26 14:59:48,224 [WARN] MainUpdater:1193 - Updater busy. Cannot search thirdparties
2026-05-26 14:59:48,224 [INFO] ThirdPartyUpdaterWithRetryManager:96 - Updater plugin is busy. [6/15]
2026-05-26 14:59:48,911 [ERROR] LogOutputStream:75 - [STDERR_REDIRECT] [Fatal Error] :1:1: Premature end of file.
2026-05-26 14:59:48,911 [ERROR] LogOutputStream:75 - [STDERR_REDIRECT] 
2026-05-26 14:59:49,307 [INFO] FileExtend:242 - Unzip File : cube-finder-db.zip
2026-05-26 14:59:49,308 [INFO] FileExtend:257 - Standard Zip Deflate
2026-05-26 14:59:49,911 [ERROR] LogOutputStream:75 - [STDERR_REDIRECT] [Fatal Error] :1:1: Premature end of file.
2026-05-26 14:59:49,912 [ERROR] LogOutputStream:75 - [STDERR_REDIRECT] 
2026-05-26 14:59:50,426 [INFO] LoadUrlFilesThread:156 - End of LoadUrlFiles Thread
2026-05-26 14:59:50,912 [ERROR] LogOutputStream:75 - [STDERR_REDIRECT] [Fatal Error] :1:1: Premature end of file.
2026-05-26 14:59:50,913 [ERROR] LogOutputStream:75 - [STDERR_REDIRECT] 
2026-05-26 14:59:51,225 [WARN] MainUpdater:1193 - Updater busy. Cannot search thirdparties
2026-05-26 14:59:51,226 [INFO] ThirdPartyUpdaterWithRetryManager:96 - Updater plugin is busy. [7/15]
2026-05-26 14:59:51,631 [INFO] ServerAccessManage:473 - Download File crdb.zip
2026-05-26 14:59:51,910 [ERROR] LogOutputStream:75 - [STDERR_REDIRECT] [Fatal Error] :1:1: Premature end of file.
2026-05-26 14:59:51,911 [ERROR] LogOutputStream:75 - [STDERR_REDIRECT] 
2026-05-26 14:59:52,911 [ERROR] LogOutputStream:75 - [STDERR_REDIRECT] [Fatal Error] :1:1: Premature end of file.
2026-05-26 14:59:52,912 [ERROR] LogOutputStream:75 - [STDERR_REDIRECT] 
2026-05-26 14:59:53,784 [INFO] FileExtend:242 - Unzip File : crdb.zip
2026-05-26 14:59:53,785 [INFO] FileExtend:257 - Standard Zip Deflate
2026-05-26 14:59:53,909 [ERROR] LogOutputStream:75 - [STDERR_REDIRECT] [Fatal Error] :1:1: Premature end of file.
2026-05-26 14:59:53,910 [ERROR] LogOutputStream:75 - [STDERR_REDIRECT] 
2026-05-26 14:59:53,952 [INFO] LoadUrlFilesThread:156 - End of LoadUrlFiles Thread
2026-05-26 14:59:54,085 [INFO] ServerAccessManage:473 - Download File tutoVideoDB.zip
2026-05-26 14:59:54,180 [INFO] FileExtend:242 - Unzip File : tutoVideoDB.zip
2026-05-26 14:59:54,182 [INFO] FileExtend:257 - Standard Zip Deflate
2026-05-26 14:59:54,227 [WARN] MainUpdater:1193 - Updater busy. Cannot search thirdparties
2026-05-26 14:59:54,227 [INFO] ThirdPartyUpdaterWithRetryManager:96 - Updater plugin is busy. [8/15]
2026-05-26 14:59:54,301 [INFO] LoadUrlFilesThread:156 - End of LoadUrlFiles Thread
2026-05-26 14:59:54,306 [WARN] DbFile:41 - Overriding database path with different value: C:\Users\NIVYA\.stmcufinder\plugins\mcufinder/ => C:\Users\NIVYA\.stmcufinder\plugins\mcufinder
2026-05-26 14:59:54,911 [ERROR] LogOutputStream:75 - [STDERR_REDIRECT] [Fatal Error] :1:1: Premature end of file.
2026-05-26 14:59:54,911 [ERROR] LogOutputStream:75 - [STDERR_REDIRECT] 
2026-05-26 14:59:55,021 [ERROR] ServerAccessManage:1089 - Problem, file not found on Server
2026-05-26 14:59:55,023 [ERROR] ServerAccessManage:651 - Problem, file not found on Server : api_config.json.
2026-05-26 14:59:55,910 [ERROR] LogOutputStream:75 - [STDERR_REDIRECT] [Fatal Error] :1:1: Premature end of file.
2026-05-26 14:59:55,910 [ERROR] LogOutputStream:75 - [STDERR_REDIRECT] 
2026-05-26 14:59:56,932 [ERROR] LogOutputStream:75 - [STDERR_REDIRECT] [Fatal Error] :1:1: Premature end of file.
2026-05-26 14:59:56,933 [ERROR] LogOutputStream:75 - [STDERR_REDIRECT] 
2026-05-26 14:59:57,229 [WARN] MainUpdater:1193 - Updater busy. Cannot search thirdparties
2026-05-26 14:59:57,229 [INFO] ThirdPartyUpdaterWithRetryManager:96 - Updater plugin is busy. [9/15]
2026-05-26 14:59:57,916 [ERROR] LogOutputStream:75 - [STDERR_REDIRECT] [Fatal Error] :1:1: Premature end of file.
2026-05-26 14:59:57,917 [ERROR] LogOutputStream:75 - [STDERR_REDIRECT] 
2026-05-26 14:59:58,910 [ERROR] LogOutputStream:75 - [STDERR_REDIRECT] [Fatal Error] :1:1: Premature end of file.
2026-05-26 14:59:58,912 [ERROR] LogOutputStream:75 - [STDERR_REDIRECT] 
2026-05-26 14:59:59,912 [ERROR] LogOutputStream:75 - [STDERR_REDIRECT] [Fatal Error] :1:1: Premature end of file.
2026-05-26 14:59:59,912 [ERROR] LogOutputStream:75 - [STDERR_REDIRECT] 
2026-05-26 15:00:00,231 [WARN] MainUpdater:1193 - Updater busy. Cannot search thirdparties
2026-05-26 15:00:00,231 [INFO] ThirdPartyUpdaterWithRetryManager:96 - Updater plugin is busy. [10/15]
2026-05-26 15:00:00,915 [ERROR] LogOutputStream:75 - [STDERR_REDIRECT] [Fatal Error] :1:1: Premature end of file.
2026-05-26 15:00:00,915 [ERROR] LogOutputStream:75 - [STDERR_REDIRECT] 
2026-05-26 15:00:01,922 [ERROR] LogOutputStream:75 - [STDERR_REDIRECT] [Fatal Error] :1:1: Premature end of file.
2026-05-26 15:00:01,923 [ERROR] LogOutputStream:75 - [STDERR_REDIRECT] 
2026-05-26 15:00:02,907 [ERROR] LogOutputStream:75 - [STDERR_REDIRECT] [Fatal Error] :1:1: Premature end of file.
2026-05-26 15:00:02,907 [ERROR] LogOutputStream:75 - [STDERR_REDIRECT] 
2026-05-26 15:00:03,232 [WARN] MainUpdater:1193 - Updater busy. Cannot search thirdparties
2026-05-26 15:00:03,233 [INFO] ThirdPartyUpdaterWithRetryManager:96 - Updater plugin is busy. [11/15]
2026-05-26 15:00:03,905 [ERROR] LogOutputStream:75 - [STDERR_REDIRECT] [Fatal Error] :1:1: Premature end of file.
2026-05-26 15:00:03,905 [ERROR] LogOutputStream:75 - [STDERR_REDIRECT] 
2026-05-26 15:00:04,907 [ERROR] LogOutputStream:75 - [STDERR_REDIRECT] [Fatal Error] :1:1: Premature end of file.
2026-05-26 15:00:04,907 [ERROR] LogOutputStream:75 - [STDERR_REDIRECT] 
2026-05-26 15:00:05,905 [ERROR] LogOutputStream:75 - [STDERR_REDIRECT] [Fatal Error] :1:1: Premature end of file.
2026-05-26 15:00:05,905 [ERROR] LogOutputStream:75 - [STDERR_REDIRECT] 
2026-05-26 15:00:06,233 [WARN] MainUpdater:1193 - Updater busy. Cannot search thirdparties
2026-05-26 15:00:06,233 [INFO] ThirdPartyUpdaterWithRetryManager:96 - Updater plugin is busy. [12/15]
2026-05-26 15:00:06,898 [ERROR] LogOutputStream:75 - [STDERR_REDIRECT] [Fatal Error] :1:1: Premature end of file.
2026-05-26 15:00:06,898 [ERROR] LogOutputStream:75 - [STDERR_REDIRECT] 
2026-05-26 15:00:07,897 [ERROR] LogOutputStream:75 - [STDERR_REDIRECT] [Fatal Error] :1:1: Premature end of file.
2026-05-26 15:00:07,898 [ERROR] LogOutputStream:75 - [STDERR_REDIRECT] 
2026-05-26 15:00:08,893 [ERROR] LogOutputStream:75 - [STDERR_REDIRECT] [Fatal Error] :1:1: Premature end of file.
2026-05-26 15:00:08,893 [ERROR] LogOutputStream:75 - [STDERR_REDIRECT] 
2026-05-26 15:00:09,234 [WARN] MainUpdater:1193 - Updater busy. Cannot search thirdparties
2026-05-26 15:00:09,234 [INFO] ThirdPartyUpdaterWithRetryManager:96 - Updater plugin is busy. [13/15]
2026-05-26 15:00:09,902 [ERROR] LogOutputStream:75 - [STDERR_REDIRECT] [Fatal Error] :1:1: Premature end of file.
2026-05-26 15:00:09,904 [ERROR] LogOutputStream:75 - [STDERR_REDIRECT] 
2026-05-26 15:00:10,906 [ERROR] LogOutputStream:75 - [STDERR_REDIRECT] [Fatal Error] :1:1: Premature end of file.
2026-05-26 15:00:10,906 [ERROR] LogOutputStream:75 - [STDERR_REDIRECT] 
2026-05-26 15:00:11,915 [ERROR] LogOutputStream:75 - [STDERR_REDIRECT] [Fatal Error] :1:1: Premature end of file.
2026-05-26 15:00:11,915 [ERROR] LogOutputStream:75 - [STDERR_REDIRECT] 
2026-05-26 15:00:12,235 [WARN] MainUpdater:1193 - Updater busy. Cannot search thirdparties
2026-05-26 15:00:12,235 [INFO] ThirdPartyUpdaterWithRetryManager:96 - Updater plugin is busy. [14/15]
2026-05-26 15:00:12,906 [ERROR] LogOutputStream:75 - [STDERR_REDIRECT] [Fatal Error] :1:1: Premature end of file.
2026-05-26 15:00:12,906 [ERROR] LogOutputStream:75 - [STDERR_REDIRECT] 
2026-05-26 15:00:13,915 [ERROR] LogOutputStream:75 - [STDERR_REDIRECT] [Fatal Error] :1:1: Premature end of file.
2026-05-26 15:00:13,916 [ERROR] LogOutputStream:75 - [STDERR_REDIRECT] 
2026-05-26 15:00:14,902 [ERROR] LogOutputStream:75 - [STDERR_REDIRECT] [Fatal Error] :1:1: Premature end of file.
2026-05-26 15:00:14,902 [ERROR] LogOutputStream:75 - [STDERR_REDIRECT] 
2026-05-26 15:00:15,236 [WARN] MainUpdater:1193 - Updater busy. Cannot search thirdparties
2026-05-26 15:00:15,236 [INFO] ThirdPartyUpdaterWithRetryManager:96 - Updater plugin is busy. [15/15]
2026-05-26 15:00:15,238 [ERROR] IntegrityCheckThread:130 - Cannot retrieve database content from updater: error -1
2026-05-26 15:00:15,238 [INFO] ThirdParty:978 - Integrity check success = false
2026-05-26 15:00:15,238 [INFO] IntegrityCheckThread:100 - exiting critical section [integrity check]
2026-05-26 15:00:15,238 [INFO] IntegrityCheckThread:103 - End integrity checks thread
2026-05-26 15:00:15,913 [ERROR] LogOutputStream:75 - [STDERR_REDIRECT] [Fatal Error] :1:1: Premature end of file.
2026-05-26 15:00:15,913 [ERROR] LogOutputStream:75 - [STDERR_REDIRECT] 
2026-05-26 15:00:16,910 [ERROR] LogOutputStream:75 - [STDERR_REDIRECT] [Fatal Error] :1:1: Premature end of file.
2026-05-26 15:00:16,910 [ERROR] LogOutputStream:75 - [STDERR_REDIRECT] 
2026-05-26 15:00:17,132 [INFO] LoadUrlFilesThread:156 - End of LoadUrlFiles Thread
2026-05-26 15:00:17,926 [ERROR] LogOutputStream:75 - [STDERR_REDIRECT] [Fatal Error] :1:1: Premature end of file.
2026-05-26 15:00:17,926 [ERROR] LogOutputStream:75 - [STDERR_REDIRECT] 
2026-05-26 15:00:18,910 [ERROR] LogOutputStream:75 - [STDERR_REDIRECT] [Fatal Error] :1:1: Premature end of file.
2026-05-26 15:00:18,910 [ERROR] LogOutputStream:75 - [STDERR_REDIRECT] 
2026-05-26 15:00:19,907 [ERROR] LogOutputStream:75 - [STDERR_REDIRECT] [Fatal Error] :1:1: Premature end of file.
2026-05-26 15:00:19,907 [ERROR] LogOutputStream:75 - [STDERR_REDIRECT] 
2026-05-26 15:00:20,908 [ERROR] LogOutputStream:75 - [STDERR_REDIRECT] [Fatal Error] :1:1: Premature end of file.
2026-05-26 15:00:20,908 [ERROR] LogOutputStream:75 - [STDERR_REDIRECT] 
2026-05-26 15:00:21,480 [INFO] DbMcusAds:53 - JSON generation date=Mon Apr 27 13:44:29 IST 2026 (1777277669924)
2026-05-26 15:00:21,515 [ERROR] TargetSelectorAdapter:267 - Unable to refresh data
2026-05-26 15:00:21,890 [INFO] ApiDb:581 - Connected to CubeFinder SQLite database (C:\Users\NIVYA\.stmcufinder\plugins\mcufinder\mcu\cube-finder-db.db)
2026-05-26 15:00:21,920 [ERROR] LogOutputStream:75 - [STDERR_REDIRECT] [Fatal Error] :1:1: Premature end of file.
2026-05-26 15:00:21,920 [ERROR] LogOutputStream:75 - [STDERR_REDIRECT] 
2026-05-26 15:00:22,078 [INFO] ApiDb:668 - CubeFinder database Data Model version=2.1
2026-05-26 15:00:22,079 [INFO] ApiDb:669 - CubeFinder database Configuration version=3.0.42
2026-05-26 15:00:22,080 [INFO] ApiDb:670 - CubeFinder database generation date=2026-05-06 (1778060171)
2026-05-26 15:00:22,080 [INFO] ApiDb:671 - CubeFinder database FW Pack versions=[FP-ATR-ASTRA1_V2.0.0, FP-SNS-FLIGHT1_V5.1.0, FP-SNS-MOTENV1_V5.1.0, FP-SNS-MOTENVWB1_V1.5.0, FP-SNS-SMARTAG2_V1.2.0, FP-SNS-STBOX1_V2.1.0, STM32Cube_FW_C0_V1.4.0, STM32Cube_FW_F4_V1.28.3, STM32Cube_FW_F7_V1.17.4, STM32Cube_FW_G0_V1.6.3, STM32Cube_FW_G4_V1.6.2, STM32Cube_FW_H5_V1.6.0, STM32Cube_FW_H7RS_V1.3.0, STM32Cube_FW_H7_V1.13.0, STM32Cube_FW_L0_V1.12.2, STM32Cube_FW_L4_V1.18.2, STM32Cube_FW_L5_V1.6.0, STM32Cube_FW_N6_V1.3.0, STM32Cube_FW_U0_V1.3.0, STM32Cube_FW_U3_V1.3.0, STM32Cube_FW_U5_V1.8.0, STM32Cube_FW_WB0_V1.4.0, STM32Cube_FW_WBA_V1.9.0, STM32Cube_FW_WB_V1.24.0, STM32Cube_FW_WL3_V1.4.0, STM32Cube_FW_WL_V1.5.0, X-CUBE-ALGOBUILD_V1.4.0, X-CUBE-ALS_V1.0.2, X-CUBE-AZRTOS-F4_V1.1.0, X-CUBE-AZRTOS-F7_V1.1.0, X-CUBE-AZRTOS-G0_V1.1.0, X-CUBE-AZRTOS-G4_V2.0.0, X-CUBE-AZRTOS-H7RS_V1.1.0, X-CUBE-AZRTOS-H7_V3.5.0, X-CUBE-AZRTOS-L4_V2.0.0, X-CUBE-AZRTOS-L5_V2.0.0, X-CUBE-AZRTOS-WB_V2.0.0, X-CUBE-AZRTOS-WL_V2.0.0, X-CUBE-BLE1_V7.1.0, X-CUBE-BLE2_V3.3.0, X-CUBE-BLEMGR_V4.1.0, X-CUBE-EEPRMA1_V5.2.0, X-CUBE-FREERTOS_V1.5.0, X-CUBE-GNSS1_V6.0.0, X-CUBE-MEMS1_V12.0.0, X-CUBE-NFC4_V3.0.0, X-CUBE-NFC7_V2.0.0, X-CUBE-SFXS2LP1_V4.0.0, X-CUBE-ST67W61_V1.2.0, X-CUBE-SUBG2_V5.0.0, X-CUBE-TOF1_V3.4.3]
2026-05-26 15:00:22,190 [INFO] DbBoardsSqlite:226 - include board P-NUCLEO-WB55-NUCLEO as a kit item of type 'Nucleo-64'
2026-05-26 15:00:22,191 [INFO] DbBoardsSqlite:226 - include board P-NUCLEO-WB55-USBDONGLE as a kit item of type 'Nucleo USB Dongle'
2026-05-26 15:00:22,192 [INFO] DbBoardsSqlite:226 - include board STEVAL-IDP005V1 as a kit item of type 'Evaluation Board'
2026-05-26 15:00:22,192 [INFO] DbBoardsSqlite:226 - include board STEVAL-IDP005V2 as a kit item of type 'Evaluation Board'
2026-05-26 15:00:22,359 [INFO] ApiDb:240 - Found 895 in-development CPN: [B-G473E-ZEST1S, B-WB1M-WPAN1, B-WBA5M-WPAN, B-WL5M-SUBG1, NUCLEO-C031C6, NUCLEO-C051C8, NUCLEO-C071RB, NUCLEO-C092RC, NUCLEO-H503RB, NUCLEO-H533RE, NUCLEO-H563ZI, NUCLEO-H7S3L8, NUCLEO-N657X0-Q, NUCLEO-U031R8, NUCLEO-U083RC, NUCLEO-U385RG-Q, NUCLEO-U545RE-Q, NUCLEO-U5A5ZJ-Q, NUCLEO-WB05KZ, NUCLEO-WB07CC, NUCLEO-WB09KE, NUCLEO-WBA52CG, NUCLEO-WBA55CG, NUCLEO-WBA65RI, NUCLEO-WL33CC1, NUCLEO-WL33CC2, STEVAL-PROTEUS1, STEVAL-SMARTAG2, STEVAL-STWINBX1, STM320518-EVAL, STM32C0116-DK, STM32C011D6Y3TR, STM32C011D6Y6TR, STM32C011F4P3, STM32C011F4P6, STM32C011F4U3, STM32C011F4U6TR, STM32C011F6P3, STM32C011F6P6, STM32C011F6U3, STM32C011F6U6TR, STM32C011J4M3, STM32C011J4M6, STM32C011J6M3, STM32C011J6M6, STM32C0316-DK, STM32C031C4T3, STM32C031C4T6, STM32C031C4U3, STM32C031C4U6, STM32C031C6T3, STM32C031C6T6, STM32C031C6U3, STM32C031C6U6, STM32C031F4P3, STM32C031F4P6, STM32C031F6P3, STM32C031F6P6, STM32C031G4U3, STM32C031G4U6, STM32C031G6U3, STM32C031G6U6, STM32C031K4T3, STM32C031K4T6, STM32C031K4U3, STM32C031K4U6, STM32C031K6T3, STM32C031K6T6, STM32C031K6U3, STM32C031K6U6, STM32C051C6T6, STM32C051C6U6, STM32C051C8T6, STM32C051C8U6, STM32C051D8Y6TR, STM32C051F6P6, STM32C051F8P6, STM32C051G6U6, STM32C051G8U6, STM32C051K6T6, STM32C051K6U6, STM32C051K8T6, STM32C071C8T6, STM32C071C8T6N, STM32C071C8U6, STM32C071C8U6N, STM32C071CBT6, STM32C071CBT6N, STM32C071CBU6, STM32C071CBU6N, STM32C071F8P6, STM32C071F8P6N, STM32C071FBP6, STM32C071FBP6N, STM32C071FBY6TR, STM32C071G8U6, STM32C071G8U6N, STM32C071GBU6, STM32C071GBU6N, STM32C071K8T6, STM32C071K8T6N, STM32C071K8U6, STM32C071K8U6N, STM32C071KBT6, STM32C071KBT6N, STM32C071KBU6, STM32C071KBU6N, STM32C071R8T6, STM32C071R8T6N, STM32C071RBI6N, STM32C071RBT6, STM32C071RBT6N, STM32C091CBT6, STM32C091CBU6, STM32C091CCT6, STM32C091CCU6, STM32C091ECY6TR, STM32C091FBP6, STM32C091FCP6, STM32C091GBU6, STM32C091GCU6, STM32C091KBT6, STM32C091KBU6, STM32C091KCT6, STM32C091KCU6, STM32C091RBT6, STM32C091RCI6, STM32C091RCT6, STM32C092CBT6, STM32C092CBU6, STM32C092CCT6, STM32C092CCU6, STM32C092ECY6TR, STM32C092FBP6, STM32C092FCP6, STM32C092GBU6, STM32C092GCU6, STM32C092KBT6, STM32C092KBU6, STM32C092KCT6, STM32C092KCU6, STM32C092RBT6, STM32C092RCI6, STM32C092RCT6, STM32G071K8TXN, STM32G071K8UXN, STM32G081GBU6N, STM32G081KBT6N, STM32G081KBUXN, STM32G0B1CCT6N, STM32G0B1KCT6, STM32G0B1NEY6TR, STM32G0B1RCT6N, STM32G0C1CCT6, STM32G0C1CCT6N, STM32G0C1CCU6N, STM32G0C1CET6N, STM32G0C1CEU6N, STM32G0C1KCT6, STM32G0C1NEY6TR, STM32G0C1RCI6N, STM32G0C1RCT6N, STM32G0C1REI6N, STM32G0C1RET6N, STM32G0C1VCI6, STM32G0C1VEI6, STM32G411C6T3, STM32G411C6T6, STM32G411C6U3, STM32G411C6U6, STM32G411C8T3, STM32G411C8T6, STM32G411C8U3, STM32G411C8U6, STM32G411CBT3, STM32G411CBT6, STM32G411CBU3, STM32G411CBU6, STM32G411CCT3, STM32G411CCT6, STM32G411CCU3, STM32G411CCU6, STM32G411K6T3, STM32G411K6T6, STM32G411K6U3, STM32G411K6U6, STM32G411K8T3, STM32G411K8T6, STM32G411K8U3, STM32G411K8U6, STM32G411KBT3, STM32G411KBT6, STM32G411KBU3, STM32G411KBU6, STM32G411M6T3, STM32G411M6T6, STM32G411M8T3, STM32G411M8T6, STM32G411MBT3, STM32G411MBT6, STM32G411MCT3, STM32G411MCT6, STM32G411R6T3, STM32G411R6T6, STM32G411R8T3, STM32G411R8T6, STM32G411RBT3, STM32G411RBT6, STM32G411RCT3, STM32G411RCT6, STM32G414CBT3, STM32G414CBT6, STM32G414CBU3, STM32G414CBU6, STM32G414CCT3, STM32G414CCT6, STM32G414CCU3, STM32G414CCU6, STM32G414MBT3, STM32G414MBT6, STM32G414MCT3, STM32G414MCT6, STM32G414RBT3, STM32G414RBT6, STM32G414RCT3, STM32G414RCT6, STM32G414VBT3, STM32G414VBT6, STM32G414VCT3, STM32G414VCT6, STM32G431CBT3Z, STM32G431RBT3Z, STM32G471CCT6, STM32G471CCU6, STM32G471CET3, STM32G471CET6, STM32G471CEU3, STM32G471CEU6, STM32G471MCT6, STM32G471MET3, STM32G471MET6, STM32G471MEY6TR, STM32G471QCT6, STM32G471QET3, STM32G471RCT6, STM32G471RET3, STM32G471RET6, STM32G471VCH6, STM32G471VCI6, STM32G471VCT6, STM32G471VEH3, STM32G471VEH6, STM32G471VEI3, STM32G471VEI6, STM32G471VET3, STM32G471VET6, STM32G473QET3Z, STM32G473RET3Z, STM32G474CCT6, STM32G491RET3Z, STM32H503CBT6, STM32H503CBU6, STM32H503EBY6TR, STM32H503KBU6, STM32H503RBT6, STM32H523CCT6, STM32H523CCU6, STM32H523CET6, STM32H523CEU6, STM32H523HEY6TR, STM32H523RCT6, STM32H523RET6, STM32H523VCI6, STM32H523VCT6, STM32H523VEI6, STM32H523VET6, STM32H523ZCJ6, STM32H523ZCT6, STM32H523ZEJ6, STM32H523ZET6, STM32H533CET6, STM32H533CEU6, STM32H533HEY6TR, STM32H533RET6, STM32H533VEI6, STM32H533VET6, STM32H533ZEJ6, STM32H533ZET6, STM32H562AGI6, STM32H562AII6, STM32H562IGK6, STM32H562IGT6, STM32H562IIK6, STM32H562IIT6, STM32H562RGT6, STM32H562RGV6, STM32H562RIT6, STM32H562RIV6, STM32H562VGT6, STM32H562VIT6, STM32H562ZGT6, STM32H562ZIT6, STM32H563AGI6, STM32H563AII3Q, STM32H563AII6, STM32H563IGK6, STM32H563IGT6, STM32H563IIK3Q, STM32H563IIK6, STM32H563IIT3Q, STM32H563IIT6, STM32H563MIY3QTR, STM32H563RGT6, STM32H563RGV6, STM32H563RIT6, STM32H563RIV6, STM32H563VGT6, STM32H563VIT3Q, STM32H563VIT6, STM32H563ZGT6, STM32H563ZIT3Q, STM32H563ZIT6, STM32H573AII3Q, STM32H573AII6, STM32H573I-DK, STM32H573IIK3Q, STM32H573IIK6, STM32H573IIT3Q, STM32H573IIT6, STM32H573MIY3QTR, STM32H573RIT6, STM32H573RIV6, STM32H573VIT3Q, STM32H573VIT6, STM32H573ZIT3Q, STM32H573ZIT6, STM32H7R3A8I6, STM32H7R3I8K6, STM32H7R3I8T6, STM32H7R3L8H6, STM32H7R3L8H6H, STM32H7R3R8V6, STM32H7R3V8H6, STM32H7R3V8T6, STM32H7R3V8Y6TR, STM32H7R3Z8J6, STM32H7R3Z8T6, STM32H7R7A8I6, STM32H7R7I8K6, STM32H7R7I8T6, STM32H7R7L8H6, STM32H7R7L8H6H, STM32H7R7Z8J6, STM32H7S3A8I6, STM32H7S3I8K6, STM32H7S3I8T6, STM32H7S3L8H6, STM32H7S3L8H6H, STM32H7S3R8V6, STM32H7S3V8H6, STM32H7S3V8T6, STM32H7S3V8Y6TR, STM32H7S3Z8J6, STM32H7S3Z8T6, STM32H7S78-DK, STM32H7S7A8I6, STM32H7S7I8K6, STM32H7S7I8T6, STM32H7S7L8H6, STM32H7S7L8H6H, STM32H7S7Z8J6, STM32L4R5QGI6STR, STM32MP131AAE3, STM32MP131AAF3, STM32MP131AAG3, STM32MP131CAE3, STM32MP131CAF3, STM32MP131CAG3, STM32MP131DAE7, STM32MP131DAF7, STM32MP131DAG7, STM32MP131FAE7, STM32MP131FAF7, STM32MP131FAG7, STM32MP133AAE3, STM32MP133AAF3, STM32MP133AAG3, STM32MP133CAE3, STM32MP133CAF3, STM32MP133CAG3, STM32MP133DAE7, STM32MP133DAF7, STM32MP133DAG7, STM32MP133FAE7, STM32MP133FAF7, STM32MP133FAG7, STM32MP135AAE3, STM32MP135AAF3, STM32MP135AAG3, STM32MP135CAE3, STM32MP135CAF3, STM32MP135CAG3, STM32MP135DAE7, STM32MP135DAF7, STM32MP135DAG7, STM32MP135F-DK, STM32MP135FAE7, STM32MP135FAF7, STM32MP135FAF7T, STM32MP135FAF7U, STM32MP135FAG7, STM32MP231AAJ3, STM32MP231AAK3, STM32MP231AAL3, STM32MP231CAJ3, STM32MP231CAK3, STM32MP231CAL3, STM32MP231DAJ3, STM32MP231DAK3, STM32MP231DAL3, STM32MP231FAJ3, STM32MP231FAK3, STM32MP231FAL3, STM32MP233AAJ3, STM32MP233AAK3, STM32MP233AAL3, STM32MP233CAJ3, STM32MP233CAK3, STM32MP233CAL3, STM32MP233DAJ3, STM32MP233DAK3, STM32MP233DAL3, STM32MP233FAJ3, STM32MP233FAK3, STM32MP233FAL3, STM32MP235AAJ3, STM32MP235AAK3, STM32MP235AAL3, STM32MP235CAJ3, STM32MP235CAK3, STM32MP235CAL3, STM32MP235DAJ3, STM32MP235DAK3, STM32MP235DAL3, STM32MP235FAJ3, STM32MP235FAK3, STM32MP235FAL3, STM32MP251AAI3, STM32MP251AAJ3, STM32MP251AAK3, STM32MP251AAL3, STM32MP251CAI3, STM32MP251CAJ3, STM32MP251CAK3, STM32MP251CAL3, STM32MP251DAI3, STM32MP251DAJ3, STM32MP251DAK3, STM32MP251DAL3, STM32MP251FAI3, STM32MP251FAJ3, STM32MP251FAK3, STM32MP251FAL3, STM32MP253AAI3, STM32MP253AAJ3, STM32MP253AAK3, STM32MP253AAL3, STM32MP253CAI3, STM32MP253CAJ3, STM32MP253CAK3, STM32MP253CAL3, STM32MP253DAI3, STM32MP253DAJ3, STM32MP253DAK3, STM32MP253DAL3, STM32MP253FAI3, STM32MP253FAJ3, STM32MP253FAK3, STM32MP253FAL3, STM32MP255AAI3, STM32MP255AAJ3, STM32MP255AAK3, STM32MP255AAL3, STM32MP255CAI3, STM32MP255CAJ3, STM32MP255CAK3, STM32MP255CAL3, STM32MP255DAI3, STM32MP255DAJ3, STM32MP255DAK3, STM32MP255DAL3, STM32MP255FAI3, STM32MP255FAJ3, STM32MP255FAK3, STM32MP255FAL3, STM32MP257AAI3, STM32MP257AAJ3, STM32MP257AAK3, STM32MP257AAL3, STM32MP257CAI3, STM32MP257CAJ3, STM32MP257CAK3, STM32MP257CAL3, STM32MP257DAI3, STM32MP257DAJ3, STM32MP257DAK3, STM32MP257DAL3, STM32MP257F-DK, STM32MP257F-EV1, STM32MP257FAI3, STM32MP257FAJ3, STM32MP257FAK3, STM32MP257FAL3, STM32N645A0H3Q, STM32N645B0H3Q, STM32N645I0H3Q, STM32N645L0H3Q, STM32N645X0H3Q, STM32N645Z0H3Q, STM32N647A0H3Q, STM32N647B0H3Q, STM32N647I0H3Q, STM32N647L0H3Q, STM32N647X0H3Q, STM32N647Z0H3Q, STM32N655A0H3Q, STM32N655B0H3Q, STM32N655I0H3Q, STM32N655L0H3Q, STM32N655X0H3Q, STM32N655Z0H3Q, STM32N6570-DK, STM32N657A0H3Q, STM32N657B0H3Q, STM32N657I0H3Q, STM32N657L0H3Q, STM32N657X0H3Q, STM32N657Z0H3Q, STM32U031C6T6, STM32U031C6U6, STM32U031C8T6, STM32U031C8U6, STM32U031F4P6, STM32U031F6P6, STM32U031F8P6, STM32U031G6Y6TR, STM32U031G8Y6TR, STM32U031K4U6, STM32U031K6U6, STM32U031K8U6, STM32U031R6I6, STM32U031R6T6, STM32U031R8I6, STM32U031R8T6, STM32U073C8T6, STM32U073C8U6, STM32U073CBT6, STM32U073CBU6, STM32U073CCT6, STM32U073CCU6, STM32U073H8Y6TR, STM32U073HBY6TR, STM32U073HCY6TR, STM32U073K8U6, STM32U073KBU6, STM32U073KCU6, STM32U073M8I6, STM32U073M8T6, STM32U073MBI6, STM32U073MBT6, STM32U073MCI6, STM32U073MCT6, STM32U073R8I6, STM32U073R8T6, STM32U073RBI6, STM32U073RBT6, STM32U073RCI6, STM32U073RCT6, STM32U083C-DK, STM32U083CCT6, STM32U083CCU6, STM32U083HCY6TR, STM32U083KCU6, STM32U083MCI6, STM32U083MCT6, STM32U083RCI6, STM32U083RCT6, STM32U375CET6, STM32U375CET6Q, STM32U375CEU6, STM32U375CEU6Q, STM32U375CEY6QTR, STM32U375CGT6, STM32U375CGT6Q, STM32U375CGU6, STM32U375CGU6Q, STM32U375CGY6QTR, STM32U375KEU6, STM32U375KGU6, STM32U375REI6, STM32U375REI6Q, STM32U375RET6, STM32U375RET6Q, STM32U375REY6GTR, STM32U375REY6QTR, STM32U375RGI6, STM32U375RGI6Q, STM32U375RGT6, STM32U375RGT6Q, STM32U375RGY6GTR, STM32U375RGY6QTR, STM32U375VEI6, STM32U375VEI6Q, STM32U375VET6, STM32U375VET6Q, STM32U375VGI6, STM32U375VGI6Q, STM32U375VGT6, STM32U375VGT6Q, STM32U385CGT6, STM32U385CGT6Q, STM32U385CGU6, STM32U385CGU6Q, STM32U385CGY6QTR, STM32U385KGU6, STM32U385RGI6, STM32U385RGI6Q, STM32U385RGT6, STM32U385RGT6Q, STM32U385RGY6GTR, STM32U385RGY6QTR, STM32U385VGI6, STM32U385VGI6Q, STM32U385VGT6, STM32U385VGT6Q, STM32U535CBT6, STM32U535CBT6Q, STM32U535CBU6, STM32U535CBU6Q, STM32U535CCT6, STM32U535CCT6Q, STM32U535CCU6, STM32U535CCU6Q, STM32U535CET6, STM32U535CET6Q, STM32U535CEU6, STM32U535CEU6Q, STM32U535JEY6QTR, STM32U535NCY6QTR, STM32U535NEY6QTR, STM32U535RBI6, STM32U535RBI6Q, STM32U535RBT6, STM32U535RBT6Q, STM32U535RCI6, STM32U535RCI6Q, STM32U535RCT6, STM32U535RCT6Q, STM32U535REI6, STM32U535REI6Q, STM32U535RET6, STM32U535RET6Q, STM32U535VCI6, STM32U535VCI6Q, STM32U535VCT6, STM32U535VCT6Q, STM32U535VEI6, STM32U535VEI6Q, STM32U535VET6, STM32U535VET6Q, STM32U545CET6, STM32U545CET6Q, STM32U545CEU6, STM32U545CEU6Q, STM32U545JEY6QTR, STM32U545NEY6QTR, STM32U545REI6, STM32U545REI6Q, STM32U545RET6, STM32U545RET6Q, STM32U545VEI6, STM32U545VEI6Q, STM32U545VET6, STM32U545VET6Q, STM32U595AIH6, STM32U595AIH6Q, STM32U595AJH6, STM32U595AJH6Q, STM32U595QII6, STM32U595QII6Q, STM32U595QJI6, STM32U595QJI6Q, STM32U595RIT6, STM32U595RIT6Q, STM32U595RJT6, STM32U595RJT6Q, STM32U595VIT6, STM32U595VIT6Q, STM32U595VJT6, STM32U595VJT6Q, STM32U595ZIT6, STM32U595ZIT6Q, STM32U595ZIY6QTR, STM32U595ZJT6, STM32U595ZJT6Q, STM32U595ZJY6QTR, STM32U599BJY6QTR, STM32U599NIH6Q, STM32U599NJH6Q, STM32U599VIT6Q, STM32U599VJT6, STM32U599VJT6Q, STM32U599ZIT6Q, STM32U599ZIY6QTR, STM32U599ZJT6Q, STM32U599ZJY6QTR, STM32U5A5AJH6, STM32U5A5AJH6Q, STM32U5A5QII3Q , STM32U5A5QJI6, STM32U5A5QJI6Q, STM32U5A5RJT6, STM32U5A5RJT6Q, STM32U5A5VJT6, STM32U5A5VJT6Q, STM32U5A5ZJT6, STM32U5A5ZJT6Q, STM32U5A5ZJY6QTR, STM32U5A9BJY6QTR, STM32U5A9J-DK, STM32U5A9NJH6Q, STM32U5A9VJT6Q, STM32U5A9ZJT6Q, STM32U5A9ZJY6QTR, STM32U5F7VIT6, STM32U5F7VIT6Q, STM32U5F7VJT6, STM32U5F7VJT6Q, STM32U5F9BJY6QTR, STM32U5F9NJH6Q, STM32U5F9VIT6Q, STM32U5F9VJT6Q, STM32U5F9ZIJ6QTR, STM32U5F9ZIT6Q, STM32U5F9ZJJ6QTR, STM32U5F9ZJT6Q, STM32U5G7VJT6, STM32U5G7VJT6Q, STM32U5G9BJY6QTR, STM32U5G9J-DK1, STM32U5G9J-DK2, STM32U5G9NJH6Q, STM32U5G9VJT6Q, STM32U5G9ZJJ6QTR, STM32U5G9ZJT6Q, STM32WB05KZV6TR, STM32WB05KZV7TR, STM32WB05TZF6TR, STM32WB05TZF7TR, STM32WB06CCF6TR, STM32WB06CCF7TR, STM32WB06CCV6TR, STM32WB06CCV7TR, STM32WB06KCV6TR, STM32WB06KCV7TR, STM32WB07CCF6TR, STM32WB07CCF7TR, STM32WB07CCV6TR, STM32WB07CCV7TR, STM32WB07KCV6TR, STM32WB07KCV7TR, STM32WB09KEV6TR, STM32WB09KEV7TR, STM32WB09TEF6TR, STM32WB09TEF7TR, STM32WB1MMCH6, STM32WBA50KGU6, STM32WBA50KGU6TR, STM32WBA52CEU6, STM32WBA52CEU6TR, STM32WBA52CEU7, STM32WBA52CEU7TR, STM32WBA52CGU6, STM32WBA52CGU6TR, STM32WBA52CGU6U, STM32WBA52CGU7, STM32WBA52CGU7TR, STM32WBA52KEU6, STM32WBA52KEU6TR, STM32WBA52KGU6, STM32WBA52KGU6TR, STM32WBA54CEU6, STM32WBA54CEU6TR, STM32WBA54CEU7, STM32WBA54CEU7TR, STM32WBA54CGU6, STM32WBA54CGU6TR, STM32WBA54CGU7, STM32WBA54CGU7TR, STM32WBA54KEU6, STM32WBA54KEU6TR, STM32WBA54KEU7, STM32WBA54KEU7TR, STM32WBA54KGU6, STM32WBA54KGU6TR, STM32WBA54KGU7, STM32WBA54KGU7TR, STM32WBA55CEU6, STM32WBA55CEU6TR, STM32WBA55CEU7, STM32WBA55CEU7TR, STM32WBA55CGU6, STM32WBA55CGU6TR, STM32WBA55CGU6U, STM32WBA55CGU7, STM32WBA55CGU7TR, STM32WBA55G-DK1, STM32WBA55HEF6, STM32WBA55HEF7, STM32WBA55HGF6, STM32WBA55HGF7, STM32WBA55UEI6, STM32WBA55UEI6TR, STM32WBA55UEI7, STM32WBA55UEI7TR, STM32WBA55UGI6, STM32WBA55UGI6TR, STM32WBA55UGI7, STM32WBA55UGI7TR, STM32WBA5MJGH6TR, STM32WBA62CGU6, STM32WBA62CIU6, STM32WBA62MGF6, STM32WBA62MIF6, STM32WBA62PGI6, STM32WBA62PII6, STM32WBA63CGU6, STM32WBA63CGU7, STM32WBA63CIU6, STM32WBA63CIU7, STM32WBA64CGU6, STM32WBA64CGU7, STM32WBA64CIU6, STM32WBA64CIU7, STM32WBA65CGU6, STM32WBA65CGU7, STM32WBA65CIU6, STM32WBA65CIU7, STM32WBA65I-DK1, STM32WBA65MGF6, STM32WBA65MGF7, STM32WBA65MIF6, STM32WBA65MIF7, STM32WBA65PGI6, STM32WBA65PGI7, STM32WBA65PII6, STM32WBA65PII7, STM32WBA65RGV6, STM32WBA65RGV7, STM32WBA65RIV6, STM32WBA65RIV7, STM32WL30K8V6, STM32WL30KBV6, STM32WL31C8V6, STM32WL31CBV6, STM32WL31K8V6, STM32WL31KBV6, STM32WL33C8V6, STM32WL33C8V6TR, STM32WL33C8V7, STM32WL33C8V7TR, STM32WL33CBV6, STM32WL33CBV6TR, STM32WL33CBV7, STM32WL33CBV7TR, STM32WL33CCV6, STM32WL33CCV6TR, STM32WL33CCV7, STM32WL33CCV7A, STM32WL33CCV7ATR, STM32WL33CCV7TR, STM32WL33K8V6, STM32WL33K8V6TR, STM32WL33K8V7, STM32WL33K8V7TR, STM32WL33KBV6, STM32WL33KBV6TR, STM32WL33KBV7, STM32WL33KBV7TR, STM32WL33KCV6, STM32WL33KCV6TR, STM32WL33KCV7, STM32WL33KCV7TR, STM32WL5MOCH6, STM32WL5MOCH6TR]
2026-05-26 15:00:22,366 [INFO] ApiDb:668 - CubeFinder database Data Model version=2.1
2026-05-26 15:00:22,367 [INFO] ApiDb:669 - CubeFinder database Configuration version=3.0.42
2026-05-26 15:00:22,367 [INFO] ApiDb:670 - CubeFinder database generation date=2026-05-06 (1778060171)
2026-05-26 15:00:22,367 [INFO] ApiDb:671 - CubeFinder database FW Pack versions=[FP-ATR-ASTRA1_V2.0.0, FP-SNS-FLIGHT1_V5.1.0, FP-SNS-MOTENV1_V5.1.0, FP-SNS-MOTENVWB1_V1.5.0, FP-SNS-SMARTAG2_V1.2.0, FP-SNS-STBOX1_V2.1.0, STM32Cube_FW_C0_V1.4.0, STM32Cube_FW_F4_V1.28.3, STM32Cube_FW_F7_V1.17.4, STM32Cube_FW_G0_V1.6.3, STM32Cube_FW_G4_V1.6.2, STM32Cube_FW_H5_V1.6.0, STM32Cube_FW_H7RS_V1.3.0, STM32Cube_FW_H7_V1.13.0, STM32Cube_FW_L0_V1.12.2, STM32Cube_FW_L4_V1.18.2, STM32Cube_FW_L5_V1.6.0, STM32Cube_FW_N6_V1.3.0, STM32Cube_FW_U0_V1.3.0, STM32Cube_FW_U3_V1.3.0, STM32Cube_FW_U5_V1.8.0, STM32Cube_FW_WB0_V1.4.0, STM32Cube_FW_WBA_V1.9.0, STM32Cube_FW_WB_V1.24.0, STM32Cube_FW_WL3_V1.4.0, STM32Cube_FW_WL_V1.5.0, X-CUBE-ALGOBUILD_V1.4.0, X-CUBE-ALS_V1.0.2, X-CUBE-AZRTOS-F4_V1.1.0, X-CUBE-AZRTOS-F7_V1.1.0, X-CUBE-AZRTOS-G0_V1.1.0, X-CUBE-AZRTOS-G4_V2.0.0, X-CUBE-AZRTOS-H7RS_V1.1.0, X-CUBE-AZRTOS-H7_V3.5.0, X-CUBE-AZRTOS-L4_V2.0.0, X-CUBE-AZRTOS-L5_V2.0.0, X-CUBE-AZRTOS-WB_V2.0.0, X-CUBE-AZRTOS-WL_V2.0.0, X-CUBE-BLE1_V7.1.0, X-CUBE-BLE2_V3.3.0, X-CUBE-BLEMGR_V4.1.0, X-CUBE-EEPRMA1_V5.2.0, X-CUBE-FREERTOS_V1.5.0, X-CUBE-GNSS1_V6.0.0, X-CUBE-MEMS1_V12.0.0, X-CUBE-NFC4_V3.0.0, X-CUBE-NFC7_V2.0.0, X-CUBE-SFXS2LP1_V4.0.0, X-CUBE-ST67W61_V1.2.0, X-CUBE-SUBG2_V5.0.0, X-CUBE-TOF1_V3.4.3]
2026-05-26 15:00:22,904 [ERROR] LogOutputStream:75 - [STDERR_REDIRECT] [Fatal Error] :1:1: Premature end of file.
2026-05-26 15:00:22,905 [ERROR] LogOutputStream:75 - [STDERR_REDIRECT] 
2026-05-26 15:00:23,893 [ERROR] LogOutputStream:75 - [STDERR_REDIRECT] [Fatal Error] :1:1: Premature end of file.
2026-05-26 15:00:23,893 [ERROR] LogOutputStream:75 - [STDERR_REDIRECT] 
2026-05-26 15:00:24,873 [INFO] ApiDb:240 - Found 895 in-development CPN: [B-G473E-ZEST1S, B-WB1M-WPAN1, B-WBA5M-WPAN, B-WL5M-SUBG1, NUCLEO-C031C6, NUCLEO-C051C8, NUCLEO-C071RB, NUCLEO-C092RC, NUCLEO-H503RB, NUCLEO-H533RE, NUCLEO-H563ZI, NUCLEO-H7S3L8, NUCLEO-N657X0-Q, NUCLEO-U031R8, NUCLEO-U083RC, NUCLEO-U385RG-Q, NUCLEO-U545RE-Q, NUCLEO-U5A5ZJ-Q, NUCLEO-WB05KZ, NUCLEO-WB07CC, NUCLEO-WB09KE, NUCLEO-WBA52CG, NUCLEO-WBA55CG, NUCLEO-WBA65RI, NUCLEO-WL33CC1, NUCLEO-WL33CC2, STEVAL-PROTEUS1, STEVAL-SMARTAG2, STEVAL-STWINBX1, STM320518-EVAL, STM32C0116-DK, STM32C011D6Y3TR, STM32C011D6Y6TR, STM32C011F4P3, STM32C011F4P6, STM32C011F4U3, STM32C011F4U6TR, STM32C011F6P3, STM32C011F6P6, STM32C011F6U3, STM32C011F6U6TR, STM32C011J4M3, STM32C011J4M6, STM32C011J6M3, STM32C011J6M6, STM32C0316-DK, STM32C031C4T3, STM32C031C4T6, STM32C031C4U3, STM32C031C4U6, STM32C031C6T3, STM32C031C6T6, STM32C031C6U3, STM32C031C6U6, STM32C031F4P3, STM32C031F4P6, STM32C031F6P3, STM32C031F6P6, STM32C031G4U3, STM32C031G4U6, STM32C031G6U3, STM32C031G6U6, STM32C031K4T3, STM32C031K4T6, STM32C031K4U3, STM32C031K4U6, STM32C031K6T3, STM32C031K6T6, STM32C031K6U3, STM32C031K6U6, STM32C051C6T6, STM32C051C6U6, STM32C051C8T6, STM32C051C8U6, STM32C051D8Y6TR, STM32C051F6P6, STM32C051F8P6, STM32C051G6U6, STM32C051G8U6, STM32C051K6T6, STM32C051K6U6, STM32C051K8T6, STM32C071C8T6, STM32C071C8T6N, STM32C071C8U6, STM32C071C8U6N, STM32C071CBT6, STM32C071CBT6N, STM32C071CBU6, STM32C071CBU6N, STM32C071F8P6, STM32C071F8P6N, STM32C071FBP6, STM32C071FBP6N, STM32C071FBY6TR, STM32C071G8U6, STM32C071G8U6N, STM32C071GBU6, STM32C071GBU6N, STM32C071K8T6, STM32C071K8T6N, STM32C071K8U6, STM32C071K8U6N, STM32C071KBT6, STM32C071KBT6N, STM32C071KBU6, STM32C071KBU6N, STM32C071R8T6, STM32C071R8T6N, STM32C071RBI6N, STM32C071RBT6, STM32C071RBT6N, STM32C091CBT6, STM32C091CBU6, STM32C091CCT6, STM32C091CCU6, STM32C091ECY6TR, STM32C091FBP6, STM32C091FCP6, STM32C091GBU6, STM32C091GCU6, STM32C091KBT6, STM32C091KBU6, STM32C091KCT6, STM32C091KCU6, STM32C091RBT6, STM32C091RCI6, STM32C091RCT6, STM32C092CBT6, STM32C092CBU6, STM32C092CCT6, STM32C092CCU6, STM32C092ECY6TR, STM32C092FBP6, STM32C092FCP6, STM32C092GBU6, STM32C092GCU6, STM32C092KBT6, STM32C092KBU6, STM32C092KCT6, STM32C092KCU6, STM32C092RBT6, STM32C092RCI6, STM32C092RCT6, STM32G071K8TXN, STM32G071K8UXN, STM32G081GBU6N, STM32G081KBT6N, STM32G081KBUXN, STM32G0B1CCT6N, STM32G0B1KCT6, STM32G0B1NEY6TR, STM32G0B1RCT6N, STM32G0C1CCT6, STM32G0C1CCT6N, STM32G0C1CCU6N, STM32G0C1CET6N, STM32G0C1CEU6N, STM32G0C1KCT6, STM32G0C1NEY6TR, STM32G0C1RCI6N, STM32G0C1RCT6N, STM32G0C1REI6N, STM32G0C1RET6N, STM32G0C1VCI6, STM32G0C1VEI6, STM32G411C6T3, STM32G411C6T6, STM32G411C6U3, STM32G411C6U6, STM32G411C8T3, STM32G411C8T6, STM32G411C8U3, STM32G411C8U6, STM32G411CBT3, STM32G411CBT6, STM32G411CBU3, STM32G411CBU6, STM32G411CCT3, STM32G411CCT6, STM32G411CCU3, STM32G411CCU6, STM32G411K6T3, STM32G411K6T6, STM32G411K6U3, STM32G411K6U6, STM32G411K8T3, STM32G411K8T6, STM32G411K8U3, STM32G411K8U6, STM32G411KBT3, STM32G411KBT6, STM32G411KBU3, STM32G411KBU6, STM32G411M6T3, STM32G411M6T6, STM32G411M8T3, STM32G411M8T6, STM32G411MBT3, STM32G411MBT6, STM32G411MCT3, STM32G411MCT6, STM32G411R6T3, STM32G411R6T6, STM32G411R8T3, STM32G411R8T6, STM32G411RBT3, STM32G411RBT6, STM32G411RCT3, STM32G411RCT6, STM32G414CBT3, STM32G414CBT6, STM32G414CBU3, STM32G414CBU6, STM32G414CCT3, STM32G414CCT6, STM32G414CCU3, STM32G414CCU6, STM32G414MBT3, STM32G414MBT6, STM32G414MCT3, STM32G414MCT6, STM32G414RBT3, STM32G414RBT6, STM32G414RCT3, STM32G414RCT6, STM32G414VBT3, STM32G414VBT6, STM32G414VCT3, STM32G414VCT6, STM32G431CBT3Z, STM32G431RBT3Z, STM32G471CCT6, STM32G471CCU6, STM32G471CET3, STM32G471CET6, STM32G471CEU3, STM32G471CEU6, STM32G471MCT6, STM32G471MET3, STM32G471MET6, STM32G471MEY6TR, STM32G471QCT6, STM32G471QET3, STM32G471RCT6, STM32G471RET3, STM32G471RET6, STM32G471VCH6, STM32G471VCI6, STM32G471VCT6, STM32G471VEH3, STM32G471VEH6, STM32G471VEI3, STM32G471VEI6, STM32G471VET3, STM32G471VET6, STM32G473QET3Z, STM32G473RET3Z, STM32G474CCT6, STM32G491RET3Z, STM32H503CBT6, STM32H503CBU6, STM32H503EBY6TR, STM32H503KBU6, STM32H503RBT6, STM32H523CCT6, STM32H523CCU6, STM32H523CET6, STM32H523CEU6, STM32H523HEY6TR, STM32H523RCT6, STM32H523RET6, STM32H523VCI6, STM32H523VCT6, STM32H523VEI6, STM32H523VET6, STM32H523ZCJ6, STM32H523ZCT6, STM32H523ZEJ6, STM32H523ZET6, STM32H533CET6, STM32H533CEU6, STM32H533HEY6TR, STM32H533RET6, STM32H533VEI6, STM32H533VET6, STM32H533ZEJ6, STM32H533ZET6, STM32H562AGI6, STM32H562AII6, STM32H562IGK6, STM32H562IGT6, STM32H562IIK6, STM32H562IIT6, STM32H562RGT6, STM32H562RGV6, STM32H562RIT6, STM32H562RIV6, STM32H562VGT6, STM32H562VIT6, STM32H562ZGT6, STM32H562ZIT6, STM32H563AGI6, STM32H563AII3Q, STM32H563AII6, STM32H563IGK6, STM32H563IGT6, STM32H563IIK3Q, STM32H563IIK6, STM32H563IIT3Q, STM32H563IIT6, STM32H563MIY3QTR, STM32H563RGT6, STM32H563RGV6, STM32H563RIT6, STM32H563RIV6, STM32H563VGT6, STM32H563VIT3Q, STM32H563VIT6, STM32H563ZGT6, STM32H563ZIT3Q, STM32H563ZIT6, STM32H573AII3Q, STM32H573AII6, STM32H573I-DK, STM32H573IIK3Q, STM32H573IIK6, STM32H573IIT3Q, STM32H573IIT6, STM32H573MIY3QTR, STM32H573RIT6, STM32H573RIV6, STM32H573VIT3Q, STM32H573VIT6, STM32H573ZIT3Q, STM32H573ZIT6, STM32H7R3A8I6, STM32H7R3I8K6, STM32H7R3I8T6, STM32H7R3L8H6, STM32H7R3L8H6H, STM32H7R3R8V6, STM32H7R3V8H6, STM32H7R3V8T6, STM32H7R3V8Y6TR, STM32H7R3Z8J6, STM32H7R3Z8T6, STM32H7R7A8I6, STM32H7R7I8K6, STM32H7R7I8T6, STM32H7R7L8H6, STM32H7R7L8H6H, STM32H7R7Z8J6, STM32H7S3A8I6, STM32H7S3I8K6, STM32H7S3I8T6, STM32H7S3L8H6, STM32H7S3L8H6H, STM32H7S3R8V6, STM32H7S3V8H6, STM32H7S3V8T6, STM32H7S3V8Y6TR, STM32H7S3Z8J6, STM32H7S3Z8T6, STM32H7S78-DK, STM32H7S7A8I6, STM32H7S7I8K6, STM32H7S7I8T6, STM32H7S7L8H6, STM32H7S7L8H6H, STM32H7S7Z8J6, STM32L4R5QGI6STR, STM32MP131AAE3, STM32MP131AAF3, STM32MP131AAG3, STM32MP131CAE3, STM32MP131CAF3, STM32MP131CAG3, STM32MP131DAE7, STM32MP131DAF7, STM32MP131DAG7, STM32MP131FAE7, STM32MP131FAF7, STM32MP131FAG7, STM32MP133AAE3, STM32MP133AAF3, STM32MP133AAG3, STM32MP133CAE3, STM32MP133CAF3, STM32MP133CAG3, STM32MP133DAE7, STM32MP133DAF7, STM32MP133DAG7, STM32MP133FAE7, STM32MP133FAF7, STM32MP133FAG7, STM32MP135AAE3, STM32MP135AAF3, STM32MP135AAG3, STM32MP135CAE3, STM32MP135CAF3, STM32MP135CAG3, STM32MP135DAE7, STM32MP135DAF7, STM32MP135DAG7, STM32MP135F-DK, STM32MP135FAE7, STM32MP135FAF7, STM32MP135FAF7T, STM32MP135FAF7U, STM32MP135FAG7, STM32MP231AAJ3, STM32MP231AAK3, STM32MP231AAL3, STM32MP231CAJ3, STM32MP231CAK3, STM32MP231CAL3, STM32MP231DAJ3, STM32MP231DAK3, STM32MP231DAL3, STM32MP231FAJ3, STM32MP231FAK3, STM32MP231FAL3, STM32MP233AAJ3, STM32MP233AAK3, STM32MP233AAL3, STM32MP233CAJ3, STM32MP233CAK3, STM32MP233CAL3, STM32MP233DAJ3, STM32MP233DAK3, STM32MP233DAL3, STM32MP233FAJ3, STM32MP233FAK3, STM32MP233FAL3, STM32MP235AAJ3, STM32MP235AAK3, STM32MP235AAL3, STM32MP235CAJ3, STM32MP235CAK3, STM32MP235CAL3, STM32MP235DAJ3, STM32MP235DAK3, STM32MP235DAL3, STM32MP235FAJ3, STM32MP235FAK3, STM32MP235FAL3, STM32MP251AAI3, STM32MP251AAJ3, STM32MP251AAK3, STM32MP251AAL3, STM32MP251CAI3, STM32MP251CAJ3, STM32MP251CAK3, STM32MP251CAL3, STM32MP251DAI3, STM32MP251DAJ3, STM32MP251DAK3, STM32MP251DAL3, STM32MP251FAI3, STM32MP251FAJ3, STM32MP251FAK3, STM32MP251FAL3, STM32MP253AAI3, STM32MP253AAJ3, STM32MP253AAK3, STM32MP253AAL3, STM32MP253CAI3, STM32MP253CAJ3, STM32MP253CAK3, STM32MP253CAL3, STM32MP253DAI3, STM32MP253DAJ3, STM32MP253DAK3, STM32MP253DAL3, STM32MP253FAI3, STM32MP253FAJ3, STM32MP253FAK3, STM32MP253FAL3, STM32MP255AAI3, STM32MP255AAJ3, STM32MP255AAK3, STM32MP255AAL3, STM32MP255CAI3, STM32MP255CAJ3, STM32MP255CAK3, STM32MP255CAL3, STM32MP255DAI3, STM32MP255DAJ3, STM32MP255DAK3, STM32MP255DAL3, STM32MP255FAI3, STM32MP255FAJ3, STM32MP255FAK3, STM32MP255FAL3, STM32MP257AAI3, STM32MP257AAJ3, STM32MP257AAK3, STM32MP257AAL3, STM32MP257CAI3, STM32MP257CAJ3, STM32MP257CAK3, STM32MP257CAL3, STM32MP257DAI3, STM32MP257DAJ3, STM32MP257DAK3, STM32MP257DAL3, STM32MP257F-DK, STM32MP257F-EV1, STM32MP257FAI3, STM32MP257FAJ3, STM32MP257FAK3, STM32MP257FAL3, STM32N645A0H3Q, STM32N645B0H3Q, STM32N645I0H3Q, STM32N645L0H3Q, STM32N645X0H3Q, STM32N645Z0H3Q, STM32N647A0H3Q, STM32N647B0H3Q, STM32N647I0H3Q, STM32N647L0H3Q, STM32N647X0H3Q, STM32N647Z0H3Q, STM32N655A0H3Q, STM32N655B0H3Q, STM32N655I0H3Q, STM32N655L0H3Q, STM32N655X0H3Q, STM32N655Z0H3Q, STM32N6570-DK, STM32N657A0H3Q, STM32N657B0H3Q, STM32N657I0H3Q, STM32N657L0H3Q, STM32N657X0H3Q, STM32N657Z0H3Q, STM32U031C6T6, STM32U031C6U6, STM32U031C8T6, STM32U031C8U6, STM32U031F4P6, STM32U031F6P6, STM32U031F8P6, STM32U031G6Y6TR, STM32U031G8Y6TR, STM32U031K4U6, STM32U031K6U6, STM32U031K8U6, STM32U031R6I6, STM32U031R6T6, STM32U031R8I6, STM32U031R8T6, STM32U073C8T6, STM32U073C8U6, STM32U073CBT6, STM32U073CBU6, STM32U073CCT6, STM32U073CCU6, STM32U073H8Y6TR, STM32U073HBY6TR, STM32U073HCY6TR, STM32U073K8U6, STM32U073KBU6, STM32U073KCU6, STM32U073M8I6, STM32U073M8T6, STM32U073MBI6, STM32U073MBT6, STM32U073MCI6, STM32U073MCT6, STM32U073R8I6, STM32U073R8T6, STM32U073RBI6, STM32U073RBT6, STM32U073RCI6, STM32U073RCT6, STM32U083C-DK, STM32U083CCT6, STM32U083CCU6, STM32U083HCY6TR, STM32U083KCU6, STM32U083MCI6, STM32U083MCT6, STM32U083RCI6, STM32U083RCT6, STM32U375CET6, STM32U375CET6Q, STM32U375CEU6, STM32U375CEU6Q, STM32U375CEY6QTR, STM32U375CGT6, STM32U375CGT6Q, STM32U375CGU6, STM32U375CGU6Q, STM32U375CGY6QTR, STM32U375KEU6, STM32U375KGU6, STM32U375REI6, STM32U375REI6Q, STM32U375RET6, STM32U375RET6Q, STM32U375REY6GTR, STM32U375REY6QTR, STM32U375RGI6, STM32U375RGI6Q, STM32U375RGT6, STM32U375RGT6Q, STM32U375RGY6GTR, STM32U375RGY6QTR, STM32U375VEI6, STM32U375VEI6Q, STM32U375VET6, STM32U375VET6Q, STM32U375VGI6, STM32U375VGI6Q, STM32U375VGT6, STM32U375VGT6Q, STM32U385CGT6, STM32U385CGT6Q, STM32U385CGU6, STM32U385CGU6Q, STM32U385CGY6QTR, STM32U385KGU6, STM32U385RGI6, STM32U385RGI6Q, STM32U385RGT6, STM32U385RGT6Q, STM32U385RGY6GTR, STM32U385RGY6QTR, STM32U385VGI6, STM32U385VGI6Q, STM32U385VGT6, STM32U385VGT6Q, STM32U535CBT6, STM32U535CBT6Q, STM32U535CBU6, STM32U535CBU6Q, STM32U535CCT6, STM32U535CCT6Q, STM32U535CCU6, STM32U535CCU6Q, STM32U535CET6, STM32U535CET6Q, STM32U535CEU6, STM32U535CEU6Q, STM32U535JEY6QTR, STM32U535NCY6QTR, STM32U535NEY6QTR, STM32U535RBI6, STM32U535RBI6Q, STM32U535RBT6, STM32U535RBT6Q, STM32U535RCI6, STM32U535RCI6Q, STM32U535RCT6, STM32U535RCT6Q, STM32U535REI6, STM32U535REI6Q, STM32U535RET6, STM32U535RET6Q, STM32U535VCI6, STM32U535VCI6Q, STM32U535VCT6, STM32U535VCT6Q, STM32U535VEI6, STM32U535VEI6Q, STM32U535VET6, STM32U535VET6Q, STM32U545CET6, STM32U545CET6Q, STM32U545CEU6, STM32U545CEU6Q, STM32U545JEY6QTR, STM32U545NEY6QTR, STM32U545REI6, STM32U545REI6Q, STM32U545RET6, STM32U545RET6Q, STM32U545VEI6, STM32U545VEI6Q, STM32U545VET6, STM32U545VET6Q, STM32U595AIH6, STM32U595AIH6Q, STM32U595AJH6, STM32U595AJH6Q, STM32U595QII6, STM32U595QII6Q, STM32U595QJI6, STM32U595QJI6Q, STM32U595RIT6, STM32U595RIT6Q, STM32U595RJT6, STM32U595RJT6Q, STM32U595VIT6, STM32U595VIT6Q, STM32U595VJT6, STM32U595VJT6Q, STM32U595ZIT6, STM32U595ZIT6Q, STM32U595ZIY6QTR, STM32U595ZJT6, STM32U595ZJT6Q, STM32U595ZJY6QTR, STM32U599BJY6QTR, STM32U599NIH6Q, STM32U599NJH6Q, STM32U599VIT6Q, STM32U599VJT6, STM32U599VJT6Q, STM32U599ZIT6Q, STM32U599ZIY6QTR, STM32U599ZJT6Q, STM32U599ZJY6QTR, STM32U5A5AJH6, STM32U5A5AJH6Q, STM32U5A5QII3Q , STM32U5A5QJI6, STM32U5A5QJI6Q, STM32U5A5RJT6, STM32U5A5RJT6Q, STM32U5A5VJT6, STM32U5A5VJT6Q, STM32U5A5ZJT6, STM32U5A5ZJT6Q, STM32U5A5ZJY6QTR, STM32U5A9BJY6QTR, STM32U5A9J-DK, STM32U5A9NJH6Q, STM32U5A9VJT6Q, STM32U5A9ZJT6Q, STM32U5A9ZJY6QTR, STM32U5F7VIT6, STM32U5F7VIT6Q, STM32U5F7VJT6, STM32U5F7VJT6Q, STM32U5F9BJY6QTR, STM32U5F9NJH6Q, STM32U5F9VIT6Q, STM32U5F9VJT6Q, STM32U5F9ZIJ6QTR, STM32U5F9ZIT6Q, STM32U5F9ZJJ6QTR, STM32U5F9ZJT6Q, STM32U5G7VJT6, STM32U5G7VJT6Q, STM32U5G9BJY6QTR, STM32U5G9J-DK1, STM32U5G9J-DK2, STM32U5G9NJH6Q, STM32U5G9VJT6Q, STM32U5G9ZJJ6QTR, STM32U5G9ZJT6Q, STM32WB05KZV6TR, STM32WB05KZV7TR, STM32WB05TZF6TR, STM32WB05TZF7TR, STM32WB06CCF6TR, STM32WB06CCF7TR, STM32WB06CCV6TR, STM32WB06CCV7TR, STM32WB06KCV6TR, STM32WB06KCV7TR, STM32WB07CCF6TR, STM32WB07CCF7TR, STM32WB07CCV6TR, STM32WB07CCV7TR, STM32WB07KCV6TR, STM32WB07KCV7TR, STM32WB09KEV6TR, STM32WB09KEV7TR, STM32WB09TEF6TR, STM32WB09TEF7TR, STM32WB1MMCH6, STM32WBA50KGU6, STM32WBA50KGU6TR, STM32WBA52CEU6, STM32WBA52CEU6TR, STM32WBA52CEU7, STM32WBA52CEU7TR, STM32WBA52CGU6, STM32WBA52CGU6TR, STM32WBA52CGU6U, STM32WBA52CGU7, STM32WBA52CGU7TR, STM32WBA52KEU6, STM32WBA52KEU6TR, STM32WBA52KGU6, STM32WBA52KGU6TR, STM32WBA54CEU6, STM32WBA54CEU6TR, STM32WBA54CEU7, STM32WBA54CEU7TR, STM32WBA54CGU6, STM32WBA54CGU6TR, STM32WBA54CGU7, STM32WBA54CGU7TR, STM32WBA54KEU6, STM32WBA54KEU6TR, STM32WBA54KEU7, STM32WBA54KEU7TR, STM32WBA54KGU6, STM32WBA54KGU6TR, STM32WBA54KGU7, STM32WBA54KGU7TR, STM32WBA55CEU6, STM32WBA55CEU6TR, STM32WBA55CEU7, STM32WBA55CEU7TR, STM32WBA55CGU6, STM32WBA55CGU6TR, STM32WBA55CGU6U, STM32WBA55CGU7, STM32WBA55CGU7TR, STM32WBA55G-DK1, STM32WBA55HEF6, STM32WBA55HEF7, STM32WBA55HGF6, STM32WBA55HGF7, STM32WBA55UEI6, STM32WBA55UEI6TR, STM32WBA55UEI7, STM32WBA55UEI7TR, STM32WBA55UGI6, STM32WBA55UGI6TR, STM32WBA55UGI7, STM32WBA55UGI7TR, STM32WBA5MJGH6TR, STM32WBA62CGU6, STM32WBA62CIU6, STM32WBA62MGF6, STM32WBA62MIF6, STM32WBA62PGI6, STM32WBA62PII6, STM32WBA63CGU6, STM32WBA63CGU7, STM32WBA63CIU6, STM32WBA63CIU7, STM32WBA64CGU6, STM32WBA64CGU7, STM32WBA64CIU6, STM32WBA64CIU7, STM32WBA65CGU6, STM32WBA65CGU7, STM32WBA65CIU6, STM32WBA65CIU7, STM32WBA65I-DK1, STM32WBA65MGF6, STM32WBA65MGF7, STM32WBA65MIF6, STM32WBA65MIF7, STM32WBA65PGI6, STM32WBA65PGI7, STM32WBA65PII6, STM32WBA65PII7, STM32WBA65RGV6, STM32WBA65RGV7, STM32WBA65RIV6, STM32WBA65RIV7, STM32WL30K8V6, STM32WL30KBV6, STM32WL31C8V6, STM32WL31CBV6, STM32WL31K8V6, STM32WL31KBV6, STM32WL33C8V6, STM32WL33C8V6TR, STM32WL33C8V7, STM32WL33C8V7TR, STM32WL33CBV6, STM32WL33CBV6TR, STM32WL33CBV7, STM32WL33CBV7TR, STM32WL33CCV6, STM32WL33CCV6TR, STM32WL33CCV7, STM32WL33CCV7A, STM32WL33CCV7ATR, STM32WL33CCV7TR, STM32WL33K8V6, STM32WL33K8V6TR, STM32WL33K8V7, STM32WL33K8V7TR, STM32WL33KBV6, STM32WL33KBV6TR, STM32WL33KBV7, STM32WL33KBV7TR, STM32WL33KCV6, STM32WL33KCV6TR, STM32WL33KCV7, STM32WL33KCV7TR, STM32WL5MOCH6, STM32WL5MOCH6TR]
2026-05-26 15:00:24,882 [INFO] DbMcus:218 - Found 5082 MCUs, 4964 are supported
2026-05-26 15:00:24,883 [INFO] ApiDb:423 - Load user favorites file C:\Users\NIVYA/.stm32cubeide/favorites.mcus.txt: 0 item(s)
2026-05-26 15:00:24,883 [INFO] ApiDb:427 - User favorites MCUs=[]
2026-05-26 15:00:24,883 [INFO] DbMcus:224 - Set 0 / 0 favorites MCUs
2026-05-26 15:00:24,898 [ERROR] LogOutputStream:75 - [STDERR_REDIRECT] [Fatal Error] :1:1: Premature end of file.
2026-05-26 15:00:24,898 [ERROR] LogOutputStream:75 - [STDERR_REDIRECT] 
2026-05-26 15:00:25,298 [INFO] BoardInfo:889 - No configuration file found for board NUCLEO-H5E5ZJ
2026-05-26 15:00:25,299 [INFO] DbBoards:161 - Board is not supported: NUCLEO-H5E5ZJ
2026-05-26 15:00:25,344 [INFO] BoardInfo:889 - No configuration file found for board NUCLEO-U3C5ZI-Q
2026-05-26 15:00:25,344 [INFO] DbBoards:161 - Board is not supported: NUCLEO-U3C5ZI-Q
2026-05-26 15:00:25,355 [INFO] BoardInfo:889 - No configuration file found for board NUCLEO-WBA25CE1
2026-05-26 15:00:25,356 [INFO] DbBoards:161 - Board is not supported: NUCLEO-WBA25CE1
2026-05-26 15:00:25,363 [INFO] BoardInfo:889 - No configuration file found for board NUCLEO-WL3RKB1
2026-05-26 15:00:25,363 [INFO] DbBoards:161 - Board is not supported: NUCLEO-WL3RKB1
2026-05-26 15:00:25,364 [INFO] BoardInfo:889 - No configuration file found for board NUCLEO-WL3RKB2
2026-05-26 15:00:25,364 [INFO] DbBoards:161 - Board is not supported: NUCLEO-WL3RKB2
2026-05-26 15:00:25,369 [INFO] BoardInfo:889 - No configuration file found for board P-NUCLEO-WB55
2026-05-26 15:00:25,369 [INFO] DbBoards:161 - Kit is not supported: P-NUCLEO-WB55
2026-05-26 15:00:25,373 [INFO] BoardInfo:889 - No configuration file found for board STEVAL-BFA001V1B
2026-05-26 15:00:25,374 [INFO] DbBoards:161 - Kit is not supported: STEVAL-BFA001V1B
2026-05-26 15:00:25,375 [INFO] BoardInfo:889 - No configuration file found for board STEVAL-BFA001V2B
2026-05-26 15:00:25,375 [INFO] DbBoards:161 - Kit is not supported: STEVAL-BFA001V2B
2026-05-26 15:00:25,477 [INFO] BoardInfo:889 - No configuration file found for board STM32H5F5J-DK
2026-05-26 15:00:25,478 [INFO] DbBoards:161 - Board is not supported: STM32H5F5J-DK
2026-05-26 15:00:25,536 [INFO] BoardInfo:889 - No configuration file found for board STM32MP215F-DK
2026-05-26 15:00:25,537 [INFO] DbBoards:161 - Board is not supported: STM32MP215F-DK
2026-05-26 15:00:25,559 [INFO] DbBoards:168 - Found 218 boards, 208 are supported
2026-05-26 15:00:25,559 [INFO] DbBoards:169 - Found 218 boards, 43 of them is supported for  Bsp
2026-05-26 15:00:25,566 [INFO] ApiDb:423 - Load user favorites file C:\Users\NIVYA/.stm32cubeide/favorites.boards.txt: 0 item(s)
2026-05-26 15:00:25,566 [INFO] ApiDb:427 - User favorites Boards=[]
2026-05-26 15:00:25,567 [INFO] DbBoards:198 - Set 0 / 0 favorites Boards
2026-05-26 15:00:25,567 [INFO] McuFinderGlobals:76 - Set McuFinderConnectedMode to true
2026-05-26 15:00:25,576 [INFO] MultiScanPanel:200 - Auto-refresh data requested => check proxy status ongoing
2026-05-26 15:00:25,578 [INFO] FinderPluginLoader:95 - Searching for filters in installed packs
2026-05-26 15:00:25,907 [ERROR] LogOutputStream:75 - [STDERR_REDIRECT] [Fatal Error] :1:1: Premature end of file.
2026-05-26 15:00:25,907 [ERROR] LogOutputStream:75 - [STDERR_REDIRECT] 
2026-05-26 15:00:26,908 [ERROR] LogOutputStream:75 - [STDERR_REDIRECT] [Fatal Error] :1:1: Premature end of file.
2026-05-26 15:00:26,908 [ERROR] LogOutputStream:75 - [STDERR_REDIRECT] 
2026-05-26 15:00:27,508 [INFO] LoadUrlFilesThread:185 - End of LoadServerUrlFiles without Thread
2026-05-26 15:00:27,520 [INFO] DetailPanel:341 - Set advertising image to C:/Users/NIVYA/STM32Cube/Repository/\en.prom-stm32wba2-stm32-nucleo-board-0426.png
2026-05-26 15:00:27,930 [ERROR] LogOutputStream:75 - [STDERR_REDIRECT] [Fatal Error] :1:1: Premature end of file.
2026-05-26 15:00:27,931 [ERROR] LogOutputStream:75 - [STDERR_REDIRECT] 
2026-05-26 15:00:28,946 [ERROR] LogOutputStream:75 - [STDERR_REDIRECT] [Fatal Error] :1:1: Premature end of file.
2026-05-26 15:00:28,948 [ERROR] LogOutputStream:75 - [STDERR_REDIRECT] 
2026-05-26 15:00:29,941 [ERROR] LogOutputStream:75 - [STDERR_REDIRECT] [Fatal Error] :1:1: Premature end of file.
2026-05-26 15:00:29,942 [ERROR] LogOutputStream:75 - [STDERR_REDIRECT] 
2026-05-26 15:00:30,897 [ERROR] LogOutputStream:75 - [STDERR_REDIRECT] [Fatal Error] :1:1: Premature end of file.
2026-05-26 15:00:30,897 [ERROR] LogOutputStream:75 - [STDERR_REDIRECT] 
2026-05-26 15:00:31,929 [ERROR] LogOutputStream:75 - [STDERR_REDIRECT] [Fatal Error] :1:1: Premature end of file.
2026-05-26 15:00:31,929 [ERROR] LogOutputStream:75 - [STDERR_REDIRECT] 
2026-05-26 15:00:32,900 [ERROR] LogOutputStream:75 - [STDERR_REDIRECT] [Fatal Error] :1:1: Premature end of file.
2026-05-26 15:00:32,901 [ERROR] LogOutputStream:75 - [STDERR_REDIRECT] 
2026-05-26 15:00:33,911 [ERROR] LogOutputStream:75 - [STDERR_REDIRECT] [Fatal Error] :1:1: Premature end of file.
2026-05-26 15:00:33,911 [ERROR] LogOutputStream:75 - [STDERR_REDIRECT] 
2026-05-26 15:00:34,909 [ERROR] LogOutputStream:75 - [STDERR_REDIRECT] [Fatal Error] :1:1: Premature end of file.
2026-05-26 15:00:34,909 [ERROR] LogOutputStream:75 - [STDERR_REDIRECT] 
2026-05-26 15:00:35,916 [ERROR] LogOutputStream:75 - [STDERR_REDIRECT] [Fatal Error] :1:1: Premature end of file.
2026-05-26 15:00:35,917 [ERROR] LogOutputStream:75 - [STDERR_REDIRECT] 
2026-05-26 15:00:36,916 [ERROR] LogOutputStream:75 - [STDERR_REDIRECT] [Fatal Error] :1:1: Premature end of file.
2026-05-26 15:00:36,918 [ERROR] LogOutputStream:75 - [STDERR_REDIRECT] 
2026-05-26 15:00:37,902 [ERROR] LogOutputStream:75 - [STDERR_REDIRECT] [Fatal Error] :1:1: Premature end of file.
2026-05-26 15:00:37,903 [ERROR] LogOutputStream:75 - [STDERR_REDIRECT] 
2026-05-26 15:00:38,904 [ERROR] LogOutputStream:75 - [STDERR_REDIRECT] [Fatal Error] :1:1: Premature end of file.
2026-05-26 15:00:38,905 [ERROR] LogOutputStream:75 - [STDERR_REDIRECT] 
2026-05-26 15:00:39,908 [ERROR] LogOutputStream:75 - [STDERR_REDIRECT] [Fatal Error] :1:1: Premature end of file.
2026-05-26 15:00:39,908 [ERROR] LogOutputStream:75 - [STDERR_REDIRECT] 
2026-05-26 15:00:40,910 [ERROR] LogOutputStream:75 - [STDERR_REDIRECT] [Fatal Error] :1:1: Premature end of file.
2026-05-26 15:00:40,910 [ERROR] LogOutputStream:75 - [STDERR_REDIRECT] 
2026-05-26 15:00:41,907 [ERROR] LogOutputStream:75 - [STDERR_REDIRECT] [Fatal Error] :1:1: Premature end of file.
2026-05-26 15:00:41,908 [ERROR] LogOutputStream:75 - [STDERR_REDIRECT] 
2026-05-26 15:00:42,915 [ERROR] LogOutputStream:75 - [STDERR_REDIRECT] [Fatal Error] :1:1: Premature end of file.
2026-05-26 15:00:42,915 [ERROR] LogOutputStream:75 - [STDERR_REDIRECT] 
2026-05-26 15:00:43,907 [ERROR] LogOutputStream:75 - [STDERR_REDIRECT] [Fatal Error] :1:1: Premature end of file.
2026-05-26 15:00:43,908 [ERROR] LogOutputStream:75 - [STDERR_REDIRECT] 
2026-05-26 15:00:44,908 [ERROR] LogOutputStream:75 - [STDERR_REDIRECT] [Fatal Error] :1:1: Premature end of file.
2026-05-26 15:00:44,909 [ERROR] LogOutputStream:75 - [STDERR_REDIRECT] 
2026-05-26 15:00:45,911 [ERROR] LogOutputStream:75 - [STDERR_REDIRECT] [Fatal Error] :1:1: Premature end of file.
2026-05-26 15:00:45,912 [ERROR] LogOutputStream:75 - [STDERR_REDIRECT] 
2026-05-26 15:00:46,913 [ERROR] LogOutputStream:75 - [STDERR_REDIRECT] [Fatal Error] :1:1: Premature end of file.
2026-05-26 15:00:46,914 [ERROR] LogOutputStream:75 - [STDERR_REDIRECT] 
2026-05-26 15:00:47,909 [ERROR] LogOutputStream:75 - [STDERR_REDIRECT] [Fatal Error] :1:1: Premature end of file.
2026-05-26 15:00:47,909 [ERROR] LogOutputStream:75 - [STDERR_REDIRECT] 
2026-05-26 15:00:48,910 [ERROR] LogOutputStream:75 - [STDERR_REDIRECT] [Fatal Error] :1:1: Premature end of file.
2026-05-26 15:00:48,910 [ERROR] LogOutputStream:75 - [STDERR_REDIRECT] 
2026-05-26 15:00:49,975 [ERROR] LogOutputStream:75 - [STDERR_REDIRECT] [Fatal Error] :1:1: Premature end of file.
2026-05-26 15:00:49,976 [ERROR] LogOutputStream:75 - [STDERR_REDIRECT] 
2026-05-26 15:00:50,891 [ERROR] LogOutputStream:75 - [STDERR_REDIRECT] [Fatal Error] :1:1: Premature end of file.
2026-05-26 15:00:50,891 [ERROR] LogOutputStream:75 - [STDERR_REDIRECT] 
2026-05-26 15:00:51,954 [ERROR] LogOutputStream:75 - [STDERR_REDIRECT] [Fatal Error] :1:1: Premature end of file.
2026-05-26 15:00:51,955 [ERROR] LogOutputStream:75 - [STDERR_REDIRECT] 
2026-05-26 15:00:52,892 [ERROR] LogOutputStream:75 - [STDERR_REDIRECT] [Fatal Error] :1:1: Premature end of file.
2026-05-26 15:00:52,892 [ERROR] LogOutputStream:75 - [STDERR_REDIRECT] 
2026-05-26 15:00:53,895 [ERROR] LogOutputStream:75 - [STDERR_REDIRECT] [Fatal Error] :1:1: Premature end of file.
2026-05-26 15:00:53,895 [ERROR] LogOutputStream:75 - [STDERR_REDIRECT] 
2026-05-26 15:00:54,894 [ERROR] LogOutputStream:75 - [STDERR_REDIRECT] [Fatal Error] :1:1: Premature end of file.
2026-05-26 15:00:54,894 [ERROR] LogOutputStream:75 - [STDERR_REDIRECT] 
2026-05-26 15:00:55,915 [ERROR] LogOutputStream:75 - [STDERR_REDIRECT] [Fatal Error] :1:1: Premature end of file.
2026-05-26 15:00:55,916 [ERROR] LogOutputStream:75 - [STDERR_REDIRECT] 
2026-05-26 15:00:56,909 [ERROR] LogOutputStream:75 - [STDERR_REDIRECT] [Fatal Error] :1:1: Premature end of file.
2026-05-26 15:00:56,909 [ERROR] LogOutputStream:75 - [STDERR_REDIRECT] 
2026-05-26 15:00:57,915 [ERROR] LogOutputStream:75 - [STDERR_REDIRECT] [Fatal Error] :1:1: Premature end of file.
2026-05-26 15:00:57,916 [ERROR] LogOutputStream:75 - [STDERR_REDIRECT] 
2026-05-26 15:00:58,910 [ERROR] LogOutputStream:75 - [STDERR_REDIRECT] [Fatal Error] :1:1: Premature end of file.
2026-05-26 15:00:58,911 [ERROR] LogOutputStream:75 - [STDERR_REDIRECT] 
2026-05-26 15:00:59,909 [ERROR] LogOutputStream:75 - [STDERR_REDIRECT] [Fatal Error] :1:1: Premature end of file.
2026-05-26 15:00:59,909 [ERROR] LogOutputStream:75 - [STDERR_REDIRECT] 
2026-05-26 15:01:00,911 [ERROR] LogOutputStream:75 - [STDERR_REDIRECT] [Fatal Error] :1:1: Premature end of file.
2026-05-26 15:01:00,911 [ERROR] LogOutputStream:75 - [STDERR_REDIRECT] 
2026-05-26 15:01:01,911 [ERROR] LogOutputStream:75 - [STDERR_REDIRECT] [Fatal Error] :1:1: Premature end of file.
2026-05-26 15:01:01,911 [ERROR] LogOutputStream:75 - [STDERR_REDIRECT] 
2026-05-26 15:01:02,913 [ERROR] LogOutputStream:75 - [STDERR_REDIRECT] [Fatal Error] :1:1: Premature end of file.
2026-05-26 15:01:02,913 [ERROR] LogOutputStream:75 - [STDERR_REDIRECT] 
2026-05-26 15:01:03,913 [ERROR] LogOutputStream:75 - [STDERR_REDIRECT] [Fatal Error] :1:1: Premature end of file.
2026-05-26 15:01:03,913 [ERROR] LogOutputStream:75 - [STDERR_REDIRECT] 
2026-05-26 15:01:04,908 [ERROR] LogOutputStream:75 - [STDERR_REDIRECT] [Fatal Error] :1:1: Premature end of file.
2026-05-26 15:01:04,908 [ERROR] LogOutputStream:75 - [STDERR_REDIRECT] 
2026-05-26 15:01:05,911 [ERROR] LogOutputStream:75 - [STDERR_REDIRECT] [Fatal Error] :1:1: Premature end of file.
2026-05-26 15:01:05,911 [ERROR] LogOutputStream:75 - [STDERR_REDIRECT] 
2026-05-26 15:01:06,913 [ERROR] LogOutputStream:75 - [STDERR_REDIRECT] [Fatal Error] :1:1: Premature end of file.
2026-05-26 15:01:06,913 [ERROR] LogOutputStream:75 - [STDERR_REDIRECT] 
2026-05-26 15:01:07,918 [ERROR] LogOutputStream:75 - [STDERR_REDIRECT] [Fatal Error] :1:1: Premature end of file.
2026-05-26 15:01:07,919 [ERROR] LogOutputStream:75 - [STDERR_REDIRECT] 
2026-05-26 15:01:08,913 [ERROR] LogOutputStream:75 - [STDERR_REDIRECT] [Fatal Error] :1:1: Premature end of file.
2026-05-26 15:01:08,913 [ERROR] LogOutputStream:75 - [STDERR_REDIRECT] 
2026-05-26 15:01:09,132 [INFO] McuFinderGlobals:76 - Set McuFinderConnectedMode to true
2026-05-26 15:01:09,923 [ERROR] LogOutputStream:75 - [STDERR_REDIRECT] [Fatal Error] :1:1: Premature end of file.
2026-05-26 15:01:09,923 [ERROR] LogOutputStream:75 - [STDERR_REDIRECT] 
2026-05-26 15:01:10,176 [INFO] ApiDb:448 - Save user favorites file C:\Users\NIVYA/.stm32cubeide/favorites.mcus.txt: 0 item(s)
2026-05-26 15:01:10,176 [INFO] ApiDb:452 - User favorites MCUs=[]
2026-05-26 15:01:10,912 [ERROR] LogOutputStream:75 - [STDERR_REDIRECT] [Fatal Error] :1:1: Premature end of file.
2026-05-26 15:01:10,912 [ERROR] LogOutputStream:75 - [STDERR_REDIRECT] 
2026-05-26 15:01:11,920 [ERROR] LogOutputStream:75 - [STDERR_REDIRECT] [Fatal Error] :1:1: Premature end of file.
2026-05-26 15:01:11,920 [ERROR] LogOutputStream:75 - [STDERR_REDIRECT] 
2026-05-26 15:01:12,919 [ERROR] LogOutputStream:75 - [STDERR_REDIRECT] [Fatal Error] :1:1: Premature end of file.
2026-05-26 15:01:12,920 [ERROR] LogOutputStream:75 - [STDERR_REDIRECT] 
2026-05-26 15:01:13,913 [ERROR] LogOutputStream:75 - [STDERR_REDIRECT] [Fatal Error] :1:1: Premature end of file.
2026-05-26 15:01:13,914 [ERROR] LogOutputStream:75 - [STDERR_REDIRECT] 
2026-05-26 15:01:14,916 [ERROR] LogOutputStream:75 - [STDERR_REDIRECT] [Fatal Error] :1:1: Premature end of file.
2026-05-26 15:01:14,916 [ERROR] LogOutputStream:75 - [STDERR_REDIRECT] 
2026-05-26 15:01:15,933 [ERROR] LogOutputStream:75 - [STDERR_REDIRECT] [Fatal Error] :1:1: Premature end of file.
2026-05-26 15:01:15,934 [ERROR] LogOutputStream:75 - [STDERR_REDIRECT] 
2026-05-26 15:01:16,902 [ERROR] LogOutputStream:75 - [STDERR_REDIRECT] [Fatal Error] :1:1: Premature end of file.
2026-05-26 15:01:16,902 [ERROR] LogOutputStream:75 - [STDERR_REDIRECT] 
2026-05-26 15:01:17,908 [ERROR] LogOutputStream:75 - [STDERR_REDIRECT] [Fatal Error] :1:1: Premature end of file.
2026-05-26 15:01:17,908 [ERROR] LogOutputStream:75 - [STDERR_REDIRECT] 
2026-05-26 15:01:18,903 [ERROR] LogOutputStream:75 - [STDERR_REDIRECT] [Fatal Error] :1:1: Premature end of file.
2026-05-26 15:01:18,903 [ERROR] LogOutputStream:75 - [STDERR_REDIRECT] 
2026-05-26 15:01:19,909 [ERROR] LogOutputStream:75 - [STDERR_REDIRECT] [Fatal Error] :1:1: Premature end of file.
2026-05-26 15:01:19,909 [ERROR] LogOutputStream:75 - [STDERR_REDIRECT] 
2026-05-26 15:01:20,909 [ERROR] LogOutputStream:75 - [STDERR_REDIRECT] [Fatal Error] :1:1: Premature end of file.
2026-05-26 15:01:20,909 [ERROR] LogOutputStream:75 - [STDERR_REDIRECT] 
2026-05-26 15:01:21,914 [ERROR] LogOutputStream:75 - [STDERR_REDIRECT] [Fatal Error] :1:1: Premature end of file.
2026-05-26 15:01:21,914 [ERROR] LogOutputStream:75 - [STDERR_REDIRECT] 
2026-05-26 15:01:22,912 [ERROR] LogOutputStream:75 - [STDERR_REDIRECT] [Fatal Error] :1:1: Premature end of file.
2026-05-26 15:01:22,912 [ERROR] LogOutputStream:75 - [STDERR_REDIRECT] 
2026-05-26 15:01:23,910 [ERROR] LogOutputStream:75 - [STDERR_REDIRECT] [Fatal Error] :1:1: Premature end of file.
2026-05-26 15:01:23,911 [ERROR] LogOutputStream:75 - [STDERR_REDIRECT] 
2026-05-26 15:01:24,913 [ERROR] LogOutputStream:75 - [STDERR_REDIRECT] [Fatal Error] :1:1: Premature end of file.
2026-05-26 15:01:24,913 [ERROR] LogOutputStream:75 - [STDERR_REDIRECT] 
2026-05-26 15:01:25,919 [ERROR] LogOutputStream:75 - [STDERR_REDIRECT] [Fatal Error] :1:1: Premature end of file.
2026-05-26 15:01:25,920 [ERROR] LogOutputStream:75 - [STDERR_REDIRECT] 
2026-05-26 15:01:26,911 [ERROR] LogOutputStream:75 - [STDERR_REDIRECT] [Fatal Error] :1:1: Premature end of file.
2026-05-26 15:01:26,913 [ERROR] LogOutputStream:75 - [STDERR_REDIRECT] 
2026-05-26 15:01:27,911 [ERROR] LogOutputStream:75 - [STDERR_REDIRECT] [Fatal Error] :1:1: Premature end of file.
2026-05-26 15:01:27,912 [ERROR] LogOutputStream:75 - [STDERR_REDIRECT] 
2026-05-26 15:01:28,920 [ERROR] LogOutputStream:75 - [STDERR_REDIRECT] [Fatal Error] :1:1: Premature end of file.
2026-05-26 15:01:28,920 [ERROR] LogOutputStream:75 - [STDERR_REDIRECT] 
2026-05-26 15:01:29,913 [ERROR] LogOutputStream:75 - [STDERR_REDIRECT] [Fatal Error] :1:1: Premature end of file.
2026-05-26 15:01:29,913 [ERROR] LogOutputStream:75 - [STDERR_REDIRECT] 
2026-05-26 15:01:30,902 [ERROR] LogOutputStream:75 - [STDERR_REDIRECT] [Fatal Error] :1:1: Premature end of file.
2026-05-26 15:01:30,903 [ERROR] LogOutputStream:75 - [STDERR_REDIRECT] 
2026-05-26 15:01:31,914 [ERROR] LogOutputStream:75 - [STDERR_REDIRECT] [Fatal Error] :1:1: Premature end of file.
2026-05-26 15:01:31,914 [ERROR] LogOutputStream:75 - [STDERR_REDIRECT] 
2026-05-26 15:01:32,912 [ERROR] LogOutputStream:75 - [STDERR_REDIRECT] [Fatal Error] :1:1: Premature end of file.
2026-05-26 15:01:32,913 [ERROR] LogOutputStream:75 - [STDERR_REDIRECT] 
2026-05-26 15:01:33,908 [ERROR] LogOutputStream:75 - [STDERR_REDIRECT] [Fatal Error] :1:1: Premature end of file.
2026-05-26 15:01:33,909 [ERROR] LogOutputStream:75 - [STDERR_REDIRECT] 
2026-05-26 15:01:34,912 [ERROR] LogOutputStream:75 - [STDERR_REDIRECT] [Fatal Error] :1:1: Premature end of file.
2026-05-26 15:01:34,912 [ERROR] LogOutputStream:75 - [STDERR_REDIRECT] 
2026-05-26 15:01:35,912 [ERROR] LogOutputStream:75 - [STDERR_REDIRECT] [Fatal Error] :1:1: Premature end of file.
2026-05-26 15:01:35,912 [ERROR] LogOutputStream:75 - [STDERR_REDIRECT] 
2026-05-26 15:01:36,908 [ERROR] LogOutputStream:75 - [STDERR_REDIRECT] [Fatal Error] :1:1: Premature end of file.
2026-05-26 15:01:36,908 [ERROR] LogOutputStream:75 - [STDERR_REDIRECT] 
2026-05-26 15:01:37,898 [ERROR] LogOutputStream:75 - [STDERR_REDIRECT] [Fatal Error] :1:1: Premature end of file.
2026-05-26 15:01:37,898 [ERROR] LogOutputStream:75 - [STDERR_REDIRECT] 
2026-05-26 15:01:38,911 [ERROR] LogOutputStream:75 - [STDERR_REDIRECT] [Fatal Error] :1:1: Premature end of file.
2026-05-26 15:01:38,911 [ERROR] LogOutputStream:75 - [STDERR_REDIRECT] 
2026-05-26 15:01:39,909 [ERROR] LogOutputStream:75 - [STDERR_REDIRECT] [Fatal Error] :1:1: Premature end of file.
2026-05-26 15:01:39,909 [ERROR] LogOutputStream:75 - [STDERR_REDIRECT] 
2026-05-26 15:01:40,907 [ERROR] LogOutputStream:75 - [STDERR_REDIRECT] [Fatal Error] :1:1: Premature end of file.
2026-05-26 15:01:40,908 [ERROR] LogOutputStream:75 - [STDERR_REDIRECT] 
2026-05-26 15:01:41,914 [ERROR] LogOutputStream:75 - [STDERR_REDIRECT] [Fatal Error] :1:1: Premature end of file.
2026-05-26 15:01:41,914 [ERROR] LogOutputStream:75 - [STDERR_REDIRECT] 
2026-05-26 15:01:42,909 [ERROR] LogOutputStream:75 - [STDERR_REDIRECT] [Fatal Error] :1:1: Premature end of file.
2026-05-26 15:01:42,910 [ERROR] LogOutputStream:75 - [STDERR_REDIRECT] 
2026-05-26 15:01:43,912 [ERROR] LogOutputStream:75 - [STDERR_REDIRECT] [Fatal Error] :1:1: Premature end of file.
2026-05-26 15:01:43,912 [ERROR] LogOutputStream:75 - [STDERR_REDIRECT] 
2026-05-26 15:01:44,913 [ERROR] LogOutputStream:75 - [STDERR_REDIRECT] [Fatal Error] :1:1: Premature end of file.
2026-05-26 15:01:44,913 [ERROR] LogOutputStream:75 - [STDERR_REDIRECT] 
2026-05-26 15:01:45,909 [ERROR] LogOutputStream:75 - [STDERR_REDIRECT] [Fatal Error] :1:1: Premature end of file.
2026-05-26 15:01:45,910 [ERROR] LogOutputStream:75 - [STDERR_REDIRECT] 
2026-05-26 15:01:46,911 [ERROR] LogOutputStream:75 - [STDERR_REDIRECT] [Fatal Error] :1:1: Premature end of file.
2026-05-26 15:01:46,912 [ERROR] LogOutputStream:75 - [STDERR_REDIRECT] 
2026-05-26 15:01:47,942 [ERROR] LogOutputStream:75 - [STDERR_REDIRECT] [Fatal Error] :1:1: Premature end of file.
2026-05-26 15:01:47,942 [ERROR] LogOutputStream:75 - [STDERR_REDIRECT] 
2026-05-26 15:01:48,910 [ERROR] LogOutputStream:75 - [STDERR_REDIRECT] [Fatal Error] :1:1: Premature end of file.
2026-05-26 15:01:48,910 [ERROR] LogOutputStream:75 - [STDERR_REDIRECT] 
2026-05-26 15:01:49,909 [ERROR] LogOutputStream:75 - [STDERR_REDIRECT] [Fatal Error] :1:1: Premature end of file.
2026-05-26 15:01:49,909 [ERROR] LogOutputStream:75 - [STDERR_REDIRECT] 
2026-05-26 15:01:50,905 [ERROR] LogOutputStream:75 - [STDERR_REDIRECT] [Fatal Error] :1:1: Premature end of file.
2026-05-26 15:01:50,906 [ERROR] LogOutputStream:75 - [STDERR_REDIRECT] 
2026-05-26 15:01:51,908 [ERROR] LogOutputStream:75 - [STDERR_REDIRECT] [Fatal Error] :1:1: Premature end of file.
2026-05-26 15:01:51,909 [ERROR] LogOutputStream:75 - [STDERR_REDIRECT] 
2026-05-26 15:01:52,916 [ERROR] LogOutputStream:75 - [STDERR_REDIRECT] [Fatal Error] :1:1: Premature end of file.
2026-05-26 15:01:52,916 [ERROR] LogOutputStream:75 - [STDERR_REDIRECT] 
2026-05-26 15:01:53,912 [ERROR] LogOutputStream:75 - [STDERR_REDIRECT] [Fatal Error] :1:1: Premature end of file.
2026-05-26 15:01:53,912 [ERROR] LogOutputStream:75 - [STDERR_REDIRECT] 
2026-05-26 15:01:54,914 [ERROR] LogOutputStream:75 - [STDERR_REDIRECT] [Fatal Error] :1:1: Premature end of file.
2026-05-26 15:01:54,915 [ERROR] LogOutputStream:75 - [STDERR_REDIRECT] 
2026-05-26 15:01:55,929 [ERROR] LogOutputStream:75 - [STDERR_REDIRECT] [Fatal Error] :1:1: Premature end of file.
2026-05-26 15:01:55,929 [ERROR] LogOutputStream:75 - [STDERR_REDIRECT] 
2026-05-26 15:01:56,912 [ERROR] LogOutputStream:75 - [STDERR_REDIRECT] [Fatal Error] :1:1: Premature end of file.
2026-05-26 15:01:56,913 [ERROR] LogOutputStream:75 - [STDERR_REDIRECT] 
2026-05-26 15:01:57,910 [ERROR] LogOutputStream:75 - [STDERR_REDIRECT] [Fatal Error] :1:1: Premature end of file.
2026-05-26 15:01:57,911 [ERROR] LogOutputStream:75 - [STDERR_REDIRECT] 
2026-05-26 15:01:58,914 [ERROR] LogOutputStream:75 - [STDERR_REDIRECT] [Fatal Error] :1:1: Premature end of file.
2026-05-26 15:01:58,914 [ERROR] LogOutputStream:75 - [STDERR_REDIRECT] 
2026-05-26 15:01:59,915 [ERROR] LogOutputStream:75 - [STDERR_REDIRECT] [Fatal Error] :1:1: Premature end of file.
2026-05-26 15:01:59,915 [ERROR] LogOutputStream:75 - [STDERR_REDIRECT] 
2026-05-26 15:02:00,913 [ERROR] LogOutputStream:75 - [STDERR_REDIRECT] [Fatal Error] :1:1: Premature end of file.
2026-05-26 15:02:00,913 [ERROR] LogOutputStream:75 - [STDERR_REDIRECT] 
2026-05-26 15:02:01,913 [ERROR] LogOutputStream:75 - [STDERR_REDIRECT] [Fatal Error] :1:1: Premature end of file.
2026-05-26 15:02:01,914 [ERROR] LogOutputStream:75 - [STDERR_REDIRECT] 
2026-05-26 15:02:02,917 [ERROR] LogOutputStream:75 - [STDERR_REDIRECT] [Fatal Error] :1:1: Premature end of file.
2026-05-26 15:02:02,917 [ERROR] LogOutputStream:75 - [STDERR_REDIRECT] 
2026-05-26 15:02:03,912 [ERROR] LogOutputStream:75 - [STDERR_REDIRECT] [Fatal Error] :1:1: Premature end of file.
2026-05-26 15:02:03,913 [ERROR] LogOutputStream:75 - [STDERR_REDIRECT] 
2026-05-26 15:02:04,915 [ERROR] LogOutputStream:75 - [STDERR_REDIRECT] [Fatal Error] :1:1: Premature end of file.
2026-05-26 15:02:04,915 [ERROR] LogOutputStream:75 - [STDERR_REDIRECT] 
2026-05-26 15:02:05,919 [ERROR] LogOutputStream:75 - [STDERR_REDIRECT] [Fatal Error] :1:1: Premature end of file.
2026-05-26 15:02:05,919 [ERROR] LogOutputStream:75 - [STDERR_REDIRECT] 
2026-05-26 15:02:06,914 [ERROR] LogOutputStream:75 - [STDERR_REDIRECT] [Fatal Error] :1:1: Premature end of file.
2026-05-26 15:02:06,915 [ERROR] LogOutputStream:75 - [STDERR_REDIRECT] 
2026-05-26 15:02:07,914 [ERROR] LogOutputStream:75 - [STDERR_REDIRECT] [Fatal Error] :1:1: Premature end of file.
2026-05-26 15:02:07,914 [ERROR] LogOutputStream:75 - [STDERR_REDIRECT] 
2026-05-26 15:02:08,914 [ERROR] LogOutputStream:75 - [STDERR_REDIRECT] [Fatal Error] :1:1: Premature end of file.
2026-05-26 15:02:08,914 [ERROR] LogOutputStream:75 - [STDERR_REDIRECT] 
2026-05-26 15:02:09,911 [ERROR] LogOutputStream:75 - [STDERR_REDIRECT] [Fatal Error] :1:1: Premature end of file.
2026-05-26 15:02:09,911 [ERROR] LogOutputStream:75 - [STDERR_REDIRECT] 
2026-05-26 15:02:10,911 [ERROR] LogOutputStream:75 - [STDERR_REDIRECT] [Fatal Error] :1:1: Premature end of file.
2026-05-26 15:02:10,912 [ERROR] LogOutputStream:75 - [STDERR_REDIRECT] 
2026-05-26 15:02:11,911 [ERROR] LogOutputStream:75 - [STDERR_REDIRECT] [Fatal Error] :1:1: Premature end of file.
2026-05-26 15:02:11,912 [ERROR] LogOutputStream:75 - [STDERR_REDIRECT] 
2026-05-26 15:02:12,909 [ERROR] LogOutputStream:75 - [STDERR_REDIRECT] [Fatal Error] :1:1: Premature end of file.
2026-05-26 15:02:12,909 [ERROR] LogOutputStream:75 - [STDERR_REDIRECT] 
2026-05-26 15:02:13,947 [ERROR] LogOutputStream:75 - [STDERR_REDIRECT] [Fatal Error] :1:1: Premature end of file.
2026-05-26 15:02:13,948 [ERROR] LogOutputStream:75 - [STDERR_REDIRECT] 
2026-05-26 15:02:14,560 [ERROR] LogOutputStream:75 - [STDERR_REDIRECT] 
